arm,role,fit_index,seed,events,count,full_pass,failure_reasons,budget_pass,drift_pass,region_pass,soundness_pass,source_pass,cap_impossible,first_budget_failure,min_margin,geometric_outside,resets
bounded_uniform,train_fit,0,131000001,"[31, 262, 295]",3,True,[],True,True,True,True,True,False,,0.0900000000000068,0,"[{""event_id"": 1, ""low_entry_timestep"": 0, ""return_timestep"": 31, ""event_timestep"": 31, ""reset_timestep"": 31, ""low_entry_clearance"": 0.39111602915585525, ""return_clearance"": 0.803422433421809, ""pre_reset_budget"": 1.5751329803466796, ""post_reset_budget"": 2.4}, {""event_id"": 2, ""low_entry_timestep"": 238, ""return_timestep"": 262, ""event_timestep"": 262, ""reset_timestep"": 262, ""low_entry_clearance"": 0.4357135949698876, ""return_clearance"": 0.7955745482649151, ""pre_reset_budget"": 0.0900000000000068, ""post_reset_budget"": 1.4297100797295572}, {""event_id"": 3, ""low_entry_timestep"": 286, ""return_timestep"": 295, ""event_timestep"": 295, ""reset_timestep"": 295, ""low_entry_clearance"": 0.4061582168187491, ""return_clearance"": 0.7977296322834853, ""pre_reset_budget"": 1.099710079729557, ""post_reset_budget"": 2.076429319381714}]"
bounded_uniform,train_fit,1,131000003,"[12, 187]",2,True,[],True,True,True,True,True,False,,0.6500000000000072,0,"[{""event_id"": 1, ""low_entry_timestep"": 1, ""return_timestep"": 12, ""event_timestep"": 12, ""reset_timestep"": 12, ""low_entry_clearance"": 0.469366002637876, ""return_clearance"": 0.797018748762861, ""pre_reset_budget"": 1.6139480042457581, ""post_reset_budget"": 2.4}, {""event_id"": 2, ""low_entry_timestep"": 173, ""return_timestep"": 187, ""event_timestep"": 187, ""reset_timestep"": 187, ""low_entry_clearance"": 0.44725389756732153, ""return_clearance"": 0.8411998003170812, ""pre_reset_budget"": 0.6500000000000072, ""post_reset_budget"": 2.4}]"
bounded_uniform,train_fit,2,131000007,[6],1,False,"[""DELTA_MARGIN_FAIL"", ""REGION_GATE_FAIL"", ""TRANSITION_SOUNDNESS_FAIL"", ""INSUFFICIENT_EVENTS""]",False,True,False,False,True,True,247,-0.5399999999999935,0,"[{""event_id"": 1, ""low_entry_timestep"": 0, ""return_timestep"": 6, ""event_timestep"": 6, ""reset_timestep"": 6, ""low_entry_clearance"": 0.2191296841615258, ""return_clearance"": 0.80533883263879, ""pre_reset_budget"": 1.3873880723118783, ""post_reset_budget"": 2.4}]"
bounded_uniform,train_fit,3,131000009,[16],1,False,"[""DELTA_MARGIN_FAIL"", ""REGION_GATE_FAIL"", ""TRANSITION_SOUNDNESS_FAIL"", ""INSUFFICIENT_EVENTS""]",False,True,False,False,True,True,257,-0.43999999999999345,0,"[{""event_id"": 1, ""low_entry_timestep"": 1, ""return_timestep"": 16, ""event_timestep"": 16, ""reset_timestep"": 16, ""low_entry_clearance"": 0.21214490174978656, ""return_clearance"": 0.8336957302475133, ""pre_reset_budget"": 2.0507536315918005, ""post_reset_budget"": 2.4}]"
bounded_uniform,train_fit,4,131000011,"[37, 74, 156, 210]",4,True,[],True,True,True,True,True,False,,0.8535440611839289,0,"[{""event_id"": 1, ""low_entry_timestep"": 31, ""return_timestep"": 37, ""event_timestep"": 37, ""reset_timestep"": 37, ""low_entry_clearance"": 0.4646696517995309, ""return_clearance"": 0.8275283967645958, ""pre_reset_budget"": 1.4442138242721556, ""post_reset_budget"": 1.4123497128486635}, {""event_id"": 2, ""low_entry_timestep"": 57, ""return_timestep"": 74, ""event_timestep"": 74, ""reset_timestep"": 74, ""low_entry_clearance"": 0.4454175590932034, ""return_clearance"": 0.8148126700482253, ""pre_reset_budget"": 1.0423497128486632, ""post_reset_budget"": 1.6735440611839296}, {""event_id"": 3, ""low_entry_timestep"": 125, ""return_timestep"": 156, ""event_timestep"": 156, ""reset_timestep"": 156, ""low_entry_clearance"": 0.4213783024624824, ""return_clearance"": 0.8406469363502143, ""pre_reset_budget"": 0.8535440611839289, ""post_reset_budget"": 1.5912784755229952}, {""event_id"": 4, ""low_entry_timestep"": 171, ""return_timestep"": 210, ""event_timestep"": 210, ""reset_timestep"": 210, ""low_entry_clearance"": 0.45108315392295717, ""return_clearance"": 0.7981593029952115, ""pre_reset_budget"": 1.0512784755229947, ""post_reset_budget"": 2.188200306892395}]"
bounded_uniform,train_fit,5,131000015,"[7, 78, 161]",3,True,[],True,True,True,True,True,False,,0.990795788764961,0,"[{""event_id"": 1, ""low_entry_timestep"": 0, ""return_timestep"": 7, ""event_timestep"": 7, ""reset_timestep"": 7, ""low_entry_clearance"": 0.3804275020352887, ""return_clearance"": 0.8071333994469192, ""pre_reset_budget"": 1.5431772220134736, ""post_reset_budget"": 1.9814966440200807}, {""event_id"": 2, ""low_entry_timestep"": 28, ""return_timestep"": 78, ""event_timestep"": 78, ""reset_timestep"": 78, ""low_entry_clearance"": 0.44527481990478807, ""return_clearance"": 0.796018252101183, ""pre_reset_budget"": 1.2714966440200801, ""post_reset_budget"": 1.9776693701744081}, {""event_id"": 3, ""low_entry_timestep"": 89, ""return_timestep"": 161, ""event_timestep"": 161, ""reset_timestep"": 161, ""low_entry_clearance"": 0.4657492273501398, ""return_clearance"": 0.8170261858405468, ""pre_reset_budget"": 1.1476693701744074, ""post_reset_budget"": 2.380795788764954}]"
bounded_uniform,train_fit,6,131000017,"[17, 90, 181]",3,True,[],True,True,True,True,True,False,,0.6753075206279748,0,"[{""event_id"": 1, ""low_entry_timestep"": 1, ""return_timestep"": 17, ""event_timestep"": 17, ""reset_timestep"": 17, ""low_entry_clearance"": 0.19172965190517519, ""return_clearance"": 0.8030996912603212, ""pre_reset_budget"": 1.8532079744338994, ""post_reset_budget"": 2.0694130778312685}, {""event_id"": 2, ""low_entry_timestep"": 44, ""return_timestep"": 90, ""event_timestep"": 90, ""reset_timestep"": 90, ""low_entry_clearance"": 0.4712195511550615, ""return_clearance"": 0.8004401247981268, ""pre_reset_budget"": 1.3394130778312692, ""post_reset_budget"": 1.5853075206279756}, {""event_id"": 3, ""low_entry_timestep"": 99, ""return_timestep"": 181, ""event_timestep"": 181, ""reset_timestep"": 181, ""low_entry_clearance"": 0.40989139838547983, ""return_clearance"": 0.8000551979572674, ""pre_reset_budget"": 0.6753075206279748, ""post_reset_budget"": 2.274829161167145}]"
bounded_uniform,train_fit,7,131000021,[60],1,False,"[""INSUFFICIENT_EVENTS""]",True,True,True,True,True,False,,6.79664657887713e-15,0,"[{""event_id"": 1, ""low_entry_timestep"": 40, ""return_timestep"": 60, ""event_timestep"": 60, ""reset_timestep"": 60, ""low_entry_clearance"": 0.45612480065719585, ""return_clearance"": 0.7950675137360776, ""pre_reset_budget"": 1.506083583831789, ""post_reset_budget"": 2.4}]"
bounded_uniform,train_fit,8,131000023,"[123, 160]",2,True,[],True,True,True,True,True,False,,1.0000000000000075,0,"[{""event_id"": 1, ""low_entry_timestep"": 0, ""return_timestep"": 123, ""event_timestep"": 123, ""reset_timestep"": 123, ""low_entry_clearance"": 0.06024819969963913, ""return_clearance"": 0.8031045473218201, ""pre_reset_budget"": 1.1700000000000077, ""post_reset_budget"": 1.9564389109611513}, {""event_id"": 2, ""low_entry_timestep"": 137, ""return_timestep"": 160, ""event_timestep"": 160, ""reset_timestep"": 160, ""low_entry_clearance"": 0.4484905145124766, ""return_clearance"": 0.8088736026800776, ""pre_reset_budget"": 1.586438910961151, ""post_reset_budget"": 2.4}]"
bounded_uniform,train_fit,9,131000027,[],0,False,"[""DELTA_MARGIN_FAIL"", ""REGION_GATE_FAIL"", ""TRANSITION_SOUNDNESS_FAIL"", ""INSUFFICIENT_EVENTS""]",False,True,False,False,True,True,241,-0.5999999999999935,0,[]
bounded_uniform,train_fit,10,131000029,"[22, 161, 194, 206]",4,True,[],True,True,True,True,True,False,,0.9584114050865167,0,"[{""event_id"": 1, ""low_entry_timestep"": 0, ""return_timestep"": 22, ""event_timestep"": 22, ""reset_timestep"": 22, ""low_entry_clearance"": 0.2843830652455626, ""return_clearance"": 0.8163025712613555, ""pre_reset_budget"": 1.3232752788066864, ""post_reset_budget"": 2.4}, {""event_id"": 2, ""low_entry_timestep"": 133, ""return_timestep"": 161, ""event_timestep"": 161, ""reset_timestep"": 161, ""low_entry_clearance"": 0.42310521224617736, ""return_clearance"": 0.8050181255906288, ""pre_reset_budget"": 1.0100000000000076, ""post_reset_budget"": 1.5905846774578096}, {""event_id"": 3, ""low_entry_timestep"": 171, ""return_timestep"": 194, ""event_timestep"": 194, ""reset_timestep"": 194, ""low_entry_clearance"": 0.47323119449481893, ""return_clearance"": 0.8128510597055495, ""pre_reset_budget"": 1.2605846774578093, ""post_reset_budget"": 1.4485491633415224}, {""event_id"": 4, ""low_entry_timestep"": 198, ""return_timestep"": 206, ""event_timestep"": 206, ""reset_timestep"": 206, ""low_entry_clearance"": 0.4585869062390696, ""return_clearance"": 0.8163538281708276, ""pre_reset_budget"": 1.3285491633415223, ""post_reset_budget"": 1.8984114050865175}]"
bounded_uniform,train_fit,11,131000031,"[50, 94, 139, 215, 290]",5,True,[],True,True,True,True,True,False,,1.0100256919860835,0,"[{""event_id"": 1, ""low_entry_timestep"": 0, ""return_timestep"": 50, ""event_timestep"": 50, ""reset_timestep"": 50, ""low_entry_clearance"": 0.46504476352290874, ""return_clearance"": 0.8170807165103646, ""pre_reset_budget"": 1.2394508540630338, ""post_reset_budget"": 1.6766598939895632}, {""event_id"": 2, ""low_entry_timestep"": 85, ""return_timestep"": 94, ""event_timestep"": 94, ""reset_timestep"": 94, ""low_entry_clearance"": 0.4569919275827123, ""return_clearance"": 0.8079107228520013, ""pre_reset_budget"": 1.2366598939895628, ""post_reset_budget"": 1.910410535335541}, {""event_id"": 3, ""low_entry_timestep"": 120, ""return_timestep"": 139, ""event_timestep"": 139, ""reset_timestep"": 139, ""low_entry_clearance"": 0.46032182340897915, ""return_clearance"": 0.7922072489005457, ""pre_reset_budget"": 1.4604105353355405, ""post_reset_budget"": 2.4}, {""event_id"": 4, ""low_entry_timestep"": 159, ""return_timestep"": 215, ""event_timestep"": 215, ""reset_timestep"": 215, ""low_entry_clearance"": 0.4258274438280302, ""return_clearance"": 0.806203210936814, ""pre_reset_budget"": 1.6400000000000081, ""post_reset_budget"": 1.7600256919860842}, {""event_id"": 5, ""low_entry_timestep"": 246, ""return_timestep"": 290, ""event_timestep"": 290, ""reset_timestep"": 290, ""low_entry_clearance"": 0.4206249826836547, ""return_clearance"": 0.810716873174419, ""pre_reset_budget"": 1.0100256919860835, ""post_reset_budget"": 1.9139728069305422}]"
bounded_uniform,train_fit,12,131000033,"[53, 77, 117, 179]",4,True,[],True,True,True,True,True,False,,1.1900000000000077,0,"[{""event_id"": 1, ""low_entry_timestep"": 44, ""return_timestep"": 53, ""event_timestep"": 53, ""reset_timestep"": 53, ""low_entry_clearance"": 0.4223558899337458, ""return_clearance"": 0.8012001337640958, ""pre_reset_budget"": 1.3225934934616086, ""post_reset_budget"": 1.5402697294950487}, {""event_id"": 2, ""low_entry_timestep"": 64, ""return_timestep"": 77, ""event_timestep"": 77, ""reset_timestep"": 77, ""low_entry_clearance"": 0.4599387777056483, ""return_clearance"": 0.8617399446538768, ""pre_reset_budget"": 1.3002697294950485, ""post_reset_budget"": 1.619846445322037}, {""event_id"": 3, ""low_entry_timestep"": 105, ""return_timestep"": 117, ""event_timestep"": 117, ""reset_timestep"": 117, ""low_entry_clearance"": 0.4735940661754956, ""return_clearance"": 0.8056204119330449, ""pre_reset_budget"": 1.2198464453220366, ""post_reset_budget"": 1.8818271875381472}, {""event_id"": 4, ""low_entry_timestep"": 165, ""return_timestep"": 179, ""event_timestep"": 179, ""reset_timestep"": 179, ""low_entry_clearance"": 0.4452595595629954, ""return_clearance"": 0.792336235153679, ""pre_reset_budget"": 1.2618271875381466, ""post_reset_budget"": 2.4}]"
bounded_uniform,train_fit,13,131000035,"[11, 70, 131, 299]",4,True,[],True,True,True,True,True,False,,0.7200000000000073,0,"[{""event_id"": 1, ""low_entry_timestep"": 0, ""return_timestep"": 11, ""event_timestep"": 11, ""reset_timestep"": 11, ""low_entry_clearance"": 0.12814746767274882, ""return_clearance"": 0.8436913646527816, ""pre_reset_budget"": 2.2900000000000023, ""post_reset_budget"": 2.0050064444541933}, {""event_id"": 2, ""low_entry_timestep"": 50, ""return_timestep"": 70, ""event_timestep"": 70, ""reset_timestep"": 70, ""low_entry_clearance"": 0.4003735050169932, ""return_clearance"": 0.8400306671084927, ""pre_reset_budget"": 1.4150064444541928, ""post_reset_budget"": 1.7735879838466646}, {""event_id"": 3, ""low_entry_timestep"": 117, ""return_timestep"": 131, ""event_timestep"": 131, ""reset_timestep"": 131, ""low_entry_clearance"": 0.41848331043959874, ""return_clearance"": 0.8029012761788031, ""pre_reset_budget"": 1.163587983846664, ""post_reset_budget"": 2.4}, {""event_id"": 4, ""low_entry_timestep"": 288, ""return_timestep"": 299, ""event_timestep"": 299, ""reset_timestep"": 299, ""low_entry_clearance"": 0.44294813804506405, ""return_clearance"": 0.8580547942513602, ""pre_reset_budget"": 0.7200000000000073, ""post_reset_budget"": 1.903247129917145}]"
bounded_uniform,train_fit,14,131000037,[44],1,False,"[""DELTA_MARGIN_FAIL"", ""REGION_GATE_FAIL"", ""TRANSITION_SOUNDNESS_FAIL"", ""INSUFFICIENT_EVENTS""]",False,True,False,False,True,True,285,-0.1599999999999932,0,"[{""event_id"": 1, ""low_entry_timestep"": 1, ""return_timestep"": 44, ""event_timestep"": 44, ""reset_timestep"": 44, ""low_entry_clearance"": 0.3940875324826293, ""return_clearance"": 0.8212574194075112, ""pre_reset_budget"": 1.0851034170389173, ""post_reset_budget"": 2.4}]"
bounded_uniform,train_fit,15,131000039,"[39, 86, 214, 295]",4,True,[],True,True,True,True,True,False,,1.0807844829559397,0,"[{""event_id"": 1, ""low_entry_timestep"": 15, ""return_timestep"": 39, ""event_timestep"": 39, ""reset_timestep"": 39, ""low_entry_clearance"": 0.4452821152342883, ""return_clearance"": 0.8551960079235765, ""pre_reset_budget"": 1.2460077381134032, ""post_reset_budget"": 1.7608015954494478}, {""event_id"": 2, ""low_entry_timestep"": 64, ""return_timestep"": 86, ""event_timestep"": 86, ""reset_timestep"": 86, ""low_entry_clearance"": 0.4001825303605136, ""return_clearance"": 0.8180278479824549, ""pre_reset_budget"": 1.2908015954494474, ""post_reset_budget"": 2.360784482955933}, {""event_id"": 3, ""low_entry_timestep"": 148, ""return_timestep"": 214, ""event_timestep"": 214, ""reset_timestep"": 214, ""low_entry_clearance"": 0.4655116436093151, ""return_clearance"": 0.8159454359342891, ""pre_reset_budget"": 1.0807844829559397, ""post_reset_budget"": 1.947625768184662}, {""event_id"": 4, ""low_entry_timestep"": 269, ""return_timestep"": 295, ""event_timestep"": 295, ""reset_timestep"": 295, ""low_entry_clearance"": 0.4406432080395884, ""return_clearance"": 0.8459056937611777, ""pre_reset_budget"": 1.1376257681846613, ""post_reset_budget"": 1.6704296588897707}]"
bounded_uniform,train_fit,16,131000043,"[2, 101]",2,True,[],True,True,True,True,True,False,,0.410000000000007,0,"[{""event_id"": 1, ""low_entry_timestep"": 0, ""return_timestep"": 2, ""event_timestep"": 2, ""reset_timestep"": 2, ""low_entry_clearance"": 0.4675424917565252, ""return_clearance"": 0.8166061229710763, ""pre_reset_budget"": 1.5791083502769472, ""post_reset_budget"": 2.102218520641327}, {""event_id"": 2, ""low_entry_timestep"": 33, ""return_timestep"": 101, ""event_timestep"": 101, ""reset_timestep"": 101, ""low_entry_clearance"": 0.46091946065484984, ""return_clearance"": 0.8197129738121968, ""pre_reset_budget"": 1.1122185206413284, ""post_reset_budget"": 2.4}]"
bounded_uniform,train_fit,17,131000045,[],0,False,"[""DELTA_MARGIN_FAIL"", ""REGION_GATE_FAIL"", ""TRANSITION_SOUNDNESS_FAIL"", ""INSUFFICIENT_EVENTS""]",False,True,False,False,True,True,241,-0.5999999999999935,0,[]
bounded_uniform,train_fit,18,131000053,"[25, 51]",2,False,"[""DELTA_MARGIN_FAIL"", ""REGION_GATE_FAIL"", ""TRANSITION_SOUNDNESS_FAIL""]",False,True,False,False,True,True,292,-0.0899999999999932,0,"[{""event_id"": 1, ""low_entry_timestep"": 0, ""return_timestep"": 25, ""event_timestep"": 25, ""reset_timestep"": 25, ""low_entry_clearance"": 0.34384598258948373, ""return_clearance"": 0.7959854920876662, ""pre_reset_budget"": 2.1500000000000052, ""post_reset_budget"": 1.8787557005882265}, {""event_id"": 2, ""low_entry_timestep"": 40, ""return_timestep"": 51, ""event_timestep"": 51, ""reset_timestep"": 51, ""low_entry_clearance"": 0.4673874443133947, ""return_clearance"": 0.8139820154274673, ""pre_reset_budget"": 1.6187557005882263, ""post_reset_budget"": 2.4}]"
bounded_uniform,train_fit,19,131000055,[64],1,False,"[""INSUFFICIENT_EVENTS""]",True,True,True,True,True,False,,0.0400000000000068,0,"[{""event_id"": 1, ""low_entry_timestep"": 30, ""return_timestep"": 64, ""event_timestep"": 64, ""reset_timestep"": 64, ""low_entry_clearance"": 0.4345299862785303, ""return_clearance"": 0.8209519573284755, ""pre_reset_budget"": 1.3945677852630618, ""post_reset_budget"": 2.4}]"
bounded_uniform,train_fit,20,131000057,"[151, 207]",2,True,[],True,True,True,True,True,False,,0.8900000000000075,0,"[{""event_id"": 1, ""low_entry_timestep"": 137, ""return_timestep"": 151, ""event_timestep"": 151, ""reset_timestep"": 151, ""low_entry_clearance"": 0.437095045957678, ""return_clearance"": 0.8449688338000306, ""pre_reset_budget"": 0.8900000000000075, ""post_reset_budget"": 1.786846858263016}, {""event_id"": 2, ""low_entry_timestep"": 178, ""return_timestep"": 207, ""event_timestep"": 207, ""reset_timestep"": 207, ""low_entry_clearance"": 0.4375999370601494, ""return_clearance"": 0.8026041356820495, ""pre_reset_budget"": 1.2268468582630154, ""post_reset_budget"": 2.1991661906242372}]"
bounded_uniform,train_fit,21,131000059,"[80, 110, 135, 169, 204, 263, 277]",7,True,[],True,True,True,True,True,False,,1.0329615256190299,0,"[{""event_id"": 1, ""low_entry_timestep"": 12, ""return_timestep"": 80, ""event_timestep"": 80, ""reset_timestep"": 80, ""low_entry_clearance"": 0.4518419714289227, ""return_clearance"": 0.8032167196779096, ""pre_reset_budget"": 1.1000780105590815, ""post_reset_budget"": 1.8738872528076174}, {""event_id"": 2, ""low_entry_timestep"": 92, ""return_timestep"": 110, ""event_timestep"": 110, ""reset_timestep"": 110, ""low_entry_clearance"": 0.46601099234210464, ""return_clearance"": 0.8281837658454301, ""pre_reset_budget"": 1.573887252807617, ""post_reset_budget"": 1.4394364923238756}, {""event_id"": 3, ""low_entry_timestep"": 119, ""return_timestep"": 135, ""event_timestep"": 135, ""reset_timestep"": 135, ""low_entry_clearance"": 0.46292081967793397, ""return_clearance"": 0.8065748949957067, ""pre_reset_budget"": 1.1894364923238754, ""post_reset_budget"": 1.3729615256190302}, {""event_id"": 4, ""low_entry_timestep"": 158, ""return_timestep"": 169, ""event_timestep"": 169, ""reset_timestep"": 169, ""low_entry_clearance"": 0.4390045589349335, ""return_clearance"": 0.8132404474728762, ""pre_reset_budget"": 1.0329615256190299, ""post_reset_budget"": 1.3871819011867048}, {""event_id"": 5, ""low_entry_timestep"": 189, ""return_timestep"": 204, ""event_timestep"": 204, ""reset_timestep"": 204, ""low_entry_clearance"": 0.44026761339925036, ""return_clearance"": 0.849122251978167, ""pre_reset_budget"": 1.0371819011867045, ""post_reset_budget"": 1.7449801683425905}, {""event_id"": 6, ""low_entry_timestep"": 209, ""return_timestep"": 263, ""event_timestep"": 263, ""reset_timestep"": 263, ""low_entry_clearance"": 0.42729605246415997, ""return_clearance"": 0.8199100415383157, ""pre_reset_budget"": 1.15498016834259, ""post_reset_budget"": 1.4167774438858034}, {""event_id"": 7, ""low_entry_timestep"": 270, ""return_timestep"": 277, ""event_timestep"": 277, ""reset_timestep"": 277, ""low_entry_clearance"": 0.46467760466741825, ""return_clearance"": 0.7982271820741282, ""pre_reset_budget"": 1.2767774438858033, ""post_reset_budget"": 2.3539108753204347}]"
bounded_uniform,train_fit,22,131000061,"[146, 219, 260, 299]",4,True,[],True,True,True,True,True,False,,0.837602482438087,0,"[{""event_id"": 1, ""low_entry_timestep"": 122, ""return_timestep"": 146, ""event_timestep"": 146, ""reset_timestep"": 146, ""low_entry_clearance"": 0.45457181474805075, ""return_clearance"": 0.8145645028854142, ""pre_reset_budget"": 0.9400000000000075, ""post_reset_budget"": 1.5676024824380876}, {""event_id"": 2, ""low_entry_timestep"": 174, ""return_timestep"": 219, ""event_timestep"": 219, ""reset_timestep"": 219, ""low_entry_clearance"": 0.4538615587198839, ""return_clearance"": 0.7986354455603605, ""pre_reset_budget"": 0.837602482438087, ""post_reset_budget"": 1.7787530839443209}, {""event_id"": 3, ""low_entry_timestep"": 242, ""return_timestep"": 260, ""event_timestep"": 260, ""reset_timestep"": 260, ""low_entry_clearance"": 0.4378361092082417, ""return_clearance"": 0.8403316854667949, ""pre_reset_budget"": 1.3687530839443205, ""post_reset_budget"": 1.5224209398031237}, {""event_id"": 4, ""low_entry_timestep"": 290, ""return_timestep"": 299, ""event_timestep"": 299, ""reset_timestep"": 299, ""low_entry_clearance"": 0.46997825319244874, ""return_clearance"": 0.7923461649832899, ""pre_reset_budget"": 1.1324209398031233, ""post_reset_budget"": 2.2005205869674684}]"
bounded_uniform,train_fit,23,131000065,"[25, 83, 197, 239, 285]",5,True,[],True,True,True,True,True,False,,0.7283836579322807,0,"[{""event_id"": 1, ""low_entry_timestep"": 0, ""return_timestep"": 25, ""event_timestep"": 25, ""reset_timestep"": 25, ""low_entry_clearance"": 0.3811360454666564, ""return_clearance"": 0.8161385932476262, ""pre_reset_budget"": 1.7219935178756713, ""post_reset_budget"": 1.9982249259948732}, {""event_id"": 2, ""low_entry_timestep"": 36, ""return_timestep"": 83, ""event_timestep"": 83, ""reset_timestep"": 83, ""low_entry_clearance"": 0.41718320022824623, ""return_clearance"": 0.8134200315765084, ""pre_reset_budget"": 1.4182249259948727, ""post_reset_budget"": 1.8683836579322817}, {""event_id"": 3, ""low_entry_timestep"": 100, ""return_timestep"": 197, ""event_timestep"": 197, ""reset_timestep"": 197, ""low_entry_clearance"": 0.4627595868923438, ""return_clearance"": 0.8083469548667152, ""pre_reset_budget"": 0.7283836579322807, ""post_reset_budget"": 1.468860161304474}, {""event_id"": 4, ""low_entry_timestep"": 232, ""return_timestep"": 239, ""event_timestep"": 239, ""reset_timestep"": 239, ""low_entry_clearance"": 0.43331927985853474, ""return_clearance"": 0.8104887792150614, ""pre_reset_budget"": 1.0488601613044737, ""post_reset_budget"": 1.7317956507205965}, {""event_id"": 5, ""low_entry_timestep"": 249, ""return_timestep"": 285, ""event_timestep"": 285, ""reset_timestep"": 285, ""low_entry_clearance"": 0.4556203893995976, ""return_clearance"": 0.8228306788273791, ""pre_reset_budget"": 1.271795650720596, ""post_reset_budget"": 1.51707900762558}]"
bounded_uniform,train_fit,24,131000069,[],0,False,"[""DELTA_MARGIN_FAIL"", ""REGION_GATE_FAIL"", ""TRANSITION_SOUNDNESS_FAIL"", ""INSUFFICIENT_EVENTS""]",False,True,False,False,True,True,241,-0.5999999999999935,0,[]
bounded_uniform,train_fit,25,131000075,"[28, 204]",2,True,[],True,True,True,True,True,False,,0.6400000000000072,0,"[{""event_id"": 1, ""low_entry_timestep"": 3, ""return_timestep"": 28, ""event_timestep"": 28, ""reset_timestep"": 28, ""low_entry_clearance"": 0.4542084598851947, ""return_clearance"": 0.8169273739247671, ""pre_reset_budget"": 1.4944890570640563, ""post_reset_budget"": 2.4}, {""event_id"": 2, ""low_entry_timestep"": 40, ""return_timestep"": 204, ""event_timestep"": 204, ""reset_timestep"": 204, ""low_entry_clearance"": 0.39227799667119145, ""return_clearance"": 0.8124100928814557, ""pre_reset_budget"": 0.6400000000000072, ""post_reset_budget"": 2.4}]"
bounded_uniform,train_fit,26,131000079,"[24, 86, 111]",3,True,[],True,True,True,True,True,False,,0.5100000000000071,0,"[{""event_id"": 1, ""low_entry_timestep"": 0, ""return_timestep"": 24, ""event_timestep"": 24, ""reset_timestep"": 24, ""low_entry_clearance"": 0.25989056214291856, ""return_clearance"": 0.7972340990157301, ""pre_reset_budget"": 1.7219067430496215, ""post_reset_budget"": 2.141048562526703}, {""event_id"": 2, ""low_entry_timestep"": 30, ""return_timestep"": 86, ""event_timestep"": 86, ""reset_timestep"": 86, ""low_entry_clearance"": 0.46878541176868965, ""return_clearance"": 0.8151965601823473, ""pre_reset_budget"": 1.5210485625267056, ""post_reset_budget"": 1.5628468662500383}, {""event_id"": 3, ""low_entry_timestep"": 91, ""return_timestep"": 111, ""event_timestep"": 111, ""reset_timestep"": 111, ""low_entry_clearance"": 0.4306699834576616, ""return_clearance"": 0.8367820110323995, ""pre_reset_budget"": 1.312846866250038, ""post_reset_budget"": 2.4}]"
bounded_uniform,train_fit,27,131000083,"[31, 190]",2,True,[],True,True,True,True,True,False,,0.8100000000000074,0,"[{""event_id"": 1, ""low_entry_timestep"": 0, ""return_timestep"": 31, ""event_timestep"": 31, ""reset_timestep"": 31, ""low_entry_clearance"": 0.2523832272572099, ""return_clearance"": 0.8213738614278938, ""pre_reset_budget"": 1.1998417669534682, ""post_reset_budget"": 2.4}, {""event_id"": 2, ""low_entry_timestep"": 66, ""return_timestep"": 190, ""event_timestep"": 190, ""reset_timestep"": 190, ""low_entry_clearance"": 0.46392275828729385, ""return_clearance"": 0.7991392094175097, ""pre_reset_budget"": 0.8100000000000074, ""post_reset_budget"": 2.2831432938575746}]"
bounded_uniform,train_fit,28,131000085,[284],1,False,"[""DELTA_MARGIN_FAIL"", ""REGION_GATE_FAIL"", ""TRANSITION_SOUNDNESS_FAIL"", ""INSUFFICIENT_EVENTS""]",False,True,False,False,True,True,241,-0.43999999999999345,0,"[{""event_id"": 1, ""low_entry_timestep"": 15, ""return_timestep"": 284, ""event_timestep"": 284, ""reset_timestep"": 284, ""low_entry_clearance"": 0.4500217061635712, ""return_clearance"": 0.8665176416308247, ""pre_reset_budget"": -0.43999999999999345, ""post_reset_budget"": 1.4005567625164987}]"
bounded_uniform,train_fit,29,131000091,[163],1,False,"[""INSUFFICIENT_EVENTS""]",True,True,True,True,True,False,,0.7700000000000073,0,"[{""event_id"": 1, ""low_entry_timestep"": 1, ""return_timestep"": 163, ""event_timestep"": 163, ""reset_timestep"": 163, ""low_entry_clearance"": 0.4501839923883523, ""return_clearance"": 0.8079572005692258, ""pre_reset_budget"": 0.7700000000000073, ""post_reset_budget"": 2.4}]"
bounded_uniform,train_fit,30,131000093,"[15, 260]",2,False,"[""DELTA_MARGIN_FAIL"", ""REGION_GATE_FAIL"", ""TRANSITION_SOUNDNESS_FAIL""]",False,True,False,False,True,True,256,-0.04999999999999321,0,"[{""event_id"": 1, ""low_entry_timestep"": 0, ""return_timestep"": 15, ""event_timestep"": 15, ""reset_timestep"": 15, ""low_entry_clearance"": 0.3835185070399687, ""return_clearance"": 0.8161420714132, ""pre_reset_budget"": 1.3463955402374268, ""post_reset_budget"": 2.4}, {""event_id"": 2, ""low_entry_timestep"": 21, ""return_timestep"": 260, ""event_timestep"": 260, ""reset_timestep"": 260, ""low_entry_clearance"": 0.4497303081705366, ""return_clearance"": 0.8003197805720703, ""pre_reset_budget"": -0.04999999999999321, ""post_reset_budget"": 2.051433277130127}]"
bounded_uniform,train_fit,31,131000095,[274],1,False,"[""DELTA_MARGIN_FAIL"", ""REGION_GATE_FAIL"", ""TRANSITION_SOUNDNESS_FAIL"", ""INSUFFICIENT_EVENTS""]",False,True,False,False,True,True,241,-0.33999999999999336,0,"[{""event_id"": 1, ""low_entry_timestep"": 0, ""return_timestep"": 274, ""event_timestep"": 274, ""reset_timestep"": 274, ""low_entry_clearance"": 0.22030174418497894, ""return_clearance"": 0.838677914530627, ""pre_reset_budget"": -0.33999999999999336, ""post_reset_budget"": 2.176711452007294}]"
bounded_uniform,train_fit,32,131000097,"[56, 137, 200, 230, 279]",5,True,[],True,True,True,True,True,False,,1.001235164403915,0,"[{""event_id"": 1, ""low_entry_timestep"": 14, ""return_timestep"": 56, ""event_timestep"": 56, ""reset_timestep"": 56, ""low_entry_clearance"": 0.46775572550137623, ""return_clearance"": 0.8246966237687002, ""pre_reset_budget"": 1.4749220752716068, ""post_reset_budget"": 1.9851268053054811}, {""event_id"": 2, ""low_entry_timestep"": 81, ""return_timestep"": 137, ""event_timestep"": 137, ""reset_timestep"": 137, ""low_entry_clearance"": 0.4116561349816344, ""return_clearance"": 0.8865005291863511, ""pre_reset_budget"": 1.1751268053054804, ""post_reset_budget"": 1.6312351644039156}, {""event_id"": 3, ""low_entry_timestep"": 153, ""return_timestep"": 200, ""event_timestep"": 200, ""reset_timestep"": 200, ""low_entry_clearance"": 0.44397763068751933, ""return_clearance"": 0.9255594961748871, ""pre_reset_budget"": 1.001235164403915, ""post_reset_budget"": 1.6391827881336214}, {""event_id"": 4, ""low_entry_timestep"": 217, ""return_timestep"": 230, ""event_timestep"": 230, ""reset_timestep"": 230, ""low_entry_clearance"": 0.46280614669529324, ""return_clearance"": 0.8228105565159349, ""pre_reset_budget"": 1.3391827881336211, ""post_reset_budget"": 1.747611564397812}, {""event_id"": 5, ""low_entry_timestep"": 253, ""return_timestep"": 279, ""event_timestep"": 279, ""reset_timestep"": 279, ""low_entry_clearance"": 0.4188369575284991, ""return_clearance"": 0.8126249950803842, ""pre_reset_budget"": 1.2576115643978116, ""post_reset_budget"": 1.653792214393616}]"
bounded_uniform,train_fit,33,131000105,[61],1,False,"[""INSUFFICIENT_EVENTS""]",True,True,True,True,True,False,,0.010000000000006797,0,"[{""event_id"": 1, ""low_entry_timestep"": 3, ""return_timestep"": 61, ""event_timestep"": 61, ""reset_timestep"": 61, ""low_entry_clearance"": 0.4681252448739607, ""return_clearance"": 0.8551704897079209, ""pre_reset_budget"": 1.019823666810989, ""post_reset_budget"": 2.4}]"
bounded_uniform,train_fit,34,131000107,[10],1,False,"[""DELTA_MARGIN_FAIL"", ""REGION_GATE_FAIL"", ""TRANSITION_SOUNDNESS_FAIL"", ""INSUFFICIENT_EVENTS""]",False,True,False,False,True,True,251,-0.4999999999999935,0,"[{""event_id"": 1, ""low_entry_timestep"": 2, ""return_timestep"": 10, ""event_timestep"": 10, ""reset_timestep"": 10, ""low_entry_clearance"": 0.30268921053755765, ""return_clearance"": 0.8155155068197303, ""pre_reset_budget"": 1.9433318138122568, ""post_reset_budget"": 2.4}]"
bounded_uniform,train_fit,35,131000109,[],0,False,"[""DELTA_MARGIN_FAIL"", ""REGION_GATE_FAIL"", ""TRANSITION_SOUNDNESS_FAIL"", ""INSUFFICIENT_EVENTS""]",False,True,False,False,True,True,241,-0.5999999999999935,0,[]
bounded_uniform,train_fit,36,131000111,"[32, 119, 230]",3,True,[],True,True,True,True,True,False,,0.7833412551879875,0,"[{""event_id"": 1, ""low_entry_timestep"": 1, ""return_timestep"": 32, ""event_timestep"": 32, ""reset_timestep"": 32, ""low_entry_clearance"": 0.2247335671112831, ""return_clearance"": 0.7998914659906396, ""pre_reset_budget"": 1.6504505920410155, ""post_reset_budget"": 1.9189895510673525}, {""event_id"": 2, ""low_entry_timestep"": 106, ""return_timestep"": 119, ""event_timestep"": 119, ""reset_timestep"": 119, ""low_entry_clearance"": 0.4630968624324192, ""return_clearance"": 0.7995830224059592, ""pre_reset_budget"": 1.0489895510673517, ""post_reset_budget"": 1.8933412551879885}, {""event_id"": 3, ""low_entry_timestep"": 210, ""return_timestep"": 230, ""event_timestep"": 230, ""reset_timestep"": 230, ""low_entry_clearance"": 0.44312916042839023, ""return_clearance"": 0.7923738474875868, ""pre_reset_budget"": 0.7833412551879875, ""post_reset_budget"": 2.1033295512199404}]"
bounded_uniform,train_fit,37,131000113,"[80, 164]",2,True,[],True,True,True,True,True,False,,0.8884925401210779,0,"[{""event_id"": 1, ""low_entry_timestep"": 10, ""return_timestep"": 80, ""event_timestep"": 80, ""reset_timestep"": 80, ""low_entry_clearance"": 0.4685528658552803, ""return_clearance"": 0.8217626922806343, ""pre_reset_budget"": 1.600000000000008, ""post_reset_budget"": 1.7284925401210787}, {""event_id"": 2, ""low_entry_timestep"": 126, ""return_timestep"": 164, ""event_timestep"": 164, ""reset_timestep"": 164, ""low_entry_clearance"": 0.4433212095798253, ""return_clearance"": 0.7916610157078954, ""pre_reset_budget"": 0.8884925401210779, ""post_reset_budget"": 2.4}]"
bounded_uniform,train_fit,38,131000115,"[58, 120, 193, 234, 260]",5,True,[],True,True,True,True,True,False,,0.9934089350700375,0,"[{""event_id"": 1, ""low_entry_timestep"": 14, ""return_timestep"": 58, ""event_timestep"": 58, ""reset_timestep"": 58, ""low_entry_clearance"": 0.4032376183810161, ""return_clearance"": 0.8408447332967294, ""pre_reset_budget"": 1.387701983451843, ""post_reset_budget"": 1.613408935070038}, {""event_id"": 2, ""low_entry_timestep"": 68, ""return_timestep"": 120, ""event_timestep"": 120, ""reset_timestep"": 120, ""low_entry_clearance"": 0.40615271357092747, ""return_clearance"": 0.8107930372627047, ""pre_reset_budget"": 0.9934089350700375, ""post_reset_budget"": 2.2958569645881655}, {""event_id"": 3, ""low_entry_timestep"": 152, ""return_timestep"": 193, ""event_timestep"": 193, ""reset_timestep"": 193, ""low_entry_clearance"": 0.4219547478924149, ""return_clearance"": 0.7970485124361991, ""pre_reset_budget"": 1.5658569645881713, ""post_reset_budget"": 1.9109920382499697}, {""event_id"": 4, ""low_entry_timestep"": 197, ""return_timestep"": 234, ""event_timestep"": 234, ""reset_timestep"": 234, ""low_entry_clearance"": 0.4334577441627554, ""return_clearance"": 0.8217106121709874, ""pre_reset_budget"": 1.5009920382499693, ""post_reset_budget"": 1.4942382991313936}, {""event_id"": 5, ""low_entry_timestep"": 246, ""return_timestep"": 260, ""event_timestep"": 260, ""reset_timestep"": 260, ""low_entry_clearance"": 0.4566378081849138, ""return_clearance"": 0.8389328741039713, ""pre_reset_budget"": 1.2342382991313934, ""post_reset_budget"": 2.4}]"
bounded_uniform,train_fit,39,131000119,[217],1,False,"[""INSUFFICIENT_EVENTS""]",True,True,True,True,True,False,,0.23000000000000687,0,"[{""event_id"": 1, ""low_entry_timestep"": 1, ""return_timestep"": 217, ""event_timestep"": 217, ""reset_timestep"": 217, ""low_entry_clearance"": 0.24169160464845582, ""return_clearance"": 0.7929128617759845, ""pre_reset_budget"": 0.23000000000000687, ""post_reset_budget"": 2.061119270324707}]"
bounded_uniform,train_fit,40,131000121,[61],1,False,"[""INSUFFICIENT_EVENTS""]",True,True,True,True,True,False,,0.010000000000006797,0,"[{""event_id"": 1, ""low_entry_timestep"": 18, ""return_timestep"": 61, ""event_timestep"": 61, ""reset_timestep"": 61, ""low_entry_clearance"": 0.400351099063703, ""return_clearance"": 0.8557718166899125, ""pre_reset_budget"": 1.2010262572765347, ""post_reset_budget"": 2.4}]"
bounded_uniform,train_fit,41,131000123,[92],1,False,"[""INSUFFICIENT_EVENTS""]",True,True,True,True,True,False,,0.32000000000000695,0,"[{""event_id"": 1, ""low_entry_timestep"": 15, ""return_timestep"": 92, ""event_timestep"": 92, ""reset_timestep"": 92, ""low_entry_clearance"": 0.463761552527966, ""return_clearance"": 0.7981885667548393, ""pre_reset_budget"": 1.0810325431823724, ""post_reset_budget"": 2.4}]"
bounded_uniform,train_fit,42,131000125,"[109, 300]",2,True,[],True,True,True,True,True,False,,0.4900000000000071,0,"[{""event_id"": 1, ""low_entry_timestep"": 0, ""return_timestep"": 109, ""event_timestep"": 109, ""reset_timestep"": 109, ""low_entry_clearance"": 0.21407346488547457, ""return_clearance"": 0.7941769945754669, ""pre_reset_budget"": 0.7191092526912681, ""post_reset_budget"": 2.4}, {""event_id"": 2, ""low_entry_timestep"": 238, ""return_timestep"": 300, ""event_timestep"": 300, ""reset_timestep"": 300, ""low_entry_clearance"": 0.46853316378083326, ""return_clearance"": 0.823927588357421, ""pre_reset_budget"": 0.4900000000000071, ""post_reset_budget"": 1.866542172431946}]"
bounded_uniform,train_fit,43,131000127,[119],1,False,"[""INSUFFICIENT_EVENTS""]",True,True,True,True,True,False,,0.5900000000000072,0,"[{""event_id"": 1, ""low_entry_timestep"": 5, ""return_timestep"": 119, ""event_timestep"": 119, ""reset_timestep"": 119, ""low_entry_clearance"": 0.4651503793783567, ""return_clearance"": 0.8013861627677448, ""pre_reset_budget"": 1.2100000000000077, ""post_reset_budget"": 2.4}]"
bounded_uniform,train_fit,44,131000129,"[136, 171]",2,True,[],True,True,True,True,True,False,,1.0400000000000076,0,"[{""event_id"": 1, ""low_entry_timestep"": 118, ""return_timestep"": 136, ""event_timestep"": 136, ""reset_timestep"": 136, ""low_entry_clearance"": 0.4301841639763901, ""return_clearance"": 0.8320781354275412, ""pre_reset_budget"": 1.0400000000000076, ""post_reset_budget"": 1.6371623098850252}, {""event_id"": 2, ""low_entry_timestep"": 150, ""return_timestep"": 171, ""event_timestep"": 171, ""reset_timestep"": 171, ""low_entry_clearance"": 0.46344894024650296, ""return_clearance"": 0.8022505887184824, ""pre_reset_budget"": 1.287162309885025, ""post_reset_budget"": 2.4}]"
bounded_uniform,train_fit,45,131000133,"[19, 74, 134, 288]",4,True,[],True,True,True,True,True,False,,0.8600000000000074,0,"[{""event_id"": 1, ""low_entry_timestep"": 0, ""return_timestep"": 19, ""event_timestep"": 19, ""reset_timestep"": 19, ""low_entry_clearance"": 0.2947738983586648, ""return_clearance"": 0.8188645435609567, ""pre_reset_budget"": 1.492751488685608, ""post_reset_budget"": 1.731243532896042}, {""event_id"": 2, ""low_entry_timestep"": 47, ""return_timestep"": 74, ""event_timestep"": 74, ""reset_timestep"": 74, ""low_entry_clearance"": 0.4508626960152188, ""return_clearance"": 0.8179004265378919, ""pre_reset_budget"": 1.1812435328960416, ""post_reset_budget"": 1.9204805612564089}, {""event_id"": 3, ""low_entry_timestep"": 81, ""return_timestep"": 134, ""event_timestep"": 134, ""reset_timestep"": 134, ""low_entry_clearance"": 0.4686483948579566, ""return_clearance"": 0.8151396275485906, ""pre_reset_budget"": 1.3204805612564083, ""post_reset_budget"": 2.4}, {""event_id"": 4, ""low_entry_timestep"": 213, ""return_timestep"": 288, ""event_timestep"": 288, ""reset_timestep"": 288, ""low_entry_clearance"": 0.4551779838006207, ""return_clearance"": 0.796644972343887, ""pre_reset_budget"": 0.8600000000000074, ""post_reset_budget"": 1.3891129761934282}]"
bounded_uniform,train_fit,46,131000135,[258],1,False,"[""DELTA_MARGIN_FAIL"", ""REGION_GATE_FAIL"", ""TRANSITION_SOUNDNESS_FAIL"", ""INSUFFICIENT_EVENTS""]",False,True,False,False,True,True,241,-0.17999999999999322,0,"[{""event_id"": 1, ""low_entry_timestep"": 167, ""return_timestep"": 258, ""event_timestep"": 258, ""reset_timestep"": 258, ""low_entry_clearance"": 0.47227500483409035, ""return_clearance"": 0.7972221366389011, ""pre_reset_budget"": -0.17999999999999322, ""post_reset_budget"": 2.2529150366783144}]"
bounded_uniform,train_fit,47,131000137,[29],1,False,"[""DELTA_MARGIN_FAIL"", ""REGION_GATE_FAIL"", ""TRANSITION_SOUNDNESS_FAIL"", ""INSUFFICIENT_EVENTS""]",False,True,False,False,True,True,270,-0.30999999999999334,0,"[{""event_id"": 1, ""low_entry_timestep"": 0, ""return_timestep"": 29, ""event_timestep"": 29, ""reset_timestep"": 29, ""low_entry_clearance"": 0.4159697073010604, ""return_clearance"": 0.8052720474427314, ""pre_reset_budget"": 1.7032487726211547, ""post_reset_budget"": 2.4}]"
bounded_uniform,train_fit,48,131000141,"[44, 76, 121, 174, 204, 257]",6,True,[],True,True,True,True,True,False,,1.08214844584465,0,"[{""event_id"": 1, ""low_entry_timestep"": 2, ""return_timestep"": 44, ""event_timestep"": 44, ""reset_timestep"": 44, ""low_entry_clearance"": 0.35594874242857033, ""return_clearance"": 0.8260275712480268, ""pre_reset_budget"": 1.4032663202285764, ""post_reset_budget"": 1.5208794742822649}, {""event_id"": 2, ""low_entry_timestep"": 64, ""return_timestep"": 76, ""event_timestep"": 76, ""reset_timestep"": 76, ""low_entry_clearance"": 0.45642109432456013, ""return_clearance"": 0.8242391791681954, ""pre_reset_budget"": 1.2008794742822646, ""post_reset_budget"": 1.9211145758628847}, {""event_id"": 3, ""low_entry_timestep"": 100, ""return_timestep"": 121, ""event_timestep"": 121, ""reset_timestep"": 121, ""low_entry_clearance"": 0.4607566866790519, ""return_clearance"": 0.8218126295088024, ""pre_reset_budget"": 1.4711145758628843, ""post_reset_budget"": 1.6121484458446504}, {""event_id"": 4, ""low_entry_timestep"": 164, ""return_timestep"": 174, ""event_timestep"": 174, ""reset_timestep"": 174, ""low_entry_clearance"": 0.46601610847185865, ""return_clearance"": 0.8281811749101126, ""pre_reset_budget"": 1.08214844584465, ""post_reset_budget"": 1.6272549450397493}, {""event_id"": 5, ""low_entry_timestep"": 197, ""return_timestep"": 204, ""event_timestep"": 204, ""reset_timestep"": 204, ""low_entry_clearance"": 0.4569983837341175, ""return_clearance"": 0.8448072802836825, ""pre_reset_budget"": 1.327254945039749, ""post_reset_budget"": 1.9901335358619692}, {""event_id"": 6, ""low_entry_timestep"": 244, ""return_timestep"": 257, ""event_timestep"": 257, ""reset_timestep"": 257, ""low_entry_clearance"": 0.4693602721929793, ""return_clearance"": 0.8214973339849015, ""pre_reset_budget"": 1.4601335358619687, ""post_reset_budget"": 1.7981297492980959}]"
bounded_uniform,train_fit,49,131000145,"[161, 183, 199, 246]",4,True,[],True,True,True,True,True,False,,0.7317794227600161,0,"[{""event_id"": 1, ""low_entry_timestep"": 67, ""return_timestep"": 161, ""event_timestep"": 161, ""reset_timestep"": 161, ""low_entry_clearance"": 0.439027843261465, ""return_clearance"": 0.8126279656802499, ""pre_reset_budget"": 0.7317794227600161, ""post_reset_budget"": 1.5915884494781496}, {""event_id"": 2, ""low_entry_timestep"": 168, ""return_timestep"": 183, ""event_timestep"": 183, ""reset_timestep"": 183, ""low_entry_clearance"": 0.4335726483683172, ""return_clearance"": 0.8101387926977932, ""pre_reset_budget"": 1.3715884494781494, ""post_reset_budget"": 1.550840896368027}, {""event_id"": 3, ""low_entry_timestep"": 191, ""return_timestep"": 199, ""event_timestep"": 199, ""reset_timestep"": 199, ""low_entry_clearance"": 0.43763916322746677, ""return_clearance"": 0.8520172025081131, ""pre_reset_budget"": 1.3908408963680268, ""post_reset_budget"": 1.4915586531162264}, {""event_id"": 4, ""low_entry_timestep"": 230, ""return_timestep"": 246, ""event_timestep"": 246, ""reset_timestep"": 246, ""low_entry_clearance"": 0.4633319698314821, ""return_clearance"": 0.7945104560644151, ""pre_reset_budget"": 1.021558653116226, ""post_reset_budget"": 1.7286439061164858}]"
bounded_uniform,train_fit,50,131000147,"[63, 126, 162]",3,True,[],True,True,True,True,True,False,,1.0200000000000076,0,"[{""event_id"": 1, ""low_entry_timestep"": 13, ""return_timestep"": 63, ""event_timestep"": 63, ""reset_timestep"": 63, ""low_entry_clearance"": 0.4518119598144814, ""return_clearance"": 0.846373259500188, ""pre_reset_budget"": 1.7700000000000082, ""post_reset_budget"": 1.680219900608063}, {""event_id"": 2, ""low_entry_timestep"": 91, ""return_timestep"": 126, ""event_timestep"": 126, ""reset_timestep"": 126, ""low_entry_clearance"": 0.42973805910378854, ""return_clearance"": 0.8099938401823947, ""pre_reset_budget"": 1.0502199006080624, ""post_reset_budget"": 1.4926131784915926}, {""event_id"": 3, ""low_entry_timestep"": 148, ""return_timestep"": 162, ""event_timestep"": 162, ""reset_timestep"": 162, ""low_entry_clearance"": 0.4060756786181301, ""return_clearance"": 0.8098825696899656, ""pre_reset_budget"": 1.1326131784915923, ""post_reset_budget"": 2.4}]"
bounded_uniform,train_fit,51,131000151,[],0,False,"[""DELTA_MARGIN_FAIL"", ""REGION_GATE_FAIL"", ""TRANSITION_SOUNDNESS_FAIL"", ""INSUFFICIENT_EVENTS""]",False,True,False,False,True,True,241,-0.5999999999999935,0,[]
bounded_uniform,train_fit,52,131000153,"[54, 83, 201, 228, 283]",5,True,[],True,True,True,True,True,False,,1.0801754188537647,0,"[{""event_id"": 1, ""low_entry_timestep"": 0, ""return_timestep"": 54, ""event_timestep"": 54, ""reset_timestep"": 54, ""low_entry_clearance"": 0.08450768687057361, ""return_clearance"": 0.8115401191695366, ""pre_reset_budget"": 1.3110291099548337, ""post_reset_budget"": 1.5479676693677904}, {""event_id"": 2, ""low_entry_timestep"": 63, ""return_timestep"": 83, ""event_timestep"": 83, ""reset_timestep"": 83, ""low_entry_clearance"": 0.4334909128118818, ""return_clearance"": 0.8182536491618034, ""pre_reset_budget"": 1.2579676693677901, ""post_reset_budget"": 2.26017541885376}, {""event_id"": 3, ""low_entry_timestep"": 117, ""return_timestep"": 201, ""event_timestep"": 201, ""reset_timestep"": 201, ""low_entry_clearance"": 0.42103882555102184, ""return_clearance"": 0.8267211891531988, ""pre_reset_budget"": 1.0801754188537647, ""post_reset_budget"": 1.7818718373775484}, {""event_id"": 4, ""low_entry_timestep"": 220, ""return_timestep"": 228, ""event_timestep"": 228, ""reset_timestep"": 228, ""low_entry_clearance"": 0.4705768312890589, ""return_clearance"": 0.8502094473563158, ""pre_reset_budget"": 1.5118718373775482, ""post_reset_budget"": 1.938695025444031}, {""event_id"": 5, ""low_entry_timestep"": 272, ""return_timestep"": 283, ""event_timestep"": 283, ""reset_timestep"": 283, ""low_entry_clearance"": 0.46490971714251833, ""return_clearance"": 0.8052905979960292, ""pre_reset_budget"": 1.3886950254440305, ""post_reset_budget"": 1.8847295165061952}]"
bounded_uniform,train_fit,53,131000157,[],0,False,"[""DELTA_MARGIN_FAIL"", ""REGION_GATE_FAIL"", ""TRANSITION_SOUNDNESS_FAIL"", ""INSUFFICIENT_EVENTS""]",False,True,False,False,True,True,241,-0.5999999999999935,0,[]
bounded_uniform,train_fit,54,131000159,"[42, 167, 251]",3,True,[],True,True,True,True,True,False,,1.1351287579536435,0,"[{""event_id"": 1, ""low_entry_timestep"": 27, ""return_timestep"": 42, ""event_timestep"": 42, ""reset_timestep"": 42, ""low_entry_clearance"": 0.4071379274653043, ""return_clearance"": 0.8343892242705051, ""pre_reset_budget"": 1.4096174526214598, ""post_reset_budget"": 2.4}, {""event_id"": 2, ""low_entry_timestep"": 142, ""return_timestep"": 167, ""event_timestep"": 167, ""reset_timestep"": 167, ""low_entry_clearance"": 0.4395052900082763, ""return_clearance"": 0.8092492436690356, ""pre_reset_budget"": 1.1500000000000077, ""post_reset_budget"": 2.1640205502510073}, {""event_id"": 3, ""low_entry_timestep"": 227, ""return_timestep"": 251, ""event_timestep"": 251, ""reset_timestep"": 251, ""low_entry_clearance"": 0.4523225453204693, ""return_clearance"": 0.8046513891913653, ""pre_reset_budget"": 1.32402055025101, ""post_reset_budget"": 1.625128757953644}]"
bounded_uniform,train_fit,55,131000163,"[11, 78, 206]",3,True,[],True,True,True,True,True,False,,1.1200000000000077,0,"[{""event_id"": 1, ""low_entry_timestep"": 2, ""return_timestep"": 11, ""event_timestep"": 11, ""reset_timestep"": 11, ""low_entry_clearance"": 0.23981055618675964, ""return_clearance"": 0.827161984743694, ""pre_reset_budget"": 2.2900000000000023, ""post_reset_budget"": 2.1588726162910463}, {""event_id"": 2, ""low_entry_timestep"": 61, ""return_timestep"": 78, ""event_timestep"": 78, ""reset_timestep"": 78, ""low_entry_clearance"": 0.46019445756146843, ""return_clearance"": 0.8033194161894008, ""pre_reset_budget"": 1.488872616291049, ""post_reset_budget"": 2.4}, {""event_id"": 3, ""low_entry_timestep"": 194, ""return_timestep"": 206, ""event_timestep"": 206, ""reset_timestep"": 206, ""low_entry_clearance"": 0.4319026376186629, ""return_clearance"": 0.843045620599626, ""pre_reset_budget"": 1.1200000000000077, ""post_reset_budget"": 2.4}]"
bounded_uniform,train_fit,56,131000165,[73],1,False,"[""INSUFFICIENT_EVENTS""]",True,True,True,True,True,False,,0.13000000000000678,0,"[{""event_id"": 1, ""low_entry_timestep"": 22, ""return_timestep"": 73, ""event_timestep"": 73, ""reset_timestep"": 73, ""low_entry_clearance"": 0.4656076645664341, ""return_clearance"": 0.8072339109044308, ""pre_reset_budget"": 1.6700000000000081, ""post_reset_budget"": 2.4}]"
bounded_uniform,train_fit,57,131000167,[],0,False,"[""DELTA_MARGIN_FAIL"", ""REGION_GATE_FAIL"", ""TRANSITION_SOUNDNESS_FAIL"", ""INSUFFICIENT_EVENTS""]",False,True,False,False,True,True,241,-0.5999999999999935,0,[]
bounded_uniform,train_fit,58,131000169,[176],1,False,"[""INSUFFICIENT_EVENTS""]",True,True,True,True,True,False,,0.6400000000000072,0,"[{""event_id"": 1, ""low_entry_timestep"": 20, ""return_timestep"": 176, ""event_timestep"": 176, ""reset_timestep"": 176, ""low_entry_clearance"": 0.4275964662677068, ""return_clearance"": 0.8110792502876598, ""pre_reset_budget"": 0.6400000000000072, ""post_reset_budget"": 2.4}]"
bounded_uniform,train_fit,59,131000171,[11],1,False,"[""DELTA_MARGIN_FAIL"", ""REGION_GATE_FAIL"", ""TRANSITION_SOUNDNESS_FAIL"", ""INSUFFICIENT_EVENTS""]",False,True,False,False,True,True,252,-0.4899999999999935,0,"[{""event_id"": 1, ""low_entry_timestep"": 0, ""return_timestep"": 11, ""event_timestep"": 11, ""reset_timestep"": 11, ""low_entry_clearance"": 0.264083230598705, ""return_clearance"": 0.8248596953527093, ""pre_reset_budget"": 1.9025423192977908, ""post_reset_budget"": 2.4}]"
bounded_uniform,train_fit,60,131000173,"[11, 64, 110, 260]",4,True,[],True,True,True,True,True,False,,0.9000000000000075,0,"[{""event_id"": 1, ""low_entry_timestep"": 1, ""return_timestep"": 11, ""event_timestep"": 11, ""reset_timestep"": 11, ""low_entry_clearance"": 0.37791645904179216, ""return_clearance"": 0.7955769831693438, ""pre_reset_budget"": 1.6162107253074647, ""post_reset_budget"": 1.825746250152588}, {""event_id"": 2, ""low_entry_timestep"": 48, ""return_timestep"": 64, ""event_timestep"": 64, ""reset_timestep"": 64, ""low_entry_clearance"": 0.4338617956888245, ""return_clearance"": 0.8951100971125053, ""pre_reset_budget"": 1.2957462501525876, ""post_reset_budget"": 1.4684432566165926}, {""event_id"": 3, ""low_entry_timestep"": 81, ""return_timestep"": 110, ""event_timestep"": 110, ""reset_timestep"": 110, ""low_entry_clearance"": 0.4697763016155352, ""return_clearance"": 0.8012046276262712, ""pre_reset_budget"": 1.0084432566165922, ""post_reset_budget"": 2.4}, {""event_id"": 4, ""low_entry_timestep"": 147, ""return_timestep"": 260, ""event_timestep"": 260, ""reset_timestep"": 260, ""low_entry_clearance"": 0.4473146636599289, ""return_clearance"": 0.8335327068884333, ""pre_reset_budget"": 0.9000000000000075, ""post_reset_budget"": 1.85636682510376}]"
bounded_uniform,train_fit,61,131000177,"[203, 229, 256]",3,True,[],True,True,True,True,True,False,,0.370000000000007,0,"[{""event_id"": 1, ""low_entry_timestep"": 15, ""return_timestep"": 203, ""event_timestep"": 203, ""reset_timestep"": 203, ""low_entry_clearance"": 0.4661762309330388, ""return_clearance"": 0.8207632007426184, ""pre_reset_budget"": 0.370000000000007, ""post_reset_budget"": 1.6569171667099}, {""event_id"": 2, ""low_entry_timestep"": 217, ""return_timestep"": 229, ""event_timestep"": 229, ""reset_timestep"": 229, ""low_entry_clearance"": 0.3993103340342147, ""return_clearance"": 0.8622560584590134, ""pre_reset_budget"": 1.3969171667098998, ""post_reset_budget"": 1.6426380395889284}, {""event_id"": 3, ""low_entry_timestep"": 244, ""return_timestep"": 256, ""event_timestep"": 256, ""reset_timestep"": 256, ""low_entry_clearance"": 0.39534449089788376, ""return_clearance"": 0.8987857309594938, ""pre_reset_budget"": 1.3726380395889282, ""post_reset_budget"": 1.5090494126081468}]"
bounded_uniform,train_fit,62,131000179,[121],1,False,"[""INSUFFICIENT_EVENTS""]",True,True,True,True,True,False,,0.6100000000000072,0,"[{""event_id"": 1, ""low_entry_timestep"": 10, ""return_timestep"": 121, ""event_timestep"": 121, ""reset_timestep"": 121, ""low_entry_clearance"": 0.42852848836948787, ""return_clearance"": 0.7987273882559193, ""pre_reset_budget"": 1.1900000000000077, ""post_reset_budget"": 2.4}]"
bounded_uniform,train_fit,63,131000181,"[69, 155, 254]",3,True,[],True,True,True,True,True,False,,0.7335762596130364,0,"[{""event_id"": 1, ""low_entry_timestep"": 1, ""return_timestep"": 69, ""event_timestep"": 69, ""reset_timestep"": 69, ""low_entry_clearance"": 0.46768979338140093, ""return_clearance"": 0.7917244078676988, ""pre_reset_budget"": 1.2826904749870296, ""post_reset_budget"": 1.941839408874512}, {""event_id"": 2, ""low_entry_timestep"": 82, ""return_timestep"": 155, ""event_timestep"": 155, ""reset_timestep"": 155, ""low_entry_clearance"": 0.4545613248178645, ""return_clearance"": 0.8302148324926629, ""pre_reset_budget"": 1.0818394088745111, ""post_reset_budget"": 1.7235762596130373}, {""event_id"": 3, ""low_entry_timestep"": 171, ""return_timestep"": 254, ""event_timestep"": 254, ""reset_timestep"": 254, ""low_entry_clearance"": 0.43912999459066837, ""return_clearance"": 0.7985585697600134, ""pre_reset_budget"": 0.7335762596130364, ""post_reset_budget"": 1.770282965898514}]"
bounded_uniform,train_fit,64,131000187,"[104, 185, 239]",3,True,[],True,True,True,True,True,False,,1.0858135485649105,0,"[{""event_id"": 1, ""low_entry_timestep"": 25, ""return_timestep"": 104, ""event_timestep"": 104, ""reset_timestep"": 104, ""low_entry_clearance"": 0.44755478219946504, ""return_clearance"": 0.8126198606846414, ""pre_reset_budget"": 1.3600000000000079, ""post_reset_budget"": 2.4}, {""event_id"": 2, ""low_entry_timestep"": 119, ""return_timestep"": 185, ""event_timestep"": 185, ""reset_timestep"": 185, ""low_entry_clearance"": 0.4140075071271554, ""return_clearance"": 0.819181698272829, ""pre_reset_budget"": 1.590000000000008, ""post_reset_budget"": 2.4}, {""event_id"": 3, ""low_entry_timestep"": 193, ""return_timestep"": 239, ""event_timestep"": 239, ""reset_timestep"": 239, ""low_entry_clearance"": 0.46005800360923366, ""return_clearance"": 0.8184574041171147, ""pre_reset_budget"": 1.8600000000000083, ""post_reset_budget"": 1.695813548564911}]"
bounded_uniform,train_fit,65,131000191,"[23, 129, 169]",3,True,[],True,True,True,True,True,False,,0.8011702442169182,0,"[{""event_id"": 1, ""low_entry_timestep"": 6, ""return_timestep"": 23, ""event_timestep"": 23, ""reset_timestep"": 23, ""low_entry_clearance"": 0.4630508467476726, ""return_clearance"": 0.8579621578776818, ""pre_reset_budget"": 1.9570237708091776, ""post_reset_budget"": 1.8611702442169191}, {""event_id"": 2, ""low_entry_timestep"": 113, ""return_timestep"": 129, ""event_timestep"": 129, ""reset_timestep"": 129, ""low_entry_clearance"": 0.46492285816650847, ""return_clearance"": 0.7969343873876339, ""pre_reset_budget"": 0.8011702442169182, ""post_reset_budget"": 1.7045896768569948}, {""event_id"": 3, ""low_entry_timestep"": 145, ""return_timestep"": 169, ""event_timestep"": 169, ""reset_timestep"": 169, ""low_entry_clearance"": 0.41631997307892404, ""return_clearance"": 0.8232045736351709, ""pre_reset_budget"": 1.3045896768569945, ""post_reset_budget"": 2.4}]"
bounded_uniform,train_fit,66,131000195,"[19, 84, 213]",3,True,[],True,True,True,True,True,False,,0.6246233320236196,0,"[{""event_id"": 1, ""low_entry_timestep"": 0, ""return_timestep"": 19, ""event_timestep"": 19, ""reset_timestep"": 19, ""low_entry_clearance"": 0.3739214526543845, ""return_clearance"": 0.7988373119320301, ""pre_reset_budget"": 2.094754526615147, ""post_reset_budget"": 2.1992117285728456}, {""event_id"": 2, ""low_entry_timestep"": 33, ""return_timestep"": 84, ""event_timestep"": 84, ""reset_timestep"": 84, ""low_entry_clearance"": 0.4625781972608363, ""return_clearance"": 0.7976502779775367, ""pre_reset_budget"": 1.5492117285728493, ""post_reset_budget"": 1.9146233320236208}, {""event_id"": 3, ""low_entry_timestep"": 92, ""return_timestep"": 213, ""event_timestep"": 213, ""reset_timestep"": 213, ""low_entry_clearance"": 0.3970356570993447, ""return_clearance"": 0.8025157472960909, ""pre_reset_budget"": 0.6246233320236196, ""post_reset_budget"": 2.4}]"
bounded_uniform,train_fit,67,131000197,"[47, 256]",2,True,[],True,True,True,True,True,False,,0.31000000000000694,0,"[{""event_id"": 1, ""low_entry_timestep"": 1, ""return_timestep"": 47, ""event_timestep"": 47, ""reset_timestep"": 47, ""low_entry_clearance"": 0.4411069310887998, ""return_clearance"": 0.8008782817913496, ""pre_reset_budget"": 1.4804832148551939, ""post_reset_budget"": 2.4}, {""event_id"": 2, ""low_entry_timestep"": 232, ""return_timestep"": 256, ""event_timestep"": 256, ""reset_timestep"": 256, ""low_entry_clearance"": 0.4487756949163878, ""return_clearance"": 0.8142818938729767, ""pre_reset_budget"": 0.31000000000000694, ""post_reset_budget"": 2.4}]"
bounded_uniform,train_fit,68,131000199,"[129, 238]",2,True,[],True,True,True,True,True,False,,1.1100000000000076,0,"[{""event_id"": 1, ""low_entry_timestep"": 0, ""return_timestep"": 129, ""event_timestep"": 129, ""reset_timestep"": 129, ""low_entry_clearance"": 0.2521803666515772, ""return_clearance"": 0.8107498098744309, ""pre_reset_budget"": 1.1100000000000076, ""post_reset_budget"": 2.360876274108887}, {""event_id"": 2, ""low_entry_timestep"": 162, ""return_timestep"": 238, ""event_timestep"": 238, ""reset_timestep"": 238, ""low_entry_clearance"": 0.46065305564874726, ""return_clearance"": 0.833066520097952, ""pre_reset_budget"": 1.270876274108894, ""post_reset_budget"": 1.8796460747718813}]"
bounded_uniform,train_fit,69,131000207,"[107, 135, 291]",3,True,[],True,True,True,True,True,False,,0.8400000000000074,0,"[{""event_id"": 1, ""low_entry_timestep"": 20, ""return_timestep"": 107, ""event_timestep"": 107, ""reset_timestep"": 107, ""low_entry_clearance"": 0.45649724313153156, ""return_clearance"": 0.8409811081028774, ""pre_reset_budget"": 1.0894881534576442, ""post_reset_budget"": 1.9322994470596315}, {""event_id"": 2, ""low_entry_timestep"": 125, ""return_timestep"": 135, ""event_timestep"": 135, ""reset_timestep"": 135, ""low_entry_clearance"": 0.4648401636898918, ""return_clearance"": 0.8360808418944258, ""pre_reset_budget"": 1.6522994470596313, ""post_reset_budget"": 2.4}, {""event_id"": 3, ""low_entry_timestep"": 181, ""return_timestep"": 291, ""event_timestep"": 291, ""reset_timestep"": 291, ""low_entry_clearance"": 0.46077198758522386, ""return_clearance"": 0.7953920215953754, ""pre_reset_budget"": 0.8400000000000074, ""post_reset_budget"": 1.8663827896118166}]"
bounded_uniform,train_fit,70,131000211,[78],1,False,"[""INSUFFICIENT_EVENTS""]",True,True,True,True,True,False,,0.18000000000000682,0,"[{""event_id"": 1, ""low_entry_timestep"": 23, ""return_timestep"": 78, ""event_timestep"": 78, ""reset_timestep"": 78, ""low_entry_clearance"": 0.4478134065819859, ""return_clearance"": 0.7953406503188373, ""pre_reset_budget"": 1.2103272509574885, ""post_reset_budget"": 2.4}]"
bounded_uniform,train_fit,71,131000213,"[143, 170]",2,True,[],True,True,True,True,True,False,,0.8822815012931882,0,"[{""event_id"": 1, ""low_entry_timestep"": 68, ""return_timestep"": 143, ""event_timestep"": 143, ""reset_timestep"": 143, ""low_entry_clearance"": 0.4406455075787592, ""return_clearance"": 0.8423705303765855, ""pre_reset_budget"": 0.8822815012931882, ""post_reset_budget"": 2.114917528629303}, {""event_id"": 2, ""low_entry_timestep"": 152, ""return_timestep"": 170, ""event_timestep"": 170, ""reset_timestep"": 170, ""low_entry_clearance"": 0.42673106513451325, ""return_clearance"": 0.8432419271526588, ""pre_reset_budget"": 1.8449175286293054, ""post_reset_budget"": 2.4}]"
bounded_uniform,train_fit,72,131000215,"[46, 67, 128, 201, 297]",5,True,[],True,True,True,True,True,False,,1.1971579158306118,0,"[{""event_id"": 1, ""low_entry_timestep"": 16, ""return_timestep"": 46, ""event_timestep"": 46, ""reset_timestep"": 46, ""low_entry_clearance"": 0.44413950843637134, ""return_clearance"": 0.8243541244773164, ""pre_reset_budget"": 1.9400000000000084, ""post_reset_budget"": 1.4127526029944422}, {""event_id"": 2, ""low_entry_timestep"": 53, ""return_timestep"": 67, ""event_timestep"": 67, ""reset_timestep"": 67, ""low_entry_clearance"": 0.3882744832667724, ""return_clearance"": 0.8008270343624755, ""pre_reset_budget"": 1.202752602994442, ""post_reset_budget"": 1.8071579158306124}, {""event_id"": 3, ""low_entry_timestep"": 110, ""return_timestep"": 128, ""event_timestep"": 128, ""reset_timestep"": 128, ""low_entry_clearance"": 0.45816884737836056, ""return_clearance"": 0.797693766908179, ""pre_reset_budget"": 1.1971579158306118, ""post_reset_budget"": 2.247796428203583}, {""event_id"": 4, ""low_entry_timestep"": 136, ""return_timestep"": 201, ""event_timestep"": 201, ""reset_timestep"": 201, ""low_entry_clearance"": 0.4516953931575719, ""return_clearance"": 0.8707515916987768, ""pre_reset_budget"": 1.5177964282035876, ""post_reset_budget"": 2.223166358470917}, {""event_id"": 5, ""low_entry_timestep"": 206, ""return_timestep"": 297, ""event_timestep"": 297, ""reset_timestep"": 297, ""low_entry_clearance"": 0.4197865112720143, ""return_clearance"": 0.7936796193055292, ""pre_reset_budget"": 1.263166358470921, ""post_reset_budget"": 1.9902736663818361}]"
bounded_uniform,train_fit,73,131000217,[197],1,False,"[""INSUFFICIENT_EVENTS""]",True,True,True,True,True,False,,0.43000000000000704,0,"[{""event_id"": 1, ""low_entry_timestep"": 124, ""return_timestep"": 197, ""event_timestep"": 197, ""reset_timestep"": 197, ""low_entry_clearance"": 0.4449723935940195, ""return_clearance"": 0.7995149229588175, ""pre_reset_budget"": 0.43000000000000704, ""post_reset_budget"": 2.0229547142982485}]"
bounded_uniform,train_fit,74,131000221,"[45, 106, 185, 296]",4,True,[],True,True,True,True,True,False,,1.1571108436584467,0,"[{""event_id"": 1, ""low_entry_timestep"": 0, ""return_timestep"": 45, ""event_timestep"": 45, ""reset_timestep"": 45, ""low_entry_clearance"": 0.3577445194682965, ""return_clearance"": 0.8782750894017927, ""pre_reset_budget"": 1.4643453955650327, ""post_reset_budget"": 2.1069860577583315}, {""event_id"": 2, ""low_entry_timestep"": 77, ""return_timestep"": 106, ""event_timestep"": 106, ""reset_timestep"": 106, ""low_entry_clearance"": 0.4269637041098784, ""return_clearance"": 0.8433811034760126, ""pre_reset_budget"": 1.4969860577583332, ""post_reset_budget"": 1.9471108436584474}, {""event_id"": 3, ""low_entry_timestep"": 130, ""return_timestep"": 185, ""event_timestep"": 185, ""reset_timestep"": 185, ""low_entry_clearance"": 0.46763459058286183, ""return_clearance"": 0.8054739432995354, ""pre_reset_budget"": 1.1571108436584467, ""post_reset_budget"": 2.3136622428894045}, {""event_id"": 4, ""low_entry_timestep"": 193, ""return_timestep"": 296, ""event_timestep"": 296, ""reset_timestep"": 296, ""low_entry_clearance"": 0.4611674923036652, ""return_clearance"": 0.794010347961347, ""pre_reset_budget"": 1.2036622428894104, ""post_reset_budget"": 2.4}]"
bounded_uniform,train_fit,75,131000227,"[67, 263]",2,True,[],True,True,True,True,True,False,,0.44000000000000705,0,"[{""event_id"": 1, ""low_entry_timestep"": 2, ""return_timestep"": 67, ""event_timestep"": 67, ""reset_timestep"": 67, ""low_entry_clearance"": 0.4284685357648119, ""return_clearance"": 0.8059252136524597, ""pre_reset_budget"": 1.1800784754753109, ""post_reset_budget"": 2.4}, {""event_id"": 2, ""low_entry_timestep"": 170, ""return_timestep"": 263, ""event_timestep"": 263, ""reset_timestep"": 263, ""low_entry_clearance"": 0.4601760005112535, ""return_clearance"": 0.8236828910686533, ""pre_reset_budget"": 0.44000000000000705, ""post_reset_budget"": 1.5842830657958986}]"
bounded_uniform,train_fit,76,131000229,"[11, 46, 173]",3,True,[],True,True,True,True,True,False,,0.6404604244232168,0,"[{""event_id"": 1, ""low_entry_timestep"": 2, ""return_timestep"": 11, ""event_timestep"": 11, ""reset_timestep"": 11, ""low_entry_clearance"": 0.46065229547235703, ""return_clearance"": 0.8031959413300515, ""pre_reset_budget"": 1.5469039642810822, ""post_reset_budget"": 1.7194656848907472}, {""event_id"": 2, ""low_entry_timestep"": 23, ""return_timestep"": 46, ""event_timestep"": 46, ""reset_timestep"": 46, ""low_entry_clearance"": 0.4451154975808818, ""return_clearance"": 0.8004550269352503, ""pre_reset_budget"": 1.369465684890747, ""post_reset_budget"": 1.910460424423218}, {""event_id"": 3, ""low_entry_timestep"": 85, ""return_timestep"": 173, ""event_timestep"": 173, ""reset_timestep"": 173, ""low_entry_clearance"": 0.4717883504169124, ""return_clearance"": 0.8202119674841111, ""pre_reset_budget"": 0.6404604244232168, ""post_reset_budget"": 2.4}]"
bounded_uniform,train_fit,77,131000231,[11],1,False,"[""DELTA_MARGIN_FAIL"", ""REGION_GATE_FAIL"", ""TRANSITION_SOUNDNESS_FAIL"", ""INSUFFICIENT_EVENTS""]",False,True,False,False,True,True,252,-0.4899999999999935,0,"[{""event_id"": 1, ""low_entry_timestep"": 2, ""return_timestep"": 11, ""event_timestep"": 11, ""reset_timestep"": 11, ""low_entry_clearance"": 0.3481080623320981, ""return_clearance"": 0.8099850465430344, ""pre_reset_budget"": 1.6768799388408662, ""post_reset_budget"": 2.4}]"
bounded_uniform,train_fit,78,131000233,[163],1,False,"[""INSUFFICIENT_EVENTS""]",True,True,True,True,True,False,,0.7700000000000073,0,"[{""event_id"": 1, ""low_entry_timestep"": 4, ""return_timestep"": 163, ""event_timestep"": 163, ""reset_timestep"": 163, ""low_entry_clearance"": 0.4645756982452511, ""return_clearance"": 0.8033780675188176, ""pre_reset_budget"": 0.7700000000000073, ""post_reset_budget"": 2.4}]"
bounded_uniform,train_fit,79,131000235,"[50, 79]",2,True,[],True,True,True,True,True,False,,0.19000000000000683,0,"[{""event_id"": 1, ""low_entry_timestep"": 1, ""return_timestep"": 50, ""event_timestep"": 50, ""reset_timestep"": 50, ""low_entry_clearance"": 0.17290497078655917, ""return_clearance"": 0.8432744615538502, ""pre_reset_budget"": 1.9000000000000083, ""post_reset_budget"": 1.6719864130020143}, {""event_id"": 2, ""low_entry_timestep"": 71, ""return_timestep"": 79, ""event_timestep"": 79, ""reset_timestep"": 79, ""low_entry_clearance"": 0.41720570228100334, ""return_clearance"": 0.8274926704473974, ""pre_reset_budget"": 1.381986413002014, ""post_reset_budget"": 2.4}]"
bounded_uniform,internal_validation,0,132000001,"[14, 62]",2,True,[],True,True,True,True,True,False,,0.020000000000006797,0,"[{""event_id"": 1, ""low_entry_timestep"": 0, ""return_timestep"": 14, ""event_timestep"": 14, ""reset_timestep"": 14, ""low_entry_clearance"": 0.0910676643684913, ""return_clearance"": 0.7937552117754826, ""pre_reset_budget"": 2.238478837013248, ""post_reset_budget"": 2.4}, {""event_id"": 2, ""low_entry_timestep"": 54, ""return_timestep"": 62, ""event_timestep"": 62, ""reset_timestep"": 62, ""low_entry_clearance"": 0.45408220147318334, ""return_clearance"": 0.8317492728085402, ""pre_reset_budget"": 1.9200000000000084, ""post_reset_budget"": 2.4}]"
bounded_uniform,internal_validation,1,132000009,"[2, 60]",2,True,[],True,True,True,True,True,False,,6.79664657887713e-15,0,"[{""event_id"": 1, ""low_entry_timestep"": 0, ""return_timestep"": 2, ""event_timestep"": 2, ""reset_timestep"": 2, ""low_entry_clearance"": 0.3161315667559034, ""return_clearance"": 0.8008009001018942, ""pre_reset_budget"": 1.8706575560569765, ""post_reset_budget"": 1.4833366990089418}, {""event_id"": 2, ""low_entry_timestep"": 11, ""return_timestep"": 60, ""event_timestep"": 60, ""reset_timestep"": 60, ""low_entry_clearance"": 0.44814166435742836, ""return_clearance"": 0.8139261786894921, ""pre_reset_budget"": 0.9033366990089413, ""post_reset_budget"": 2.4}]"
bounded_uniform,internal_validation,2,132000013,"[92, 248]",2,True,[],True,True,True,True,True,False,,0.7124073648452807,0,"[{""event_id"": 1, ""low_entry_timestep"": 0, ""return_timestep"": 92, ""event_timestep"": 92, ""reset_timestep"": 92, ""low_entry_clearance"": 0.04241657933574048, ""return_clearance"": 0.8287929504219914, ""pre_reset_budget"": 1.0285153079032892, ""post_reset_budget"": 2.272407364845276}, {""event_id"": 2, ""low_entry_timestep"": 104, ""return_timestep"": 248, ""event_timestep"": 248, ""reset_timestep"": 248, ""low_entry_clearance"": 0.45650011565284265, ""return_clearance"": 0.801355853594468, ""pre_reset_budget"": 0.7124073648452807, ""post_reset_budget"": 2.0502066731452944}]"
bounded_uniform,internal_validation,3,132000015,[47],1,False,"[""DELTA_MARGIN_FAIL"", ""REGION_GATE_FAIL"", ""TRANSITION_SOUNDNESS_FAIL"", ""INSUFFICIENT_EVENTS""]",False,True,False,False,True,True,288,-0.12999999999999318,0,"[{""event_id"": 1, ""low_entry_timestep"": 0, ""return_timestep"": 47, ""event_timestep"": 47, ""reset_timestep"": 47, ""low_entry_clearance"": 0.0692604621255578, ""return_clearance"": 0.8076995844478277, ""pre_reset_budget"": 1.9300000000000084, ""post_reset_budget"": 2.4}]"
bounded_uniform,internal_validation,4,132000017,"[66, 243]",2,True,[],True,True,True,True,True,False,,0.3906271982193015,0,"[{""event_id"": 1, ""low_entry_timestep"": 53, ""return_timestep"": 66, ""event_timestep"": 66, ""reset_timestep"": 66, ""low_entry_clearance"": 0.42133926000581445, ""return_clearance"": 0.799382034059048, ""pre_reset_budget"": 1.4302112245559708, ""post_reset_budget"": 2.1606271982192995}, {""event_id"": 2, ""low_entry_timestep"": 111, ""return_timestep"": 243, ""event_timestep"": 243, ""reset_timestep"": 243, ""low_entry_clearance"": 0.46131080123326035, ""return_clearance"": 0.7980278502076423, ""pre_reset_budget"": 0.3906271982193015, ""post_reset_budget"": 2.4}]"
bounded_uniform,internal_validation,5,132000019,"[48, 174, 217]",3,True,[],True,True,True,True,True,False,,0.6317699575424185,0,"[{""event_id"": 1, ""low_entry_timestep"": 37, ""return_timestep"": 48, ""event_timestep"": 48, ""reset_timestep"": 48, ""low_entry_clearance"": 0.4439769594297159, ""return_clearance"": 0.8307066209816931, ""pre_reset_budget"": 1.701361627578739, ""post_reset_budget"": 1.8917699575424196}, {""event_id"": 2, ""low_entry_timestep"": 63, ""return_timestep"": 174, ""event_timestep"": 174, ""reset_timestep"": 174, ""low_entry_clearance"": 0.44319624147225506, ""return_clearance"": 0.8108311166239669, ""pre_reset_budget"": 0.6317699575424185, ""post_reset_budget"": 2.4}, {""event_id"": 3, ""low_entry_timestep"": 184, ""return_timestep"": 217, ""event_timestep"": 217, ""reset_timestep"": 217, ""low_entry_clearance"": 0.469847828048449, ""return_clearance"": 0.7938325433539604, ""pre_reset_budget"": 1.9700000000000084, ""post_reset_budget"": 1.8403211355209352}]"
bounded_uniform,internal_validation,6,132000023,"[20, 73, 127, 276]",4,True,[],True,True,True,True,True,False,,0.4112342214584339,0,"[{""event_id"": 1, ""low_entry_timestep"": 11, ""return_timestep"": 20, ""event_timestep"": 20, ""reset_timestep"": 20, ""low_entry_clearance"": 0.4400970869416589, ""return_clearance"": 0.8640129475241559, ""pre_reset_budget"": 1.671430230140686, ""post_reset_budget"": 2.4}, {""event_id"": 2, ""low_entry_timestep"": 30, ""return_timestep"": 73, ""event_timestep"": 73, ""reset_timestep"": 73, ""low_entry_clearance"": 0.4732504018589415, ""return_clearance"": 0.8588656216318814, ""pre_reset_budget"": 1.8700000000000083, ""post_reset_budget"": 2.4}, {""event_id"": 3, ""low_entry_timestep"": 94, ""return_timestep"": 127, ""event_timestep"": 127, ""reset_timestep"": 127, ""low_entry_clearance"": 0.4061657744909064, ""return_clearance"": 0.8313605959178882, ""pre_reset_budget"": 1.8600000000000083, ""post_reset_budget"": 1.9012342214584352}, {""event_id"": 4, ""low_entry_timestep"": 202, ""return_timestep"": 276, ""event_timestep"": 276, ""reset_timestep"": 276, ""low_entry_clearance"": 0.4491384019728657, ""return_clearance"": 0.8149310203333846, ""pre_reset_budget"": 0.4112342214584339, ""post_reset_budget"": 2.216963303089142}]"
bounded_uniform,internal_validation,7,132000025,[215],1,False,"[""INSUFFICIENT_EVENTS""]",True,True,True,True,True,False,,0.2500000000000069,0,"[{""event_id"": 1, ""low_entry_timestep"": 9, ""return_timestep"": 215, ""event_timestep"": 215, ""reset_timestep"": 215, ""low_entry_clearance"": 0.4234864752061189, ""return_clearance"": 0.7968302695491987, ""pre_reset_budget"": 0.2500000000000069, ""post_reset_budget"": 2.0621774911880495}]"
bounded_uniform,internal_validation,8,132000027,"[93, 244]",2,True,[],True,True,True,True,True,False,,0.8900000000000075,0,"[{""event_id"": 1, ""low_entry_timestep"": 0, ""return_timestep"": 93, ""event_timestep"": 93, ""reset_timestep"": 93, ""low_entry_clearance"": 0.44637726761437707, ""return_clearance"": 0.8566640924595651, ""pre_reset_budget"": 1.470000000000008, ""post_reset_budget"": 2.4}, {""event_id"": 2, ""low_entry_timestep"": 173, ""return_timestep"": 244, ""event_timestep"": 244, ""reset_timestep"": 244, ""low_entry_clearance"": 0.4732355398355904, ""return_clearance"": 0.7949419042514911, ""pre_reset_budget"": 0.8900000000000075, ""post_reset_budget"": 1.5382157832384111}]"
bounded_uniform,internal_validation,9,132000029,[11],1,False,"[""DELTA_MARGIN_FAIL"", ""REGION_GATE_FAIL"", ""TRANSITION_SOUNDNESS_FAIL"", ""INSUFFICIENT_EVENTS""]",False,True,False,False,True,True,252,-0.4899999999999935,0,"[{""event_id"": 1, ""low_entry_timestep"": 0, ""return_timestep"": 11, ""event_timestep"": 11, ""reset_timestep"": 11, ""low_entry_clearance"": 0.24862537357921735, ""return_clearance"": 0.8199985811756234, ""pre_reset_budget"": 2.1849181914329554, ""post_reset_budget"": 2.4}]"
bounded_uniform,internal_validation,10,132000033,[175],1,False,"[""INSUFFICIENT_EVENTS""]",True,True,True,True,True,False,,0.10826928615569933,0,"[{""event_id"": 1, ""low_entry_timestep"": 111, ""return_timestep"": 175, ""event_timestep"": 175, ""reset_timestep"": 175, ""low_entry_clearance"": 0.44339392439207503, ""return_clearance"": 0.8366459847803188, ""pre_reset_budget"": 0.10826928615569933, ""post_reset_budget"": 2.2165371894836428}]"
bounded_uniform,internal_validation,11,132000035,"[28, 75]",2,False,"[""DELTA_MARGIN_FAIL"", ""REGION_GATE_FAIL"", ""TRANSITION_SOUNDNESS_FAIL""]",False,True,False,False,True,False,265,-0.3595931410789505,0,"[{""event_id"": 1, ""low_entry_timestep"": 0, ""return_timestep"": 28, ""event_timestep"": 28, ""reset_timestep"": 28, ""low_entry_clearance"": 0.46958797575521133, ""return_clearance"": 0.8193309906547624, ""pre_reset_budget"": 1.5793079566955566, ""post_reset_budget"": 1.8898648142814638}, {""event_id"": 2, ""low_entry_timestep"": 44, ""return_timestep"": 75, ""event_timestep"": 75, ""reset_timestep"": 75, ""low_entry_clearance"": 0.4622030181033521, ""return_clearance"": 0.7982181374641938, ""pre_reset_budget"": 1.4198648142814634, ""post_reset_budget"": 1.8904068589210512}]"
bounded_uniform,internal_validation,12,132000037,[],0,False,"[""DELTA_MARGIN_FAIL"", ""REGION_GATE_FAIL"", ""TRANSITION_SOUNDNESS_FAIL"", ""INSUFFICIENT_EVENTS""]",False,True,False,False,True,True,228,-0.7277299642562828,0,[]
bounded_uniform,internal_validation,13,132000039,"[10, 99]",2,False,"[""DELTA_MARGIN_FAIL"", ""REGION_GATE_FAIL"", ""TRANSITION_SOUNDNESS_FAIL""]",False,True,False,False,True,False,296,-0.04879516124725485,0,"[{""event_id"": 1, ""low_entry_timestep"": 2, ""return_timestep"": 10, ""event_timestep"": 10, ""reset_timestep"": 10, ""low_entry_clearance"": 0.4583257616747037, ""return_clearance"": 0.7947441858497142, ""pre_reset_budget"": 1.641690856218338, ""post_reset_budget"": 2.4}, {""event_id"": 2, ""low_entry_timestep"": 76, ""return_timestep"": 99, ""event_timestep"": 99, ""reset_timestep"": 99, ""low_entry_clearance"": 0.4200718101919314, ""return_clearance"": 0.8055335476671572, ""pre_reset_budget"": 1.510000000000008, ""post_reset_budget"": 1.9612048387527468}]"
bounded_uniform,internal_validation,14,132000043,"[15, 86, 179]",3,True,[],True,True,True,True,True,False,,1.1900000000000077,0,"[{""event_id"": 1, ""low_entry_timestep"": 0, ""return_timestep"": 15, ""event_timestep"": 15, ""reset_timestep"": 15, ""low_entry_clearance"": 0.4425448863922178, ""return_clearance"": 0.7936156786258421, ""pre_reset_budget"": 1.5350152134895325, ""post_reset_budget"": 2.4}, {""event_id"": 2, ""low_entry_timestep"": 23, ""return_timestep"": 86, ""event_timestep"": 86, ""reset_timestep"": 86, ""low_entry_clearance"": 0.43020931117552436, ""return_clearance"": 0.82275390625, ""pre_reset_budget"": 1.6900000000000082, ""post_reset_budget"": 2.4}, {""event_id"": 3, ""low_entry_timestep"": 97, ""return_timestep"": 179, ""event_timestep"": 179, ""reset_timestep"": 179, ""low_entry_clearance"": 0.44844439564364263, ""return_clearance"": 0.848251485367387, ""pre_reset_budget"": 1.470000000000008, ""post_reset_budget"": 2.4}]"
bounded_uniform,internal_validation,15,132000047,[257],1,False,"[""DELTA_MARGIN_FAIL"", ""REGION_GATE_FAIL"", ""TRANSITION_SOUNDNESS_FAIL"", ""INSUFFICIENT_EVENTS""]",False,True,False,False,True,True,204,-0.5372792434692394,0,"[{""event_id"": 1, ""low_entry_timestep"": 1, ""return_timestep"": 257, ""event_timestep"": 257, ""reset_timestep"": 257, ""low_entry_clearance"": 0.2361622891799844, ""return_clearance"": 0.8187965554549271, ""pre_reset_budget"": -0.5372792434692394, ""post_reset_budget"": 1.9634844183921816}]"
bounded_uniform,internal_validation,16,132000049,"[18, 67, 81, 144, 203, 257, 299]",7,True,[],True,True,True,True,True,False,,1.4714747524261484,0,"[{""event_id"": 1, ""low_entry_timestep"": 12, ""return_timestep"": 18, ""event_timestep"": 18, ""reset_timestep"": 18, ""low_entry_clearance"": 0.4503881740586093, ""return_clearance"": 0.8038699246606541, ""pre_reset_budget"": 2.2125710439682047, ""post_reset_budget"": 2.013333630561829}, {""event_id"": 2, ""low_entry_timestep"": 22, ""return_timestep"": 67, ""event_timestep"": 67, ""reset_timestep"": 67, ""low_entry_clearance"": 0.4179460038029783, ""return_clearance"": 0.8055655124385119, ""pre_reset_budget"": 1.5233336305618286, ""post_reset_budget"": 2.2227735042572023}, {""event_id"": 3, ""low_entry_timestep"": 72, ""return_timestep"": 81, ""event_timestep"": 81, ""reset_timestep"": 81, ""low_entry_clearance"": 0.42023119512327534, ""return_clearance"": 0.7962244781883374, ""pre_reset_budget"": 2.0827735042572053, ""post_reset_budget"": 2.372149658203125}, {""event_id"": 4, ""low_entry_timestep"": 115, ""return_timestep"": 144, ""event_timestep"": 144, ""reset_timestep"": 144, ""low_entry_clearance"": 0.46417085044157846, ""return_clearance"": 0.7910774206819036, ""pre_reset_budget"": 1.7421496582031328, ""post_reset_budget"": 2.0614747524261476}, {""event_id"": 5, ""low_entry_timestep"": 188, ""return_timestep"": 203, ""event_timestep"": 203, ""reset_timestep"": 203, ""low_entry_clearance"": 0.44903185003994384, ""return_clearance"": 0.8000473776773035, ""pre_reset_budget"": 1.4714747524261484, ""post_reset_budget"": 2.4}, {""event_id"": 6, ""low_entry_timestep"": 243, ""return_timestep"": 257, ""event_timestep"": 257, ""reset_timestep"": 257, ""low_entry_clearance"": 0.4318340480906312, ""return_clearance"": 0.8376293708745295, ""pre_reset_budget"": 1.8600000000000083, ""post_reset_budget"": 2.4}, {""event_id"": 7, ""low_entry_timestep"": 288, ""return_timestep"": 299, ""event_timestep"": 299, ""reset_timestep"": 299, ""low_entry_clearance"": 0.44351905938344627, ""return_clearance"": 0.852740426769442, ""pre_reset_budget"": 1.9800000000000084, ""post_reset_budget"": 2.191157412528992}]"
bounded_uniform,internal_validation,17,132000051,"[91, 213, 259]",3,True,[],True,True,True,True,True,False,,1.1800000000000077,0,"[{""event_id"": 1, ""low_entry_timestep"": 41, ""return_timestep"": 91, ""event_timestep"": 91, ""reset_timestep"": 91, ""low_entry_clearance"": 0.4623217729022979, ""return_clearance"": 0.83771066578203, ""pre_reset_budget"": 1.490000000000008, ""post_reset_budget"": 2.4}, {""event_id"": 2, ""low_entry_timestep"": 142, ""return_timestep"": 213, ""event_timestep"": 213, ""reset_timestep"": 213, ""low_entry_clearance"": 0.40435136437066194, ""return_clearance"": 0.8104934858640456, ""pre_reset_budget"": 1.1800000000000077, ""post_reset_budget"": 2.4}, {""event_id"": 3, ""low_entry_timestep"": 237, ""return_timestep"": 259, ""event_timestep"": 259, ""reset_timestep"": 259, ""low_entry_clearance"": 0.3723599965740748, ""return_clearance"": 0.8084527966291176, ""pre_reset_budget"": 1.9400000000000084, ""post_reset_budget"": 2.4}]"
bounded_uniform,internal_validation,18,132000053,[],0,False,"[""DELTA_MARGIN_FAIL"", ""REGION_GATE_FAIL"", ""TRANSITION_SOUNDNESS_FAIL"", ""INSUFFICIENT_EVENTS""]",False,True,False,False,True,True,193,-1.0711535096168538,0,[]
bounded_uniform,internal_validation,19,132000057,"[25, 204]",2,True,[],True,True,True,True,True,False,,0.6100000000000072,0,"[{""event_id"": 1, ""low_entry_timestep"": 0, ""return_timestep"": 25, ""event_timestep"": 25, ""reset_timestep"": 25, ""low_entry_clearance"": 0.3169898079473154, ""return_clearance"": 0.7966148101284224, ""pre_reset_budget"": 2.1500000000000052, ""post_reset_budget"": 2.4}, {""event_id"": 2, ""low_entry_timestep"": 35, ""return_timestep"": 204, ""event_timestep"": 204, ""reset_timestep"": 204, ""low_entry_clearance"": 0.4547851667348882, ""return_clearance"": 0.809396096915639, ""pre_reset_budget"": 0.6100000000000072, ""post_reset_budget"": 2.4}]"
bounded_uniform_matched_constant,internal_validation,0,132000001,"[14, 62]",2,False,"[""DELTA_MARGIN_FAIL"", ""REGION_GATE_FAIL"", ""TRANSITION_SOUNDNESS_FAIL""]",False,True,False,False,True,False,265,-0.3528764673461266,0,"[{""event_id"": 1, ""low_entry_timestep"": 0, ""return_timestep"": 14, ""event_timestep"": 14, ""reset_timestep"": 14, ""low_entry_clearance"": 0.0910676643684913, ""return_clearance"": 0.7937552117754826, ""pre_reset_budget"": 1.8871235326538751, ""post_reset_budget"": 2.027123532653875}, {""event_id"": 2, ""low_entry_timestep"": 54, ""return_timestep"": 62, ""event_timestep"": 62, ""reset_timestep"": 62, ""low_entry_clearance"": 0.45408220147318334, ""return_clearance"": 0.8317492728085402, ""pre_reset_budget"": 1.5471235326538748, ""post_reset_budget"": 2.027123532653875}]"
bounded_uniform_matched_constant,internal_validation,1,132000009,"[2, 60]",2,False,"[""DELTA_MARGIN_FAIL"", ""REGION_GATE_FAIL"", ""TRANSITION_SOUNDNESS_FAIL""]",False,True,False,False,True,False,263,-0.3728764673461266,0,"[{""event_id"": 1, ""low_entry_timestep"": 0, ""return_timestep"": 2, ""event_timestep"": 2, ""reset_timestep"": 2, ""low_entry_clearance"": 0.3161315667559034, ""return_clearance"": 0.8008009001018942, ""pre_reset_budget"": 2.007123532653875, ""post_reset_budget"": 2.027123532653875}, {""event_id"": 2, ""low_entry_timestep"": 11, ""return_timestep"": 60, ""event_timestep"": 60, ""reset_timestep"": 60, ""low_entry_clearance"": 0.44814166435742836, ""return_clearance"": 0.8139261786894921, ""pre_reset_budget"": 1.4471235326538747, ""post_reset_budget"": 2.027123532653875}]"
bounded_uniform_matched_constant,internal_validation,2,132000013,"[92, 248]",2,True,[],True,True,True,True,True,False,,0.46712353265387385,0,"[{""event_id"": 1, ""low_entry_timestep"": 0, ""return_timestep"": 92, ""event_timestep"": 92, ""reset_timestep"": 92, ""low_entry_clearance"": 0.04241657933574048, ""return_clearance"": 0.8287929504219914, ""pre_reset_budget"": 1.1071235326538744, ""post_reset_budget"": 2.027123532653875}, {""event_id"": 2, ""low_entry_timestep"": 104, ""return_timestep"": 248, ""event_timestep"": 248, ""reset_timestep"": 248, ""low_entry_clearance"": 0.45650011565284265, ""return_clearance"": 0.801355853594468, ""pre_reset_budget"": 0.46712353265387385, ""post_reset_budget"": 2.027123532653875}]"
bounded_uniform_matched_constant,internal_validation,3,132000015,[47],1,False,"[""DELTA_MARGIN_FAIL"", ""REGION_GATE_FAIL"", ""TRANSITION_SOUNDNESS_FAIL"", ""INSUFFICIENT_EVENTS""]",False,True,False,False,True,True,250,-0.5028764673461267,0,"[{""event_id"": 1, ""low_entry_timestep"": 0, ""return_timestep"": 47, ""event_timestep"": 47, ""reset_timestep"": 47, ""low_entry_clearance"": 0.0692604621255578, ""return_clearance"": 0.8076995844478277, ""pre_reset_budget"": 1.5571235326538748, ""post_reset_budget"": 2.027123532653875}]"
bounded_uniform_matched_constant,internal_validation,4,132000017,"[66, 243]",2,True,[],True,True,True,True,True,False,,0.25712353265387367,0,"[{""event_id"": 1, ""low_entry_timestep"": 53, ""return_timestep"": 66, ""event_timestep"": 66, ""reset_timestep"": 66, ""low_entry_clearance"": 0.42133926000581445, ""return_clearance"": 0.799382034059048, ""pre_reset_budget"": 1.3671235326538747, ""post_reset_budget"": 2.027123532653875}, {""event_id"": 2, ""low_entry_timestep"": 111, ""return_timestep"": 243, ""event_timestep"": 243, ""reset_timestep"": 243, ""low_entry_clearance"": 0.46131080123326035, ""return_clearance"": 0.7980278502076423, ""pre_reset_budget"": 0.25712353265387367, ""post_reset_budget"": 2.027123532653875}]"
bounded_uniform_matched_constant,internal_validation,5,132000019,"[48, 174, 217]",3,True,[],True,True,True,True,True,False,,0.7671235326538741,0,"[{""event_id"": 1, ""low_entry_timestep"": 37, ""return_timestep"": 48, ""event_timestep"": 48, ""reset_timestep"": 48, ""low_entry_clearance"": 0.4439769594297159, ""return_clearance"": 0.8307066209816931, ""pre_reset_budget"": 1.5471235326538748, ""post_reset_budget"": 2.027123532653875}, {""event_id"": 2, ""low_entry_timestep"": 63, ""return_timestep"": 174, ""event_timestep"": 174, ""reset_timestep"": 174, ""low_entry_clearance"": 0.44319624147225506, ""return_clearance"": 0.8108311166239669, ""pre_reset_budget"": 0.7671235326538741, ""post_reset_budget"": 2.027123532653875}, {""event_id"": 3, ""low_entry_timestep"": 184, ""return_timestep"": 217, ""event_timestep"": 217, ""reset_timestep"": 217, ""low_entry_clearance"": 0.469847828048449, ""return_clearance"": 0.7938325433539604, ""pre_reset_budget"": 1.5971235326538749, ""post_reset_budget"": 2.027123532653875}]"
bounded_uniform_matched_constant,internal_validation,6,132000023,"[20, 73, 127, 276]",4,True,[],True,True,True,True,True,False,,0.5371235326538739,0,"[{""event_id"": 1, ""low_entry_timestep"": 11, ""return_timestep"": 20, ""event_timestep"": 20, ""reset_timestep"": 20, ""low_entry_clearance"": 0.4400970869416589, ""return_clearance"": 0.8640129475241559, ""pre_reset_budget"": 1.827123532653875, ""post_reset_budget"": 2.027123532653875}, {""event_id"": 2, ""low_entry_timestep"": 30, ""return_timestep"": 73, ""event_timestep"": 73, ""reset_timestep"": 73, ""low_entry_clearance"": 0.4732504018589415, ""return_clearance"": 0.8588656216318814, ""pre_reset_budget"": 1.4971235326538748, ""post_reset_budget"": 2.027123532653875}, {""event_id"": 3, ""low_entry_timestep"": 94, ""return_timestep"": 127, ""event_timestep"": 127, ""reset_timestep"": 127, ""low_entry_clearance"": 0.4061657744909064, ""return_clearance"": 0.8313605959178882, ""pre_reset_budget"": 1.4871235326538748, ""post_reset_budget"": 2.027123532653875}, {""event_id"": 4, ""low_entry_timestep"": 202, ""return_timestep"": 276, ""event_timestep"": 276, ""reset_timestep"": 276, ""low_entry_clearance"": 0.4491384019728657, ""return_clearance"": 0.8149310203333846, ""pre_reset_budget"": 0.5371235326538739, ""post_reset_budget"": 2.027123532653875}]"
bounded_uniform_matched_constant,internal_validation,7,132000025,[215],1,False,"[""DELTA_MARGIN_FAIL"", ""REGION_GATE_FAIL"", ""TRANSITION_SOUNDNESS_FAIL"", ""INSUFFICIENT_EVENTS""]",False,True,False,False,True,False,203,-0.12287646734612641,0,"[{""event_id"": 1, ""low_entry_timestep"": 9, ""return_timestep"": 215, ""event_timestep"": 215, ""reset_timestep"": 215, ""low_entry_clearance"": 0.4234864752061189, ""return_clearance"": 0.7968302695491987, ""pre_reset_budget"": -0.12287646734612641, ""post_reset_budget"": 2.027123532653875}]"
bounded_uniform_matched_constant,internal_validation,8,132000027,"[93, 244]",2,True,[],True,True,True,True,True,False,,0.5171235326538739,0,"[{""event_id"": 1, ""low_entry_timestep"": 0, ""return_timestep"": 93, ""event_timestep"": 93, ""reset_timestep"": 93, ""low_entry_clearance"": 0.44637726761437707, ""return_clearance"": 0.8566640924595651, ""pre_reset_budget"": 1.0971235326538744, ""post_reset_budget"": 2.027123532653875}, {""event_id"": 2, ""low_entry_timestep"": 173, ""return_timestep"": 244, ""event_timestep"": 244, ""reset_timestep"": 244, ""low_entry_clearance"": 0.4732355398355904, ""return_clearance"": 0.7949419042514911, ""pre_reset_budget"": 0.5171235326538739, ""post_reset_budget"": 2.027123532653875}]"
bounded_uniform_matched_constant,internal_validation,9,132000029,[11],1,False,"[""DELTA_MARGIN_FAIL"", ""REGION_GATE_FAIL"", ""TRANSITION_SOUNDNESS_FAIL"", ""INSUFFICIENT_EVENTS""]",False,True,False,False,True,True,214,-0.862876467346127,0,"[{""event_id"": 1, ""low_entry_timestep"": 0, ""return_timestep"": 11, ""event_timestep"": 11, ""reset_timestep"": 11, ""low_entry_clearance"": 0.24862537357921735, ""return_clearance"": 0.8199985811756234, ""pre_reset_budget"": 1.9171235326538751, ""post_reset_budget"": 2.027123532653875}]"
bounded_uniform_matched_constant,internal_validation,10,132000033,[175],1,False,"[""INSUFFICIENT_EVENTS""]",True,True,True,True,True,False,,0.2771235326538737,0,"[{""event_id"": 1, ""low_entry_timestep"": 111, ""return_timestep"": 175, ""event_timestep"": 175, ""reset_timestep"": 175, ""low_entry_clearance"": 0.44339392439207503, ""return_clearance"": 0.8366459847803188, ""pre_reset_budget"": 0.2771235326538737, ""post_reset_budget"": 2.027123532653875}]"
bounded_uniform_matched_constant,internal_validation,11,132000035,"[28, 75]",2,False,"[""DELTA_MARGIN_FAIL"", ""REGION_GATE_FAIL"", ""TRANSITION_SOUNDNESS_FAIL""]",False,True,False,False,True,False,278,-0.22287646734612648,0,"[{""event_id"": 1, ""low_entry_timestep"": 0, ""return_timestep"": 28, ""event_timestep"": 28, ""reset_timestep"": 28, ""low_entry_clearance"": 0.46958797575521133, ""return_clearance"": 0.8193309906547624, ""pre_reset_budget"": 1.747123532653875, ""post_reset_budget"": 2.027123532653875}, {""event_id"": 2, ""low_entry_timestep"": 44, ""return_timestep"": 75, ""event_timestep"": 75, ""reset_timestep"": 75, ""low_entry_clearance"": 0.4622030181033521, ""return_clearance"": 0.7982181374641938, ""pre_reset_budget"": 1.5571235326538748, ""post_reset_budget"": 2.027123532653875}]"
bounded_uniform_matched_constant,internal_validation,12,132000037,[],0,False,"[""DELTA_MARGIN_FAIL"", ""REGION_GATE_FAIL"", ""TRANSITION_SOUNDNESS_FAIL"", ""INSUFFICIENT_EVENTS""]",False,True,False,False,True,True,203,-0.9728764673461271,0,[]
bounded_uniform_matched_constant,internal_validation,13,132000039,"[10, 99]",2,True,[],True,True,True,True,True,False,,0.01712353265387357,0,"[{""event_id"": 1, ""low_entry_timestep"": 2, ""return_timestep"": 10, ""event_timestep"": 10, ""reset_timestep"": 10, ""low_entry_clearance"": 0.4583257616747037, ""return_clearance"": 0.7947441858497142, ""pre_reset_budget"": 1.9271235326538751, ""post_reset_budget"": 2.027123532653875}, {""event_id"": 2, ""low_entry_timestep"": 76, ""return_timestep"": 99, ""event_timestep"": 99, ""reset_timestep"": 99, ""low_entry_clearance"": 0.4200718101919314, ""return_clearance"": 0.8055335476671572, ""pre_reset_budget"": 1.1371235326538744, ""post_reset_budget"": 2.027123532653875}]"
bounded_uniform_matched_constant,internal_validation,14,132000043,"[15, 86, 179]",3,True,[],True,True,True,True,True,False,,0.8171235326538742,0,"[{""event_id"": 1, ""low_entry_timestep"": 0, ""return_timestep"": 15, ""event_timestep"": 15, ""reset_timestep"": 15, ""low_entry_clearance"": 0.4425448863922178, ""return_clearance"": 0.7936156786258421, ""pre_reset_budget"": 1.877123532653875, ""post_reset_budget"": 2.027123532653875}, {""event_id"": 2, ""low_entry_timestep"": 23, ""return_timestep"": 86, ""event_timestep"": 86, ""reset_timestep"": 86, ""low_entry_clearance"": 0.43020931117552436, ""return_clearance"": 0.82275390625, ""pre_reset_budget"": 1.3171235326538746, ""post_reset_budget"": 2.027123532653875}, {""event_id"": 3, ""low_entry_timestep"": 97, ""return_timestep"": 179, ""event_timestep"": 179, ""reset_timestep"": 179, ""low_entry_clearance"": 0.44844439564364263, ""return_clearance"": 0.848251485367387, ""pre_reset_budget"": 1.0971235326538744, ""post_reset_budget"": 2.027123532653875}]"
bounded_uniform_matched_constant,internal_validation,15,132000047,[257],1,False,"[""DELTA_MARGIN_FAIL"", ""REGION_GATE_FAIL"", ""TRANSITION_SOUNDNESS_FAIL"", ""INSUFFICIENT_EVENTS""]",False,True,False,False,True,True,203,-0.5428764673461267,0,"[{""event_id"": 1, ""low_entry_timestep"": 1, ""return_timestep"": 257, ""event_timestep"": 257, ""reset_timestep"": 257, ""low_entry_clearance"": 0.2361622891799844, ""return_clearance"": 0.8187965554549271, ""pre_reset_budget"": -0.5428764673461267, ""post_reset_budget"": 2.027123532653875}]"
bounded_uniform_matched_constant,internal_validation,16,132000049,"[18, 67, 81, 144, 203, 257, 299]",7,True,[],True,True,True,True,True,False,,1.3971235326538747,0,"[{""event_id"": 1, ""low_entry_timestep"": 12, ""return_timestep"": 18, ""event_timestep"": 18, ""reset_timestep"": 18, ""low_entry_clearance"": 0.4503881740586093, ""return_clearance"": 0.8038699246606541, ""pre_reset_budget"": 1.847123532653875, ""post_reset_budget"": 2.027123532653875}, {""event_id"": 2, ""low_entry_timestep"": 22, ""return_timestep"": 67, ""event_timestep"": 67, ""reset_timestep"": 67, ""low_entry_clearance"": 0.4179460038029783, ""return_clearance"": 0.8055655124385119, ""pre_reset_budget"": 1.5371235326538748, ""post_reset_budget"": 2.027123532653875}, {""event_id"": 3, ""low_entry_timestep"": 72, ""return_timestep"": 81, ""event_timestep"": 81, ""reset_timestep"": 81, ""low_entry_clearance"": 0.42023119512327534, ""return_clearance"": 0.7962244781883374, ""pre_reset_budget"": 1.8871235326538751, ""post_reset_budget"": 2.027123532653875}, {""event_id"": 4, ""low_entry_timestep"": 115, ""return_timestep"": 144, ""event_timestep"": 144, ""reset_timestep"": 144, ""low_entry_clearance"": 0.46417085044157846, ""return_clearance"": 0.7910774206819036, ""pre_reset_budget"": 1.3971235326538747, ""post_reset_budget"": 2.027123532653875}, {""event_id"": 5, ""low_entry_timestep"": 188, ""return_timestep"": 203, ""event_timestep"": 203, ""reset_timestep"": 203, ""low_entry_clearance"": 0.44903185003994384, ""return_clearance"": 0.8000473776773035, ""pre_reset_budget"": 1.4371235326538747, ""post_reset_budget"": 2.027123532653875}, {""event_id"": 6, ""low_entry_timestep"": 243, ""return_timestep"": 257, ""event_timestep"": 257, ""reset_timestep"": 257, ""low_entry_clearance"": 0.4318340480906312, ""return_clearance"": 0.8376293708745295, ""pre_reset_budget"": 1.4871235326538748, ""post_reset_budget"": 2.027123532653875}, {""event_id"": 7, ""low_entry_timestep"": 288, ""return_timestep"": 299, ""event_timestep"": 299, ""reset_timestep"": 299, ""low_entry_clearance"": 0.44351905938344627, ""return_clearance"": 0.852740426769442, ""pre_reset_budget"": 1.6071235326538749, ""post_reset_budget"": 2.027123532653875}]"
bounded_uniform_matched_constant,internal_validation,17,132000051,"[91, 213, 259]",3,True,[],True,True,True,True,True,False,,0.8071235326538742,0,"[{""event_id"": 1, ""low_entry_timestep"": 41, ""return_timestep"": 91, ""event_timestep"": 91, ""reset_timestep"": 91, ""low_entry_clearance"": 0.4623217729022979, ""return_clearance"": 0.83771066578203, ""pre_reset_budget"": 1.1171235326538744, ""post_reset_budget"": 2.027123532653875}, {""event_id"": 2, ""low_entry_timestep"": 142, ""return_timestep"": 213, ""event_timestep"": 213, ""reset_timestep"": 213, ""low_entry_clearance"": 0.40435136437066194, ""return_clearance"": 0.8104934858640456, ""pre_reset_budget"": 0.8071235326538742, ""post_reset_budget"": 2.027123532653875}, {""event_id"": 3, ""low_entry_timestep"": 237, ""return_timestep"": 259, ""event_timestep"": 259, ""reset_timestep"": 259, ""low_entry_clearance"": 0.3723599965740748, ""return_clearance"": 0.8084527966291176, ""pre_reset_budget"": 1.5671235326538748, ""post_reset_budget"": 2.027123532653875}]"
bounded_uniform_matched_constant,internal_validation,18,132000053,[],0,False,"[""DELTA_MARGIN_FAIL"", ""REGION_GATE_FAIL"", ""TRANSITION_SOUNDNESS_FAIL"", ""INSUFFICIENT_EVENTS""]",False,True,False,False,True,True,203,-0.9728764673461271,0,[]
bounded_uniform_matched_constant,internal_validation,19,132000057,"[25, 204]",2,True,[],True,True,True,True,True,False,,0.23712353265387365,0,"[{""event_id"": 1, ""low_entry_timestep"": 0, ""return_timestep"": 25, ""event_timestep"": 25, ""reset_timestep"": 25, ""low_entry_clearance"": 0.3169898079473154, ""return_clearance"": 0.7966148101284224, ""pre_reset_budget"": 1.777123532653875, ""post_reset_budget"": 2.027123532653875}, {""event_id"": 2, ""low_entry_timestep"": 35, ""return_timestep"": 204, ""event_timestep"": 204, ""reset_timestep"": 204, ""low_entry_clearance"": 0.4547851667348882, ""return_clearance"": 0.809396096915639, ""pre_reset_budget"": 0.23712353265387365, ""post_reset_budget"": 2.027123532653875}]"
bounded_uniform_cap_constant,internal_validation,0,132000001,"[14, 62]",2,True,[],True,True,True,True,True,False,,0.020000000000006797,0,"[{""event_id"": 1, ""low_entry_timestep"": 0, ""return_timestep"": 14, ""event_timestep"": 14, ""reset_timestep"": 14, ""low_entry_clearance"": 0.0910676643684913, ""return_clearance"": 0.7937552117754826, ""pre_reset_budget"": 2.260000000000003, ""post_reset_budget"": 2.4}, {""event_id"": 2, ""low_entry_timestep"": 54, ""return_timestep"": 62, ""event_timestep"": 62, ""reset_timestep"": 62, ""low_entry_clearance"": 0.45408220147318334, ""return_clearance"": 0.8317492728085402, ""pre_reset_budget"": 1.9200000000000084, ""post_reset_budget"": 2.4}]"
bounded_uniform_cap_constant,internal_validation,1,132000009,"[2, 60]",2,True,[],True,True,True,True,True,False,,6.79664657887713e-15,0,"[{""event_id"": 1, ""low_entry_timestep"": 0, ""return_timestep"": 2, ""event_timestep"": 2, ""reset_timestep"": 2, ""low_entry_clearance"": 0.3161315667559034, ""return_clearance"": 0.8008009001018942, ""pre_reset_budget"": 2.3800000000000003, ""post_reset_budget"": 2.4}, {""event_id"": 2, ""low_entry_timestep"": 11, ""return_timestep"": 60, ""event_timestep"": 60, ""reset_timestep"": 60, ""low_entry_clearance"": 0.44814166435742836, ""return_clearance"": 0.8139261786894921, ""pre_reset_budget"": 1.8200000000000083, ""post_reset_budget"": 2.4}]"
bounded_uniform_cap_constant,internal_validation,2,132000013,"[92, 248]",2,True,[],True,True,True,True,True,False,,0.8400000000000074,0,"[{""event_id"": 1, ""low_entry_timestep"": 0, ""return_timestep"": 92, ""event_timestep"": 92, ""reset_timestep"": 92, ""low_entry_clearance"": 0.04241657933574048, ""return_clearance"": 0.8287929504219914, ""pre_reset_budget"": 1.480000000000008, ""post_reset_budget"": 2.4}, {""event_id"": 2, ""low_entry_timestep"": 104, ""return_timestep"": 248, ""event_timestep"": 248, ""reset_timestep"": 248, ""low_entry_clearance"": 0.45650011565284265, ""return_clearance"": 0.801355853594468, ""pre_reset_budget"": 0.8400000000000074, ""post_reset_budget"": 2.4}]"
bounded_uniform_cap_constant,internal_validation,3,132000015,[47],1,False,"[""DELTA_MARGIN_FAIL"", ""REGION_GATE_FAIL"", ""TRANSITION_SOUNDNESS_FAIL"", ""INSUFFICIENT_EVENTS""]",False,True,False,False,True,True,288,-0.12999999999999318,0,"[{""event_id"": 1, ""low_entry_timestep"": 0, ""return_timestep"": 47, ""event_timestep"": 47, ""reset_timestep"": 47, ""low_entry_clearance"": 0.0692604621255578, ""return_clearance"": 0.8076995844478277, ""pre_reset_budget"": 1.9300000000000084, ""post_reset_budget"": 2.4}]"
bounded_uniform_cap_constant,internal_validation,4,132000017,"[66, 243]",2,True,[],True,True,True,True,True,False,,0.6300000000000072,0,"[{""event_id"": 1, ""low_entry_timestep"": 53, ""return_timestep"": 66, ""event_timestep"": 66, ""reset_timestep"": 66, ""low_entry_clearance"": 0.42133926000581445, ""return_clearance"": 0.799382034059048, ""pre_reset_budget"": 1.7400000000000082, ""post_reset_budget"": 2.4}, {""event_id"": 2, ""low_entry_timestep"": 111, ""return_timestep"": 243, ""event_timestep"": 243, ""reset_timestep"": 243, ""low_entry_clearance"": 0.46131080123326035, ""return_clearance"": 0.7980278502076423, ""pre_reset_budget"": 0.6300000000000072, ""post_reset_budget"": 2.4}]"
bounded_uniform_cap_constant,internal_validation,5,132000019,"[48, 174, 217]",3,True,[],True,True,True,True,True,False,,1.1400000000000077,0,"[{""event_id"": 1, ""low_entry_timestep"": 37, ""return_timestep"": 48, ""event_timestep"": 48, ""reset_timestep"": 48, ""low_entry_clearance"": 0.4439769594297159, ""return_clearance"": 0.8307066209816931, ""pre_reset_budget"": 1.9200000000000084, ""post_reset_budget"": 2.4}, {""event_id"": 2, ""low_entry_timestep"": 63, ""return_timestep"": 174, ""event_timestep"": 174, ""reset_timestep"": 174, ""low_entry_clearance"": 0.44319624147225506, ""return_clearance"": 0.8108311166239669, ""pre_reset_budget"": 1.1400000000000077, ""post_reset_budget"": 2.4}, {""event_id"": 3, ""low_entry_timestep"": 184, ""return_timestep"": 217, ""event_timestep"": 217, ""reset_timestep"": 217, ""low_entry_clearance"": 0.469847828048449, ""return_clearance"": 0.7938325433539604, ""pre_reset_budget"": 1.9700000000000084, ""post_reset_budget"": 2.4}]"
bounded_uniform_cap_constant,internal_validation,6,132000023,"[20, 73, 127, 276]",4,True,[],True,True,True,True,True,False,,0.9100000000000075,0,"[{""event_id"": 1, ""low_entry_timestep"": 11, ""return_timestep"": 20, ""event_timestep"": 20, ""reset_timestep"": 20, ""low_entry_clearance"": 0.4400970869416589, ""return_clearance"": 0.8640129475241559, ""pre_reset_budget"": 2.200000000000004, ""post_reset_budget"": 2.4}, {""event_id"": 2, ""low_entry_timestep"": 30, ""return_timestep"": 73, ""event_timestep"": 73, ""reset_timestep"": 73, ""low_entry_clearance"": 0.4732504018589415, ""return_clearance"": 0.8588656216318814, ""pre_reset_budget"": 1.8700000000000083, ""post_reset_budget"": 2.4}, {""event_id"": 3, ""low_entry_timestep"": 94, ""return_timestep"": 127, ""event_timestep"": 127, ""reset_timestep"": 127, ""low_entry_clearance"": 0.4061657744909064, ""return_clearance"": 0.8313605959178882, ""pre_reset_budget"": 1.8600000000000083, ""post_reset_budget"": 2.4}, {""event_id"": 4, ""low_entry_timestep"": 202, ""return_timestep"": 276, ""event_timestep"": 276, ""reset_timestep"": 276, ""low_entry_clearance"": 0.4491384019728657, ""return_clearance"": 0.8149310203333846, ""pre_reset_budget"": 0.9100000000000075, ""post_reset_budget"": 2.4}]"
bounded_uniform_cap_constant,internal_validation,7,132000025,[215],1,False,"[""INSUFFICIENT_EVENTS""]",True,True,True,True,True,False,,0.2500000000000069,0,"[{""event_id"": 1, ""low_entry_timestep"": 9, ""return_timestep"": 215, ""event_timestep"": 215, ""reset_timestep"": 215, ""low_entry_clearance"": 0.4234864752061189, ""return_clearance"": 0.7968302695491987, ""pre_reset_budget"": 0.2500000000000069, ""post_reset_budget"": 2.4}]"
bounded_uniform_cap_constant,internal_validation,8,132000027,"[93, 244]",2,True,[],True,True,True,True,True,False,,0.8900000000000075,0,"[{""event_id"": 1, ""low_entry_timestep"": 0, ""return_timestep"": 93, ""event_timestep"": 93, ""reset_timestep"": 93, ""low_entry_clearance"": 0.44637726761437707, ""return_clearance"": 0.8566640924595651, ""pre_reset_budget"": 1.470000000000008, ""post_reset_budget"": 2.4}, {""event_id"": 2, ""low_entry_timestep"": 173, ""return_timestep"": 244, ""event_timestep"": 244, ""reset_timestep"": 244, ""low_entry_clearance"": 0.4732355398355904, ""return_clearance"": 0.7949419042514911, ""pre_reset_budget"": 0.8900000000000075, ""post_reset_budget"": 2.4}]"
bounded_uniform_cap_constant,internal_validation,9,132000029,[11],1,False,"[""DELTA_MARGIN_FAIL"", ""REGION_GATE_FAIL"", ""TRANSITION_SOUNDNESS_FAIL"", ""INSUFFICIENT_EVENTS""]",False,True,False,False,True,True,252,-0.4899999999999935,0,"[{""event_id"": 1, ""low_entry_timestep"": 0, ""return_timestep"": 11, ""event_timestep"": 11, ""reset_timestep"": 11, ""low_entry_clearance"": 0.24862537357921735, ""return_clearance"": 0.8199985811756234, ""pre_reset_budget"": 2.2900000000000023, ""post_reset_budget"": 2.4}]"
bounded_uniform_cap_constant,internal_validation,10,132000033,[175],1,False,"[""INSUFFICIENT_EVENTS""]",True,True,True,True,True,False,,0.6500000000000072,0,"[{""event_id"": 1, ""low_entry_timestep"": 111, ""return_timestep"": 175, ""event_timestep"": 175, ""reset_timestep"": 175, ""low_entry_clearance"": 0.44339392439207503, ""return_clearance"": 0.8366459847803188, ""pre_reset_budget"": 0.6500000000000072, ""post_reset_budget"": 2.4}]"
bounded_uniform_cap_constant,internal_validation,11,132000035,"[28, 75]",2,True,[],True,True,True,True,True,False,,0.1500000000000068,0,"[{""event_id"": 1, ""low_entry_timestep"": 0, ""return_timestep"": 28, ""event_timestep"": 28, ""reset_timestep"": 28, ""low_entry_clearance"": 0.46958797575521133, ""return_clearance"": 0.8193309906547624, ""pre_reset_budget"": 2.120000000000006, ""post_reset_budget"": 2.4}, {""event_id"": 2, ""low_entry_timestep"": 44, ""return_timestep"": 75, ""event_timestep"": 75, ""reset_timestep"": 75, ""low_entry_clearance"": 0.4622030181033521, ""return_clearance"": 0.7982181374641938, ""pre_reset_budget"": 1.9300000000000084, ""post_reset_budget"": 2.4}]"
bounded_uniform_cap_constant,internal_validation,12,132000037,[],0,False,"[""DELTA_MARGIN_FAIL"", ""REGION_GATE_FAIL"", ""TRANSITION_SOUNDNESS_FAIL"", ""INSUFFICIENT_EVENTS""]",False,True,False,False,True,True,241,-0.5999999999999935,0,[]
bounded_uniform_cap_constant,internal_validation,13,132000039,"[10, 99]",2,True,[],True,True,True,True,True,False,,0.390000000000007,0,"[{""event_id"": 1, ""low_entry_timestep"": 2, ""return_timestep"": 10, ""event_timestep"": 10, ""reset_timestep"": 10, ""low_entry_clearance"": 0.4583257616747037, ""return_clearance"": 0.7947441858497142, ""pre_reset_budget"": 2.300000000000002, ""post_reset_budget"": 2.4}, {""event_id"": 2, ""low_entry_timestep"": 76, ""return_timestep"": 99, ""event_timestep"": 99, ""reset_timestep"": 99, ""low_entry_clearance"": 0.4200718101919314, ""return_clearance"": 0.8055335476671572, ""pre_reset_budget"": 1.510000000000008, ""post_reset_budget"": 2.4}]"
bounded_uniform_cap_constant,internal_validation,14,132000043,"[15, 86, 179]",3,True,[],True,True,True,True,True,False,,1.1900000000000077,0,"[{""event_id"": 1, ""low_entry_timestep"": 0, ""return_timestep"": 15, ""event_timestep"": 15, ""reset_timestep"": 15, ""low_entry_clearance"": 0.4425448863922178, ""return_clearance"": 0.7936156786258421, ""pre_reset_budget"": 2.250000000000003, ""post_reset_budget"": 2.4}, {""event_id"": 2, ""low_entry_timestep"": 23, ""return_timestep"": 86, ""event_timestep"": 86, ""reset_timestep"": 86, ""low_entry_clearance"": 0.43020931117552436, ""return_clearance"": 0.82275390625, ""pre_reset_budget"": 1.6900000000000082, ""post_reset_budget"": 2.4}, {""event_id"": 3, ""low_entry_timestep"": 97, ""return_timestep"": 179, ""event_timestep"": 179, ""reset_timestep"": 179, ""low_entry_clearance"": 0.44844439564364263, ""return_clearance"": 0.848251485367387, ""pre_reset_budget"": 1.470000000000008, ""post_reset_budget"": 2.4}]"
bounded_uniform_cap_constant,internal_validation,15,132000047,[257],1,False,"[""DELTA_MARGIN_FAIL"", ""REGION_GATE_FAIL"", ""TRANSITION_SOUNDNESS_FAIL"", ""INSUFFICIENT_EVENTS""]",False,True,False,False,True,True,241,-0.1699999999999932,0,"[{""event_id"": 1, ""low_entry_timestep"": 1, ""return_timestep"": 257, ""event_timestep"": 257, ""reset_timestep"": 257, ""low_entry_clearance"": 0.2361622891799844, ""return_clearance"": 0.8187965554549271, ""pre_reset_budget"": -0.1699999999999932, ""post_reset_budget"": 2.4}]"
bounded_uniform_cap_constant,internal_validation,16,132000049,"[18, 67, 81, 144, 203, 257, 299]",7,True,[],True,True,True,True,True,False,,1.7700000000000082,0,"[{""event_id"": 1, ""low_entry_timestep"": 12, ""return_timestep"": 18, ""event_timestep"": 18, ""reset_timestep"": 18, ""low_entry_clearance"": 0.4503881740586093, ""return_clearance"": 0.8038699246606541, ""pre_reset_budget"": 2.2200000000000037, ""post_reset_budget"": 2.4}, {""event_id"": 2, ""low_entry_timestep"": 22, ""return_timestep"": 67, ""event_timestep"": 67, ""reset_timestep"": 67, ""low_entry_clearance"": 0.4179460038029783, ""return_clearance"": 0.8055655124385119, ""pre_reset_budget"": 1.9100000000000084, ""post_reset_budget"": 2.4}, {""event_id"": 3, ""low_entry_timestep"": 72, ""return_timestep"": 81, ""event_timestep"": 81, ""reset_timestep"": 81, ""low_entry_clearance"": 0.42023119512327534, ""return_clearance"": 0.7962244781883374, ""pre_reset_budget"": 2.260000000000003, ""post_reset_budget"": 2.4}, {""event_id"": 4, ""low_entry_timestep"": 115, ""return_timestep"": 144, ""event_timestep"": 144, ""reset_timestep"": 144, ""low_entry_clearance"": 0.46417085044157846, ""return_clearance"": 0.7910774206819036, ""pre_reset_budget"": 1.7700000000000082, ""post_reset_budget"": 2.4}, {""event_id"": 5, ""low_entry_timestep"": 188, ""return_timestep"": 203, ""event_timestep"": 203, ""reset_timestep"": 203, ""low_entry_clearance"": 0.44903185003994384, ""return_clearance"": 0.8000473776773035, ""pre_reset_budget"": 1.8100000000000083, ""post_reset_budget"": 2.4}, {""event_id"": 6, ""low_entry_timestep"": 243, ""return_timestep"": 257, ""event_timestep"": 257, ""reset_timestep"": 257, ""low_entry_clearance"": 0.4318340480906312, ""return_clearance"": 0.8376293708745295, ""pre_reset_budget"": 1.8600000000000083, ""post_reset_budget"": 2.4}, {""event_id"": 7, ""low_entry_timestep"": 288, ""return_timestep"": 299, ""event_timestep"": 299, ""reset_timestep"": 299, ""low_entry_clearance"": 0.44351905938344627, ""return_clearance"": 0.852740426769442, ""pre_reset_budget"": 1.9800000000000084, ""post_reset_budget"": 2.4}]"
bounded_uniform_cap_constant,internal_validation,17,132000051,"[91, 213, 259]",3,True,[],True,True,True,True,True,False,,1.1800000000000077,0,"[{""event_id"": 1, ""low_entry_timestep"": 41, ""return_timestep"": 91, ""event_timestep"": 91, ""reset_timestep"": 91, ""low_entry_clearance"": 0.4623217729022979, ""return_clearance"": 0.83771066578203, ""pre_reset_budget"": 1.490000000000008, ""post_reset_budget"": 2.4}, {""event_id"": 2, ""low_entry_timestep"": 142, ""return_timestep"": 213, ""event_timestep"": 213, ""reset_timestep"": 213, ""low_entry_clearance"": 0.40435136437066194, ""return_clearance"": 0.8104934858640456, ""pre_reset_budget"": 1.1800000000000077, ""post_reset_budget"": 2.4}, {""event_id"": 3, ""low_entry_timestep"": 237, ""return_timestep"": 259, ""event_timestep"": 259, ""reset_timestep"": 259, ""low_entry_clearance"": 0.3723599965740748, ""return_clearance"": 0.8084527966291176, ""pre_reset_budget"": 1.9400000000000084, ""post_reset_budget"": 2.4}]"
bounded_uniform_cap_constant,internal_validation,18,132000053,[],0,False,"[""DELTA_MARGIN_FAIL"", ""REGION_GATE_FAIL"", ""TRANSITION_SOUNDNESS_FAIL"", ""INSUFFICIENT_EVENTS""]",False,True,False,False,True,True,241,-0.5999999999999935,0,[]
bounded_uniform_cap_constant,internal_validation,19,132000057,"[25, 204]",2,True,[],True,True,True,True,True,False,,0.6100000000000072,0,"[{""event_id"": 1, ""low_entry_timestep"": 0, ""return_timestep"": 25, ""event_timestep"": 25, ""reset_timestep"": 25, ""low_entry_clearance"": 0.3169898079473154, ""return_clearance"": 0.7966148101284224, ""pre_reset_budget"": 2.1500000000000052, ""post_reset_budget"": 2.4}, {""event_id"": 2, ""low_entry_timestep"": 35, ""return_timestep"": 204, ""event_timestep"": 204, ""reset_timestep"": 204, ""low_entry_clearance"": 0.4547851667348882, ""return_clearance"": 0.809396096915639, ""pre_reset_budget"": 0.6100000000000072, ""post_reset_budget"": 2.4}]"
stratified,train_fit,0,131000001,"[31, 262, 295]",3,True,[],True,True,True,True,True,False,,0.0900000000000068,0,"[{""event_id"": 1, ""low_entry_timestep"": 0, ""return_timestep"": 31, ""event_timestep"": 31, ""reset_timestep"": 31, ""low_entry_clearance"": 0.39111602915585525, ""return_clearance"": 0.803422433421809, ""pre_reset_budget"": 2.0900000000000065, ""post_reset_budget"": 2.4}, {""event_id"": 2, ""low_entry_timestep"": 238, ""return_timestep"": 262, ""event_timestep"": 262, ""reset_timestep"": 262, ""low_entry_clearance"": 0.4357135949698876, ""return_clearance"": 0.7955745482649151, ""pre_reset_budget"": 0.0900000000000068, ""post_reset_budget"": 2.4}, {""event_id"": 3, ""low_entry_timestep"": 286, ""return_timestep"": 295, ""event_timestep"": 295, ""reset_timestep"": 295, ""low_entry_clearance"": 0.4061582168187491, ""return_clearance"": 0.7977296322834853, ""pre_reset_budget"": 2.070000000000007, ""post_reset_budget"": 2.222837269306183}]"
stratified,train_fit,1,131000003,"[12, 187]",2,True,[],True,True,True,True,True,False,,0.6500000000000072,0,"[{""event_id"": 1, ""low_entry_timestep"": 1, ""return_timestep"": 12, ""event_timestep"": 12, ""reset_timestep"": 12, ""low_entry_clearance"": 0.469366002637876, ""return_clearance"": 0.797018748762861, ""pre_reset_budget"": 2.010270361900332, ""post_reset_budget"": 2.4}, {""event_id"": 2, ""low_entry_timestep"": 173, ""return_timestep"": 187, ""event_timestep"": 187, ""reset_timestep"": 187, ""low_entry_clearance"": 0.44725389756732153, ""return_clearance"": 0.8411998003170812, ""pre_reset_budget"": 0.6500000000000072, ""post_reset_budget"": 2.4}]"
stratified,train_fit,2,131000007,[6],1,False,"[""DELTA_MARGIN_FAIL"", ""REGION_GATE_FAIL"", ""TRANSITION_SOUNDNESS_FAIL"", ""INSUFFICIENT_EVENTS""]",False,True,False,False,True,True,247,-0.5399999999999935,0,"[{""event_id"": 1, ""low_entry_timestep"": 0, ""return_timestep"": 6, ""event_timestep"": 6, ""reset_timestep"": 6, ""low_entry_clearance"": 0.2191296841615258, ""return_clearance"": 0.80533883263879, ""pre_reset_budget"": 2.340000000000001, ""post_reset_budget"": 2.4}]"
stratified,train_fit,3,131000009,[16],1,False,"[""DELTA_MARGIN_FAIL"", ""REGION_GATE_FAIL"", ""TRANSITION_SOUNDNESS_FAIL"", ""INSUFFICIENT_EVENTS""]",False,True,False,False,True,True,257,-0.43999999999999345,0,"[{""event_id"": 1, ""low_entry_timestep"": 1, ""return_timestep"": 16, ""event_timestep"": 16, ""reset_timestep"": 16, ""low_entry_clearance"": 0.21214490174978656, ""return_clearance"": 0.8336957302475133, ""pre_reset_budget"": 2.2400000000000033, ""post_reset_budget"": 2.4}]"
stratified,train_fit,4,131000011,"[37, 74, 156, 210]",4,True,[],True,True,True,True,True,False,,1.3528522312641191,0,"[{""event_id"": 1, ""low_entry_timestep"": 31, ""return_timestep"": 37, ""event_timestep"": 37, ""reset_timestep"": 37, ""low_entry_clearance"": 0.4646696517995309, ""return_clearance"": 0.8275283967645958, ""pre_reset_budget"": 2.030000000000008, ""post_reset_budget"": 2.4}, {""event_id"": 2, ""low_entry_timestep"": 57, ""return_timestep"": 74, ""event_timestep"": 74, ""reset_timestep"": 74, ""low_entry_clearance"": 0.4454175590932034, ""return_clearance"": 0.8148126700482253, ""pre_reset_budget"": 2.030000000000008, ""post_reset_budget"": 2.4}, {""event_id"": 3, ""low_entry_timestep"": 125, ""return_timestep"": 156, ""event_timestep"": 156, ""reset_timestep"": 156, ""low_entry_clearance"": 0.4213783024624824, ""return_clearance"": 0.8406469363502143, ""pre_reset_budget"": 1.580000000000008, ""post_reset_budget"": 2.4}, {""event_id"": 4, ""low_entry_timestep"": 171, ""return_timestep"": 210, ""event_timestep"": 210, ""reset_timestep"": 210, ""low_entry_clearance"": 0.45108315392295717, ""return_clearance"": 0.7981593029952115, ""pre_reset_budget"": 1.8600000000000083, ""post_reset_budget"": 2.2528522312641144}]"
stratified,train_fit,5,131000015,"[7, 78, 161]",3,True,[],True,True,True,True,True,False,,1.0100000000000076,0,"[{""event_id"": 1, ""low_entry_timestep"": 0, ""return_timestep"": 7, ""event_timestep"": 7, ""reset_timestep"": 7, ""low_entry_clearance"": 0.3804275020352887, ""return_clearance"": 0.8071333994469192, ""pre_reset_budget"": 2.085609011650087, ""post_reset_budget"": 2.4}, {""event_id"": 2, ""low_entry_timestep"": 28, ""return_timestep"": 78, ""event_timestep"": 78, ""reset_timestep"": 78, ""low_entry_clearance"": 0.44527481990478807, ""return_clearance"": 0.796018252101183, ""pre_reset_budget"": 1.6900000000000082, ""post_reset_budget"": 2.4}, {""event_id"": 3, ""low_entry_timestep"": 89, ""return_timestep"": 161, ""event_timestep"": 161, ""reset_timestep"": 161, ""low_entry_clearance"": 0.4657492273501398, ""return_clearance"": 0.8170261858405468, ""pre_reset_budget"": 1.570000000000008, ""post_reset_budget"": 2.4}]"
stratified,train_fit,6,131000017,"[17, 90, 181]",3,True,[],True,True,True,True,True,False,,1.2100000000000077,0,"[{""event_id"": 1, ""low_entry_timestep"": 1, ""return_timestep"": 17, ""event_timestep"": 17, ""reset_timestep"": 17, ""low_entry_clearance"": 0.19172965190517519, ""return_clearance"": 0.8030996912603212, ""pre_reset_budget"": 2.2300000000000035, ""post_reset_budget"": 2.4}, {""event_id"": 2, ""low_entry_timestep"": 44, ""return_timestep"": 90, ""event_timestep"": 90, ""reset_timestep"": 90, ""low_entry_clearance"": 0.4712195511550615, ""return_clearance"": 0.8004401247981268, ""pre_reset_budget"": 1.6700000000000081, ""post_reset_budget"": 2.4}, {""event_id"": 3, ""low_entry_timestep"": 99, ""return_timestep"": 181, ""event_timestep"": 181, ""reset_timestep"": 181, ""low_entry_clearance"": 0.40989139838547983, ""return_clearance"": 0.8000551979572674, ""pre_reset_budget"": 1.490000000000008, ""post_reset_budget"": 2.4}]"
stratified,train_fit,7,131000021,[60],1,False,"[""INSUFFICIENT_EVENTS""]",True,True,True,True,True,False,,6.79664657887713e-15,0,"[{""event_id"": 1, ""low_entry_timestep"": 40, ""return_timestep"": 60, ""event_timestep"": 60, ""reset_timestep"": 60, ""low_entry_clearance"": 0.45612480065719585, ""return_clearance"": 0.7950675137360776, ""pre_reset_budget"": 1.8000000000000083, ""post_reset_budget"": 2.4}]"
stratified,train_fit,8,131000023,"[123, 160]",2,True,[],True,True,True,True,True,False,,1.0000000000000075,0,"[{""event_id"": 1, ""low_entry_timestep"": 0, ""return_timestep"": 123, ""event_timestep"": 123, ""reset_timestep"": 123, ""low_entry_clearance"": 0.06024819969963913, ""return_clearance"": 0.8031045473218201, ""pre_reset_budget"": 1.1700000000000077, ""post_reset_budget"": 2.4}, {""event_id"": 2, ""low_entry_timestep"": 137, ""return_timestep"": 160, ""event_timestep"": 160, ""reset_timestep"": 160, ""low_entry_clearance"": 0.4484905145124766, ""return_clearance"": 0.8088736026800776, ""pre_reset_budget"": 2.030000000000008, ""post_reset_budget"": 2.4}]"
stratified,train_fit,9,131000027,[],0,False,"[""DELTA_MARGIN_FAIL"", ""REGION_GATE_FAIL"", ""TRANSITION_SOUNDNESS_FAIL"", ""INSUFFICIENT_EVENTS""]",False,True,False,False,True,True,241,-0.5999999999999935,0,[]
stratified,train_fit,10,131000029,"[22, 161, 194, 206]",4,True,[],True,True,True,True,True,False,,1.0100000000000076,0,"[{""event_id"": 1, ""low_entry_timestep"": 0, ""return_timestep"": 22, ""event_timestep"": 22, ""reset_timestep"": 22, ""low_entry_clearance"": 0.2843830652455626, ""return_clearance"": 0.8163025712613555, ""pre_reset_budget"": 2.1800000000000046, ""post_reset_budget"": 2.4}, {""event_id"": 2, ""low_entry_timestep"": 133, ""return_timestep"": 161, ""event_timestep"": 161, ""reset_timestep"": 161, ""low_entry_clearance"": 0.42310521224617736, ""return_clearance"": 0.8050181255906288, ""pre_reset_budget"": 1.0100000000000076, ""post_reset_budget"": 2.119755357503891}, {""event_id"": 3, ""low_entry_timestep"": 171, ""return_timestep"": 194, ""event_timestep"": 194, ""reset_timestep"": 194, ""low_entry_clearance"": 0.47323119449481893, ""return_clearance"": 0.8128510597055495, ""pre_reset_budget"": 1.7897553575038931, ""post_reset_budget"": 2.274800807237625}, {""event_id"": 4, ""low_entry_timestep"": 198, ""return_timestep"": 206, ""event_timestep"": 206, ""reset_timestep"": 206, ""low_entry_clearance"": 0.4585869062390696, ""return_clearance"": 0.8163538281708276, ""pre_reset_budget"": 2.1548008072376277, ""post_reset_budget"": 2.2617515921592712}]"
stratified,train_fit,11,131000031,"[50, 94, 139, 215, 290]",5,True,[],True,True,True,True,True,False,,1.4739523231983227,0,"[{""event_id"": 1, ""low_entry_timestep"": 0, ""return_timestep"": 50, ""event_timestep"": 50, ""reset_timestep"": 50, ""low_entry_clearance"": 0.46504476352290874, ""return_clearance"": 0.8170807165103646, ""pre_reset_budget"": 1.9000000000000083, ""post_reset_budget"": 2.0938716679811478}, {""event_id"": 2, ""low_entry_timestep"": 85, ""return_timestep"": 94, ""event_timestep"": 94, ""reset_timestep"": 94, ""low_entry_clearance"": 0.4569919275827123, ""return_clearance"": 0.8079107228520013, ""pre_reset_budget"": 1.6538716679811494, ""post_reset_budget"": 2.3695927560329437}, {""event_id"": 3, ""low_entry_timestep"": 120, ""return_timestep"": 139, ""event_timestep"": 139, ""reset_timestep"": 139, ""low_entry_clearance"": 0.46032182340897915, ""return_clearance"": 0.7922072489005457, ""pre_reset_budget"": 1.9195927560329513, ""post_reset_budget"": 2.4}, {""event_id"": 4, ""low_entry_timestep"": 159, ""return_timestep"": 215, ""event_timestep"": 215, ""reset_timestep"": 215, ""low_entry_clearance"": 0.4258274438280302, ""return_clearance"": 0.806203210936814, ""pre_reset_budget"": 1.6400000000000081, ""post_reset_budget"": 2.2239523231983185}, {""event_id"": 5, ""low_entry_timestep"": 246, ""return_timestep"": 290, ""event_timestep"": 290, ""reset_timestep"": 290, ""low_entry_clearance"": 0.4206249826836547, ""return_clearance"": 0.810716873174419, ""pre_reset_budget"": 1.4739523231983227, ""post_reset_budget"": 2.4}]"
stratified,train_fit,12,131000033,"[53, 77, 117, 179]",4,True,[],True,True,True,True,True,False,,1.1900000000000077,0,"[{""event_id"": 1, ""low_entry_timestep"": 44, ""return_timestep"": 53, ""event_timestep"": 53, ""reset_timestep"": 53, ""low_entry_clearance"": 0.4223558899337458, ""return_clearance"": 0.8012001337640958, ""pre_reset_budget"": 1.8700000000000083, ""post_reset_budget"": 2.0251651257276535}, {""event_id"": 2, ""low_entry_timestep"": 64, ""return_timestep"": 77, ""event_timestep"": 77, ""reset_timestep"": 77, ""low_entry_clearance"": 0.4599387777056483, ""return_clearance"": 0.8617399446538768, ""pre_reset_budget"": 1.7851651257276537, ""post_reset_budget"": 2.4}, {""event_id"": 3, ""low_entry_timestep"": 105, ""return_timestep"": 117, ""event_timestep"": 117, ""reset_timestep"": 117, ""low_entry_clearance"": 0.4735940661754956, ""return_clearance"": 0.8056204119330449, ""pre_reset_budget"": 2.0000000000000084, ""post_reset_budget"": 2.4}, {""event_id"": 4, ""low_entry_timestep"": 165, ""return_timestep"": 179, ""event_timestep"": 179, ""reset_timestep"": 179, ""low_entry_clearance"": 0.4452595595629954, ""return_clearance"": 0.792336235153679, ""pre_reset_budget"": 1.7800000000000082, ""post_reset_budget"": 2.4}]"
stratified,train_fit,13,131000035,"[11, 70, 131, 299]",4,True,[],True,True,True,True,True,False,,0.7200000000000073,0,"[{""event_id"": 1, ""low_entry_timestep"": 0, ""return_timestep"": 11, ""event_timestep"": 11, ""reset_timestep"": 11, ""low_entry_clearance"": 0.12814746767274882, ""return_clearance"": 0.8436913646527816, ""pre_reset_budget"": 2.2900000000000023, ""post_reset_budget"": 2.4}, {""event_id"": 2, ""low_entry_timestep"": 50, ""return_timestep"": 70, ""event_timestep"": 70, ""reset_timestep"": 70, ""low_entry_clearance"": 0.4003735050169932, ""return_clearance"": 0.8400306671084927, ""pre_reset_budget"": 1.8100000000000083, ""post_reset_budget"": 2.4}, {""event_id"": 3, ""low_entry_timestep"": 117, ""return_timestep"": 131, ""event_timestep"": 131, ""reset_timestep"": 131, ""low_entry_clearance"": 0.41848331043959874, ""return_clearance"": 0.8029012761788031, ""pre_reset_budget"": 1.7900000000000083, ""post_reset_budget"": 2.4}, {""event_id"": 4, ""low_entry_timestep"": 288, ""return_timestep"": 299, ""event_timestep"": 299, ""reset_timestep"": 299, ""low_entry_clearance"": 0.44294813804506405, ""return_clearance"": 0.8580547942513602, ""pre_reset_budget"": 0.7200000000000073, ""post_reset_budget"": 2.373438686132431}]"
stratified,train_fit,14,131000037,[44],1,False,"[""DELTA_MARGIN_FAIL"", ""REGION_GATE_FAIL"", ""TRANSITION_SOUNDNESS_FAIL"", ""INSUFFICIENT_EVENTS""]",False,True,False,False,True,True,285,-0.1599999999999932,0,"[{""event_id"": 1, ""low_entry_timestep"": 1, ""return_timestep"": 44, ""event_timestep"": 44, ""reset_timestep"": 44, ""low_entry_clearance"": 0.3940875324826293, ""return_clearance"": 0.8212574194075112, ""pre_reset_budget"": 1.9600000000000084, ""post_reset_budget"": 2.4}]"
stratified,train_fit,15,131000039,"[39, 86, 214, 295]",4,True,[],True,True,True,True,True,False,,1.1200000000000077,0,"[{""event_id"": 1, ""low_entry_timestep"": 15, ""return_timestep"": 39, ""event_timestep"": 39, ""reset_timestep"": 39, ""low_entry_clearance"": 0.4452821152342883, ""return_clearance"": 0.8551960079235765, ""pre_reset_budget"": 2.0100000000000082, ""post_reset_budget"": 2.4}, {""event_id"": 2, ""low_entry_timestep"": 64, ""return_timestep"": 86, ""event_timestep"": 86, ""reset_timestep"": 86, ""low_entry_clearance"": 0.4001825303605136, ""return_clearance"": 0.8180278479824549, ""pre_reset_budget"": 1.9300000000000084, ""post_reset_budget"": 2.4}, {""event_id"": 3, ""low_entry_timestep"": 148, ""return_timestep"": 214, ""event_timestep"": 214, ""reset_timestep"": 214, ""low_entry_clearance"": 0.4655116436093151, ""return_clearance"": 0.8159454359342891, ""pre_reset_budget"": 1.1200000000000077, ""post_reset_budget"": 2.372584581375122}, {""event_id"": 4, ""low_entry_timestep"": 269, ""return_timestep"": 295, ""event_timestep"": 295, ""reset_timestep"": 295, ""low_entry_clearance"": 0.4406432080395884, ""return_clearance"": 0.8459056937611777, ""pre_reset_budget"": 1.5625845813751296, ""post_reset_budget"": 2.1438183188438416}]"
stratified,train_fit,16,131000043,"[2, 101]",2,True,[],True,True,True,True,True,False,,0.410000000000007,0,"[{""event_id"": 1, ""low_entry_timestep"": 0, ""return_timestep"": 2, ""event_timestep"": 2, ""reset_timestep"": 2, ""low_entry_clearance"": 0.4675424917565252, ""return_clearance"": 0.8166061229710763, ""pre_reset_budget"": 2.281482439041138, ""post_reset_budget"": 2.4}, {""event_id"": 2, ""low_entry_timestep"": 33, ""return_timestep"": 101, ""event_timestep"": 101, ""reset_timestep"": 101, ""low_entry_clearance"": 0.46091946065484984, ""return_clearance"": 0.8197129738121968, ""pre_reset_budget"": 1.410000000000008, ""post_reset_budget"": 2.4}]"
stratified,train_fit,17,131000045,[],0,False,"[""DELTA_MARGIN_FAIL"", ""REGION_GATE_FAIL"", ""TRANSITION_SOUNDNESS_FAIL"", ""INSUFFICIENT_EVENTS""]",False,True,False,False,True,True,241,-0.5999999999999935,0,[]
stratified,train_fit,18,131000053,"[25, 51]",2,False,"[""DELTA_MARGIN_FAIL"", ""REGION_GATE_FAIL"", ""TRANSITION_SOUNDNESS_FAIL""]",False,True,False,False,True,True,292,-0.0899999999999932,0,"[{""event_id"": 1, ""low_entry_timestep"": 0, ""return_timestep"": 25, ""event_timestep"": 25, ""reset_timestep"": 25, ""low_entry_clearance"": 0.34384598258948373, ""return_clearance"": 0.7959854920876662, ""pre_reset_budget"": 2.1500000000000052, ""post_reset_budget"": 2.4}, {""event_id"": 2, ""low_entry_timestep"": 40, ""return_timestep"": 51, ""event_timestep"": 51, ""reset_timestep"": 51, ""low_entry_clearance"": 0.4673874443133947, ""return_clearance"": 0.8139820154274673, ""pre_reset_budget"": 2.1400000000000055, ""post_reset_budget"": 2.4}]"
stratified,train_fit,19,131000055,[64],1,False,"[""INSUFFICIENT_EVENTS""]",True,True,True,True,True,False,,0.0400000000000068,0,"[{""event_id"": 1, ""low_entry_timestep"": 30, ""return_timestep"": 64, ""event_timestep"": 64, ""reset_timestep"": 64, ""low_entry_clearance"": 0.4345299862785303, ""return_clearance"": 0.8209519573284755, ""pre_reset_budget"": 1.7600000000000082, ""post_reset_budget"": 2.4}]"
stratified,train_fit,20,131000057,"[151, 207]",2,True,[],True,True,True,True,True,False,,0.8900000000000075,0,"[{""event_id"": 1, ""low_entry_timestep"": 137, ""return_timestep"": 151, ""event_timestep"": 151, ""reset_timestep"": 151, ""low_entry_clearance"": 0.437095045957678, ""return_clearance"": 0.8449688338000306, ""pre_reset_budget"": 0.8900000000000075, ""post_reset_budget"": 2.4}, {""event_id"": 2, ""low_entry_timestep"": 178, ""return_timestep"": 207, ""event_timestep"": 207, ""reset_timestep"": 207, ""low_entry_clearance"": 0.4375999370601494, ""return_clearance"": 0.8026041356820495, ""pre_reset_budget"": 1.8400000000000083, ""post_reset_budget"": 2.3336195945739746}]"
stratified,train_fit,21,131000059,"[80, 110, 135, 169, 204, 263, 277]",7,True,[],True,True,True,True,True,False,,1.600000000000008,0,"[{""event_id"": 1, ""low_entry_timestep"": 12, ""return_timestep"": 80, ""event_timestep"": 80, ""reset_timestep"": 80, ""low_entry_clearance"": 0.4518419714289227, ""return_clearance"": 0.8032167196779096, ""pre_reset_budget"": 1.600000000000008, ""post_reset_budget"": 2.2581861913204193}, {""event_id"": 2, ""low_entry_timestep"": 92, ""return_timestep"": 110, ""event_timestep"": 110, ""reset_timestep"": 110, ""low_entry_clearance"": 0.46601099234210464, ""return_clearance"": 0.8281837658454301, ""pre_reset_budget"": 1.9581861913204246, ""post_reset_budget"": 2.231333941221237}, {""event_id"": 3, ""low_entry_timestep"": 119, ""return_timestep"": 135, ""event_timestep"": 135, ""reset_timestep"": 135, ""low_entry_clearance"": 0.46292081967793397, ""return_clearance"": 0.8065748949957067, ""pre_reset_budget"": 1.981333941221242, ""post_reset_budget"": 2.2818696200847626}, {""event_id"": 4, ""low_entry_timestep"": 158, ""return_timestep"": 169, ""event_timestep"": 169, ""reset_timestep"": 169, ""low_entry_clearance"": 0.4390045589349335, ""return_clearance"": 0.8132404474728762, ""pre_reset_budget"": 1.9418696200847685, ""post_reset_budget"": 2.368154525756836}, {""event_id"": 5, ""low_entry_timestep"": 189, ""return_timestep"": 204, ""event_timestep"": 204, ""reset_timestep"": 204, ""low_entry_clearance"": 0.44026761339925036, ""return_clearance"": 0.849122251978167, ""pre_reset_budget"": 2.0181545257568434, ""post_reset_budget"": 2.4}, {""event_id"": 6, ""low_entry_timestep"": 209, ""return_timestep"": 263, ""event_timestep"": 263, ""reset_timestep"": 263, ""low_entry_clearance"": 0.42729605246415997, ""return_clearance"": 0.8199100415383157, ""pre_reset_budget"": 1.8100000000000083, ""post_reset_budget"": 2.122209772467613}, {""event_id"": 7, ""low_entry_timestep"": 270, ""return_timestep"": 277, ""event_timestep"": 277, ""reset_timestep"": 277, ""low_entry_clearance"": 0.46467760466741825, ""return_clearance"": 0.7982271820741282, ""pre_reset_budget"": 1.9822097724676158, ""post_reset_budget"": 2.3574973344802856}]"
stratified,train_fit,22,131000061,"[146, 219, 260, 299]",4,True,[],True,True,True,True,True,False,,0.9400000000000075,0,"[{""event_id"": 1, ""low_entry_timestep"": 122, ""return_timestep"": 146, ""event_timestep"": 146, ""reset_timestep"": 146, ""low_entry_clearance"": 0.45457181474805075, ""return_clearance"": 0.8145645028854142, ""pre_reset_budget"": 0.9400000000000075, ""post_reset_budget"": 2.4}, {""event_id"": 2, ""low_entry_timestep"": 174, ""return_timestep"": 219, ""event_timestep"": 219, ""reset_timestep"": 219, ""low_entry_clearance"": 0.4538615587198839, ""return_clearance"": 0.7986354455603605, ""pre_reset_budget"": 1.6700000000000081, ""post_reset_budget"": 2.2373328804969788}, {""event_id"": 3, ""low_entry_timestep"": 242, ""return_timestep"": 260, ""event_timestep"": 260, ""reset_timestep"": 260, ""low_entry_clearance"": 0.4378361092082417, ""return_clearance"": 0.8403316854667949, ""pre_reset_budget"": 1.8273328804969835, ""post_reset_budget"": 2.3920764327049255}, {""event_id"": 4, ""low_entry_timestep"": 290, ""return_timestep"": 299, ""event_timestep"": 299, ""reset_timestep"": 299, ""low_entry_clearance"": 0.46997825319244874, ""return_clearance"": 0.7923461649832899, ""pre_reset_budget"": 2.002076432704934, ""post_reset_budget"": 2.4}]"
stratified,train_fit,23,131000065,"[25, 83, 197, 239, 285]",5,True,[],True,True,True,True,True,False,,1.2600000000000078,0,"[{""event_id"": 1, ""low_entry_timestep"": 0, ""return_timestep"": 25, ""event_timestep"": 25, ""reset_timestep"": 25, ""low_entry_clearance"": 0.3811360454666564, ""return_clearance"": 0.8161385932476262, ""pre_reset_budget"": 2.1500000000000052, ""post_reset_budget"": 2.3080042898654938}, {""event_id"": 2, ""low_entry_timestep"": 36, ""return_timestep"": 83, ""event_timestep"": 83, ""reset_timestep"": 83, ""low_entry_clearance"": 0.41718320022824623, ""return_clearance"": 0.8134200315765084, ""pre_reset_budget"": 1.7280042898655, ""post_reset_budget"": 2.4}, {""event_id"": 3, ""low_entry_timestep"": 100, ""return_timestep"": 197, ""event_timestep"": 197, ""reset_timestep"": 197, ""low_entry_clearance"": 0.4627595868923438, ""return_clearance"": 0.8083469548667152, ""pre_reset_budget"": 1.2600000000000078, ""post_reset_budget"": 2.4}, {""event_id"": 4, ""low_entry_timestep"": 232, ""return_timestep"": 239, ""event_timestep"": 239, ""reset_timestep"": 239, ""low_entry_clearance"": 0.43331927985853474, ""return_clearance"": 0.8104887792150614, ""pre_reset_budget"": 1.9800000000000084, ""post_reset_budget"": 2.4}, {""event_id"": 5, ""low_entry_timestep"": 249, ""return_timestep"": 285, ""event_timestep"": 285, ""reset_timestep"": 285, ""low_entry_clearance"": 0.4556203893995976, ""return_clearance"": 0.8228306788273791, ""pre_reset_budget"": 1.9400000000000084, ""post_reset_budget"": 2.4}]"
stratified,train_fit,24,131000069,[],0,False,"[""DELTA_MARGIN_FAIL"", ""REGION_GATE_FAIL"", ""TRANSITION_SOUNDNESS_FAIL"", ""INSUFFICIENT_EVENTS""]",False,True,False,False,True,True,241,-0.5999999999999935,0,[]
stratified,train_fit,25,131000075,"[28, 204]",2,True,[],True,True,True,True,True,False,,0.6400000000000072,0,"[{""event_id"": 1, ""low_entry_timestep"": 3, ""return_timestep"": 28, ""event_timestep"": 28, ""reset_timestep"": 28, ""low_entry_clearance"": 0.4542084598851947, ""return_clearance"": 0.8169273739247671, ""pre_reset_budget"": 1.9857320499420221, ""post_reset_budget"": 2.4}, {""event_id"": 2, ""low_entry_timestep"": 40, ""return_timestep"": 204, ""event_timestep"": 204, ""reset_timestep"": 204, ""low_entry_clearance"": 0.39227799667119145, ""return_clearance"": 0.8124100928814557, ""pre_reset_budget"": 0.6400000000000072, ""post_reset_budget"": 2.4}]"
stratified,train_fit,26,131000079,"[24, 86, 111]",3,True,[],True,True,True,True,True,False,,0.5100000000000071,0,"[{""event_id"": 1, ""low_entry_timestep"": 0, ""return_timestep"": 24, ""event_timestep"": 24, ""reset_timestep"": 24, ""low_entry_clearance"": 0.25989056214291856, ""return_clearance"": 0.7972340990157301, ""pre_reset_budget"": 2.160000000000005, ""post_reset_budget"": 2.4}, {""event_id"": 2, ""low_entry_timestep"": 30, ""return_timestep"": 86, ""event_timestep"": 86, ""reset_timestep"": 86, ""low_entry_clearance"": 0.46878541176868965, ""return_clearance"": 0.8151965601823473, ""pre_reset_budget"": 1.7800000000000082, ""post_reset_budget"": 2.2885778546333313}, {""event_id"": 3, ""low_entry_timestep"": 91, ""return_timestep"": 111, ""event_timestep"": 111, ""reset_timestep"": 111, ""low_entry_clearance"": 0.4306699834576616, ""return_clearance"": 0.8367820110323995, ""pre_reset_budget"": 2.0385778546333366, ""post_reset_budget"": 2.4}]"
stratified,train_fit,27,131000083,"[31, 190]",2,True,[],True,True,True,True,True,False,,0.8100000000000074,0,"[{""event_id"": 1, ""low_entry_timestep"": 0, ""return_timestep"": 31, ""event_timestep"": 31, ""reset_timestep"": 31, ""low_entry_clearance"": 0.2523832272572099, ""return_clearance"": 0.8213738614278938, ""pre_reset_budget"": 2.0900000000000065, ""post_reset_budget"": 2.4}, {""event_id"": 2, ""low_entry_timestep"": 66, ""return_timestep"": 190, ""event_timestep"": 190, ""reset_timestep"": 190, ""low_entry_clearance"": 0.46392275828729385, ""return_clearance"": 0.7991392094175097, ""pre_reset_budget"": 0.8100000000000074, ""post_reset_budget"": 2.148249566555023}]"
stratified,train_fit,28,131000085,[284],1,False,"[""DELTA_MARGIN_FAIL"", ""REGION_GATE_FAIL"", ""TRANSITION_SOUNDNESS_FAIL"", ""INSUFFICIENT_EVENTS""]",False,True,False,False,True,True,241,-0.43999999999999345,0,"[{""event_id"": 1, ""low_entry_timestep"": 15, ""return_timestep"": 284, ""event_timestep"": 284, ""reset_timestep"": 284, ""low_entry_clearance"": 0.4500217061635712, ""return_clearance"": 0.8665176416308247, ""pre_reset_budget"": -0.43999999999999345, ""post_reset_budget"": 2.1864209473133087}]"
stratified,train_fit,29,131000091,[163],1,False,"[""INSUFFICIENT_EVENTS""]",True,True,True,True,True,False,,0.7700000000000073,0,"[{""event_id"": 1, ""low_entry_timestep"": 1, ""return_timestep"": 163, ""event_timestep"": 163, ""reset_timestep"": 163, ""low_entry_clearance"": 0.4501839923883523, ""return_clearance"": 0.8079572005692258, ""pre_reset_budget"": 0.7700000000000073, ""post_reset_budget"": 2.399612009525299}]"
stratified,train_fit,30,131000093,"[15, 260]",2,False,"[""DELTA_MARGIN_FAIL"", ""REGION_GATE_FAIL"", ""TRANSITION_SOUNDNESS_FAIL""]",False,True,False,False,True,True,256,-0.04999999999999321,0,"[{""event_id"": 1, ""low_entry_timestep"": 0, ""return_timestep"": 15, ""event_timestep"": 15, ""reset_timestep"": 15, ""low_entry_clearance"": 0.3835185070399687, ""return_clearance"": 0.8161420714132, ""pre_reset_budget"": 2.250000000000003, ""post_reset_budget"": 2.4}, {""event_id"": 2, ""low_entry_timestep"": 21, ""return_timestep"": 260, ""event_timestep"": 260, ""reset_timestep"": 260, ""low_entry_clearance"": 0.4497303081705366, ""return_clearance"": 0.8003197805720703, ""pre_reset_budget"": -0.04999999999999321, ""post_reset_budget"": 2.328834593296051}]"
stratified,train_fit,31,131000095,[274],1,False,"[""DELTA_MARGIN_FAIL"", ""REGION_GATE_FAIL"", ""TRANSITION_SOUNDNESS_FAIL"", ""INSUFFICIENT_EVENTS""]",False,True,False,False,True,True,241,-0.33999999999999336,0,"[{""event_id"": 1, ""low_entry_timestep"": 0, ""return_timestep"": 274, ""event_timestep"": 274, ""reset_timestep"": 274, ""low_entry_clearance"": 0.22030174418497894, ""return_clearance"": 0.838677914530627, ""pre_reset_budget"": -0.33999999999999336, ""post_reset_budget"": 2.015895739197731}]"
stratified,train_fit,32,131000097,"[56, 137, 200, 230, 279]",5,True,[],True,True,True,True,True,False,,1.590000000000008,0,"[{""event_id"": 1, ""low_entry_timestep"": 14, ""return_timestep"": 56, ""event_timestep"": 56, ""reset_timestep"": 56, ""low_entry_clearance"": 0.46775572550137623, ""return_clearance"": 0.8246966237687002, ""pre_reset_budget"": 1.8400000000000083, ""post_reset_budget"": 2.4}, {""event_id"": 2, ""low_entry_timestep"": 81, ""return_timestep"": 137, ""event_timestep"": 137, ""reset_timestep"": 137, ""low_entry_clearance"": 0.4116561349816344, ""return_clearance"": 0.8865005291863511, ""pre_reset_budget"": 1.590000000000008, ""post_reset_budget"": 2.4}, {""event_id"": 3, ""low_entry_timestep"": 153, ""return_timestep"": 200, ""event_timestep"": 200, ""reset_timestep"": 200, ""low_entry_clearance"": 0.44397763068751933, ""return_clearance"": 0.9255594961748871, ""pre_reset_budget"": 1.7700000000000082, ""post_reset_budget"": 2.398817241191864}, {""event_id"": 4, ""low_entry_timestep"": 217, ""return_timestep"": 230, ""event_timestep"": 230, ""reset_timestep"": 230, ""low_entry_clearance"": 0.46280614669529324, ""return_clearance"": 0.8228105565159349, ""pre_reset_budget"": 2.0988172411918704, ""post_reset_budget"": 2.4}, {""event_id"": 5, ""low_entry_timestep"": 253, ""return_timestep"": 279, ""event_timestep"": 279, ""reset_timestep"": 279, ""low_entry_clearance"": 0.4188369575284991, ""return_clearance"": 0.8126249950803842, ""pre_reset_budget"": 1.9100000000000084, ""post_reset_budget"": 2.4}]"
stratified,train_fit,33,131000105,[61],1,False,"[""INSUFFICIENT_EVENTS""]",True,True,True,True,True,False,,0.010000000000006797,0,"[{""event_id"": 1, ""low_entry_timestep"": 3, ""return_timestep"": 61, ""event_timestep"": 61, ""reset_timestep"": 61, ""low_entry_clearance"": 0.4681252448739607, ""return_clearance"": 0.8551704897079209, ""pre_reset_budget"": 1.7900000000000083, ""post_reset_budget"": 2.4}]"
stratified,train_fit,34,131000107,[10],1,False,"[""DELTA_MARGIN_FAIL"", ""REGION_GATE_FAIL"", ""TRANSITION_SOUNDNESS_FAIL"", ""INSUFFICIENT_EVENTS""]",False,True,False,False,True,True,251,-0.4999999999999935,0,"[{""event_id"": 1, ""low_entry_timestep"": 2, ""return_timestep"": 10, ""event_timestep"": 10, ""reset_timestep"": 10, ""low_entry_clearance"": 0.30268921053755765, ""return_clearance"": 0.8155155068197303, ""pre_reset_budget"": 2.300000000000002, ""post_reset_budget"": 2.4}]"
stratified,train_fit,35,131000109,[],0,False,"[""DELTA_MARGIN_FAIL"", ""REGION_GATE_FAIL"", ""TRANSITION_SOUNDNESS_FAIL"", ""INSUFFICIENT_EVENTS""]",False,True,False,False,True,True,241,-0.5999999999999935,0,[]
stratified,train_fit,36,131000111,"[32, 119, 230]",3,True,[],True,True,True,True,True,False,,1.2900000000000078,0,"[{""event_id"": 1, ""low_entry_timestep"": 1, ""return_timestep"": 32, ""event_timestep"": 32, ""reset_timestep"": 32, ""low_entry_clearance"": 0.2247335671112831, ""return_clearance"": 0.7998914659906396, ""pre_reset_budget"": 2.0800000000000067, ""post_reset_budget"": 2.4}, {""event_id"": 2, ""low_entry_timestep"": 106, ""return_timestep"": 119, ""event_timestep"": 119, ""reset_timestep"": 119, ""low_entry_clearance"": 0.4630968624324192, ""return_clearance"": 0.7995830224059592, ""pre_reset_budget"": 1.530000000000008, ""post_reset_budget"": 2.4}, {""event_id"": 3, ""low_entry_timestep"": 210, ""return_timestep"": 230, ""event_timestep"": 230, ""reset_timestep"": 230, ""low_entry_clearance"": 0.44312916042839023, ""return_clearance"": 0.7923738474875868, ""pre_reset_budget"": 1.2900000000000078, ""post_reset_budget"": 2.4}]"
stratified,train_fit,37,131000113,"[80, 164]",2,True,[],True,True,True,True,True,False,,1.0400000000000076,0,"[{""event_id"": 1, ""low_entry_timestep"": 10, ""return_timestep"": 80, ""event_timestep"": 80, ""reset_timestep"": 80, ""low_entry_clearance"": 0.4685528658552803, ""return_clearance"": 0.8217626922806343, ""pre_reset_budget"": 1.600000000000008, ""post_reset_budget"": 2.4}, {""event_id"": 2, ""low_entry_timestep"": 126, ""return_timestep"": 164, ""event_timestep"": 164, ""reset_timestep"": 164, ""low_entry_clearance"": 0.4433212095798253, ""return_clearance"": 0.7916610157078954, ""pre_reset_budget"": 1.560000000000008, ""post_reset_budget"": 2.4}]"
stratified,train_fit,38,131000115,"[58, 120, 193, 234, 260]",5,True,[],True,True,True,True,True,False,,1.6700000000000081,0,"[{""event_id"": 1, ""low_entry_timestep"": 14, ""return_timestep"": 58, ""event_timestep"": 58, ""reset_timestep"": 58, ""low_entry_clearance"": 0.4032376183810161, ""return_clearance"": 0.8408447332967294, ""pre_reset_budget"": 1.8200000000000083, ""post_reset_budget"": 2.4}, {""event_id"": 2, ""low_entry_timestep"": 68, ""return_timestep"": 120, ""event_timestep"": 120, ""reset_timestep"": 120, ""low_entry_clearance"": 0.40615271357092747, ""return_clearance"": 0.8107930372627047, ""pre_reset_budget"": 1.7800000000000082, ""post_reset_budget"": 2.4}, {""event_id"": 3, ""low_entry_timestep"": 152, ""return_timestep"": 193, ""event_timestep"": 193, ""reset_timestep"": 193, ""low_entry_clearance"": 0.4219547478924149, ""return_clearance"": 0.7970485124361991, ""pre_reset_budget"": 1.6700000000000081, ""post_reset_budget"": 2.4}, {""event_id"": 4, ""low_entry_timestep"": 197, ""return_timestep"": 234, ""event_timestep"": 234, ""reset_timestep"": 234, ""low_entry_clearance"": 0.4334577441627554, ""return_clearance"": 0.8217106121709874, ""pre_reset_budget"": 1.9900000000000084, ""post_reset_budget"": 2.318391352891922}, {""event_id"": 5, ""low_entry_timestep"": 246, ""return_timestep"": 260, ""event_timestep"": 260, ""reset_timestep"": 260, ""low_entry_clearance"": 0.4566378081849138, ""return_clearance"": 0.8389328741039713, ""pre_reset_budget"": 2.0583913528919275, ""post_reset_budget"": 2.4}]"
stratified,train_fit,39,131000119,[217],1,False,"[""INSUFFICIENT_EVENTS""]",True,True,True,True,True,False,,0.23000000000000687,0,"[{""event_id"": 1, ""low_entry_timestep"": 1, ""return_timestep"": 217, ""event_timestep"": 217, ""reset_timestep"": 217, ""low_entry_clearance"": 0.24169160464845582, ""return_clearance"": 0.7929128617759845, ""pre_reset_budget"": 0.23000000000000687, ""post_reset_budget"": 2.4}]"
stratified,train_fit,40,131000121,[61],1,False,"[""INSUFFICIENT_EVENTS""]",True,True,True,True,True,False,,0.010000000000006797,0,"[{""event_id"": 1, ""low_entry_timestep"": 18, ""return_timestep"": 61, ""event_timestep"": 61, ""reset_timestep"": 61, ""low_entry_clearance"": 0.400351099063703, ""return_clearance"": 0.8557718166899125, ""pre_reset_budget"": 1.7900000000000083, ""post_reset_budget"": 2.4}]"
stratified,train_fit,41,131000123,[92],1,False,"[""INSUFFICIENT_EVENTS""]",True,True,True,True,True,False,,0.32000000000000695,0,"[{""event_id"": 1, ""low_entry_timestep"": 15, ""return_timestep"": 92, ""event_timestep"": 92, ""reset_timestep"": 92, ""low_entry_clearance"": 0.463761552527966, ""return_clearance"": 0.7981885667548393, ""pre_reset_budget"": 1.480000000000008, ""post_reset_budget"": 2.4}]"
stratified,train_fit,42,131000125,"[109, 300]",2,True,[],True,True,True,True,True,False,,0.4900000000000071,0,"[{""event_id"": 1, ""low_entry_timestep"": 0, ""return_timestep"": 109, ""event_timestep"": 109, ""reset_timestep"": 109, ""low_entry_clearance"": 0.21407346488547457, ""return_clearance"": 0.7941769945754669, ""pre_reset_budget"": 1.3100000000000078, ""post_reset_budget"": 2.4}, {""event_id"": 2, ""low_entry_timestep"": 238, ""return_timestep"": 300, ""event_timestep"": 300, ""reset_timestep"": 300, ""low_entry_clearance"": 0.46853316378083326, ""return_clearance"": 0.823927588357421, ""pre_reset_budget"": 0.4900000000000071, ""post_reset_budget"": 2.4}]"
stratified,train_fit,43,131000127,[119],1,False,"[""INSUFFICIENT_EVENTS""]",True,True,True,True,True,False,,0.5900000000000072,0,"[{""event_id"": 1, ""low_entry_timestep"": 5, ""return_timestep"": 119, ""event_timestep"": 119, ""reset_timestep"": 119, ""low_entry_clearance"": 0.4651503793783567, ""return_clearance"": 0.8013861627677448, ""pre_reset_budget"": 1.2100000000000077, ""post_reset_budget"": 2.4}]"
stratified,train_fit,44,131000129,"[136, 171]",2,True,[],True,True,True,True,True,False,,1.0400000000000076,0,"[{""event_id"": 1, ""low_entry_timestep"": 118, ""return_timestep"": 136, ""event_timestep"": 136, ""reset_timestep"": 136, ""low_entry_clearance"": 0.4301841639763901, ""return_clearance"": 0.8320781354275412, ""pre_reset_budget"": 1.0400000000000076, ""post_reset_budget"": 2.4}, {""event_id"": 2, ""low_entry_timestep"": 150, ""return_timestep"": 171, ""event_timestep"": 171, ""reset_timestep"": 171, ""low_entry_clearance"": 0.46344894024650296, ""return_clearance"": 0.8022505887184824, ""pre_reset_budget"": 2.0500000000000074, ""post_reset_budget"": 2.4}]"
stratified,train_fit,45,131000133,"[19, 74, 134, 288]",4,True,[],True,True,True,True,True,False,,0.8600000000000074,0,"[{""event_id"": 1, ""low_entry_timestep"": 0, ""return_timestep"": 19, ""event_timestep"": 19, ""reset_timestep"": 19, ""low_entry_clearance"": 0.2947738983586648, ""return_clearance"": 0.8188645435609567, ""pre_reset_budget"": 2.210000000000004, ""post_reset_budget"": 2.4}, {""event_id"": 2, ""low_entry_timestep"": 47, ""return_timestep"": 74, ""event_timestep"": 74, ""reset_timestep"": 74, ""low_entry_clearance"": 0.4508626960152188, ""return_clearance"": 0.8179004265378919, ""pre_reset_budget"": 1.8500000000000083, ""post_reset_budget"": 2.3414575159549713}, {""event_id"": 3, ""low_entry_timestep"": 81, ""return_timestep"": 134, ""event_timestep"": 134, ""reset_timestep"": 134, ""low_entry_clearance"": 0.4686483948579566, ""return_clearance"": 0.8151396275485906, ""pre_reset_budget"": 1.7414575159549783, ""post_reset_budget"": 2.4}, {""event_id"": 4, ""low_entry_timestep"": 213, ""return_timestep"": 288, ""event_timestep"": 288, ""reset_timestep"": 288, ""low_entry_clearance"": 0.4551779838006207, ""return_clearance"": 0.796644972343887, ""pre_reset_budget"": 0.8600000000000074, ""post_reset_budget"": 2.0704397410154343}]"
stratified,train_fit,46,131000135,[258],1,False,"[""DELTA_MARGIN_FAIL"", ""REGION_GATE_FAIL"", ""TRANSITION_SOUNDNESS_FAIL"", ""INSUFFICIENT_EVENTS""]",False,True,False,False,True,True,241,-0.17999999999999322,0,"[{""event_id"": 1, ""low_entry_timestep"": 167, ""return_timestep"": 258, ""event_timestep"": 258, ""reset_timestep"": 258, ""low_entry_clearance"": 0.47227500483409035, ""return_clearance"": 0.7972221366389011, ""pre_reset_budget"": -0.17999999999999322, ""post_reset_budget"": 2.4}]"
stratified,train_fit,47,131000137,[29],1,False,"[""DELTA_MARGIN_FAIL"", ""REGION_GATE_FAIL"", ""TRANSITION_SOUNDNESS_FAIL"", ""INSUFFICIENT_EVENTS""]",False,True,False,False,True,True,270,-0.30999999999999334,0,"[{""event_id"": 1, ""low_entry_timestep"": 0, ""return_timestep"": 29, ""event_timestep"": 29, ""reset_timestep"": 29, ""low_entry_clearance"": 0.4159697073010604, ""return_clearance"": 0.8052720474427314, ""pre_reset_budget"": 2.110000000000006, ""post_reset_budget"": 2.4}]"
stratified,train_fit,48,131000141,"[44, 76, 121, 174, 204, 257]",6,True,[],True,True,True,True,True,False,,1.5740715873241442,0,"[{""event_id"": 1, ""low_entry_timestep"": 2, ""return_timestep"": 44, ""event_timestep"": 44, ""reset_timestep"": 44, ""low_entry_clearance"": 0.35594874242857033, ""return_clearance"": 0.8260275712480268, ""pre_reset_budget"": 1.9600000000000084, ""post_reset_budget"": 2.14320507645607}, {""event_id"": 2, ""low_entry_timestep"": 64, ""return_timestep"": 76, ""event_timestep"": 76, ""reset_timestep"": 76, ""low_entry_clearance"": 0.45642109432456013, ""return_clearance"": 0.8242391791681954, ""pre_reset_budget"": 1.8232050764560728, ""post_reset_budget"": 2.4}, {""event_id"": 3, ""low_entry_timestep"": 100, ""return_timestep"": 121, ""event_timestep"": 121, ""reset_timestep"": 121, ""low_entry_clearance"": 0.4607566866790519, ""return_clearance"": 0.8218126295088024, ""pre_reset_budget"": 1.9500000000000084, ""post_reset_budget"": 2.1040715873241425}, {""event_id"": 4, ""low_entry_timestep"": 164, ""return_timestep"": 174, ""event_timestep"": 174, ""reset_timestep"": 174, ""low_entry_clearance"": 0.46601610847185865, ""return_clearance"": 0.8281811749101126, ""pre_reset_budget"": 1.5740715873241442, ""post_reset_budget"": 2.2388602793216705}, {""event_id"": 5, ""low_entry_timestep"": 197, ""return_timestep"": 204, ""event_timestep"": 204, ""reset_timestep"": 204, ""low_entry_clearance"": 0.4569983837341175, ""return_clearance"": 0.8448072802836825, ""pre_reset_budget"": 1.9388602793216754, ""post_reset_budget"": 2.4}, {""event_id"": 6, ""low_entry_timestep"": 244, ""return_timestep"": 257, ""event_timestep"": 257, ""reset_timestep"": 257, ""low_entry_clearance"": 0.4693602721929793, ""return_clearance"": 0.8214973339849015, ""pre_reset_budget"": 1.8700000000000083, ""post_reset_budget"": 2.1597607135772705}]"
stratified,train_fit,49,131000145,"[161, 183, 199, 246]",4,True,[],True,True,True,True,True,False,,0.7900000000000074,0,"[{""event_id"": 1, ""low_entry_timestep"": 67, ""return_timestep"": 161, ""event_timestep"": 161, ""reset_timestep"": 161, ""low_entry_clearance"": 0.439027843261465, ""return_clearance"": 0.8126279656802499, ""pre_reset_budget"": 0.7900000000000074, ""post_reset_budget"": 2.0815809965133667}, {""event_id"": 2, ""low_entry_timestep"": 168, ""return_timestep"": 183, ""event_timestep"": 183, ""reset_timestep"": 183, ""low_entry_clearance"": 0.4335726483683172, ""return_clearance"": 0.8101387926977932, ""pre_reset_budget"": 1.8615809965133683, ""post_reset_budget"": 2.4}, {""event_id"": 3, ""low_entry_timestep"": 191, ""return_timestep"": 199, ""event_timestep"": 199, ""reset_timestep"": 199, ""low_entry_clearance"": 0.43763916322746677, ""return_clearance"": 0.8520172025081131, ""pre_reset_budget"": 2.2400000000000033, ""post_reset_budget"": 2.187166392803192}, {""event_id"": 4, ""low_entry_timestep"": 230, ""return_timestep"": 246, ""event_timestep"": 246, ""reset_timestep"": 246, ""low_entry_clearance"": 0.4633319698314821, ""return_clearance"": 0.7945104560644151, ""pre_reset_budget"": 1.7171663928031957, ""post_reset_budget"": 2.4}]"
stratified,train_fit,50,131000147,"[63, 126, 162]",3,True,[],True,True,True,True,True,False,,1.0200000000000076,0,"[{""event_id"": 1, ""low_entry_timestep"": 13, ""return_timestep"": 63, ""event_timestep"": 63, ""reset_timestep"": 63, ""low_entry_clearance"": 0.4518119598144814, ""return_clearance"": 0.846373259500188, ""pre_reset_budget"": 1.7700000000000082, ""post_reset_budget"": 2.3083225786685944}, {""event_id"": 2, ""low_entry_timestep"": 91, ""return_timestep"": 126, ""event_timestep"": 126, ""reset_timestep"": 126, ""low_entry_clearance"": 0.42973805910378854, ""return_clearance"": 0.8099938401823947, ""pre_reset_budget"": 1.6783225786686005, ""post_reset_budget"": 2.3269645869731903}, {""event_id"": 3, ""low_entry_timestep"": 148, ""return_timestep"": 162, ""event_timestep"": 162, ""reset_timestep"": 162, ""low_entry_clearance"": 0.4060756786181301, ""return_clearance"": 0.8098825696899656, ""pre_reset_budget"": 1.966964586973197, ""post_reset_budget"": 2.4}]"
stratified,train_fit,51,131000151,[],0,False,"[""DELTA_MARGIN_FAIL"", ""REGION_GATE_FAIL"", ""TRANSITION_SOUNDNESS_FAIL"", ""INSUFFICIENT_EVENTS""]",False,True,False,False,True,True,241,-0.5999999999999935,0,[]
stratified,train_fit,52,131000153,"[54, 83, 201, 228, 283]",5,True,[],True,True,True,True,True,False,,1.2200000000000077,0,"[{""event_id"": 1, ""low_entry_timestep"": 0, ""return_timestep"": 54, ""event_timestep"": 54, ""reset_timestep"": 54, ""low_entry_clearance"": 0.08450768687057361, ""return_clearance"": 0.8115401191695366, ""pre_reset_budget"": 1.8600000000000083, ""post_reset_budget"": 2.4}, {""event_id"": 2, ""low_entry_timestep"": 63, ""return_timestep"": 83, ""event_timestep"": 83, ""reset_timestep"": 83, ""low_entry_clearance"": 0.4334909128118818, ""return_clearance"": 0.8182536491618034, ""pre_reset_budget"": 2.110000000000006, ""post_reset_budget"": 2.4}, {""event_id"": 3, ""low_entry_timestep"": 117, ""return_timestep"": 201, ""event_timestep"": 201, ""reset_timestep"": 201, ""low_entry_clearance"": 0.42103882555102184, ""return_clearance"": 0.8267211891531988, ""pre_reset_budget"": 1.2200000000000077, ""post_reset_budget"": 2.4}, {""event_id"": 4, ""low_entry_timestep"": 220, ""return_timestep"": 228, ""event_timestep"": 228, ""reset_timestep"": 228, ""low_entry_clearance"": 0.4705768312890589, ""return_clearance"": 0.8502094473563158, ""pre_reset_budget"": 2.1300000000000057, ""post_reset_budget"": 2.4}, {""event_id"": 5, ""low_entry_timestep"": 272, ""return_timestep"": 283, ""event_timestep"": 283, ""reset_timestep"": 283, ""low_entry_clearance"": 0.46490971714251833, ""return_clearance"": 0.8052905979960292, ""pre_reset_budget"": 1.8500000000000083, ""post_reset_budget"": 2.4}]"
stratified,train_fit,53,131000157,[],0,False,"[""DELTA_MARGIN_FAIL"", ""REGION_GATE_FAIL"", ""TRANSITION_SOUNDNESS_FAIL"", ""INSUFFICIENT_EVENTS""]",False,True,False,False,True,True,241,-0.5999999999999935,0,[]
stratified,train_fit,54,131000159,"[42, 167, 251]",3,True,[],True,True,True,True,True,False,,1.1500000000000077,0,"[{""event_id"": 1, ""low_entry_timestep"": 27, ""return_timestep"": 42, ""event_timestep"": 42, ""reset_timestep"": 42, ""low_entry_clearance"": 0.4071379274653043, ""return_clearance"": 0.8343892242705051, ""pre_reset_budget"": 1.9800000000000084, ""post_reset_budget"": 2.4}, {""event_id"": 2, ""low_entry_timestep"": 142, ""return_timestep"": 167, ""event_timestep"": 167, ""reset_timestep"": 167, ""low_entry_clearance"": 0.4395052900082763, ""return_clearance"": 0.8092492436690356, ""pre_reset_budget"": 1.1500000000000077, ""post_reset_budget"": 2.4}, {""event_id"": 3, ""low_entry_timestep"": 227, ""return_timestep"": 251, ""event_timestep"": 251, ""reset_timestep"": 251, ""low_entry_clearance"": 0.4523225453204693, ""return_clearance"": 0.8046513891913653, ""pre_reset_budget"": 1.560000000000008, ""post_reset_budget"": 2.204935997724533}]"
stratified,train_fit,55,131000163,"[11, 78, 206]",3,True,[],True,True,True,True,True,False,,1.1200000000000077,0,"[{""event_id"": 1, ""low_entry_timestep"": 2, ""return_timestep"": 11, ""event_timestep"": 11, ""reset_timestep"": 11, ""low_entry_clearance"": 0.23981055618675964, ""return_clearance"": 0.827161984743694, ""pre_reset_budget"": 2.2900000000000023, ""post_reset_budget"": 2.4}, {""event_id"": 2, ""low_entry_timestep"": 61, ""return_timestep"": 78, ""event_timestep"": 78, ""reset_timestep"": 78, ""low_entry_clearance"": 0.46019445756146843, ""return_clearance"": 0.8033194161894008, ""pre_reset_budget"": 1.7300000000000082, ""post_reset_budget"": 2.4}, {""event_id"": 3, ""low_entry_timestep"": 194, ""return_timestep"": 206, ""event_timestep"": 206, ""reset_timestep"": 206, ""low_entry_clearance"": 0.4319026376186629, ""return_clearance"": 0.843045620599626, ""pre_reset_budget"": 1.1200000000000077, ""post_reset_budget"": 2.4}]"
stratified,train_fit,56,131000165,[73],1,False,"[""INSUFFICIENT_EVENTS""]",True,True,True,True,True,False,,0.13000000000000678,0,"[{""event_id"": 1, ""low_entry_timestep"": 22, ""return_timestep"": 73, ""event_timestep"": 73, ""reset_timestep"": 73, ""low_entry_clearance"": 0.4656076645664341, ""return_clearance"": 0.8072339109044308, ""pre_reset_budget"": 1.6700000000000081, ""post_reset_budget"": 2.4}]"
stratified,train_fit,57,131000167,[],0,False,"[""DELTA_MARGIN_FAIL"", ""REGION_GATE_FAIL"", ""TRANSITION_SOUNDNESS_FAIL"", ""INSUFFICIENT_EVENTS""]",False,True,False,False,True,True,241,-0.5999999999999935,0,[]
stratified,train_fit,58,131000169,[176],1,False,"[""INSUFFICIENT_EVENTS""]",True,True,True,True,True,False,,0.6400000000000072,0,"[{""event_id"": 1, ""low_entry_timestep"": 20, ""return_timestep"": 176, ""event_timestep"": 176, ""reset_timestep"": 176, ""low_entry_clearance"": 0.4275964662677068, ""return_clearance"": 0.8110792502876598, ""pre_reset_budget"": 0.6400000000000072, ""post_reset_budget"": 2.4}]"
stratified,train_fit,59,131000171,[11],1,False,"[""DELTA_MARGIN_FAIL"", ""REGION_GATE_FAIL"", ""TRANSITION_SOUNDNESS_FAIL"", ""INSUFFICIENT_EVENTS""]",False,True,False,False,True,True,252,-0.4899999999999935,0,"[{""event_id"": 1, ""low_entry_timestep"": 0, ""return_timestep"": 11, ""event_timestep"": 11, ""reset_timestep"": 11, ""low_entry_clearance"": 0.264083230598705, ""return_clearance"": 0.8248596953527093, ""pre_reset_budget"": 2.2900000000000023, ""post_reset_budget"": 2.4}]"
stratified,train_fit,60,131000173,"[11, 64, 110, 260]",4,True,[],True,True,True,True,True,False,,0.9000000000000075,0,"[{""event_id"": 1, ""low_entry_timestep"": 1, ""return_timestep"": 11, ""event_timestep"": 11, ""reset_timestep"": 11, ""low_entry_clearance"": 0.37791645904179216, ""return_clearance"": 0.7955769831693438, ""pre_reset_budget"": 2.2900000000000023, ""post_reset_budget"": 2.4}, {""event_id"": 2, ""low_entry_timestep"": 48, ""return_timestep"": 64, ""event_timestep"": 64, ""reset_timestep"": 64, ""low_entry_clearance"": 0.4338617956888245, ""return_clearance"": 0.8951100971125053, ""pre_reset_budget"": 1.8700000000000083, ""post_reset_budget"": 2.4}, {""event_id"": 3, ""low_entry_timestep"": 81, ""return_timestep"": 110, ""event_timestep"": 110, ""reset_timestep"": 110, ""low_entry_clearance"": 0.4697763016155352, ""return_clearance"": 0.8012046276262712, ""pre_reset_budget"": 1.9400000000000084, ""post_reset_budget"": 2.4}, {""event_id"": 4, ""low_entry_timestep"": 147, ""return_timestep"": 260, ""event_timestep"": 260, ""reset_timestep"": 260, ""low_entry_clearance"": 0.4473146636599289, ""return_clearance"": 0.8335327068884333, ""pre_reset_budget"": 0.9000000000000075, ""post_reset_budget"": 2.4}]"
stratified,train_fit,61,131000177,"[203, 229, 256]",3,True,[],True,True,True,True,True,False,,0.370000000000007,0,"[{""event_id"": 1, ""low_entry_timestep"": 15, ""return_timestep"": 203, ""event_timestep"": 203, ""reset_timestep"": 203, ""low_entry_clearance"": 0.4661762309330388, ""return_clearance"": 0.8207632007426184, ""pre_reset_budget"": 0.370000000000007, ""post_reset_budget"": 2.0382708311080933}, {""event_id"": 2, ""low_entry_timestep"": 217, ""return_timestep"": 229, ""event_timestep"": 229, ""reset_timestep"": 229, ""low_entry_clearance"": 0.3993103340342147, ""return_clearance"": 0.8622560584590134, ""pre_reset_budget"": 1.7782708311080937, ""post_reset_budget"": 2.4}, {""event_id"": 3, ""low_entry_timestep"": 244, ""return_timestep"": 256, ""event_timestep"": 256, ""reset_timestep"": 256, ""low_entry_clearance"": 0.39534449089788376, ""return_clearance"": 0.8987857309594938, ""pre_reset_budget"": 2.1300000000000057, ""post_reset_budget"": 2.2283186614513397}]"
stratified,train_fit,62,131000179,[121],1,False,"[""INSUFFICIENT_EVENTS""]",True,True,True,True,True,False,,0.6100000000000072,0,"[{""event_id"": 1, ""low_entry_timestep"": 10, ""return_timestep"": 121, ""event_timestep"": 121, ""reset_timestep"": 121, ""low_entry_clearance"": 0.42852848836948787, ""return_clearance"": 0.7987273882559193, ""pre_reset_budget"": 1.1900000000000077, ""post_reset_budget"": 2.4}]"
stratified,train_fit,63,131000181,"[69, 155, 254]",3,True,[],True,True,True,True,True,False,,1.410000000000008,0,"[{""event_id"": 1, ""low_entry_timestep"": 1, ""return_timestep"": 69, ""event_timestep"": 69, ""reset_timestep"": 69, ""low_entry_clearance"": 0.46768979338140093, ""return_clearance"": 0.7917244078676988, ""pre_reset_budget"": 1.7100000000000082, ""post_reset_budget"": 2.4}, {""event_id"": 2, ""low_entry_timestep"": 82, ""return_timestep"": 155, ""event_timestep"": 155, ""reset_timestep"": 155, ""low_entry_clearance"": 0.4545613248178645, ""return_clearance"": 0.8302148324926629, ""pre_reset_budget"": 1.540000000000008, ""post_reset_budget"": 2.4}, {""event_id"": 3, ""low_entry_timestep"": 171, ""return_timestep"": 254, ""event_timestep"": 254, ""reset_timestep"": 254, ""low_entry_clearance"": 0.43912999459066837, ""return_clearance"": 0.7985585697600134, ""pre_reset_budget"": 1.410000000000008, ""post_reset_budget"": 2.4}]"
stratified,train_fit,64,131000187,"[104, 185, 239]",3,True,[],True,True,True,True,True,False,,1.3600000000000079,0,"[{""event_id"": 1, ""low_entry_timestep"": 25, ""return_timestep"": 104, ""event_timestep"": 104, ""reset_timestep"": 104, ""low_entry_clearance"": 0.44755478219946504, ""return_clearance"": 0.8126198606846414, ""pre_reset_budget"": 1.3600000000000079, ""post_reset_budget"": 2.4}, {""event_id"": 2, ""low_entry_timestep"": 119, ""return_timestep"": 185, ""event_timestep"": 185, ""reset_timestep"": 185, ""low_entry_clearance"": 0.4140075071271554, ""return_clearance"": 0.819181698272829, ""pre_reset_budget"": 1.590000000000008, ""post_reset_budget"": 2.4}, {""event_id"": 3, ""low_entry_timestep"": 193, ""return_timestep"": 239, ""event_timestep"": 239, ""reset_timestep"": 239, ""low_entry_clearance"": 0.46005800360923366, ""return_clearance"": 0.8184574041171147, ""pre_reset_budget"": 1.8600000000000083, ""post_reset_budget"": 2.4}]"
stratified,train_fit,65,131000191,"[23, 129, 169]",3,True,[],True,True,True,True,True,False,,1.0900000000000076,0,"[{""event_id"": 1, ""low_entry_timestep"": 6, ""return_timestep"": 23, ""event_timestep"": 23, ""reset_timestep"": 23, ""low_entry_clearance"": 0.4630508467476726, ""return_clearance"": 0.8579621578776818, ""pre_reset_budget"": 2.170000000000005, ""post_reset_budget"": 2.4}, {""event_id"": 2, ""low_entry_timestep"": 113, ""return_timestep"": 129, ""event_timestep"": 129, ""reset_timestep"": 129, ""low_entry_clearance"": 0.46492285816650847, ""return_clearance"": 0.7969343873876339, ""pre_reset_budget"": 1.3400000000000079, ""post_reset_budget"": 2.4}, {""event_id"": 3, ""low_entry_timestep"": 145, ""return_timestep"": 169, ""event_timestep"": 169, ""reset_timestep"": 169, ""low_entry_clearance"": 0.41631997307892404, ""return_clearance"": 0.8232045736351709, ""pre_reset_budget"": 2.0000000000000084, ""post_reset_budget"": 2.4}]"
stratified,train_fit,66,131000195,"[19, 84, 213]",3,True,[],True,True,True,True,True,False,,1.1100000000000076,0,"[{""event_id"": 1, ""low_entry_timestep"": 0, ""return_timestep"": 19, ""event_timestep"": 19, ""reset_timestep"": 19, ""low_entry_clearance"": 0.3739214526543845, ""return_clearance"": 0.7988373119320301, ""pre_reset_budget"": 2.045638976097111, ""post_reset_budget"": 2.4}, {""event_id"": 2, ""low_entry_timestep"": 33, ""return_timestep"": 84, ""event_timestep"": 84, ""reset_timestep"": 84, ""low_entry_clearance"": 0.4625781972608363, ""return_clearance"": 0.7976502779775367, ""pre_reset_budget"": 1.7500000000000082, ""post_reset_budget"": 2.4}, {""event_id"": 3, ""low_entry_timestep"": 92, ""return_timestep"": 213, ""event_timestep"": 213, ""reset_timestep"": 213, ""low_entry_clearance"": 0.3970356570993447, ""return_clearance"": 0.8025157472960909, ""pre_reset_budget"": 1.1100000000000076, ""post_reset_budget"": 2.300674229860306}]"
stratified,train_fit,67,131000197,"[47, 256]",2,True,[],True,True,True,True,True,False,,0.31000000000000694,0,"[{""event_id"": 1, ""low_entry_timestep"": 1, ""return_timestep"": 47, ""event_timestep"": 47, ""reset_timestep"": 47, ""low_entry_clearance"": 0.4411069310887998, ""return_clearance"": 0.8008782817913496, ""pre_reset_budget"": 1.9300000000000084, ""post_reset_budget"": 2.4}, {""event_id"": 2, ""low_entry_timestep"": 232, ""return_timestep"": 256, ""event_timestep"": 256, ""reset_timestep"": 256, ""low_entry_clearance"": 0.4487756949163878, ""return_clearance"": 0.8142818938729767, ""pre_reset_budget"": 0.31000000000000694, ""post_reset_budget"": 2.4}]"
stratified,train_fit,68,131000199,"[129, 238]",2,True,[],True,True,True,True,True,False,,1.1100000000000076,0,"[{""event_id"": 1, ""low_entry_timestep"": 0, ""return_timestep"": 129, ""event_timestep"": 129, ""reset_timestep"": 129, ""low_entry_clearance"": 0.2521803666515772, ""return_clearance"": 0.8107498098744309, ""pre_reset_budget"": 1.1100000000000076, ""post_reset_budget"": 2.4}, {""event_id"": 2, ""low_entry_timestep"": 162, ""return_timestep"": 238, ""event_timestep"": 238, ""reset_timestep"": 238, ""low_entry_clearance"": 0.46065305564874726, ""return_clearance"": 0.833066520097952, ""pre_reset_budget"": 1.3100000000000078, ""post_reset_budget"": 2.4}]"
stratified,train_fit,69,131000207,"[107, 135, 291]",3,True,[],True,True,True,True,True,False,,0.8400000000000074,0,"[{""event_id"": 1, ""low_entry_timestep"": 20, ""return_timestep"": 107, ""event_timestep"": 107, ""reset_timestep"": 107, ""low_entry_clearance"": 0.45649724313153156, ""return_clearance"": 0.8409811081028774, ""pre_reset_budget"": 1.3300000000000078, ""post_reset_budget"": 2.3872004747390747}, {""event_id"": 2, ""low_entry_timestep"": 125, ""return_timestep"": 135, ""event_timestep"": 135, ""reset_timestep"": 135, ""low_entry_clearance"": 0.4648401636898918, ""return_clearance"": 0.8360808418944258, ""pre_reset_budget"": 2.1072004747390807, ""post_reset_budget"": 2.4}, {""event_id"": 3, ""low_entry_timestep"": 181, ""return_timestep"": 291, ""event_timestep"": 291, ""reset_timestep"": 291, ""low_entry_clearance"": 0.46077198758522386, ""return_clearance"": 0.7953920215953754, ""pre_reset_budget"": 0.8400000000000074, ""post_reset_budget"": 2.4}]"
stratified,train_fit,70,131000211,[78],1,False,"[""INSUFFICIENT_EVENTS""]",True,True,True,True,True,False,,0.18000000000000682,0,"[{""event_id"": 1, ""low_entry_timestep"": 23, ""return_timestep"": 78, ""event_timestep"": 78, ""reset_timestep"": 78, ""low_entry_clearance"": 0.4478134065819859, ""return_clearance"": 0.7953406503188373, ""pre_reset_budget"": 1.620000000000008, ""post_reset_budget"": 2.4}]"
stratified,train_fit,71,131000213,"[143, 170]",2,True,[],True,True,True,True,True,False,,0.9700000000000075,0,"[{""event_id"": 1, ""low_entry_timestep"": 68, ""return_timestep"": 143, ""event_timestep"": 143, ""reset_timestep"": 143, ""low_entry_clearance"": 0.4406455075787592, ""return_clearance"": 0.8423705303765855, ""pre_reset_budget"": 0.9700000000000075, ""post_reset_budget"": 2.4}, {""event_id"": 2, ""low_entry_timestep"": 152, ""return_timestep"": 170, ""event_timestep"": 170, ""reset_timestep"": 170, ""low_entry_clearance"": 0.42673106513451325, ""return_clearance"": 0.8432419271526588, ""pre_reset_budget"": 2.1300000000000057, ""post_reset_budget"": 2.4}]"
stratified,train_fit,72,131000215,"[46, 67, 128, 201, 297]",5,True,[],True,True,True,True,True,False,,1.440000000000008,0,"[{""event_id"": 1, ""low_entry_timestep"": 16, ""return_timestep"": 46, ""event_timestep"": 46, ""reset_timestep"": 46, ""low_entry_clearance"": 0.44413950843637134, ""return_clearance"": 0.8243541244773164, ""pre_reset_budget"": 1.9400000000000084, ""post_reset_budget"": 2.4}, {""event_id"": 2, ""low_entry_timestep"": 53, ""return_timestep"": 67, ""event_timestep"": 67, ""reset_timestep"": 67, ""low_entry_clearance"": 0.3882744832667724, ""return_clearance"": 0.8008270343624755, ""pre_reset_budget"": 2.1900000000000044, ""post_reset_budget"": 2.276123821735382}, {""event_id"": 3, ""low_entry_timestep"": 110, ""return_timestep"": 128, ""event_timestep"": 128, ""reset_timestep"": 128, ""low_entry_clearance"": 0.45816884737836056, ""return_clearance"": 0.797693766908179, ""pre_reset_budget"": 1.6661238217353875, ""post_reset_budget"": 2.4}, {""event_id"": 4, ""low_entry_timestep"": 136, ""return_timestep"": 201, ""event_timestep"": 201, ""reset_timestep"": 201, ""low_entry_clearance"": 0.4516953931575719, ""return_clearance"": 0.8707515916987768, ""pre_reset_budget"": 1.6700000000000081, ""post_reset_budget"": 2.4}, {""event_id"": 5, ""low_entry_timestep"": 206, ""return_timestep"": 297, ""event_timestep"": 297, ""reset_timestep"": 297, ""low_entry_clearance"": 0.4197865112720143, ""return_clearance"": 0.7936796193055292, ""pre_reset_budget"": 1.440000000000008, ""post_reset_budget"": 2.4}]"
stratified,train_fit,73,131000217,[197],1,False,"[""INSUFFICIENT_EVENTS""]",True,True,True,True,True,False,,0.43000000000000704,0,"[{""event_id"": 1, ""low_entry_timestep"": 124, ""return_timestep"": 197, ""event_timestep"": 197, ""reset_timestep"": 197, ""low_entry_clearance"": 0.4449723935940195, ""return_clearance"": 0.7995149229588175, ""pre_reset_budget"": 0.43000000000000704, ""post_reset_budget"": 2.4}]"
stratified,train_fit,74,131000221,"[45, 106, 185, 296]",4,True,[],True,True,True,True,True,False,,1.2900000000000078,0,"[{""event_id"": 1, ""low_entry_timestep"": 0, ""return_timestep"": 45, ""event_timestep"": 45, ""reset_timestep"": 45, ""low_entry_clearance"": 0.3577445194682965, ""return_clearance"": 0.8782750894017927, ""pre_reset_budget"": 1.9500000000000084, ""post_reset_budget"": 2.4}, {""event_id"": 2, ""low_entry_timestep"": 77, ""return_timestep"": 106, ""event_timestep"": 106, ""reset_timestep"": 106, ""low_entry_clearance"": 0.4269637041098784, ""return_clearance"": 0.8433811034760126, ""pre_reset_budget"": 1.7900000000000083, ""post_reset_budget"": 2.4}, {""event_id"": 3, ""low_entry_timestep"": 130, ""return_timestep"": 185, ""event_timestep"": 185, ""reset_timestep"": 185, ""low_entry_clearance"": 0.46763459058286183, ""return_clearance"": 0.8054739432995354, ""pre_reset_budget"": 1.610000000000008, ""post_reset_budget"": 2.4}, {""event_id"": 4, ""low_entry_timestep"": 193, ""return_timestep"": 296, ""event_timestep"": 296, ""reset_timestep"": 296, ""low_entry_clearance"": 0.4611674923036652, ""return_clearance"": 0.794010347961347, ""pre_reset_budget"": 1.2900000000000078, ""post_reset_budget"": 2.4}]"
stratified,train_fit,75,131000227,"[67, 263]",2,True,[],True,True,True,True,True,False,,0.44000000000000705,0,"[{""event_id"": 1, ""low_entry_timestep"": 2, ""return_timestep"": 67, ""event_timestep"": 67, ""reset_timestep"": 67, ""low_entry_clearance"": 0.4284685357648119, ""return_clearance"": 0.8059252136524597, ""pre_reset_budget"": 1.7300000000000082, ""post_reset_budget"": 2.4}, {""event_id"": 2, ""low_entry_timestep"": 170, ""return_timestep"": 263, ""event_timestep"": 263, ""reset_timestep"": 263, ""low_entry_clearance"": 0.4601760005112535, ""return_clearance"": 0.8236828910686533, ""pre_reset_budget"": 0.44000000000000705, ""post_reset_budget"": 2.3289832174777985}]"
stratified,train_fit,76,131000229,"[11, 46, 173]",3,True,[],True,True,True,True,True,False,,1.1300000000000077,0,"[{""event_id"": 1, ""low_entry_timestep"": 2, ""return_timestep"": 11, ""event_timestep"": 11, ""reset_timestep"": 11, ""low_entry_clearance"": 0.46065229547235703, ""return_clearance"": 0.8031959413300515, ""pre_reset_budget"": 2.2900000000000023, ""post_reset_budget"": 2.4}, {""event_id"": 2, ""low_entry_timestep"": 23, ""return_timestep"": 46, ""event_timestep"": 46, ""reset_timestep"": 46, ""low_entry_clearance"": 0.4451154975808818, ""return_clearance"": 0.8004550269352503, ""pre_reset_budget"": 2.0500000000000074, ""post_reset_budget"": 2.4}, {""event_id"": 3, ""low_entry_timestep"": 85, ""return_timestep"": 173, ""event_timestep"": 173, ""reset_timestep"": 173, ""low_entry_clearance"": 0.4717883504169124, ""return_clearance"": 0.8202119674841111, ""pre_reset_budget"": 1.1300000000000077, ""post_reset_budget"": 2.4}]"
stratified,train_fit,77,131000231,[11],1,False,"[""DELTA_MARGIN_FAIL"", ""REGION_GATE_FAIL"", ""TRANSITION_SOUNDNESS_FAIL"", ""INSUFFICIENT_EVENTS""]",False,True,False,False,True,True,252,-0.4899999999999935,0,"[{""event_id"": 1, ""low_entry_timestep"": 2, ""return_timestep"": 11, ""event_timestep"": 11, ""reset_timestep"": 11, ""low_entry_clearance"": 0.3481080623320981, ""return_clearance"": 0.8099850465430344, ""pre_reset_budget"": 2.2900000000000023, ""post_reset_budget"": 2.4}]"
stratified,train_fit,78,131000233,[163],1,False,"[""INSUFFICIENT_EVENTS""]",True,True,True,True,True,False,,0.7700000000000073,0,"[{""event_id"": 1, ""low_entry_timestep"": 4, ""return_timestep"": 163, ""event_timestep"": 163, ""reset_timestep"": 163, ""low_entry_clearance"": 0.4645756982452511, ""return_clearance"": 0.8033780675188176, ""pre_reset_budget"": 0.7700000000000073, ""post_reset_budget"": 2.4}]"
stratified,train_fit,79,131000235,"[50, 79]",2,True,[],True,True,True,True,True,False,,0.19000000000000683,0,"[{""event_id"": 1, ""low_entry_timestep"": 1, ""return_timestep"": 50, ""event_timestep"": 50, ""reset_timestep"": 50, ""low_entry_clearance"": 0.17290497078655917, ""return_clearance"": 0.8432744615538502, ""pre_reset_budget"": 1.9000000000000083, ""post_reset_budget"": 2.4}, {""event_id"": 2, ""low_entry_timestep"": 71, ""return_timestep"": 79, ""event_timestep"": 79, ""reset_timestep"": 79, ""low_entry_clearance"": 0.41720570228100334, ""return_clearance"": 0.8274926704473974, ""pre_reset_budget"": 2.110000000000006, ""post_reset_budget"": 2.4}]"
stratified,internal_validation,0,132000001,"[14, 62]",2,True,[],True,True,True,True,True,False,,0.020000000000006797,0,"[{""event_id"": 1, ""low_entry_timestep"": 0, ""return_timestep"": 14, ""event_timestep"": 14, ""reset_timestep"": 14, ""low_entry_clearance"": 0.0910676643684913, ""return_clearance"": 0.7937552117754826, ""pre_reset_budget"": 2.260000000000003, ""post_reset_budget"": 2.4}, {""event_id"": 2, ""low_entry_timestep"": 54, ""return_timestep"": 62, ""event_timestep"": 62, ""reset_timestep"": 62, ""low_entry_clearance"": 0.45408220147318334, ""return_clearance"": 0.8317492728085402, ""pre_reset_budget"": 1.9200000000000084, ""post_reset_budget"": 2.4}]"
stratified,internal_validation,1,132000009,"[2, 60]",2,True,[],True,True,True,True,True,False,,6.79664657887713e-15,0,"[{""event_id"": 1, ""low_entry_timestep"": 0, ""return_timestep"": 2, ""event_timestep"": 2, ""reset_timestep"": 2, ""low_entry_clearance"": 0.3161315667559034, ""return_clearance"": 0.8008009001018942, ""pre_reset_budget"": 2.3800000000000003, ""post_reset_budget"": 2.4}, {""event_id"": 2, ""low_entry_timestep"": 11, ""return_timestep"": 60, ""event_timestep"": 60, ""reset_timestep"": 60, ""low_entry_clearance"": 0.44814166435742836, ""return_clearance"": 0.8139261786894921, ""pre_reset_budget"": 1.8200000000000083, ""post_reset_budget"": 2.4}]"
stratified,internal_validation,2,132000013,"[92, 248]",2,True,[],True,True,True,True,True,False,,0.7359374487400105,0,"[{""event_id"": 1, ""low_entry_timestep"": 0, ""return_timestep"": 92, ""event_timestep"": 92, ""reset_timestep"": 92, ""low_entry_clearance"": 0.04241657933574048, ""return_clearance"": 0.8287929504219914, ""pre_reset_budget"": 1.480000000000008, ""post_reset_budget"": 2.2959374487400055}, {""event_id"": 2, ""low_entry_timestep"": 104, ""return_timestep"": 248, ""event_timestep"": 248, ""reset_timestep"": 248, ""low_entry_clearance"": 0.45650011565284265, ""return_clearance"": 0.801355853594468, ""pre_reset_budget"": 0.7359374487400105, ""post_reset_budget"": 2.3626039028167725}]"
stratified,internal_validation,3,132000015,[47],1,False,"[""DELTA_MARGIN_FAIL"", ""REGION_GATE_FAIL"", ""TRANSITION_SOUNDNESS_FAIL"", ""INSUFFICIENT_EVENTS""]",False,True,False,False,True,True,288,-0.12999999999999318,0,"[{""event_id"": 1, ""low_entry_timestep"": 0, ""return_timestep"": 47, ""event_timestep"": 47, ""reset_timestep"": 47, ""low_entry_clearance"": 0.0692604621255578, ""return_clearance"": 0.8076995844478277, ""pre_reset_budget"": 1.9300000000000084, ""post_reset_budget"": 2.4}]"
stratified,internal_validation,4,132000017,"[66, 243]",2,True,[],True,True,True,True,True,False,,0.6300000000000072,0,"[{""event_id"": 1, ""low_entry_timestep"": 53, ""return_timestep"": 66, ""event_timestep"": 66, ""reset_timestep"": 66, ""low_entry_clearance"": 0.42133926000581445, ""return_clearance"": 0.799382034059048, ""pre_reset_budget"": 1.7400000000000082, ""post_reset_budget"": 2.4}, {""event_id"": 2, ""low_entry_timestep"": 111, ""return_timestep"": 243, ""event_timestep"": 243, ""reset_timestep"": 243, ""low_entry_clearance"": 0.46131080123326035, ""return_clearance"": 0.7980278502076423, ""pre_reset_budget"": 0.6300000000000072, ""post_reset_budget"": 2.4}]"
stratified,internal_validation,5,132000019,"[48, 174, 217]",3,True,[],True,True,True,True,True,False,,1.1400000000000077,0,"[{""event_id"": 1, ""low_entry_timestep"": 37, ""return_timestep"": 48, ""event_timestep"": 48, ""reset_timestep"": 48, ""low_entry_clearance"": 0.4439769594297159, ""return_clearance"": 0.8307066209816931, ""pre_reset_budget"": 1.9200000000000084, ""post_reset_budget"": 2.4}, {""event_id"": 2, ""low_entry_timestep"": 63, ""return_timestep"": 174, ""event_timestep"": 174, ""reset_timestep"": 174, ""low_entry_clearance"": 0.44319624147225506, ""return_clearance"": 0.8108311166239669, ""pre_reset_budget"": 1.1400000000000077, ""post_reset_budget"": 2.2497525215148926}, {""event_id"": 3, ""low_entry_timestep"": 184, ""return_timestep"": 217, ""event_timestep"": 217, ""reset_timestep"": 217, ""low_entry_clearance"": 0.469847828048449, ""return_clearance"": 0.7938325433539604, ""pre_reset_budget"": 1.8197525215148975, ""post_reset_budget"": 2.213903158903122}]"
stratified,internal_validation,6,132000023,"[20, 73, 127, 276]",4,True,[],True,True,True,True,True,False,,0.9100000000000075,0,"[{""event_id"": 1, ""low_entry_timestep"": 11, ""return_timestep"": 20, ""event_timestep"": 20, ""reset_timestep"": 20, ""low_entry_clearance"": 0.4400970869416589, ""return_clearance"": 0.8640129475241559, ""pre_reset_budget"": 2.200000000000004, ""post_reset_budget"": 2.4}, {""event_id"": 2, ""low_entry_timestep"": 30, ""return_timestep"": 73, ""event_timestep"": 73, ""reset_timestep"": 73, ""low_entry_clearance"": 0.4732504018589415, ""return_clearance"": 0.8588656216318814, ""pre_reset_budget"": 1.8700000000000083, ""post_reset_budget"": 2.4}, {""event_id"": 3, ""low_entry_timestep"": 94, ""return_timestep"": 127, ""event_timestep"": 127, ""reset_timestep"": 127, ""low_entry_clearance"": 0.4061657744909064, ""return_clearance"": 0.8313605959178882, ""pre_reset_budget"": 1.8600000000000083, ""post_reset_budget"": 2.4}, {""event_id"": 4, ""low_entry_timestep"": 202, ""return_timestep"": 276, ""event_timestep"": 276, ""reset_timestep"": 276, ""low_entry_clearance"": 0.4491384019728657, ""return_clearance"": 0.8149310203333846, ""pre_reset_budget"": 0.9100000000000075, ""post_reset_budget"": 2.4}]"
stratified,internal_validation,7,132000025,[215],1,False,"[""INSUFFICIENT_EVENTS""]",True,True,True,True,True,False,,0.2500000000000069,0,"[{""event_id"": 1, ""low_entry_timestep"": 9, ""return_timestep"": 215, ""event_timestep"": 215, ""reset_timestep"": 215, ""low_entry_clearance"": 0.4234864752061189, ""return_clearance"": 0.7968302695491987, ""pre_reset_budget"": 0.2500000000000069, ""post_reset_budget"": 2.4}]"
stratified,internal_validation,8,132000027,"[93, 244]",2,True,[],True,True,True,True,True,False,,0.8900000000000075,0,"[{""event_id"": 1, ""low_entry_timestep"": 0, ""return_timestep"": 93, ""event_timestep"": 93, ""reset_timestep"": 93, ""low_entry_clearance"": 0.44637726761437707, ""return_clearance"": 0.8566640924595651, ""pre_reset_budget"": 1.470000000000008, ""post_reset_budget"": 2.4}, {""event_id"": 2, ""low_entry_timestep"": 173, ""return_timestep"": 244, ""event_timestep"": 244, ""reset_timestep"": 244, ""low_entry_clearance"": 0.4732355398355904, ""return_clearance"": 0.7949419042514911, ""pre_reset_budget"": 0.8900000000000075, ""post_reset_budget"": 2.4}]"
stratified,internal_validation,9,132000029,[11],1,False,"[""DELTA_MARGIN_FAIL"", ""REGION_GATE_FAIL"", ""TRANSITION_SOUNDNESS_FAIL"", ""INSUFFICIENT_EVENTS""]",False,True,False,False,True,True,252,-0.4899999999999935,0,"[{""event_id"": 1, ""low_entry_timestep"": 0, ""return_timestep"": 11, ""event_timestep"": 11, ""reset_timestep"": 11, ""low_entry_clearance"": 0.24862537357921735, ""return_clearance"": 0.8199985811756234, ""pre_reset_budget"": 2.2900000000000023, ""post_reset_budget"": 2.4}]"
stratified,internal_validation,10,132000033,[175],1,False,"[""INSUFFICIENT_EVENTS""]",True,True,True,True,True,False,,0.6500000000000072,0,"[{""event_id"": 1, ""low_entry_timestep"": 111, ""return_timestep"": 175, ""event_timestep"": 175, ""reset_timestep"": 175, ""low_entry_clearance"": 0.44339392439207503, ""return_clearance"": 0.8366459847803188, ""pre_reset_budget"": 0.6500000000000072, ""post_reset_budget"": 2.3219307363033295}]"
stratified,internal_validation,11,132000035,"[28, 75]",2,True,[],True,True,True,True,True,False,,0.10950824618340119,0,"[{""event_id"": 1, ""low_entry_timestep"": 0, ""return_timestep"": 28, ""event_timestep"": 28, ""reset_timestep"": 28, ""low_entry_clearance"": 0.46958797575521133, ""return_clearance"": 0.8193309906547624, ""pre_reset_budget"": 2.120000000000006, ""post_reset_budget"": 2.294863700866699}, {""event_id"": 2, ""low_entry_timestep"": 44, ""return_timestep"": 75, ""event_timestep"": 75, ""reset_timestep"": 75, ""low_entry_clearance"": 0.4622030181033521, ""return_clearance"": 0.7982181374641938, ""pre_reset_budget"": 1.8248637008667052, ""post_reset_budget"": 2.3595082461833954}]"
stratified,internal_validation,12,132000037,[],0,False,"[""DELTA_MARGIN_FAIL"", ""REGION_GATE_FAIL"", ""TRANSITION_SOUNDNESS_FAIL"", ""INSUFFICIENT_EVENTS""]",False,True,False,False,True,True,240,-0.6079471111297544,0,[]
stratified,internal_validation,13,132000039,"[10, 99]",2,True,[],True,True,True,True,True,False,,0.14208464860916292,0,"[{""event_id"": 1, ""low_entry_timestep"": 2, ""return_timestep"": 10, ""event_timestep"": 10, ""reset_timestep"": 10, ""low_entry_clearance"": 0.4583257616747037, ""return_clearance"": 0.7947441858497142, ""pre_reset_budget"": 2.300000000000002, ""post_reset_budget"": 2.4}, {""event_id"": 2, ""low_entry_timestep"": 76, ""return_timestep"": 99, ""event_timestep"": 99, ""reset_timestep"": 99, ""low_entry_clearance"": 0.4200718101919314, ""return_clearance"": 0.8055335476671572, ""pre_reset_budget"": 1.510000000000008, ""post_reset_budget"": 2.1520846486091614}]"
stratified,internal_validation,14,132000043,"[15, 86, 179]",3,True,[],True,True,True,True,True,False,,1.1900000000000077,0,"[{""event_id"": 1, ""low_entry_timestep"": 0, ""return_timestep"": 15, ""event_timestep"": 15, ""reset_timestep"": 15, ""low_entry_clearance"": 0.4425448863922178, ""return_clearance"": 0.7936156786258421, ""pre_reset_budget"": 2.0116693735122713, ""post_reset_budget"": 2.4}, {""event_id"": 2, ""low_entry_timestep"": 23, ""return_timestep"": 86, ""event_timestep"": 86, ""reset_timestep"": 86, ""low_entry_clearance"": 0.43020931117552436, ""return_clearance"": 0.82275390625, ""pre_reset_budget"": 1.6900000000000082, ""post_reset_budget"": 2.4}, {""event_id"": 3, ""low_entry_timestep"": 97, ""return_timestep"": 179, ""event_timestep"": 179, ""reset_timestep"": 179, ""low_entry_clearance"": 0.44844439564364263, ""return_clearance"": 0.848251485367387, ""pre_reset_budget"": 1.470000000000008, ""post_reset_budget"": 2.4}]"
stratified,internal_validation,15,132000047,[257],1,False,"[""DELTA_MARGIN_FAIL"", ""REGION_GATE_FAIL"", ""TRANSITION_SOUNDNESS_FAIL"", ""INSUFFICIENT_EVENTS""]",False,True,False,False,True,True,241,-0.1699999999999932,0,"[{""event_id"": 1, ""low_entry_timestep"": 1, ""return_timestep"": 257, ""event_timestep"": 257, ""reset_timestep"": 257, ""low_entry_clearance"": 0.2361622891799844, ""return_clearance"": 0.8187965554549271, ""pre_reset_budget"": -0.1699999999999932, ""post_reset_budget"": 2.2461263239383698}]"
stratified,internal_validation,16,132000049,"[18, 67, 81, 144, 203, 257, 299]",7,True,[],True,True,True,True,True,False,,1.7700000000000082,0,"[{""event_id"": 1, ""low_entry_timestep"": 12, ""return_timestep"": 18, ""event_timestep"": 18, ""reset_timestep"": 18, ""low_entry_clearance"": 0.4503881740586093, ""return_clearance"": 0.8038699246606541, ""pre_reset_budget"": 2.2200000000000037, ""post_reset_budget"": 2.4}, {""event_id"": 2, ""low_entry_timestep"": 22, ""return_timestep"": 67, ""event_timestep"": 67, ""reset_timestep"": 67, ""low_entry_clearance"": 0.4179460038029783, ""return_clearance"": 0.8055655124385119, ""pre_reset_budget"": 1.9100000000000084, ""post_reset_budget"": 2.4}, {""event_id"": 3, ""low_entry_timestep"": 72, ""return_timestep"": 81, ""event_timestep"": 81, ""reset_timestep"": 81, ""low_entry_clearance"": 0.42023119512327534, ""return_clearance"": 0.7962244781883374, ""pre_reset_budget"": 2.260000000000003, ""post_reset_budget"": 2.4}, {""event_id"": 4, ""low_entry_timestep"": 115, ""return_timestep"": 144, ""event_timestep"": 144, ""reset_timestep"": 144, ""low_entry_clearance"": 0.46417085044157846, ""return_clearance"": 0.7910774206819036, ""pre_reset_budget"": 1.7700000000000082, ""post_reset_budget"": 2.4}, {""event_id"": 5, ""low_entry_timestep"": 188, ""return_timestep"": 203, ""event_timestep"": 203, ""reset_timestep"": 203, ""low_entry_clearance"": 0.44903185003994384, ""return_clearance"": 0.8000473776773035, ""pre_reset_budget"": 1.8100000000000083, ""post_reset_budget"": 2.4}, {""event_id"": 6, ""low_entry_timestep"": 243, ""return_timestep"": 257, ""event_timestep"": 257, ""reset_timestep"": 257, ""low_entry_clearance"": 0.4318340480906312, ""return_clearance"": 0.8376293708745295, ""pre_reset_budget"": 1.8600000000000083, ""post_reset_budget"": 2.4}, {""event_id"": 7, ""low_entry_timestep"": 288, ""return_timestep"": 299, ""event_timestep"": 299, ""reset_timestep"": 299, ""low_entry_clearance"": 0.44351905938344627, ""return_clearance"": 0.852740426769442, ""pre_reset_budget"": 1.9800000000000084, ""post_reset_budget"": 2.4}]"
stratified,internal_validation,17,132000051,"[91, 213, 259]",3,True,[],True,True,True,True,True,False,,1.1800000000000077,0,"[{""event_id"": 1, ""low_entry_timestep"": 41, ""return_timestep"": 91, ""event_timestep"": 91, ""reset_timestep"": 91, ""low_entry_clearance"": 0.4623217729022979, ""return_clearance"": 0.83771066578203, ""pre_reset_budget"": 1.490000000000008, ""post_reset_budget"": 2.4}, {""event_id"": 2, ""low_entry_timestep"": 142, ""return_timestep"": 213, ""event_timestep"": 213, ""reset_timestep"": 213, ""low_entry_clearance"": 0.40435136437066194, ""return_clearance"": 0.8104934858640456, ""pre_reset_budget"": 1.1800000000000077, ""post_reset_budget"": 2.4}, {""event_id"": 3, ""low_entry_timestep"": 237, ""return_timestep"": 259, ""event_timestep"": 259, ""reset_timestep"": 259, ""low_entry_clearance"": 0.3723599965740748, ""return_clearance"": 0.8084527966291176, ""pre_reset_budget"": 1.9400000000000084, ""post_reset_budget"": 2.287654995918274}]"
stratified,internal_validation,18,132000053,[],0,False,"[""DELTA_MARGIN_FAIL"", ""REGION_GATE_FAIL"", ""TRANSITION_SOUNDNESS_FAIL"", ""INSUFFICIENT_EVENTS""]",False,True,False,False,True,True,241,-0.5999999999999935,0,[]
stratified,internal_validation,19,132000057,"[25, 204]",2,True,[],True,True,True,True,True,False,,0.6100000000000072,0,"[{""event_id"": 1, ""low_entry_timestep"": 0, ""return_timestep"": 25, ""event_timestep"": 25, ""reset_timestep"": 25, ""low_entry_clearance"": 0.3169898079473154, ""return_clearance"": 0.7966148101284224, ""pre_reset_budget"": 2.1500000000000052, ""post_reset_budget"": 2.4}, {""event_id"": 2, ""low_entry_timestep"": 35, ""return_timestep"": 204, ""event_timestep"": 204, ""reset_timestep"": 204, ""low_entry_clearance"": 0.4547851667348882, ""return_clearance"": 0.809396096915639, ""pre_reset_budget"": 0.6100000000000072, ""post_reset_budget"": 2.4}]"
stratified_matched_constant,internal_validation,0,132000001,"[14, 62]",2,False,"[""DELTA_MARGIN_FAIL"", ""REGION_GATE_FAIL"", ""TRANSITION_SOUNDNESS_FAIL""]",False,True,False,False,True,False,299,-0.01146549754495737,0,"[{""event_id"": 1, ""low_entry_timestep"": 0, ""return_timestep"": 14, ""event_timestep"": 14, ""reset_timestep"": 14, ""low_entry_clearance"": 0.0910676643684913, ""return_clearance"": 0.7937552117754826, ""pre_reset_budget"": 2.2285345024550396, ""post_reset_budget"": 2.3685345024550366}, {""event_id"": 2, ""low_entry_timestep"": 54, ""return_timestep"": 62, ""event_timestep"": 62, ""reset_timestep"": 62, ""low_entry_clearance"": 0.45408220147318334, ""return_clearance"": 0.8317492728085402, ""pre_reset_budget"": 1.8885345024550442, ""post_reset_budget"": 2.3685345024550366}]"
stratified_matched_constant,internal_validation,1,132000009,"[2, 60]",2,False,"[""DELTA_MARGIN_FAIL"", ""REGION_GATE_FAIL"", ""TRANSITION_SOUNDNESS_FAIL""]",False,True,False,False,True,False,297,-0.03146549754495737,0,"[{""event_id"": 1, ""low_entry_timestep"": 0, ""return_timestep"": 2, ""event_timestep"": 2, ""reset_timestep"": 2, ""low_entry_clearance"": 0.3161315667559034, ""return_clearance"": 0.8008009001018942, ""pre_reset_budget"": 2.348534502455037, ""post_reset_budget"": 2.3685345024550366}, {""event_id"": 2, ""low_entry_timestep"": 11, ""return_timestep"": 60, ""event_timestep"": 60, ""reset_timestep"": 60, ""low_entry_clearance"": 0.44814166435742836, ""return_clearance"": 0.8139261786894921, ""pre_reset_budget"": 1.788534502455044, ""post_reset_budget"": 2.3685345024550366}]"
stratified_matched_constant,internal_validation,2,132000013,"[92, 248]",2,True,[],True,True,True,True,True,False,,0.8085345024550432,0,"[{""event_id"": 1, ""low_entry_timestep"": 0, ""return_timestep"": 92, ""event_timestep"": 92, ""reset_timestep"": 92, ""low_entry_clearance"": 0.04241657933574048, ""return_clearance"": 0.8287929504219914, ""pre_reset_budget"": 1.4485345024550438, ""post_reset_budget"": 2.3685345024550366}, {""event_id"": 2, ""low_entry_timestep"": 104, ""return_timestep"": 248, ""event_timestep"": 248, ""reset_timestep"": 248, ""low_entry_clearance"": 0.45650011565284265, ""return_clearance"": 0.801355853594468, ""pre_reset_budget"": 0.8085345024550432, ""post_reset_budget"": 2.3685345024550366}]"
stratified_matched_constant,internal_validation,3,132000015,[47],1,False,"[""DELTA_MARGIN_FAIL"", ""REGION_GATE_FAIL"", ""TRANSITION_SOUNDNESS_FAIL"", ""INSUFFICIENT_EVENTS""]",False,True,False,False,True,True,284,-0.16146549754495737,0,"[{""event_id"": 1, ""low_entry_timestep"": 0, ""return_timestep"": 47, ""event_timestep"": 47, ""reset_timestep"": 47, ""low_entry_clearance"": 0.0692604621255578, ""return_clearance"": 0.8076995844478277, ""pre_reset_budget"": 1.8985345024550442, ""post_reset_budget"": 2.3685345024550366}]"
stratified_matched_constant,internal_validation,4,132000017,"[66, 243]",2,True,[],True,True,True,True,True,False,,0.598534502455043,0,"[{""event_id"": 1, ""low_entry_timestep"": 53, ""return_timestep"": 66, ""event_timestep"": 66, ""reset_timestep"": 66, ""low_entry_clearance"": 0.42133926000581445, ""return_clearance"": 0.799382034059048, ""pre_reset_budget"": 1.708534502455044, ""post_reset_budget"": 2.3685345024550366}, {""event_id"": 2, ""low_entry_timestep"": 111, ""return_timestep"": 243, ""event_timestep"": 243, ""reset_timestep"": 243, ""low_entry_clearance"": 0.46131080123326035, ""return_clearance"": 0.7980278502076423, ""pre_reset_budget"": 0.598534502455043, ""post_reset_budget"": 2.3685345024550366}]"
stratified_matched_constant,internal_validation,5,132000019,"[48, 174, 217]",3,True,[],True,True,True,True,True,False,,1.1085345024550435,0,"[{""event_id"": 1, ""low_entry_timestep"": 37, ""return_timestep"": 48, ""event_timestep"": 48, ""reset_timestep"": 48, ""low_entry_clearance"": 0.4439769594297159, ""return_clearance"": 0.8307066209816931, ""pre_reset_budget"": 1.8885345024550442, ""post_reset_budget"": 2.3685345024550366}, {""event_id"": 2, ""low_entry_timestep"": 63, ""return_timestep"": 174, ""event_timestep"": 174, ""reset_timestep"": 174, ""low_entry_clearance"": 0.44319624147225506, ""return_clearance"": 0.8108311166239669, ""pre_reset_budget"": 1.1085345024550435, ""post_reset_budget"": 2.3685345024550366}, {""event_id"": 3, ""low_entry_timestep"": 184, ""return_timestep"": 217, ""event_timestep"": 217, ""reset_timestep"": 217, ""low_entry_clearance"": 0.469847828048449, ""return_clearance"": 0.7938325433539604, ""pre_reset_budget"": 1.9385345024550442, ""post_reset_budget"": 2.3685345024550366}]"
stratified_matched_constant,internal_validation,6,132000023,"[20, 73, 127, 276]",4,True,[],True,True,True,True,True,False,,0.8785345024550433,0,"[{""event_id"": 1, ""low_entry_timestep"": 11, ""return_timestep"": 20, ""event_timestep"": 20, ""reset_timestep"": 20, ""low_entry_clearance"": 0.4400970869416589, ""return_clearance"": 0.8640129475241559, ""pre_reset_budget"": 2.168534502455041, ""post_reset_budget"": 2.3685345024550366}, {""event_id"": 2, ""low_entry_timestep"": 30, ""return_timestep"": 73, ""event_timestep"": 73, ""reset_timestep"": 73, ""low_entry_clearance"": 0.4732504018589415, ""return_clearance"": 0.8588656216318814, ""pre_reset_budget"": 1.8385345024550441, ""post_reset_budget"": 2.3685345024550366}, {""event_id"": 3, ""low_entry_timestep"": 94, ""return_timestep"": 127, ""event_timestep"": 127, ""reset_timestep"": 127, ""low_entry_clearance"": 0.4061657744909064, ""return_clearance"": 0.8313605959178882, ""pre_reset_budget"": 1.8285345024550441, ""post_reset_budget"": 2.3685345024550366}, {""event_id"": 4, ""low_entry_timestep"": 202, ""return_timestep"": 276, ""event_timestep"": 276, ""reset_timestep"": 276, ""low_entry_clearance"": 0.4491384019728657, ""return_clearance"": 0.8149310203333846, ""pre_reset_budget"": 0.8785345024550433, ""post_reset_budget"": 2.3685345024550366}]"
stratified_matched_constant,internal_validation,7,132000025,[215],1,False,"[""INSUFFICIENT_EVENTS""]",True,True,True,True,True,False,,0.2185345024550427,0,"[{""event_id"": 1, ""low_entry_timestep"": 9, ""return_timestep"": 215, ""event_timestep"": 215, ""reset_timestep"": 215, ""low_entry_clearance"": 0.4234864752061189, ""return_clearance"": 0.7968302695491987, ""pre_reset_budget"": 0.2185345024550427, ""post_reset_budget"": 2.3685345024550366}]"
stratified_matched_constant,internal_validation,8,132000027,"[93, 244]",2,True,[],True,True,True,True,True,False,,0.8585345024550433,0,"[{""event_id"": 1, ""low_entry_timestep"": 0, ""return_timestep"": 93, ""event_timestep"": 93, ""reset_timestep"": 93, ""low_entry_clearance"": 0.44637726761437707, ""return_clearance"": 0.8566640924595651, ""pre_reset_budget"": 1.4385345024550438, ""post_reset_budget"": 2.3685345024550366}, {""event_id"": 2, ""low_entry_timestep"": 173, ""return_timestep"": 244, ""event_timestep"": 244, ""reset_timestep"": 244, ""low_entry_clearance"": 0.4732355398355904, ""return_clearance"": 0.7949419042514911, ""pre_reset_budget"": 0.8585345024550433, ""post_reset_budget"": 2.3685345024550366}]"
stratified_matched_constant,internal_validation,9,132000029,[11],1,False,"[""DELTA_MARGIN_FAIL"", ""REGION_GATE_FAIL"", ""TRANSITION_SOUNDNESS_FAIL"", ""INSUFFICIENT_EVENTS""]",False,True,False,False,True,True,248,-0.5214654975449576,0,"[{""event_id"": 1, ""low_entry_timestep"": 0, ""return_timestep"": 11, ""event_timestep"": 11, ""reset_timestep"": 11, ""low_entry_clearance"": 0.24862537357921735, ""return_clearance"": 0.8199985811756234, ""pre_reset_budget"": 2.258534502455039, ""post_reset_budget"": 2.3685345024550366}]"
stratified_matched_constant,internal_validation,10,132000033,[175],1,False,"[""INSUFFICIENT_EVENTS""]",True,True,True,True,True,False,,0.618534502455043,0,"[{""event_id"": 1, ""low_entry_timestep"": 111, ""return_timestep"": 175, ""event_timestep"": 175, ""reset_timestep"": 175, ""low_entry_clearance"": 0.44339392439207503, ""return_clearance"": 0.8366459847803188, ""pre_reset_budget"": 0.618534502455043, ""post_reset_budget"": 2.3685345024550366}]"
stratified_matched_constant,internal_validation,11,132000035,"[28, 75]",2,True,[],True,True,True,True,True,False,,0.11853450245504261,0,"[{""event_id"": 1, ""low_entry_timestep"": 0, ""return_timestep"": 28, ""event_timestep"": 28, ""reset_timestep"": 28, ""low_entry_clearance"": 0.46958797575521133, ""return_clearance"": 0.8193309906547624, ""pre_reset_budget"": 2.0885345024550426, ""post_reset_budget"": 2.3685345024550366}, {""event_id"": 2, ""low_entry_timestep"": 44, ""return_timestep"": 75, ""event_timestep"": 75, ""reset_timestep"": 75, ""low_entry_clearance"": 0.4622030181033521, ""return_clearance"": 0.7982181374641938, ""pre_reset_budget"": 1.8985345024550442, ""post_reset_budget"": 2.3685345024550366}]"
stratified_matched_constant,internal_validation,12,132000037,[],0,False,"[""DELTA_MARGIN_FAIL"", ""REGION_GATE_FAIL"", ""TRANSITION_SOUNDNESS_FAIL"", ""INSUFFICIENT_EVENTS""]",False,True,False,False,True,True,237,-0.6314654975449577,0,[]
stratified_matched_constant,internal_validation,13,132000039,"[10, 99]",2,True,[],True,True,True,True,True,False,,0.3585345024550428,0,"[{""event_id"": 1, ""low_entry_timestep"": 2, ""return_timestep"": 10, ""event_timestep"": 10, ""reset_timestep"": 10, ""low_entry_clearance"": 0.4583257616747037, ""return_clearance"": 0.7947441858497142, ""pre_reset_budget"": 2.2685345024550387, ""post_reset_budget"": 2.3685345024550366}, {""event_id"": 2, ""low_entry_timestep"": 76, ""return_timestep"": 99, ""event_timestep"": 99, ""reset_timestep"": 99, ""low_entry_clearance"": 0.4200718101919314, ""return_clearance"": 0.8055335476671572, ""pre_reset_budget"": 1.4785345024550438, ""post_reset_budget"": 2.3685345024550366}]"
stratified_matched_constant,internal_validation,14,132000043,"[15, 86, 179]",3,True,[],True,True,True,True,True,False,,1.1585345024550435,0,"[{""event_id"": 1, ""low_entry_timestep"": 0, ""return_timestep"": 15, ""event_timestep"": 15, ""reset_timestep"": 15, ""low_entry_clearance"": 0.4425448863922178, ""return_clearance"": 0.7936156786258421, ""pre_reset_budget"": 2.21853450245504, ""post_reset_budget"": 2.3685345024550366}, {""event_id"": 2, ""low_entry_timestep"": 23, ""return_timestep"": 86, ""event_timestep"": 86, ""reset_timestep"": 86, ""low_entry_clearance"": 0.43020931117552436, ""return_clearance"": 0.82275390625, ""pre_reset_budget"": 1.658534502455044, ""post_reset_budget"": 2.3685345024550366}, {""event_id"": 3, ""low_entry_timestep"": 97, ""return_timestep"": 179, ""event_timestep"": 179, ""reset_timestep"": 179, ""low_entry_clearance"": 0.44844439564364263, ""return_clearance"": 0.848251485367387, ""pre_reset_budget"": 1.4385345024550438, ""post_reset_budget"": 2.3685345024550366}]"
stratified_matched_constant,internal_validation,15,132000047,[257],1,False,"[""DELTA_MARGIN_FAIL"", ""REGION_GATE_FAIL"", ""TRANSITION_SOUNDNESS_FAIL"", ""INSUFFICIENT_EVENTS""]",False,True,False,False,True,True,237,-0.2014654975449574,0,"[{""event_id"": 1, ""low_entry_timestep"": 1, ""return_timestep"": 257, ""event_timestep"": 257, ""reset_timestep"": 257, ""low_entry_clearance"": 0.2361622891799844, ""return_clearance"": 0.8187965554549271, ""pre_reset_budget"": -0.2014654975449574, ""post_reset_budget"": 2.3685345024550366}]"
stratified_matched_constant,internal_validation,16,132000049,"[18, 67, 81, 144, 203, 257, 299]",7,True,[],True,True,True,True,True,False,,1.738534502455044,0,"[{""event_id"": 1, ""low_entry_timestep"": 12, ""return_timestep"": 18, ""event_timestep"": 18, ""reset_timestep"": 18, ""low_entry_clearance"": 0.4503881740586093, ""return_clearance"": 0.8038699246606541, ""pre_reset_budget"": 2.1885345024550404, ""post_reset_budget"": 2.3685345024550366}, {""event_id"": 2, ""low_entry_timestep"": 22, ""return_timestep"": 67, ""event_timestep"": 67, ""reset_timestep"": 67, ""low_entry_clearance"": 0.4179460038029783, ""return_clearance"": 0.8055655124385119, ""pre_reset_budget"": 1.8785345024550442, ""post_reset_budget"": 2.3685345024550366}, {""event_id"": 3, ""low_entry_timestep"": 72, ""return_timestep"": 81, ""event_timestep"": 81, ""reset_timestep"": 81, ""low_entry_clearance"": 0.42023119512327534, ""return_clearance"": 0.7962244781883374, ""pre_reset_budget"": 2.2285345024550396, ""post_reset_budget"": 2.3685345024550366}, {""event_id"": 4, ""low_entry_timestep"": 115, ""return_timestep"": 144, ""event_timestep"": 144, ""reset_timestep"": 144, ""low_entry_clearance"": 0.46417085044157846, ""return_clearance"": 0.7910774206819036, ""pre_reset_budget"": 1.738534502455044, ""post_reset_budget"": 2.3685345024550366}, {""event_id"": 5, ""low_entry_timestep"": 188, ""return_timestep"": 203, ""event_timestep"": 203, ""reset_timestep"": 203, ""low_entry_clearance"": 0.44903185003994384, ""return_clearance"": 0.8000473776773035, ""pre_reset_budget"": 1.778534502455044, ""post_reset_budget"": 2.3685345024550366}, {""event_id"": 6, ""low_entry_timestep"": 243, ""return_timestep"": 257, ""event_timestep"": 257, ""reset_timestep"": 257, ""low_entry_clearance"": 0.4318340480906312, ""return_clearance"": 0.8376293708745295, ""pre_reset_budget"": 1.8285345024550441, ""post_reset_budget"": 2.3685345024550366}, {""event_id"": 7, ""low_entry_timestep"": 288, ""return_timestep"": 299, ""event_timestep"": 299, ""reset_timestep"": 299, ""low_entry_clearance"": 0.44351905938344627, ""return_clearance"": 0.852740426769442, ""pre_reset_budget"": 1.9485345024550442, ""post_reset_budget"": 2.3685345024550366}]"
stratified_matched_constant,internal_validation,17,132000051,"[91, 213, 259]",3,True,[],True,True,True,True,True,False,,1.1485345024550435,0,"[{""event_id"": 1, ""low_entry_timestep"": 41, ""return_timestep"": 91, ""event_timestep"": 91, ""reset_timestep"": 91, ""low_entry_clearance"": 0.4623217729022979, ""return_clearance"": 0.83771066578203, ""pre_reset_budget"": 1.4585345024550438, ""post_reset_budget"": 2.3685345024550366}, {""event_id"": 2, ""low_entry_timestep"": 142, ""return_timestep"": 213, ""event_timestep"": 213, ""reset_timestep"": 213, ""low_entry_clearance"": 0.40435136437066194, ""return_clearance"": 0.8104934858640456, ""pre_reset_budget"": 1.1485345024550435, ""post_reset_budget"": 2.3685345024550366}, {""event_id"": 3, ""low_entry_timestep"": 237, ""return_timestep"": 259, ""event_timestep"": 259, ""reset_timestep"": 259, ""low_entry_clearance"": 0.3723599965740748, ""return_clearance"": 0.8084527966291176, ""pre_reset_budget"": 1.9085345024550442, ""post_reset_budget"": 2.3685345024550366}]"
stratified_matched_constant,internal_validation,18,132000053,[],0,False,"[""DELTA_MARGIN_FAIL"", ""REGION_GATE_FAIL"", ""TRANSITION_SOUNDNESS_FAIL"", ""INSUFFICIENT_EVENTS""]",False,True,False,False,True,True,237,-0.6314654975449577,0,[]
stratified_matched_constant,internal_validation,19,132000057,"[25, 204]",2,True,[],True,True,True,True,True,False,,0.578534502455043,0,"[{""event_id"": 1, ""low_entry_timestep"": 0, ""return_timestep"": 25, ""event_timestep"": 25, ""reset_timestep"": 25, ""low_entry_clearance"": 0.3169898079473154, ""return_clearance"": 0.7966148101284224, ""pre_reset_budget"": 2.118534502455042, ""post_reset_budget"": 2.3685345024550366}, {""event_id"": 2, ""low_entry_timestep"": 35, ""return_timestep"": 204, ""event_timestep"": 204, ""reset_timestep"": 204, ""low_entry_clearance"": 0.4547851667348882, ""return_clearance"": 0.809396096915639, ""pre_reset_budget"": 0.578534502455043, ""post_reset_budget"": 2.3685345024550366}]"
stratified_cap_constant,internal_validation,0,132000001,"[14, 62]",2,True,[],True,True,True,True,True,False,,0.020000000000006797,0,"[{""event_id"": 1, ""low_entry_timestep"": 0, ""return_timestep"": 14, ""event_timestep"": 14, ""reset_timestep"": 14, ""low_entry_clearance"": 0.0910676643684913, ""return_clearance"": 0.7937552117754826, ""pre_reset_budget"": 2.260000000000003, ""post_reset_budget"": 2.4}, {""event_id"": 2, ""low_entry_timestep"": 54, ""return_timestep"": 62, ""event_timestep"": 62, ""reset_timestep"": 62, ""low_entry_clearance"": 0.45408220147318334, ""return_clearance"": 0.8317492728085402, ""pre_reset_budget"": 1.9200000000000084, ""post_reset_budget"": 2.4}]"
stratified_cap_constant,internal_validation,1,132000009,"[2, 60]",2,True,[],True,True,True,True,True,False,,6.79664657887713e-15,0,"[{""event_id"": 1, ""low_entry_timestep"": 0, ""return_timestep"": 2, ""event_timestep"": 2, ""reset_timestep"": 2, ""low_entry_clearance"": 0.3161315667559034, ""return_clearance"": 0.8008009001018942, ""pre_reset_budget"": 2.3800000000000003, ""post_reset_budget"": 2.4}, {""event_id"": 2, ""low_entry_timestep"": 11, ""return_timestep"": 60, ""event_timestep"": 60, ""reset_timestep"": 60, ""low_entry_clearance"": 0.44814166435742836, ""return_clearance"": 0.8139261786894921, ""pre_reset_budget"": 1.8200000000000083, ""post_reset_budget"": 2.4}]"
stratified_cap_constant,internal_validation,2,132000013,"[92, 248]",2,True,[],True,True,True,True,True,False,,0.8400000000000074,0,"[{""event_id"": 1, ""low_entry_timestep"": 0, ""return_timestep"": 92, ""event_timestep"": 92, ""reset_timestep"": 92, ""low_entry_clearance"": 0.04241657933574048, ""return_clearance"": 0.8287929504219914, ""pre_reset_budget"": 1.480000000000008, ""post_reset_budget"": 2.4}, {""event_id"": 2, ""low_entry_timestep"": 104, ""return_timestep"": 248, ""event_timestep"": 248, ""reset_timestep"": 248, ""low_entry_clearance"": 0.45650011565284265, ""return_clearance"": 0.801355853594468, ""pre_reset_budget"": 0.8400000000000074, ""post_reset_budget"": 2.4}]"
stratified_cap_constant,internal_validation,3,132000015,[47],1,False,"[""DELTA_MARGIN_FAIL"", ""REGION_GATE_FAIL"", ""TRANSITION_SOUNDNESS_FAIL"", ""INSUFFICIENT_EVENTS""]",False,True,False,False,True,True,288,-0.12999999999999318,0,"[{""event_id"": 1, ""low_entry_timestep"": 0, ""return_timestep"": 47, ""event_timestep"": 47, ""reset_timestep"": 47, ""low_entry_clearance"": 0.0692604621255578, ""return_clearance"": 0.8076995844478277, ""pre_reset_budget"": 1.9300000000000084, ""post_reset_budget"": 2.4}]"
stratified_cap_constant,internal_validation,4,132000017,"[66, 243]",2,True,[],True,True,True,True,True,False,,0.6300000000000072,0,"[{""event_id"": 1, ""low_entry_timestep"": 53, ""return_timestep"": 66, ""event_timestep"": 66, ""reset_timestep"": 66, ""low_entry_clearance"": 0.42133926000581445, ""return_clearance"": 0.799382034059048, ""pre_reset_budget"": 1.7400000000000082, ""post_reset_budget"": 2.4}, {""event_id"": 2, ""low_entry_timestep"": 111, ""return_timestep"": 243, ""event_timestep"": 243, ""reset_timestep"": 243, ""low_entry_clearance"": 0.46131080123326035, ""return_clearance"": 0.7980278502076423, ""pre_reset_budget"": 0.6300000000000072, ""post_reset_budget"": 2.4}]"
stratified_cap_constant,internal_validation,5,132000019,"[48, 174, 217]",3,True,[],True,True,True,True,True,False,,1.1400000000000077,0,"[{""event_id"": 1, ""low_entry_timestep"": 37, ""return_timestep"": 48, ""event_timestep"": 48, ""reset_timestep"": 48, ""low_entry_clearance"": 0.4439769594297159, ""return_clearance"": 0.8307066209816931, ""pre_reset_budget"": 1.9200000000000084, ""post_reset_budget"": 2.4}, {""event_id"": 2, ""low_entry_timestep"": 63, ""return_timestep"": 174, ""event_timestep"": 174, ""reset_timestep"": 174, ""low_entry_clearance"": 0.44319624147225506, ""return_clearance"": 0.8108311166239669, ""pre_reset_budget"": 1.1400000000000077, ""post_reset_budget"": 2.4}, {""event_id"": 3, ""low_entry_timestep"": 184, ""return_timestep"": 217, ""event_timestep"": 217, ""reset_timestep"": 217, ""low_entry_clearance"": 0.469847828048449, ""return_clearance"": 0.7938325433539604, ""pre_reset_budget"": 1.9700000000000084, ""post_reset_budget"": 2.4}]"
stratified_cap_constant,internal_validation,6,132000023,"[20, 73, 127, 276]",4,True,[],True,True,True,True,True,False,,0.9100000000000075,0,"[{""event_id"": 1, ""low_entry_timestep"": 11, ""return_timestep"": 20, ""event_timestep"": 20, ""reset_timestep"": 20, ""low_entry_clearance"": 0.4400970869416589, ""return_clearance"": 0.8640129475241559, ""pre_reset_budget"": 2.200000000000004, ""post_reset_budget"": 2.4}, {""event_id"": 2, ""low_entry_timestep"": 30, ""return_timestep"": 73, ""event_timestep"": 73, ""reset_timestep"": 73, ""low_entry_clearance"": 0.4732504018589415, ""return_clearance"": 0.8588656216318814, ""pre_reset_budget"": 1.8700000000000083, ""post_reset_budget"": 2.4}, {""event_id"": 3, ""low_entry_timestep"": 94, ""return_timestep"": 127, ""event_timestep"": 127, ""reset_timestep"": 127, ""low_entry_clearance"": 0.4061657744909064, ""return_clearance"": 0.8313605959178882, ""pre_reset_budget"": 1.8600000000000083, ""post_reset_budget"": 2.4}, {""event_id"": 4, ""low_entry_timestep"": 202, ""return_timestep"": 276, ""event_timestep"": 276, ""reset_timestep"": 276, ""low_entry_clearance"": 0.4491384019728657, ""return_clearance"": 0.8149310203333846, ""pre_reset_budget"": 0.9100000000000075, ""post_reset_budget"": 2.4}]"
stratified_cap_constant,internal_validation,7,132000025,[215],1,False,"[""INSUFFICIENT_EVENTS""]",True,True,True,True,True,False,,0.2500000000000069,0,"[{""event_id"": 1, ""low_entry_timestep"": 9, ""return_timestep"": 215, ""event_timestep"": 215, ""reset_timestep"": 215, ""low_entry_clearance"": 0.4234864752061189, ""return_clearance"": 0.7968302695491987, ""pre_reset_budget"": 0.2500000000000069, ""post_reset_budget"": 2.4}]"
stratified_cap_constant,internal_validation,8,132000027,"[93, 244]",2,True,[],True,True,True,True,True,False,,0.8900000000000075,0,"[{""event_id"": 1, ""low_entry_timestep"": 0, ""return_timestep"": 93, ""event_timestep"": 93, ""reset_timestep"": 93, ""low_entry_clearance"": 0.44637726761437707, ""return_clearance"": 0.8566640924595651, ""pre_reset_budget"": 1.470000000000008, ""post_reset_budget"": 2.4}, {""event_id"": 2, ""low_entry_timestep"": 173, ""return_timestep"": 244, ""event_timestep"": 244, ""reset_timestep"": 244, ""low_entry_clearance"": 0.4732355398355904, ""return_clearance"": 0.7949419042514911, ""pre_reset_budget"": 0.8900000000000075, ""post_reset_budget"": 2.4}]"
stratified_cap_constant,internal_validation,9,132000029,[11],1,False,"[""DELTA_MARGIN_FAIL"", ""REGION_GATE_FAIL"", ""TRANSITION_SOUNDNESS_FAIL"", ""INSUFFICIENT_EVENTS""]",False,True,False,False,True,True,252,-0.4899999999999935,0,"[{""event_id"": 1, ""low_entry_timestep"": 0, ""return_timestep"": 11, ""event_timestep"": 11, ""reset_timestep"": 11, ""low_entry_clearance"": 0.24862537357921735, ""return_clearance"": 0.8199985811756234, ""pre_reset_budget"": 2.2900000000000023, ""post_reset_budget"": 2.4}]"
stratified_cap_constant,internal_validation,10,132000033,[175],1,False,"[""INSUFFICIENT_EVENTS""]",True,True,True,True,True,False,,0.6500000000000072,0,"[{""event_id"": 1, ""low_entry_timestep"": 111, ""return_timestep"": 175, ""event_timestep"": 175, ""reset_timestep"": 175, ""low_entry_clearance"": 0.44339392439207503, ""return_clearance"": 0.8366459847803188, ""pre_reset_budget"": 0.6500000000000072, ""post_reset_budget"": 2.4}]"
stratified_cap_constant,internal_validation,11,132000035,"[28, 75]",2,True,[],True,True,True,True,True,False,,0.1500000000000068,0,"[{""event_id"": 1, ""low_entry_timestep"": 0, ""return_timestep"": 28, ""event_timestep"": 28, ""reset_timestep"": 28, ""low_entry_clearance"": 0.46958797575521133, ""return_clearance"": 0.8193309906547624, ""pre_reset_budget"": 2.120000000000006, ""post_reset_budget"": 2.4}, {""event_id"": 2, ""low_entry_timestep"": 44, ""return_timestep"": 75, ""event_timestep"": 75, ""reset_timestep"": 75, ""low_entry_clearance"": 0.4622030181033521, ""return_clearance"": 0.7982181374641938, ""pre_reset_budget"": 1.9300000000000084, ""post_reset_budget"": 2.4}]"
stratified_cap_constant,internal_validation,12,132000037,[],0,False,"[""DELTA_MARGIN_FAIL"", ""REGION_GATE_FAIL"", ""TRANSITION_SOUNDNESS_FAIL"", ""INSUFFICIENT_EVENTS""]",False,True,False,False,True,True,241,-0.5999999999999935,0,[]
stratified_cap_constant,internal_validation,13,132000039,"[10, 99]",2,True,[],True,True,True,True,True,False,,0.390000000000007,0,"[{""event_id"": 1, ""low_entry_timestep"": 2, ""return_timestep"": 10, ""event_timestep"": 10, ""reset_timestep"": 10, ""low_entry_clearance"": 0.4583257616747037, ""return_clearance"": 0.7947441858497142, ""pre_reset_budget"": 2.300000000000002, ""post_reset_budget"": 2.4}, {""event_id"": 2, ""low_entry_timestep"": 76, ""return_timestep"": 99, ""event_timestep"": 99, ""reset_timestep"": 99, ""low_entry_clearance"": 0.4200718101919314, ""return_clearance"": 0.8055335476671572, ""pre_reset_budget"": 1.510000000000008, ""post_reset_budget"": 2.4}]"
stratified_cap_constant,internal_validation,14,132000043,"[15, 86, 179]",3,True,[],True,True,True,True,True,False,,1.1900000000000077,0,"[{""event_id"": 1, ""low_entry_timestep"": 0, ""return_timestep"": 15, ""event_timestep"": 15, ""reset_timestep"": 15, ""low_entry_clearance"": 0.4425448863922178, ""return_clearance"": 0.7936156786258421, ""pre_reset_budget"": 2.250000000000003, ""post_reset_budget"": 2.4}, {""event_id"": 2, ""low_entry_timestep"": 23, ""return_timestep"": 86, ""event_timestep"": 86, ""reset_timestep"": 86, ""low_entry_clearance"": 0.43020931117552436, ""return_clearance"": 0.82275390625, ""pre_reset_budget"": 1.6900000000000082, ""post_reset_budget"": 2.4}, {""event_id"": 3, ""low_entry_timestep"": 97, ""return_timestep"": 179, ""event_timestep"": 179, ""reset_timestep"": 179, ""low_entry_clearance"": 0.44844439564364263, ""return_clearance"": 0.848251485367387, ""pre_reset_budget"": 1.470000000000008, ""post_reset_budget"": 2.4}]"
stratified_cap_constant,internal_validation,15,132000047,[257],1,False,"[""DELTA_MARGIN_FAIL"", ""REGION_GATE_FAIL"", ""TRANSITION_SOUNDNESS_FAIL"", ""INSUFFICIENT_EVENTS""]",False,True,False,False,True,True,241,-0.1699999999999932,0,"[{""event_id"": 1, ""low_entry_timestep"": 1, ""return_timestep"": 257, ""event_timestep"": 257, ""reset_timestep"": 257, ""low_entry_clearance"": 0.2361622891799844, ""return_clearance"": 0.8187965554549271, ""pre_reset_budget"": -0.1699999999999932, ""post_reset_budget"": 2.4}]"
stratified_cap_constant,internal_validation,16,132000049,"[18, 67, 81, 144, 203, 257, 299]",7,True,[],True,True,True,True,True,False,,1.7700000000000082,0,"[{""event_id"": 1, ""low_entry_timestep"": 12, ""return_timestep"": 18, ""event_timestep"": 18, ""reset_timestep"": 18, ""low_entry_clearance"": 0.4503881740586093, ""return_clearance"": 0.8038699246606541, ""pre_reset_budget"": 2.2200000000000037, ""post_reset_budget"": 2.4}, {""event_id"": 2, ""low_entry_timestep"": 22, ""return_timestep"": 67, ""event_timestep"": 67, ""reset_timestep"": 67, ""low_entry_clearance"": 0.4179460038029783, ""return_clearance"": 0.8055655124385119, ""pre_reset_budget"": 1.9100000000000084, ""post_reset_budget"": 2.4}, {""event_id"": 3, ""low_entry_timestep"": 72, ""return_timestep"": 81, ""event_timestep"": 81, ""reset_timestep"": 81, ""low_entry_clearance"": 0.42023119512327534, ""return_clearance"": 0.7962244781883374, ""pre_reset_budget"": 2.260000000000003, ""post_reset_budget"": 2.4}, {""event_id"": 4, ""low_entry_timestep"": 115, ""return_timestep"": 144, ""event_timestep"": 144, ""reset_timestep"": 144, ""low_entry_clearance"": 0.46417085044157846, ""return_clearance"": 0.7910774206819036, ""pre_reset_budget"": 1.7700000000000082, ""post_reset_budget"": 2.4}, {""event_id"": 5, ""low_entry_timestep"": 188, ""return_timestep"": 203, ""event_timestep"": 203, ""reset_timestep"": 203, ""low_entry_clearance"": 0.44903185003994384, ""return_clearance"": 0.8000473776773035, ""pre_reset_budget"": 1.8100000000000083, ""post_reset_budget"": 2.4}, {""event_id"": 6, ""low_entry_timestep"": 243, ""return_timestep"": 257, ""event_timestep"": 257, ""reset_timestep"": 257, ""low_entry_clearance"": 0.4318340480906312, ""return_clearance"": 0.8376293708745295, ""pre_reset_budget"": 1.8600000000000083, ""post_reset_budget"": 2.4}, {""event_id"": 7, ""low_entry_timestep"": 288, ""return_timestep"": 299, ""event_timestep"": 299, ""reset_timestep"": 299, ""low_entry_clearance"": 0.44351905938344627, ""return_clearance"": 0.852740426769442, ""pre_reset_budget"": 1.9800000000000084, ""post_reset_budget"": 2.4}]"
stratified_cap_constant,internal_validation,17,132000051,"[91, 213, 259]",3,True,[],True,True,True,True,True,False,,1.1800000000000077,0,"[{""event_id"": 1, ""low_entry_timestep"": 41, ""return_timestep"": 91, ""event_timestep"": 91, ""reset_timestep"": 91, ""low_entry_clearance"": 0.4623217729022979, ""return_clearance"": 0.83771066578203, ""pre_reset_budget"": 1.490000000000008, ""post_reset_budget"": 2.4}, {""event_id"": 2, ""low_entry_timestep"": 142, ""return_timestep"": 213, ""event_timestep"": 213, ""reset_timestep"": 213, ""low_entry_clearance"": 0.40435136437066194, ""return_clearance"": 0.8104934858640456, ""pre_reset_budget"": 1.1800000000000077, ""post_reset_budget"": 2.4}, {""event_id"": 3, ""low_entry_timestep"": 237, ""return_timestep"": 259, ""event_timestep"": 259, ""reset_timestep"": 259, ""low_entry_clearance"": 0.3723599965740748, ""return_clearance"": 0.8084527966291176, ""pre_reset_budget"": 1.9400000000000084, ""post_reset_budget"": 2.4}]"
stratified_cap_constant,internal_validation,18,132000053,[],0,False,"[""DELTA_MARGIN_FAIL"", ""REGION_GATE_FAIL"", ""TRANSITION_SOUNDNESS_FAIL"", ""INSUFFICIENT_EVENTS""]",False,True,False,False,True,True,241,-0.5999999999999935,0,[]
stratified_cap_constant,internal_validation,19,132000057,"[25, 204]",2,True,[],True,True,True,True,True,False,,0.6100000000000072,0,"[{""event_id"": 1, ""low_entry_timestep"": 0, ""return_timestep"": 25, ""event_timestep"": 25, ""reset_timestep"": 25, ""low_entry_clearance"": 0.3169898079473154, ""return_clearance"": 0.7966148101284224, ""pre_reset_budget"": 2.1500000000000052, ""post_reset_budget"": 2.4}, {""event_id"": 2, ""low_entry_timestep"": 35, ""return_timestep"": 204, ""event_timestep"": 204, ""reset_timestep"": 204, ""low_entry_clearance"": 0.4547851667348882, ""return_clearance"": 0.809396096915639, ""pre_reset_budget"": 0.6100000000000072, ""post_reset_budget"": 2.4}]"
stratified_wide_penalty,train_fit,0,131000001,"[31, 262, 295]",3,True,[],True,True,True,True,True,False,,0.0900000000000068,0,"[{""event_id"": 1, ""low_entry_timestep"": 0, ""return_timestep"": 31, ""event_timestep"": 31, ""reset_timestep"": 31, ""low_entry_clearance"": 0.39111602915585525, ""return_clearance"": 0.803422433421809, ""pre_reset_budget"": 2.0900000000000065, ""post_reset_budget"": 2.4}, {""event_id"": 2, ""low_entry_timestep"": 238, ""return_timestep"": 262, ""event_timestep"": 262, ""reset_timestep"": 262, ""low_entry_clearance"": 0.4357135949698876, ""return_clearance"": 0.7955745482649151, ""pre_reset_budget"": 0.0900000000000068, ""post_reset_budget"": 1.9836778187751771}, {""event_id"": 3, ""low_entry_timestep"": 286, ""return_timestep"": 295, ""event_timestep"": 295, ""reset_timestep"": 295, ""low_entry_clearance"": 0.4061582168187491, ""return_clearance"": 0.7977296322834853, ""pre_reset_budget"": 1.6536778187751768, ""post_reset_budget"": 2.1832469844818116}]"
stratified_wide_penalty,train_fit,1,131000003,"[12, 187]",2,True,[],True,True,True,True,True,False,,0.6500000000000072,0,"[{""event_id"": 1, ""low_entry_timestep"": 1, ""return_timestep"": 12, ""event_timestep"": 12, ""reset_timestep"": 12, ""low_entry_clearance"": 0.469366002637876, ""return_clearance"": 0.797018748762861, ""pre_reset_budget"": 2.2800000000000025, ""post_reset_budget"": 2.4}, {""event_id"": 2, ""low_entry_timestep"": 173, ""return_timestep"": 187, ""event_timestep"": 187, ""reset_timestep"": 187, ""low_entry_clearance"": 0.44725389756732153, ""return_clearance"": 0.8411998003170812, ""pre_reset_budget"": 0.6500000000000072, ""post_reset_budget"": 2.4}]"
stratified_wide_penalty,train_fit,2,131000007,[6],1,False,"[""DELTA_MARGIN_FAIL"", ""REGION_GATE_FAIL"", ""TRANSITION_SOUNDNESS_FAIL"", ""INSUFFICIENT_EVENTS""]",False,True,False,False,True,True,247,-0.5399999999999935,0,"[{""event_id"": 1, ""low_entry_timestep"": 0, ""return_timestep"": 6, ""event_timestep"": 6, ""reset_timestep"": 6, ""low_entry_clearance"": 0.2191296841615258, ""return_clearance"": 0.80533883263879, ""pre_reset_budget"": 2.1213556098938002, ""post_reset_budget"": 2.4}]"
stratified_wide_penalty,train_fit,3,131000009,[16],1,False,"[""DELTA_MARGIN_FAIL"", ""REGION_GATE_FAIL"", ""TRANSITION_SOUNDNESS_FAIL"", ""INSUFFICIENT_EVENTS""]",False,True,False,False,True,True,257,-0.43999999999999345,0,"[{""event_id"": 1, ""low_entry_timestep"": 1, ""return_timestep"": 16, ""event_timestep"": 16, ""reset_timestep"": 16, ""low_entry_clearance"": 0.21214490174978656, ""return_clearance"": 0.8336957302475133, ""pre_reset_budget"": 2.180915694236759, ""post_reset_budget"": 2.4}]"
stratified_wide_penalty,train_fit,4,131000011,"[37, 74, 156, 210]",4,True,[],True,True,True,True,True,False,,1.1552387547492975,0,"[{""event_id"": 1, ""low_entry_timestep"": 31, ""return_timestep"": 37, ""event_timestep"": 37, ""reset_timestep"": 37, ""low_entry_clearance"": 0.4646696517995309, ""return_clearance"": 0.8275283967645958, ""pre_reset_budget"": 2.030000000000008, ""post_reset_budget"": 1.8967876875400544}, {""event_id"": 2, ""low_entry_timestep"": 57, ""return_timestep"": 74, ""event_timestep"": 74, ""reset_timestep"": 74, ""low_entry_clearance"": 0.4454175590932034, ""return_clearance"": 0.8148126700482253, ""pre_reset_budget"": 1.5267876875400541, ""post_reset_budget"": 1.9752387547492982}, {""event_id"": 3, ""low_entry_timestep"": 125, ""return_timestep"": 156, ""event_timestep"": 156, ""reset_timestep"": 156, ""low_entry_clearance"": 0.4213783024624824, ""return_clearance"": 0.8406469363502143, ""pre_reset_budget"": 1.1552387547492975, ""post_reset_budget"": 1.7293872678279878}, {""event_id"": 4, ""low_entry_timestep"": 171, ""return_timestep"": 210, ""event_timestep"": 210, ""reset_timestep"": 210, ""low_entry_clearance"": 0.45108315392295717, ""return_clearance"": 0.7981593029952115, ""pre_reset_budget"": 1.1893872678279873, ""post_reset_budget"": 2.1330660128593446}]"
stratified_wide_penalty,train_fit,5,131000015,"[7, 78, 161]",3,True,[],True,True,True,True,True,False,,1.0098367333412246,0,"[{""event_id"": 1, ""low_entry_timestep"": 0, ""return_timestep"": 7, ""event_timestep"": 7, ""reset_timestep"": 7, ""low_entry_clearance"": 0.3804275020352887, ""return_clearance"": 0.8071333994469192, ""pre_reset_budget"": 2.3300000000000014, ""post_reset_budget"": 2.4}, {""event_id"": 2, ""low_entry_timestep"": 28, ""return_timestep"": 78, ""event_timestep"": 78, ""reset_timestep"": 78, ""low_entry_clearance"": 0.44527481990478807, ""return_clearance"": 0.796018252101183, ""pre_reset_budget"": 1.6900000000000082, ""post_reset_budget"": 2.4}, {""event_id"": 3, ""low_entry_timestep"": 89, ""return_timestep"": 161, ""event_timestep"": 161, ""reset_timestep"": 161, ""low_entry_clearance"": 0.4657492273501398, ""return_clearance"": 0.8170261858405468, ""pre_reset_budget"": 1.570000000000008, ""post_reset_budget"": 2.399836733341217}]"
stratified_wide_penalty,train_fit,6,131000017,"[17, 90, 181]",3,True,[],True,True,True,True,True,False,,1.1427400231361453,0,"[{""event_id"": 1, ""low_entry_timestep"": 1, ""return_timestep"": 17, ""event_timestep"": 17, ""reset_timestep"": 17, ""low_entry_clearance"": 0.19172965190517519, ""return_clearance"": 0.8030996912603212, ""pre_reset_budget"": 2.2300000000000035, ""post_reset_budget"": 2.4}, {""event_id"": 2, ""low_entry_timestep"": 44, ""return_timestep"": 90, ""event_timestep"": 90, ""reset_timestep"": 90, ""low_entry_clearance"": 0.4712195511550615, ""return_clearance"": 0.8004401247981268, ""pre_reset_budget"": 1.6700000000000081, ""post_reset_budget"": 2.1161402010917665}, {""event_id"": 3, ""low_entry_timestep"": 99, ""return_timestep"": 181, ""event_timestep"": 181, ""reset_timestep"": 181, ""low_entry_clearance"": 0.40989139838547983, ""return_clearance"": 0.8000551979572674, ""pre_reset_budget"": 1.2061402010917681, ""post_reset_budget"": 2.332740023136139}]"
stratified_wide_penalty,train_fit,7,131000021,[60],1,False,"[""INSUFFICIENT_EVENTS""]",True,True,True,True,True,False,,6.79664657887713e-15,0,"[{""event_id"": 1, ""low_entry_timestep"": 40, ""return_timestep"": 60, ""event_timestep"": 60, ""reset_timestep"": 60, ""low_entry_clearance"": 0.45612480065719585, ""return_clearance"": 0.7950675137360776, ""pre_reset_budget"": 1.8000000000000083, ""post_reset_budget"": 2.4}]"
stratified_wide_penalty,train_fit,8,131000023,"[123, 160]",2,True,[],True,True,True,True,True,False,,1.0000000000000075,0,"[{""event_id"": 1, ""low_entry_timestep"": 0, ""return_timestep"": 123, ""event_timestep"": 123, ""reset_timestep"": 123, ""low_entry_clearance"": 0.06024819969963913, ""return_clearance"": 0.8031045473218201, ""pre_reset_budget"": 1.1700000000000077, ""post_reset_budget"": 2.4}, {""event_id"": 2, ""low_entry_timestep"": 137, ""return_timestep"": 160, ""event_timestep"": 160, ""reset_timestep"": 160, ""low_entry_clearance"": 0.4484905145124766, ""return_clearance"": 0.8088736026800776, ""pre_reset_budget"": 2.030000000000008, ""post_reset_budget"": 2.4}]"
stratified_wide_penalty,train_fit,9,131000027,[],0,False,"[""DELTA_MARGIN_FAIL"", ""REGION_GATE_FAIL"", ""TRANSITION_SOUNDNESS_FAIL"", ""INSUFFICIENT_EVENTS""]",False,True,False,False,True,True,241,-0.5999999999999935,0,[]
stratified_wide_penalty,train_fit,10,131000029,"[22, 161, 194, 206]",4,True,[],True,True,True,True,True,False,,1.0100000000000076,0,"[{""event_id"": 1, ""low_entry_timestep"": 0, ""return_timestep"": 22, ""event_timestep"": 22, ""reset_timestep"": 22, ""low_entry_clearance"": 0.2843830652455626, ""return_clearance"": 0.8163025712613555, ""pre_reset_budget"": 2.1800000000000046, ""post_reset_budget"": 2.4}, {""event_id"": 2, ""low_entry_timestep"": 133, ""return_timestep"": 161, ""event_timestep"": 161, ""reset_timestep"": 161, ""low_entry_clearance"": 0.42310521224617736, ""return_clearance"": 0.8050181255906288, ""pre_reset_budget"": 1.0100000000000076, ""post_reset_budget"": 1.898239507675171}, {""event_id"": 3, ""low_entry_timestep"": 171, ""return_timestep"": 194, ""event_timestep"": 194, ""reset_timestep"": 194, ""low_entry_clearance"": 0.47323119449481893, ""return_clearance"": 0.8128510597055495, ""pre_reset_budget"": 1.5682395076751707, ""post_reset_budget"": 2.049586548805237}, {""event_id"": 4, ""low_entry_timestep"": 198, ""return_timestep"": 206, ""event_timestep"": 206, ""reset_timestep"": 206, ""low_entry_clearance"": 0.4585869062390696, ""return_clearance"": 0.8163538281708276, ""pre_reset_budget"": 1.9295865488052377, ""post_reset_budget"": 2.2719425702095033}]"
stratified_wide_penalty,train_fit,11,131000031,"[50, 94, 139, 215, 290]",5,True,[],True,True,True,True,True,False,,1.508091968297958,0,"[{""event_id"": 1, ""low_entry_timestep"": 0, ""return_timestep"": 50, ""event_timestep"": 50, ""reset_timestep"": 50, ""low_entry_clearance"": 0.46504476352290874, ""return_clearance"": 0.8170807165103646, ""pre_reset_budget"": 1.9000000000000083, ""post_reset_budget"": 1.9480919682979585}, {""event_id"": 2, ""low_entry_timestep"": 85, ""return_timestep"": 94, ""event_timestep"": 94, ""reset_timestep"": 94, ""low_entry_clearance"": 0.4569919275827123, ""return_clearance"": 0.8079107228520013, ""pre_reset_budget"": 1.508091968297958, ""post_reset_budget"": 2.1280138635635377}, {""event_id"": 3, ""low_entry_timestep"": 120, ""return_timestep"": 139, ""event_timestep"": 139, ""reset_timestep"": 139, ""low_entry_clearance"": 0.46032182340897915, ""return_clearance"": 0.7922072489005457, ""pre_reset_budget"": 1.67801386356354, ""post_reset_budget"": 2.4}, {""event_id"": 4, ""low_entry_timestep"": 159, ""return_timestep"": 215, ""event_timestep"": 215, ""reset_timestep"": 215, ""low_entry_clearance"": 0.4258274438280302, ""return_clearance"": 0.806203210936814, ""pre_reset_budget"": 1.6400000000000081, ""post_reset_budget"": 2.3283792877197267}, {""event_id"": 5, ""low_entry_timestep"": 246, ""return_timestep"": 290, ""event_timestep"": 290, ""reset_timestep"": 290, ""low_entry_clearance"": 0.4206249826836547, ""return_clearance"": 0.810716873174419, ""pre_reset_budget"": 1.5783792877197331, ""post_reset_budget"": 2.4}]"
stratified_wide_penalty,train_fit,12,131000033,"[53, 77, 117, 179]",4,True,[],True,True,True,True,True,False,,0.936752133369448,0,"[{""event_id"": 1, ""low_entry_timestep"": 44, ""return_timestep"": 53, ""event_timestep"": 53, ""reset_timestep"": 53, ""low_entry_clearance"": 0.4223558899337458, ""return_clearance"": 0.8012001337640958, ""pre_reset_budget"": 1.8700000000000083, ""post_reset_budget"": 1.8000943356752397}, {""event_id"": 2, ""low_entry_timestep"": 64, ""return_timestep"": 77, ""event_timestep"": 77, ""reset_timestep"": 77, ""low_entry_clearance"": 0.4599387777056483, ""return_clearance"": 0.8617399446538768, ""pre_reset_budget"": 1.5600943356752395, ""post_reset_budget"": 1.8203117692470552}, {""event_id"": 3, ""low_entry_timestep"": 105, ""return_timestep"": 117, ""event_timestep"": 117, ""reset_timestep"": 117, ""low_entry_clearance"": 0.4735940661754956, ""return_clearance"": 0.8056204119330449, ""pre_reset_budget"": 1.4203117692470548, ""post_reset_budget"": 2.303072228431702}, {""event_id"": 4, ""low_entry_timestep"": 165, ""return_timestep"": 179, ""event_timestep"": 179, ""reset_timestep"": 179, ""low_entry_clearance"": 0.4452595595629954, ""return_clearance"": 0.792336235153679, ""pre_reset_budget"": 1.683072228431708, ""post_reset_budget"": 2.146752133369446}]"
stratified_wide_penalty,train_fit,13,131000035,"[11, 70, 131, 299]",4,True,[],True,True,True,True,True,False,,0.7200000000000073,0,"[{""event_id"": 1, ""low_entry_timestep"": 0, ""return_timestep"": 11, ""event_timestep"": 11, ""reset_timestep"": 11, ""low_entry_clearance"": 0.12814746767274882, ""return_clearance"": 0.8436913646527816, ""pre_reset_budget"": 2.2900000000000023, ""post_reset_budget"": 2.4}, {""event_id"": 2, ""low_entry_timestep"": 50, ""return_timestep"": 70, ""event_timestep"": 70, ""reset_timestep"": 70, ""low_entry_clearance"": 0.4003735050169932, ""return_clearance"": 0.8400306671084927, ""pre_reset_budget"": 1.8100000000000083, ""post_reset_budget"": 2.0988248133659364}, {""event_id"": 3, ""low_entry_timestep"": 117, ""return_timestep"": 131, ""event_timestep"": 131, ""reset_timestep"": 131, ""low_entry_clearance"": 0.41848331043959874, ""return_clearance"": 0.8029012761788031, ""pre_reset_budget"": 1.4888248133659379, ""post_reset_budget"": 2.4}, {""event_id"": 4, ""low_entry_timestep"": 288, ""return_timestep"": 299, ""event_timestep"": 299, ""reset_timestep"": 299, ""low_entry_clearance"": 0.44294813804506405, ""return_clearance"": 0.8580547942513602, ""pre_reset_budget"": 0.7200000000000073, ""post_reset_budget"": 1.9847698950767518}]"
stratified_wide_penalty,train_fit,14,131000037,[44],1,False,"[""DELTA_MARGIN_FAIL"", ""REGION_GATE_FAIL"", ""TRANSITION_SOUNDNESS_FAIL"", ""INSUFFICIENT_EVENTS""]",False,True,False,False,True,True,285,-0.1599999999999932,0,"[{""event_id"": 1, ""low_entry_timestep"": 1, ""return_timestep"": 44, ""event_timestep"": 44, ""reset_timestep"": 44, ""low_entry_clearance"": 0.3940875324826293, ""return_clearance"": 0.8212574194075112, ""pre_reset_budget"": 1.7728913545608564, ""post_reset_budget"": 2.4}]"
stratified_wide_penalty,train_fit,15,131000039,"[39, 86, 214, 295]",4,True,[],True,True,True,True,True,False,,1.1200000000000077,0,"[{""event_id"": 1, ""low_entry_timestep"": 15, ""return_timestep"": 39, ""event_timestep"": 39, ""reset_timestep"": 39, ""low_entry_clearance"": 0.4452821152342883, ""return_clearance"": 0.8551960079235765, ""pre_reset_budget"": 2.0100000000000082, ""post_reset_budget"": 2.059750988483429}, {""event_id"": 2, ""low_entry_timestep"": 64, ""return_timestep"": 86, ""event_timestep"": 86, ""reset_timestep"": 86, ""low_entry_clearance"": 0.4001825303605136, ""return_clearance"": 0.8180278479824549, ""pre_reset_budget"": 1.5897509884834298, ""post_reset_budget"": 2.4}, {""event_id"": 3, ""low_entry_timestep"": 148, ""return_timestep"": 214, ""event_timestep"": 214, ""reset_timestep"": 214, ""low_entry_clearance"": 0.4655116436093151, ""return_clearance"": 0.8159454359342891, ""pre_reset_budget"": 1.1200000000000077, ""post_reset_budget"": 2.2299224281311036}, {""event_id"": 4, ""low_entry_timestep"": 269, ""return_timestep"": 295, ""event_timestep"": 295, ""reset_timestep"": 295, ""low_entry_clearance"": 0.4406432080395884, ""return_clearance"": 0.8459056937611777, ""pre_reset_budget"": 1.4199224281311078, ""post_reset_budget"": 2.2222031497955324}]"
stratified_wide_penalty,train_fit,16,131000043,"[2, 101]",2,True,[],True,True,True,True,True,False,,0.410000000000007,0,"[{""event_id"": 1, ""low_entry_timestep"": 0, ""return_timestep"": 2, ""event_timestep"": 2, ""reset_timestep"": 2, ""low_entry_clearance"": 0.4675424917565252, ""return_clearance"": 0.8166061229710763, ""pre_reset_budget"": 2.2626759958267217, ""post_reset_budget"": 2.4}, {""event_id"": 2, ""low_entry_timestep"": 33, ""return_timestep"": 101, ""event_timestep"": 101, ""reset_timestep"": 101, ""low_entry_clearance"": 0.46091946065484984, ""return_clearance"": 0.8197129738121968, ""pre_reset_budget"": 1.410000000000008, ""post_reset_budget"": 2.4}]"
stratified_wide_penalty,train_fit,17,131000045,[],0,False,"[""DELTA_MARGIN_FAIL"", ""REGION_GATE_FAIL"", ""TRANSITION_SOUNDNESS_FAIL"", ""INSUFFICIENT_EVENTS""]",False,True,False,False,True,True,241,-0.5999999999999935,0,[]
stratified_wide_penalty,train_fit,18,131000053,"[25, 51]",2,False,"[""DELTA_MARGIN_FAIL"", ""REGION_GATE_FAIL"", ""TRANSITION_SOUNDNESS_FAIL""]",False,True,False,False,True,True,292,-0.0899999999999932,0,"[{""event_id"": 1, ""low_entry_timestep"": 0, ""return_timestep"": 25, ""event_timestep"": 25, ""reset_timestep"": 25, ""low_entry_clearance"": 0.34384598258948373, ""return_clearance"": 0.7959854920876662, ""pre_reset_budget"": 2.1500000000000052, ""post_reset_budget"": 2.4}, {""event_id"": 2, ""low_entry_timestep"": 40, ""return_timestep"": 51, ""event_timestep"": 51, ""reset_timestep"": 51, ""low_entry_clearance"": 0.4673874443133947, ""return_clearance"": 0.8139820154274673, ""pre_reset_budget"": 2.1400000000000055, ""post_reset_budget"": 2.4}]"
stratified_wide_penalty,train_fit,19,131000055,[64],1,False,"[""INSUFFICIENT_EVENTS""]",True,True,True,True,True,False,,0.0400000000000068,0,"[{""event_id"": 1, ""low_entry_timestep"": 30, ""return_timestep"": 64, ""event_timestep"": 64, ""reset_timestep"": 64, ""low_entry_clearance"": 0.4345299862785303, ""return_clearance"": 0.8209519573284755, ""pre_reset_budget"": 1.7600000000000082, ""post_reset_budget"": 2.4}]"
stratified_wide_penalty,train_fit,20,131000057,"[151, 207]",2,True,[],True,True,True,True,True,False,,0.8900000000000075,0,"[{""event_id"": 1, ""low_entry_timestep"": 137, ""return_timestep"": 151, ""event_timestep"": 151, ""reset_timestep"": 151, ""low_entry_clearance"": 0.437095045957678, ""return_clearance"": 0.8449688338000306, ""pre_reset_budget"": 0.8900000000000075, ""post_reset_budget"": 2.201127245426178}, {""event_id"": 2, ""low_entry_timestep"": 178, ""return_timestep"": 207, ""event_timestep"": 207, ""reset_timestep"": 207, ""low_entry_clearance"": 0.4375999370601494, ""return_clearance"": 0.8026041356820495, ""pre_reset_budget"": 1.641127245426182, ""post_reset_budget"": 1.8511691236495973}]"
stratified_wide_penalty,train_fit,21,131000059,"[80, 110, 135, 169, 204, 263, 277]",7,True,[],True,True,True,True,True,False,,1.3767502784729002,0,"[{""event_id"": 1, ""low_entry_timestep"": 12, ""return_timestep"": 80, ""event_timestep"": 80, ""reset_timestep"": 80, ""low_entry_clearance"": 0.4518419714289227, ""return_clearance"": 0.8032167196779096, ""pre_reset_budget"": 1.600000000000008, ""post_reset_budget"": 1.9910102629661561}, {""event_id"": 2, ""low_entry_timestep"": 92, ""return_timestep"": 110, ""event_timestep"": 110, ""reset_timestep"": 110, ""low_entry_clearance"": 0.46601099234210464, ""return_clearance"": 0.8281837658454301, ""pre_reset_budget"": 1.6910102629661559, ""post_reset_budget"": 1.793868317604065}, {""event_id"": 3, ""low_entry_timestep"": 119, ""return_timestep"": 135, ""event_timestep"": 135, ""reset_timestep"": 135, ""low_entry_clearance"": 0.46292081967793397, ""return_clearance"": 0.8065748949957067, ""pre_reset_budget"": 1.5438683176040648, ""post_reset_budget"": 1.7167502784729005}, {""event_id"": 4, ""low_entry_timestep"": 158, ""return_timestep"": 169, ""event_timestep"": 169, ""reset_timestep"": 169, ""low_entry_clearance"": 0.4390045589349335, ""return_clearance"": 0.8132404474728762, ""pre_reset_budget"": 1.3767502784729002, ""post_reset_budget"": 1.871407105922699}, {""event_id"": 5, ""low_entry_timestep"": 189, ""return_timestep"": 204, ""event_timestep"": 204, ""reset_timestep"": 204, ""low_entry_clearance"": 0.44026761339925036, ""return_clearance"": 0.849122251978167, ""pre_reset_budget"": 1.5214071059226988, ""post_reset_budget"": 2.2345475697517396}, {""event_id"": 6, ""low_entry_timestep"": 209, ""return_timestep"": 263, ""event_timestep"": 263, ""reset_timestep"": 263, ""low_entry_clearance"": 0.42729605246415997, ""return_clearance"": 0.8199100415383157, ""pre_reset_budget"": 1.6445475697517442, ""post_reset_budget"": 1.9294423604011537}, {""event_id"": 7, ""low_entry_timestep"": 270, ""return_timestep"": 277, ""event_timestep"": 277, ""reset_timestep"": 277, ""low_entry_clearance"": 0.46467760466741825, ""return_clearance"": 0.7982271820741282, ""pre_reset_budget"": 1.7894423604011536, ""post_reset_budget"": 1.8278962218761445}]"
stratified_wide_penalty,train_fit,22,131000061,"[146, 219, 260, 299]",4,True,[],True,True,True,True,True,False,,0.9400000000000075,0,"[{""event_id"": 1, ""low_entry_timestep"": 122, ""return_timestep"": 146, ""event_timestep"": 146, ""reset_timestep"": 146, ""low_entry_clearance"": 0.45457181474805075, ""return_clearance"": 0.8145645028854142, ""pre_reset_budget"": 0.9400000000000075, ""post_reset_budget"": 2.4}, {""event_id"": 2, ""low_entry_timestep"": 174, ""return_timestep"": 219, ""event_timestep"": 219, ""reset_timestep"": 219, ""low_entry_clearance"": 0.4538615587198839, ""return_clearance"": 0.7986354455603605, ""pre_reset_budget"": 1.6700000000000081, ""post_reset_budget"": 2.162060573101044}, {""event_id"": 3, ""low_entry_timestep"": 242, ""return_timestep"": 260, ""event_timestep"": 260, ""reset_timestep"": 260, ""low_entry_clearance"": 0.4378361092082417, ""return_clearance"": 0.8403316854667949, ""pre_reset_budget"": 1.752060573101047, ""post_reset_budget"": 2.4}, {""event_id"": 4, ""low_entry_timestep"": 290, ""return_timestep"": 299, ""event_timestep"": 299, ""reset_timestep"": 299, ""low_entry_clearance"": 0.46997825319244874, ""return_clearance"": 0.7923461649832899, ""pre_reset_budget"": 2.0100000000000082, ""post_reset_budget"": 1.9939763391017915}]"
stratified_wide_penalty,train_fit,23,131000065,"[25, 83, 197, 239, 285]",5,True,[],True,True,True,True,True,False,,1.1492545008659416,0,"[{""event_id"": 1, ""low_entry_timestep"": 0, ""return_timestep"": 25, ""event_timestep"": 25, ""reset_timestep"": 25, ""low_entry_clearance"": 0.3811360454666564, ""return_clearance"": 0.8161385932476262, ""pre_reset_budget"": 2.1500000000000052, ""post_reset_budget"": 2.4}, {""event_id"": 2, ""low_entry_timestep"": 36, ""return_timestep"": 83, ""event_timestep"": 83, ""reset_timestep"": 83, ""low_entry_clearance"": 0.41718320022824623, ""return_clearance"": 0.8134200315765084, ""pre_reset_budget"": 1.8200000000000083, ""post_reset_budget"": 2.2892545008659364}, {""event_id"": 3, ""low_entry_timestep"": 100, ""return_timestep"": 197, ""event_timestep"": 197, ""reset_timestep"": 197, ""low_entry_clearance"": 0.4627595868923438, ""return_clearance"": 0.8083469548667152, ""pre_reset_budget"": 1.1492545008659416, ""post_reset_budget"": 1.806724368929863}, {""event_id"": 4, ""low_entry_timestep"": 232, ""return_timestep"": 239, ""event_timestep"": 239, ""reset_timestep"": 239, ""low_entry_clearance"": 0.43331927985853474, ""return_clearance"": 0.8104887792150614, ""pre_reset_budget"": 1.3867243689298627, ""post_reset_budget"": 2.4}, {""event_id"": 5, ""low_entry_timestep"": 249, ""return_timestep"": 285, ""event_timestep"": 285, ""reset_timestep"": 285, ""low_entry_clearance"": 0.4556203893995976, ""return_clearance"": 0.8228306788273791, ""pre_reset_budget"": 1.9400000000000084, ""post_reset_budget"": 2.4}]"
stratified_wide_penalty,train_fit,24,131000069,[],0,False,"[""DELTA_MARGIN_FAIL"", ""REGION_GATE_FAIL"", ""TRANSITION_SOUNDNESS_FAIL"", ""INSUFFICIENT_EVENTS""]",False,True,False,False,True,True,241,-0.5999999999999935,0,[]
stratified_wide_penalty,train_fit,25,131000075,"[28, 204]",2,True,[],True,True,True,True,True,False,,0.6400000000000072,0,"[{""event_id"": 1, ""low_entry_timestep"": 3, ""return_timestep"": 28, ""event_timestep"": 28, ""reset_timestep"": 28, ""low_entry_clearance"": 0.4542084598851947, ""return_clearance"": 0.8169273739247671, ""pre_reset_budget"": 2.120000000000006, ""post_reset_budget"": 2.4}, {""event_id"": 2, ""low_entry_timestep"": 40, ""return_timestep"": 204, ""event_timestep"": 204, ""reset_timestep"": 204, ""low_entry_clearance"": 0.39227799667119145, ""return_clearance"": 0.8124100928814557, ""pre_reset_budget"": 0.6400000000000072, ""post_reset_budget"": 2.4}]"
stratified_wide_penalty,train_fit,26,131000079,"[24, 86, 111]",3,True,[],True,True,True,True,True,False,,0.5100000000000071,0,"[{""event_id"": 1, ""low_entry_timestep"": 0, ""return_timestep"": 24, ""event_timestep"": 24, ""reset_timestep"": 24, ""low_entry_clearance"": 0.25989056214291856, ""return_clearance"": 0.7972340990157301, ""pre_reset_budget"": 2.160000000000005, ""post_reset_budget"": 2.2098398351669313}, {""event_id"": 2, ""low_entry_timestep"": 30, ""return_timestep"": 86, ""event_timestep"": 86, ""reset_timestep"": 86, ""low_entry_clearance"": 0.46878541176868965, ""return_clearance"": 0.8151965601823473, ""pre_reset_budget"": 1.5898398351669352, ""post_reset_budget"": 1.9319017970561982}, {""event_id"": 3, ""low_entry_timestep"": 91, ""return_timestep"": 111, ""event_timestep"": 111, ""reset_timestep"": 111, ""low_entry_clearance"": 0.4306699834576616, ""return_clearance"": 0.8367820110323995, ""pre_reset_budget"": 1.681901797056198, ""post_reset_budget"": 2.4}]"
stratified_wide_penalty,train_fit,27,131000083,"[31, 190]",2,True,[],True,True,True,True,True,False,,0.8100000000000074,0,"[{""event_id"": 1, ""low_entry_timestep"": 0, ""return_timestep"": 31, ""event_timestep"": 31, ""reset_timestep"": 31, ""low_entry_clearance"": 0.2523832272572099, ""return_clearance"": 0.8213738614278938, ""pre_reset_budget"": 2.0900000000000065, ""post_reset_budget"": 2.4}, {""event_id"": 2, ""low_entry_timestep"": 66, ""return_timestep"": 190, ""event_timestep"": 190, ""reset_timestep"": 190, ""low_entry_clearance"": 0.46392275828729385, ""return_clearance"": 0.7991392094175097, ""pre_reset_budget"": 0.8100000000000074, ""post_reset_budget"": 2.0902366781234742}]"
stratified_wide_penalty,train_fit,28,131000085,[284],1,False,"[""DELTA_MARGIN_FAIL"", ""REGION_GATE_FAIL"", ""TRANSITION_SOUNDNESS_FAIL"", ""INSUFFICIENT_EVENTS""]",False,True,False,False,True,True,241,-0.43999999999999345,0,"[{""event_id"": 1, ""low_entry_timestep"": 15, ""return_timestep"": 284, ""event_timestep"": 284, ""reset_timestep"": 284, ""low_entry_clearance"": 0.4500217061635712, ""return_clearance"": 0.8665176416308247, ""pre_reset_budget"": -0.43999999999999345, ""post_reset_budget"": 1.659040420651436}]"
stratified_wide_penalty,train_fit,29,131000091,[163],1,False,"[""INSUFFICIENT_EVENTS""]",True,True,True,True,True,False,,0.7700000000000073,0,"[{""event_id"": 1, ""low_entry_timestep"": 1, ""return_timestep"": 163, ""event_timestep"": 163, ""reset_timestep"": 163, ""low_entry_clearance"": 0.4501839923883523, ""return_clearance"": 0.8079572005692258, ""pre_reset_budget"": 0.7700000000000073, ""post_reset_budget"": 2.4}]"
stratified_wide_penalty,train_fit,30,131000093,"[15, 260]",2,False,"[""DELTA_MARGIN_FAIL"", ""REGION_GATE_FAIL"", ""TRANSITION_SOUNDNESS_FAIL""]",False,True,False,False,True,True,256,-0.04999999999999321,0,"[{""event_id"": 1, ""low_entry_timestep"": 0, ""return_timestep"": 15, ""event_timestep"": 15, ""reset_timestep"": 15, ""low_entry_clearance"": 0.3835185070399687, ""return_clearance"": 0.8161420714132, ""pre_reset_budget"": 2.250000000000003, ""post_reset_budget"": 2.4}, {""event_id"": 2, ""low_entry_timestep"": 21, ""return_timestep"": 260, ""event_timestep"": 260, ""reset_timestep"": 260, ""low_entry_clearance"": 0.4497303081705366, ""return_clearance"": 0.8003197805720703, ""pre_reset_budget"": -0.04999999999999321, ""post_reset_budget"": 2.2061272406578065}]"
stratified_wide_penalty,train_fit,31,131000095,[274],1,False,"[""DELTA_MARGIN_FAIL"", ""REGION_GATE_FAIL"", ""TRANSITION_SOUNDNESS_FAIL"", ""INSUFFICIENT_EVENTS""]",False,True,False,False,True,True,241,-0.33999999999999336,0,"[{""event_id"": 1, ""low_entry_timestep"": 0, ""return_timestep"": 274, ""event_timestep"": 274, ""reset_timestep"": 274, ""low_entry_clearance"": 0.22030174418497894, ""return_clearance"": 0.838677914530627, ""pre_reset_budget"": -0.33999999999999336, ""post_reset_budget"": 1.7772224837541581}]"
stratified_wide_penalty,train_fit,32,131000097,"[56, 137, 200, 230, 279]",5,True,[],True,True,True,True,True,False,,1.3031581211090106,0,"[{""event_id"": 1, ""low_entry_timestep"": 14, ""return_timestep"": 56, ""event_timestep"": 56, ""reset_timestep"": 56, ""low_entry_clearance"": 0.46775572550137623, ""return_clearance"": 0.8246966237687002, ""pre_reset_budget"": 1.8400000000000083, ""post_reset_budget"": 2.113158121109009}, {""event_id"": 2, ""low_entry_timestep"": 81, ""return_timestep"": 137, ""event_timestep"": 137, ""reset_timestep"": 137, ""low_entry_clearance"": 0.4116561349816344, ""return_clearance"": 0.8865005291863511, ""pre_reset_budget"": 1.3031581211090106, ""post_reset_budget"": 2.2263307118415834}, {""event_id"": 3, ""low_entry_timestep"": 153, ""return_timestep"": 200, ""event_timestep"": 200, ""reset_timestep"": 200, ""low_entry_clearance"": 0.44397763068751933, ""return_clearance"": 0.9255594961748871, ""pre_reset_budget"": 1.5963307118415877, ""post_reset_budget"": 1.9775848829746248}, {""event_id"": 4, ""low_entry_timestep"": 217, ""return_timestep"": 230, ""event_timestep"": 230, ""reset_timestep"": 230, ""low_entry_clearance"": 0.46280614669529324, ""return_clearance"": 0.8228105565159349, ""pre_reset_budget"": 1.6775848829746245, ""post_reset_budget"": 2.389414145946503}, {""event_id"": 5, ""low_entry_timestep"": 253, ""return_timestep"": 279, ""event_timestep"": 279, ""reset_timestep"": 279, ""low_entry_clearance"": 0.4188369575284991, ""return_clearance"": 0.8126249950803842, ""pre_reset_budget"": 1.8994141459465108, ""post_reset_budget"": 2.119035794734955}]"
stratified_wide_penalty,train_fit,33,131000105,[61],1,False,"[""INSUFFICIENT_EVENTS""]",True,True,True,True,True,False,,0.010000000000006797,0,"[{""event_id"": 1, ""low_entry_timestep"": 3, ""return_timestep"": 61, ""event_timestep"": 61, ""reset_timestep"": 61, ""low_entry_clearance"": 0.4681252448739607, ""return_clearance"": 0.8551704897079209, ""pre_reset_budget"": 1.7900000000000083, ""post_reset_budget"": 2.4}]"
stratified_wide_penalty,train_fit,34,131000107,[10],1,False,"[""DELTA_MARGIN_FAIL"", ""REGION_GATE_FAIL"", ""TRANSITION_SOUNDNESS_FAIL"", ""INSUFFICIENT_EVENTS""]",False,True,False,False,True,True,251,-0.4999999999999935,0,"[{""event_id"": 1, ""low_entry_timestep"": 2, ""return_timestep"": 10, ""event_timestep"": 10, ""reset_timestep"": 10, ""low_entry_clearance"": 0.30268921053755765, ""return_clearance"": 0.8155155068197303, ""pre_reset_budget"": 2.300000000000002, ""post_reset_budget"": 2.4}]"
stratified_wide_penalty,train_fit,35,131000109,[],0,False,"[""DELTA_MARGIN_FAIL"", ""REGION_GATE_FAIL"", ""TRANSITION_SOUNDNESS_FAIL"", ""INSUFFICIENT_EVENTS""]",False,True,False,False,True,True,241,-0.5999999999999935,0,[]
stratified_wide_penalty,train_fit,36,131000111,"[32, 119, 230]",3,True,[],True,True,True,True,True,False,,1.2766650605201797,0,"[{""event_id"": 1, ""low_entry_timestep"": 1, ""return_timestep"": 32, ""event_timestep"": 32, ""reset_timestep"": 32, ""low_entry_clearance"": 0.2247335671112831, ""return_clearance"": 0.7998914659906396, ""pre_reset_budget"": 2.0800000000000067, ""post_reset_budget"": 2.4}, {""event_id"": 2, ""low_entry_timestep"": 106, ""return_timestep"": 119, ""event_timestep"": 119, ""reset_timestep"": 119, ""low_entry_clearance"": 0.4630968624324192, ""return_clearance"": 0.7995830224059592, ""pre_reset_budget"": 1.530000000000008, ""post_reset_budget"": 2.3866650605201722}, {""event_id"": 3, ""low_entry_timestep"": 210, ""return_timestep"": 230, ""event_timestep"": 230, ""reset_timestep"": 230, ""low_entry_clearance"": 0.44312916042839023, ""return_clearance"": 0.7923738474875868, ""pre_reset_budget"": 1.2766650605201797, ""post_reset_budget"": 2.2184534811973573}]"
stratified_wide_penalty,train_fit,37,131000113,"[80, 164]",2,True,[],True,True,True,True,True,False,,1.0400000000000076,0,"[{""event_id"": 1, ""low_entry_timestep"": 10, ""return_timestep"": 80, ""event_timestep"": 80, ""reset_timestep"": 80, ""low_entry_clearance"": 0.4685528658552803, ""return_clearance"": 0.8217626922806343, ""pre_reset_budget"": 1.600000000000008, ""post_reset_budget"": 2.346437706947327}, {""event_id"": 2, ""low_entry_timestep"": 126, ""return_timestep"": 164, ""event_timestep"": 164, ""reset_timestep"": 164, ""low_entry_clearance"": 0.4433212095798253, ""return_clearance"": 0.7916610157078954, ""pre_reset_budget"": 1.5064377069473336, ""post_reset_budget"": 2.4}]"
stratified_wide_penalty,train_fit,38,131000115,"[58, 120, 193, 234, 260]",5,True,[],True,True,True,True,True,False,,1.4203499889373807,0,"[{""event_id"": 1, ""low_entry_timestep"": 14, ""return_timestep"": 58, ""event_timestep"": 58, ""reset_timestep"": 58, ""low_entry_clearance"": 0.4032376183810161, ""return_clearance"": 0.8408447332967294, ""pre_reset_budget"": 1.8200000000000083, ""post_reset_budget"": 2.307184114456177}, {""event_id"": 2, ""low_entry_timestep"": 68, ""return_timestep"": 120, ""event_timestep"": 120, ""reset_timestep"": 120, ""low_entry_clearance"": 0.40615271357092747, ""return_clearance"": 0.8107930372627047, ""pre_reset_budget"": 1.687184114456183, ""post_reset_budget"": 2.150349988937378}, {""event_id"": 3, ""low_entry_timestep"": 152, ""return_timestep"": 193, ""event_timestep"": 193, ""reset_timestep"": 193, ""low_entry_clearance"": 0.4219547478924149, ""return_clearance"": 0.7970485124361991, ""pre_reset_budget"": 1.4203499889373807, ""post_reset_budget"": 2.0686895990371705}, {""event_id"": 4, ""low_entry_timestep"": 197, ""return_timestep"": 234, ""event_timestep"": 234, ""reset_timestep"": 234, ""low_entry_clearance"": 0.4334577441627554, ""return_clearance"": 0.8217106121709874, ""pre_reset_budget"": 1.6586895990371715, ""post_reset_budget"": 1.9760530734062196}, {""event_id"": 5, ""low_entry_timestep"": 246, ""return_timestep"": 260, ""event_timestep"": 260, ""reset_timestep"": 260, ""low_entry_clearance"": 0.4566378081849138, ""return_clearance"": 0.8389328741039713, ""pre_reset_budget"": 1.7160530734062194, ""post_reset_budget"": 2.4}]"
stratified_wide_penalty,train_fit,39,131000119,[217],1,False,"[""INSUFFICIENT_EVENTS""]",True,True,True,True,True,False,,0.23000000000000687,0,"[{""event_id"": 1, ""low_entry_timestep"": 1, ""return_timestep"": 217, ""event_timestep"": 217, ""reset_timestep"": 217, ""low_entry_clearance"": 0.24169160464845582, ""return_clearance"": 0.7929128617759845, ""pre_reset_budget"": 0.23000000000000687, ""post_reset_budget"": 2.043219372034073}]"
stratified_wide_penalty,train_fit,40,131000121,[61],1,False,"[""INSUFFICIENT_EVENTS""]",True,True,True,True,True,False,,0.010000000000006797,0,"[{""event_id"": 1, ""low_entry_timestep"": 18, ""return_timestep"": 61, ""event_timestep"": 61, ""reset_timestep"": 61, ""low_entry_clearance"": 0.400351099063703, ""return_clearance"": 0.8557718166899125, ""pre_reset_budget"": 1.7900000000000083, ""post_reset_budget"": 2.4}]"
stratified_wide_penalty,train_fit,41,131000123,[92],1,False,"[""INSUFFICIENT_EVENTS""]",True,True,True,True,True,False,,0.32000000000000695,0,"[{""event_id"": 1, ""low_entry_timestep"": 15, ""return_timestep"": 92, ""event_timestep"": 92, ""reset_timestep"": 92, ""low_entry_clearance"": 0.463761552527966, ""return_clearance"": 0.7981885667548393, ""pre_reset_budget"": 1.480000000000008, ""post_reset_budget"": 2.4}]"
stratified_wide_penalty,train_fit,42,131000125,"[109, 300]",2,True,[],True,True,True,True,True,False,,0.4900000000000071,0,"[{""event_id"": 1, ""low_entry_timestep"": 0, ""return_timestep"": 109, ""event_timestep"": 109, ""reset_timestep"": 109, ""low_entry_clearance"": 0.21407346488547457, ""return_clearance"": 0.7941769945754669, ""pre_reset_budget"": 1.3100000000000078, ""post_reset_budget"": 2.4}, {""event_id"": 2, ""low_entry_timestep"": 238, ""return_timestep"": 300, ""event_timestep"": 300, ""reset_timestep"": 300, ""low_entry_clearance"": 0.46853316378083326, ""return_clearance"": 0.823927588357421, ""pre_reset_budget"": 0.4900000000000071, ""post_reset_budget"": 2.4}]"
stratified_wide_penalty,train_fit,43,131000127,[119],1,False,"[""INSUFFICIENT_EVENTS""]",True,True,True,True,True,False,,0.5900000000000072,0,"[{""event_id"": 1, ""low_entry_timestep"": 5, ""return_timestep"": 119, ""event_timestep"": 119, ""reset_timestep"": 119, ""low_entry_clearance"": 0.4651503793783567, ""return_clearance"": 0.8013861627677448, ""pre_reset_budget"": 1.2100000000000077, ""post_reset_budget"": 2.4}]"
stratified_wide_penalty,train_fit,44,131000129,"[136, 171]",2,True,[],True,True,True,True,True,False,,1.0400000000000076,0,"[{""event_id"": 1, ""low_entry_timestep"": 118, ""return_timestep"": 136, ""event_timestep"": 136, ""reset_timestep"": 136, ""low_entry_clearance"": 0.4301841639763901, ""return_clearance"": 0.8320781354275412, ""pre_reset_budget"": 1.0400000000000076, ""post_reset_budget"": 2.0471634113788606}, {""event_id"": 2, ""low_entry_timestep"": 150, ""return_timestep"": 171, ""event_timestep"": 171, ""reset_timestep"": 171, ""low_entry_clearance"": 0.46344894024650296, ""return_clearance"": 0.8022505887184824, ""pre_reset_budget"": 1.6971634113788612, ""post_reset_budget"": 2.4}]"
stratified_wide_penalty,train_fit,45,131000133,"[19, 74, 134, 288]",4,True,[],True,True,True,True,True,False,,0.8600000000000074,0,"[{""event_id"": 1, ""low_entry_timestep"": 0, ""return_timestep"": 19, ""event_timestep"": 19, ""reset_timestep"": 19, ""low_entry_clearance"": 0.2947738983586648, ""return_clearance"": 0.8188645435609567, ""pre_reset_budget"": 2.210000000000004, ""post_reset_budget"": 2.211253776550293}, {""event_id"": 2, ""low_entry_timestep"": 47, ""return_timestep"": 74, ""event_timestep"": 74, ""reset_timestep"": 74, ""low_entry_clearance"": 0.4508626960152188, ""return_clearance"": 0.8179004265378919, ""pre_reset_budget"": 1.6612537765502973, ""post_reset_budget"": 1.9489364171028138}, {""event_id"": 3, ""low_entry_timestep"": 81, ""return_timestep"": 134, ""event_timestep"": 134, ""reset_timestep"": 134, ""low_entry_clearance"": 0.4686483948579566, ""return_clearance"": 0.8151396275485906, ""pre_reset_budget"": 1.3489364171028133, ""post_reset_budget"": 2.4}, {""event_id"": 4, ""low_entry_timestep"": 213, ""return_timestep"": 288, ""event_timestep"": 288, ""reset_timestep"": 288, ""low_entry_clearance"": 0.4551779838006207, ""return_clearance"": 0.796644972343887, ""pre_reset_budget"": 0.8600000000000074, ""post_reset_budget"": 1.9398339235782625}]"
stratified_wide_penalty,train_fit,46,131000135,[258],1,False,"[""DELTA_MARGIN_FAIL"", ""REGION_GATE_FAIL"", ""TRANSITION_SOUNDNESS_FAIL"", ""INSUFFICIENT_EVENTS""]",False,True,False,False,True,True,241,-0.17999999999999322,0,"[{""event_id"": 1, ""low_entry_timestep"": 167, ""return_timestep"": 258, ""event_timestep"": 258, ""reset_timestep"": 258, ""low_entry_clearance"": 0.47227500483409035, ""return_clearance"": 0.7972221366389011, ""pre_reset_budget"": -0.17999999999999322, ""post_reset_budget"": 2.4}]"
stratified_wide_penalty,train_fit,47,131000137,[29],1,False,"[""DELTA_MARGIN_FAIL"", ""REGION_GATE_FAIL"", ""TRANSITION_SOUNDNESS_FAIL"", ""INSUFFICIENT_EVENTS""]",False,True,False,False,True,True,270,-0.30999999999999334,0,"[{""event_id"": 1, ""low_entry_timestep"": 0, ""return_timestep"": 29, ""event_timestep"": 29, ""reset_timestep"": 29, ""low_entry_clearance"": 0.4159697073010604, ""return_clearance"": 0.8052720474427314, ""pre_reset_budget"": 2.110000000000006, ""post_reset_budget"": 2.4}]"
stratified_wide_penalty,train_fit,48,131000141,"[44, 76, 121, 174, 204, 257]",6,True,[],True,True,True,True,True,False,,1.3953446173667905,0,"[{""event_id"": 1, ""low_entry_timestep"": 2, ""return_timestep"": 44, ""event_timestep"": 44, ""reset_timestep"": 44, ""low_entry_clearance"": 0.35594874242857033, ""return_clearance"": 0.8260275712480268, ""pre_reset_budget"": 1.8605530381202762, ""post_reset_budget"": 1.7373060280084611}, {""event_id"": 2, ""low_entry_timestep"": 64, ""return_timestep"": 76, ""event_timestep"": 76, ""reset_timestep"": 76, ""low_entry_clearance"": 0.45642109432456013, ""return_clearance"": 0.8242391791681954, ""pre_reset_budget"": 1.4173060280084608, ""post_reset_budget"": 1.845344617366791}, {""event_id"": 3, ""low_entry_timestep"": 100, ""return_timestep"": 121, ""event_timestep"": 121, ""reset_timestep"": 121, ""low_entry_clearance"": 0.4607566866790519, ""return_clearance"": 0.8218126295088024, ""pre_reset_budget"": 1.3953446173667905, ""post_reset_budget"": 1.9553862357139589}, {""event_id"": 4, ""low_entry_timestep"": 164, ""return_timestep"": 174, ""event_timestep"": 174, ""reset_timestep"": 174, ""low_entry_clearance"": 0.46601610847185865, ""return_clearance"": 0.8281811749101126, ""pre_reset_budget"": 1.4253862357139584, ""post_reset_budget"": 2.0219772601127626}, {""event_id"": 5, ""low_entry_timestep"": 197, ""return_timestep"": 204, ""event_timestep"": 204, ""reset_timestep"": 204, ""low_entry_clearance"": 0.4569983837341175, ""return_clearance"": 0.8448072802836825, ""pre_reset_budget"": 1.7219772601127628, ""post_reset_budget"": 2.135172202587128}, {""event_id"": 6, ""low_entry_timestep"": 244, ""return_timestep"": 257, ""event_timestep"": 257, ""reset_timestep"": 257, ""low_entry_clearance"": 0.4693602721929793, ""return_clearance"": 0.8214973339849015, ""pre_reset_budget"": 1.6051722025871302, ""post_reset_budget"": 2.0775472068786622}]"
stratified_wide_penalty,train_fit,49,131000145,"[161, 183, 199, 246]",4,True,[],True,True,True,True,True,False,,0.7900000000000074,0,"[{""event_id"": 1, ""low_entry_timestep"": 67, ""return_timestep"": 161, ""event_timestep"": 161, ""reset_timestep"": 161, ""low_entry_clearance"": 0.439027843261465, ""return_clearance"": 0.8126279656802499, ""pre_reset_budget"": 0.7900000000000074, ""post_reset_budget"": 1.9170486176013948}, {""event_id"": 2, ""low_entry_timestep"": 168, ""return_timestep"": 183, ""event_timestep"": 183, ""reset_timestep"": 183, ""low_entry_clearance"": 0.4335726483683172, ""return_clearance"": 0.8101387926977932, ""pre_reset_budget"": 1.6970486176013946, ""post_reset_budget"": 1.7865250402688981}, {""event_id"": 3, ""low_entry_timestep"": 191, ""return_timestep"": 199, ""event_timestep"": 199, ""reset_timestep"": 199, ""low_entry_clearance"": 0.43763916322746677, ""return_clearance"": 0.8520172025081131, ""pre_reset_budget"": 1.626525040268898, ""post_reset_budget"": 1.632117799818516}, {""event_id"": 4, ""low_entry_timestep"": 230, ""return_timestep"": 246, ""event_timestep"": 246, ""reset_timestep"": 246, ""low_entry_clearance"": 0.4633319698314821, ""return_clearance"": 0.7945104560644151, ""pre_reset_budget"": 1.1621177998185155, ""post_reset_budget"": 2.4}]"
stratified_wide_penalty,train_fit,50,131000147,"[63, 126, 162]",3,True,[],True,True,True,True,True,False,,1.0200000000000076,0,"[{""event_id"": 1, ""low_entry_timestep"": 13, ""return_timestep"": 63, ""event_timestep"": 63, ""reset_timestep"": 63, ""low_entry_clearance"": 0.4518119598144814, ""return_clearance"": 0.846373259500188, ""pre_reset_budget"": 1.7700000000000082, ""post_reset_budget"": 1.9921967828273774}, {""event_id"": 2, ""low_entry_timestep"": 91, ""return_timestep"": 126, ""event_timestep"": 126, ""reset_timestep"": 126, ""low_entry_clearance"": 0.42973805910378854, ""return_clearance"": 0.8099938401823947, ""pre_reset_budget"": 1.3621967828273769, ""post_reset_budget"": 2.0686739230155946}, {""event_id"": 3, ""low_entry_timestep"": 148, ""return_timestep"": 162, ""event_timestep"": 162, ""reset_timestep"": 162, ""low_entry_clearance"": 0.4060756786181301, ""return_clearance"": 0.8098825696899656, ""pre_reset_budget"": 1.7086739230155956, ""post_reset_budget"": 2.4}]"
stratified_wide_penalty,train_fit,51,131000151,[],0,False,"[""DELTA_MARGIN_FAIL"", ""REGION_GATE_FAIL"", ""TRANSITION_SOUNDNESS_FAIL"", ""INSUFFICIENT_EVENTS""]",False,True,False,False,True,True,241,-0.5999999999999935,0,[]
stratified_wide_penalty,train_fit,52,131000153,"[54, 83, 201, 228, 283]",5,True,[],True,True,True,True,True,False,,0.7969425237178793,0,"[{""event_id"": 1, ""low_entry_timestep"": 0, ""return_timestep"": 54, ""event_timestep"": 54, ""reset_timestep"": 54, ""low_entry_clearance"": 0.08450768687057361, ""return_clearance"": 0.8115401191695366, ""pre_reset_budget"": 1.8600000000000083, ""post_reset_budget"": 2.112521185874939}, {""event_id"": 2, ""low_entry_timestep"": 63, ""return_timestep"": 83, ""event_timestep"": 83, ""reset_timestep"": 83, ""low_entry_clearance"": 0.4334909128118818, ""return_clearance"": 0.8182536491618034, ""pre_reset_budget"": 1.8225211858749413, ""post_reset_budget"": 1.9769425237178804}, {""event_id"": 3, ""low_entry_timestep"": 117, ""return_timestep"": 201, ""event_timestep"": 201, ""reset_timestep"": 201, ""low_entry_clearance"": 0.42103882555102184, ""return_clearance"": 0.8267211891531988, ""pre_reset_budget"": 0.7969425237178793, ""post_reset_budget"": 2.142569913864136}, {""event_id"": 4, ""low_entry_timestep"": 220, ""return_timestep"": 228, ""event_timestep"": 228, ""reset_timestep"": 228, ""low_entry_clearance"": 0.4705768312890589, ""return_clearance"": 0.8502094473563158, ""pre_reset_budget"": 1.8725699138641387, ""post_reset_budget"": 1.9864606106281282}, {""event_id"": 5, ""low_entry_timestep"": 272, ""return_timestep"": 283, ""event_timestep"": 283, ""reset_timestep"": 283, ""low_entry_clearance"": 0.46490971714251833, ""return_clearance"": 0.8052905979960292, ""pre_reset_budget"": 1.4364606106281277, ""post_reset_budget"": 1.9877451205253602}]"
stratified_wide_penalty,train_fit,53,131000157,[],0,False,"[""DELTA_MARGIN_FAIL"", ""REGION_GATE_FAIL"", ""TRANSITION_SOUNDNESS_FAIL"", ""INSUFFICIENT_EVENTS""]",False,True,False,False,True,True,241,-0.5999999999999935,0,[]
stratified_wide_penalty,train_fit,54,131000159,"[42, 167, 251]",3,True,[],True,True,True,True,True,False,,1.1500000000000077,0,"[{""event_id"": 1, ""low_entry_timestep"": 27, ""return_timestep"": 42, ""event_timestep"": 42, ""reset_timestep"": 42, ""low_entry_clearance"": 0.4071379274653043, ""return_clearance"": 0.8343892242705051, ""pre_reset_budget"": 1.9800000000000084, ""post_reset_budget"": 2.4}, {""event_id"": 2, ""low_entry_timestep"": 142, ""return_timestep"": 167, ""event_timestep"": 167, ""reset_timestep"": 167, ""low_entry_clearance"": 0.4395052900082763, ""return_clearance"": 0.8092492436690356, ""pre_reset_budget"": 1.1500000000000077, ""post_reset_budget"": 2.103701367378235}, {""event_id"": 3, ""low_entry_timestep"": 227, ""return_timestep"": 251, ""event_timestep"": 251, ""reset_timestep"": 251, ""low_entry_clearance"": 0.4523225453204693, ""return_clearance"": 0.8046513891913653, ""pre_reset_budget"": 1.2637013673782365, ""post_reset_budget"": 1.9043867135047914}]"
stratified_wide_penalty,train_fit,55,131000163,"[11, 78, 206]",3,True,[],True,True,True,True,True,False,,1.1200000000000077,0,"[{""event_id"": 1, ""low_entry_timestep"": 2, ""return_timestep"": 11, ""event_timestep"": 11, ""reset_timestep"": 11, ""low_entry_clearance"": 0.23981055618675964, ""return_clearance"": 0.827161984743694, ""pre_reset_budget"": 2.2900000000000023, ""post_reset_budget"": 2.151402249336243}, {""event_id"": 2, ""low_entry_timestep"": 61, ""return_timestep"": 78, ""event_timestep"": 78, ""reset_timestep"": 78, ""low_entry_clearance"": 0.46019445756146843, ""return_clearance"": 0.8033194161894008, ""pre_reset_budget"": 1.4814022493362455, ""post_reset_budget"": 2.4}, {""event_id"": 3, ""low_entry_timestep"": 194, ""return_timestep"": 206, ""event_timestep"": 206, ""reset_timestep"": 206, ""low_entry_clearance"": 0.4319026376186629, ""return_clearance"": 0.843045620599626, ""pre_reset_budget"": 1.1200000000000077, ""post_reset_budget"": 2.4}]"
stratified_wide_penalty,train_fit,56,131000165,[73],1,False,"[""INSUFFICIENT_EVENTS""]",True,True,True,True,True,False,,0.13000000000000678,0,"[{""event_id"": 1, ""low_entry_timestep"": 22, ""return_timestep"": 73, ""event_timestep"": 73, ""reset_timestep"": 73, ""low_entry_clearance"": 0.4656076645664341, ""return_clearance"": 0.8072339109044308, ""pre_reset_budget"": 1.6700000000000081, ""post_reset_budget"": 2.4}]"
stratified_wide_penalty,train_fit,57,131000167,[],0,False,"[""DELTA_MARGIN_FAIL"", ""REGION_GATE_FAIL"", ""TRANSITION_SOUNDNESS_FAIL"", ""INSUFFICIENT_EVENTS""]",False,True,False,False,True,True,241,-0.5999999999999935,0,[]
stratified_wide_penalty,train_fit,58,131000169,[176],1,False,"[""INSUFFICIENT_EVENTS""]",True,True,True,True,True,False,,0.6400000000000072,0,"[{""event_id"": 1, ""low_entry_timestep"": 20, ""return_timestep"": 176, ""event_timestep"": 176, ""reset_timestep"": 176, ""low_entry_clearance"": 0.4275964662677068, ""return_clearance"": 0.8110792502876598, ""pre_reset_budget"": 0.6400000000000072, ""post_reset_budget"": 2.4}]"
stratified_wide_penalty,train_fit,59,131000171,[11],1,False,"[""DELTA_MARGIN_FAIL"", ""REGION_GATE_FAIL"", ""TRANSITION_SOUNDNESS_FAIL"", ""INSUFFICIENT_EVENTS""]",False,True,False,False,True,True,252,-0.4899999999999935,0,"[{""event_id"": 1, ""low_entry_timestep"": 0, ""return_timestep"": 11, ""event_timestep"": 11, ""reset_timestep"": 11, ""low_entry_clearance"": 0.264083230598705, ""return_clearance"": 0.8248596953527093, ""pre_reset_budget"": 2.2900000000000023, ""post_reset_budget"": 2.4}]"
stratified_wide_penalty,train_fit,60,131000173,"[11, 64, 110, 260]",4,True,[],True,True,True,True,True,False,,0.9000000000000075,0,"[{""event_id"": 1, ""low_entry_timestep"": 1, ""return_timestep"": 11, ""event_timestep"": 11, ""reset_timestep"": 11, ""low_entry_clearance"": 0.37791645904179216, ""return_clearance"": 0.7955769831693438, ""pre_reset_budget"": 1.9846210765838643, ""post_reset_budget"": 1.826076879501343}, {""event_id"": 2, ""low_entry_timestep"": 48, ""return_timestep"": 64, ""event_timestep"": 64, ""reset_timestep"": 64, ""low_entry_clearance"": 0.4338617956888245, ""return_clearance"": 0.8951100971125053, ""pre_reset_budget"": 1.2960768795013424, ""post_reset_budget"": 2.009402974843979}, {""event_id"": 3, ""low_entry_timestep"": 81, ""return_timestep"": 110, ""event_timestep"": 110, ""reset_timestep"": 110, ""low_entry_clearance"": 0.4697763016155352, ""return_clearance"": 0.8012046276262712, ""pre_reset_budget"": 1.5494029748439786, ""post_reset_budget"": 2.4}, {""event_id"": 4, ""low_entry_timestep"": 147, ""return_timestep"": 260, ""event_timestep"": 260, ""reset_timestep"": 260, ""low_entry_clearance"": 0.4473146636599289, ""return_clearance"": 0.8335327068884333, ""pre_reset_budget"": 0.9000000000000075, ""post_reset_budget"": 2.4}]"
stratified_wide_penalty,train_fit,61,131000177,"[203, 229, 256]",3,True,[],True,True,True,True,True,False,,0.370000000000007,0,"[{""event_id"": 1, ""low_entry_timestep"": 15, ""return_timestep"": 203, ""event_timestep"": 203, ""reset_timestep"": 203, ""low_entry_clearance"": 0.4661762309330388, ""return_clearance"": 0.8207632007426184, ""pre_reset_budget"": 0.370000000000007, ""post_reset_budget"": 1.941092177629471}, {""event_id"": 2, ""low_entry_timestep"": 217, ""return_timestep"": 229, ""event_timestep"": 229, ""reset_timestep"": 229, ""low_entry_clearance"": 0.3993103340342147, ""return_clearance"": 0.8622560584590134, ""pre_reset_budget"": 1.6810921776294707, ""post_reset_budget"": 2.0609198355674745}, {""event_id"": 3, ""low_entry_timestep"": 244, ""return_timestep"": 256, ""event_timestep"": 256, ""reset_timestep"": 256, ""low_entry_clearance"": 0.39534449089788376, ""return_clearance"": 0.8987857309594938, ""pre_reset_budget"": 1.7909198355674756, ""post_reset_budget"": 2.0457453870773317}]"
stratified_wide_penalty,train_fit,62,131000179,[121],1,False,"[""INSUFFICIENT_EVENTS""]",True,True,True,True,True,False,,0.6100000000000072,0,"[{""event_id"": 1, ""low_entry_timestep"": 10, ""return_timestep"": 121, ""event_timestep"": 121, ""reset_timestep"": 121, ""low_entry_clearance"": 0.42852848836948787, ""return_clearance"": 0.7987273882559193, ""pre_reset_budget"": 1.1900000000000077, ""post_reset_budget"": 2.4}]"
stratified_wide_penalty,train_fit,63,131000181,"[69, 155, 254]",3,True,[],True,True,True,True,True,False,,1.3212847948074402,0,"[{""event_id"": 1, ""low_entry_timestep"": 1, ""return_timestep"": 69, ""event_timestep"": 69, ""reset_timestep"": 69, ""low_entry_clearance"": 0.46768979338140093, ""return_clearance"": 0.7917244078676988, ""pre_reset_budget"": 1.7100000000000082, ""post_reset_budget"": 2.4}, {""event_id"": 2, ""low_entry_timestep"": 82, ""return_timestep"": 155, ""event_timestep"": 155, ""reset_timestep"": 155, ""low_entry_clearance"": 0.4545613248178645, ""return_clearance"": 0.8302148324926629, ""pre_reset_budget"": 1.540000000000008, ""post_reset_budget"": 2.311284794807434}, {""event_id"": 3, ""low_entry_timestep"": 171, ""return_timestep"": 254, ""event_timestep"": 254, ""reset_timestep"": 254, ""low_entry_clearance"": 0.43912999459066837, ""return_clearance"": 0.7985585697600134, ""pre_reset_budget"": 1.3212847948074402, ""post_reset_budget"": 2.396164848804474}]"
stratified_wide_penalty,train_fit,64,131000187,"[104, 185, 239]",3,True,[],True,True,True,True,True,False,,1.3600000000000079,0,"[{""event_id"": 1, ""low_entry_timestep"": 25, ""return_timestep"": 104, ""event_timestep"": 104, ""reset_timestep"": 104, ""low_entry_clearance"": 0.44755478219946504, ""return_clearance"": 0.8126198606846414, ""pre_reset_budget"": 1.3600000000000079, ""post_reset_budget"": 2.2583863282203676}, {""event_id"": 2, ""low_entry_timestep"": 119, ""return_timestep"": 185, ""event_timestep"": 185, ""reset_timestep"": 185, ""low_entry_clearance"": 0.4140075071271554, ""return_clearance"": 0.819181698272829, ""pre_reset_budget"": 1.4483863282203724, ""post_reset_budget"": 2.2343672060966493}, {""event_id"": 3, ""low_entry_timestep"": 193, ""return_timestep"": 239, ""event_timestep"": 239, ""reset_timestep"": 239, ""low_entry_clearance"": 0.46005800360923366, ""return_clearance"": 0.8184574041171147, ""pre_reset_budget"": 1.694367206096654, ""post_reset_budget"": 2.4}]"
stratified_wide_penalty,train_fit,65,131000191,"[23, 129, 169]",3,True,[],True,True,True,True,True,False,,1.0900000000000076,0,"[{""event_id"": 1, ""low_entry_timestep"": 6, ""return_timestep"": 23, ""event_timestep"": 23, ""reset_timestep"": 23, ""low_entry_clearance"": 0.4630508467476726, ""return_clearance"": 0.8579621578776818, ""pre_reset_budget"": 2.170000000000005, ""post_reset_budget"": 2.4}, {""event_id"": 2, ""low_entry_timestep"": 113, ""return_timestep"": 129, ""event_timestep"": 129, ""reset_timestep"": 129, ""low_entry_clearance"": 0.46492285816650847, ""return_clearance"": 0.7969343873876339, ""pre_reset_budget"": 1.3400000000000079, ""post_reset_budget"": 2.1646193408966066}, {""event_id"": 3, ""low_entry_timestep"": 145, ""return_timestep"": 169, ""event_timestep"": 169, ""reset_timestep"": 169, ""low_entry_clearance"": 0.41631997307892404, ""return_clearance"": 0.8232045736351709, ""pre_reset_budget"": 1.7646193408966098, ""post_reset_budget"": 2.4}]"
stratified_wide_penalty,train_fit,66,131000195,"[19, 84, 213]",3,True,[],True,True,True,True,True,False,,1.1100000000000076,0,"[{""event_id"": 1, ""low_entry_timestep"": 0, ""return_timestep"": 19, ""event_timestep"": 19, ""reset_timestep"": 19, ""low_entry_clearance"": 0.3739214526543845, ""return_clearance"": 0.7988373119320301, ""pre_reset_budget"": 2.210000000000004, ""post_reset_budget"": 2.3556830430030824}, {""event_id"": 2, ""low_entry_timestep"": 33, ""return_timestep"": 84, ""event_timestep"": 84, ""reset_timestep"": 84, ""low_entry_clearance"": 0.4625781972608363, ""return_clearance"": 0.7976502779775367, ""pre_reset_budget"": 1.7056830430030896, ""post_reset_budget"": 2.4}, {""event_id"": 3, ""low_entry_timestep"": 92, ""return_timestep"": 213, ""event_timestep"": 213, ""reset_timestep"": 213, ""low_entry_clearance"": 0.3970356570993447, ""return_clearance"": 0.8025157472960909, ""pre_reset_budget"": 1.1100000000000076, ""post_reset_budget"": 2.1691921496391298}]"
stratified_wide_penalty,train_fit,67,131000197,"[47, 256]",2,True,[],True,True,True,True,True,False,,0.31000000000000694,0,"[{""event_id"": 1, ""low_entry_timestep"": 1, ""return_timestep"": 47, ""event_timestep"": 47, ""reset_timestep"": 47, ""low_entry_clearance"": 0.4411069310887998, ""return_clearance"": 0.8008782817913496, ""pre_reset_budget"": 1.9300000000000084, ""post_reset_budget"": 2.4}, {""event_id"": 2, ""low_entry_timestep"": 232, ""return_timestep"": 256, ""event_timestep"": 256, ""reset_timestep"": 256, ""low_entry_clearance"": 0.4487756949163878, ""return_clearance"": 0.8142818938729767, ""pre_reset_budget"": 0.31000000000000694, ""post_reset_budget"": 2.0187001073360444}]"
stratified_wide_penalty,train_fit,68,131000199,"[129, 238]",2,True,[],True,True,True,True,True,False,,1.1100000000000076,0,"[{""event_id"": 1, ""low_entry_timestep"": 0, ""return_timestep"": 129, ""event_timestep"": 129, ""reset_timestep"": 129, ""low_entry_clearance"": 0.2521803666515772, ""return_clearance"": 0.8107498098744309, ""pre_reset_budget"": 1.1100000000000076, ""post_reset_budget"": 2.4}, {""event_id"": 2, ""low_entry_timestep"": 162, ""return_timestep"": 238, ""event_timestep"": 238, ""reset_timestep"": 238, ""low_entry_clearance"": 0.46065305564874726, ""return_clearance"": 0.833066520097952, ""pre_reset_budget"": 1.3100000000000078, ""post_reset_budget"": 2.358985438346863}]"
stratified_wide_penalty,train_fit,69,131000207,"[107, 135, 291]",3,True,[],True,True,True,True,True,False,,0.8400000000000074,0,"[{""event_id"": 1, ""low_entry_timestep"": 20, ""return_timestep"": 107, ""event_timestep"": 107, ""reset_timestep"": 107, ""low_entry_clearance"": 0.45649724313153156, ""return_clearance"": 0.8409811081028774, ""pre_reset_budget"": 1.3300000000000078, ""post_reset_budget"": 1.987744792699814}, {""event_id"": 2, ""low_entry_timestep"": 125, ""return_timestep"": 135, ""event_timestep"": 135, ""reset_timestep"": 135, ""low_entry_clearance"": 0.4648401636898918, ""return_clearance"": 0.8360808418944258, ""pre_reset_budget"": 1.7077447926998137, ""post_reset_budget"": 2.4}, {""event_id"": 3, ""low_entry_timestep"": 181, ""return_timestep"": 291, ""event_timestep"": 291, ""reset_timestep"": 291, ""low_entry_clearance"": 0.46077198758522386, ""return_clearance"": 0.7953920215953754, ""pre_reset_budget"": 0.8400000000000074, ""post_reset_budget"": 2.4}]"
stratified_wide_penalty,train_fit,70,131000211,[78],1,False,"[""INSUFFICIENT_EVENTS""]",True,True,True,True,True,False,,0.18000000000000682,0,"[{""event_id"": 1, ""low_entry_timestep"": 23, ""return_timestep"": 78, ""event_timestep"": 78, ""reset_timestep"": 78, ""low_entry_clearance"": 0.4478134065819859, ""return_clearance"": 0.7953406503188373, ""pre_reset_budget"": 1.620000000000008, ""post_reset_budget"": 2.4}]"
stratified_wide_penalty,train_fit,71,131000213,"[143, 170]",2,True,[],True,True,True,True,True,False,,0.9700000000000075,0,"[{""event_id"": 1, ""low_entry_timestep"": 68, ""return_timestep"": 143, ""event_timestep"": 143, ""reset_timestep"": 143, ""low_entry_clearance"": 0.4406455075787592, ""return_clearance"": 0.8423705303765855, ""pre_reset_budget"": 0.9700000000000075, ""post_reset_budget"": 2.3956279301643373}, {""event_id"": 2, ""low_entry_timestep"": 152, ""return_timestep"": 170, ""event_timestep"": 170, ""reset_timestep"": 170, ""low_entry_clearance"": 0.42673106513451325, ""return_clearance"": 0.8432419271526588, ""pre_reset_budget"": 2.125627930164343, ""post_reset_budget"": 2.4}]"
stratified_wide_penalty,train_fit,72,131000215,"[46, 67, 128, 201, 297]",5,True,[],True,True,True,True,True,False,,1.3115995514392849,0,"[{""event_id"": 1, ""low_entry_timestep"": 16, ""return_timestep"": 46, ""event_timestep"": 46, ""reset_timestep"": 46, ""low_entry_clearance"": 0.44413950843637134, ""return_clearance"": 0.8243541244773164, ""pre_reset_budget"": 1.9400000000000084, ""post_reset_budget"": 1.8493133926391603}, {""event_id"": 2, ""low_entry_timestep"": 53, ""return_timestep"": 67, ""event_timestep"": 67, ""reset_timestep"": 67, ""low_entry_clearance"": 0.3882744832667724, ""return_clearance"": 0.8008270343624755, ""pre_reset_budget"": 1.63931339263916, ""post_reset_budget"": 1.9215995514392854}, {""event_id"": 3, ""low_entry_timestep"": 110, ""return_timestep"": 128, ""event_timestep"": 128, ""reset_timestep"": 128, ""low_entry_clearance"": 0.45816884737836056, ""return_clearance"": 0.797693766908179, ""pre_reset_budget"": 1.3115995514392849, ""post_reset_budget"": 2.058948292732239}, {""event_id"": 4, ""low_entry_timestep"": 136, ""return_timestep"": 201, ""event_timestep"": 201, ""reset_timestep"": 201, ""low_entry_clearance"": 0.4516953931575719, ""return_clearance"": 0.8707515916987768, ""pre_reset_budget"": 1.3289482927322394, ""post_reset_budget"": 2.285729184150696}, {""event_id"": 5, ""low_entry_timestep"": 206, ""return_timestep"": 297, ""event_timestep"": 297, ""reset_timestep"": 297, ""low_entry_clearance"": 0.4197865112720143, ""return_clearance"": 0.7936796193055292, ""pre_reset_budget"": 1.3257291841507013, ""post_reset_budget"": 2.2867429995536805}]"
stratified_wide_penalty,train_fit,73,131000217,[197],1,False,"[""INSUFFICIENT_EVENTS""]",True,True,True,True,True,False,,0.43000000000000704,0,"[{""event_id"": 1, ""low_entry_timestep"": 124, ""return_timestep"": 197, ""event_timestep"": 197, ""reset_timestep"": 197, ""low_entry_clearance"": 0.4449723935940195, ""return_clearance"": 0.7995149229588175, ""pre_reset_budget"": 0.43000000000000704, ""post_reset_budget"": 2.051612182855606}]"
stratified_wide_penalty,train_fit,74,131000221,"[45, 106, 185, 296]",4,True,[],True,True,True,True,True,False,,1.101609020233158,0,"[{""event_id"": 1, ""low_entry_timestep"": 0, ""return_timestep"": 45, ""event_timestep"": 45, ""reset_timestep"": 45, ""low_entry_clearance"": 0.3577445194682965, ""return_clearance"": 0.8782750894017927, ""pre_reset_budget"": 1.9500000000000084, ""post_reset_budget"": 2.267868413925171}, {""event_id"": 2, ""low_entry_timestep"": 77, ""return_timestep"": 106, ""event_timestep"": 106, ""reset_timestep"": 106, ""low_entry_clearance"": 0.4269637041098784, ""return_clearance"": 0.8433811034760126, ""pre_reset_budget"": 1.6578684139251763, ""post_reset_budget"": 2.4}, {""event_id"": 3, ""low_entry_timestep"": 130, ""return_timestep"": 185, ""event_timestep"": 185, ""reset_timestep"": 185, ""low_entry_clearance"": 0.46763459058286183, ""return_clearance"": 0.8054739432995354, ""pre_reset_budget"": 1.610000000000008, ""post_reset_budget"": 2.2116090202331544}, {""event_id"": 4, ""low_entry_timestep"": 193, ""return_timestep"": 296, ""event_timestep"": 296, ""reset_timestep"": 296, ""low_entry_clearance"": 0.4611674923036652, ""return_clearance"": 0.794010347961347, ""pre_reset_budget"": 1.101609020233158, ""post_reset_budget"": 1.9845315062999727}]"
stratified_wide_penalty,train_fit,75,131000227,"[67, 263]",2,True,[],True,True,True,True,True,False,,0.44000000000000705,0,"[{""event_id"": 1, ""low_entry_timestep"": 2, ""return_timestep"": 67, ""event_timestep"": 67, ""reset_timestep"": 67, ""low_entry_clearance"": 0.4284685357648119, ""return_clearance"": 0.8059252136524597, ""pre_reset_budget"": 1.7300000000000082, ""post_reset_budget"": 2.4}, {""event_id"": 2, ""low_entry_timestep"": 170, ""return_timestep"": 263, ""event_timestep"": 263, ""reset_timestep"": 263, ""low_entry_clearance"": 0.4601760005112535, ""return_clearance"": 0.8236828910686533, ""pre_reset_budget"": 0.44000000000000705, ""post_reset_budget"": 2.317455246448517}]"
stratified_wide_penalty,train_fit,76,131000229,"[11, 46, 173]",3,True,[],True,True,True,True,True,False,,1.020778472423559,0,"[{""event_id"": 1, ""low_entry_timestep"": 2, ""return_timestep"": 11, ""event_timestep"": 11, ""reset_timestep"": 11, ""low_entry_clearance"": 0.46065229547235703, ""return_clearance"": 0.8031959413300515, ""pre_reset_budget"": 2.2900000000000023, ""post_reset_budget"": 2.4}, {""event_id"": 2, ""low_entry_timestep"": 23, ""return_timestep"": 46, ""event_timestep"": 46, ""reset_timestep"": 46, ""low_entry_clearance"": 0.4451154975808818, ""return_clearance"": 0.8004550269352503, ""pre_reset_budget"": 2.0500000000000074, ""post_reset_budget"": 2.4}, {""event_id"": 3, ""low_entry_timestep"": 85, ""return_timestep"": 173, ""event_timestep"": 173, ""reset_timestep"": 173, ""low_entry_clearance"": 0.4717883504169124, ""return_clearance"": 0.8202119674841111, ""pre_reset_budget"": 1.1300000000000077, ""post_reset_budget"": 2.2907784724235536}]"
stratified_wide_penalty,train_fit,77,131000231,[11],1,False,"[""DELTA_MARGIN_FAIL"", ""REGION_GATE_FAIL"", ""TRANSITION_SOUNDNESS_FAIL"", ""INSUFFICIENT_EVENTS""]",False,True,False,False,True,True,252,-0.4899999999999935,0,"[{""event_id"": 1, ""low_entry_timestep"": 2, ""return_timestep"": 11, ""event_timestep"": 11, ""reset_timestep"": 11, ""low_entry_clearance"": 0.3481080623320981, ""return_clearance"": 0.8099850465430344, ""pre_reset_budget"": 2.231609015464785, ""post_reset_budget"": 2.4}]"
stratified_wide_penalty,train_fit,78,131000233,[163],1,False,"[""INSUFFICIENT_EVENTS""]",True,True,True,True,True,False,,0.7700000000000073,0,"[{""event_id"": 1, ""low_entry_timestep"": 4, ""return_timestep"": 163, ""event_timestep"": 163, ""reset_timestep"": 163, ""low_entry_clearance"": 0.4645756982452511, ""return_clearance"": 0.8033780675188176, ""pre_reset_budget"": 0.7700000000000073, ""post_reset_budget"": 2.2356780910491945}]"
stratified_wide_penalty,train_fit,79,131000235,"[50, 79]",2,True,[],True,True,True,True,True,False,,0.19000000000000683,0,"[{""event_id"": 1, ""low_entry_timestep"": 1, ""return_timestep"": 50, ""event_timestep"": 50, ""reset_timestep"": 50, ""low_entry_clearance"": 0.17290497078655917, ""return_clearance"": 0.8432744615538502, ""pre_reset_budget"": 1.9000000000000083, ""post_reset_budget"": 2.16437698841095}, {""event_id"": 2, ""low_entry_timestep"": 71, ""return_timestep"": 79, ""event_timestep"": 79, ""reset_timestep"": 79, ""low_entry_clearance"": 0.41720570228100334, ""return_clearance"": 0.8274926704473974, ""pre_reset_budget"": 1.8743769884109531, ""post_reset_budget"": 2.4}]"
stratified_wide_penalty,internal_validation,0,132000001,"[14, 62]",2,False,"[""DELTA_MARGIN_FAIL"", ""REGION_GATE_FAIL"", ""TRANSITION_SOUNDNESS_FAIL""]",False,True,False,False,True,False,255,-0.45279099583625965,0,"[{""event_id"": 1, ""low_entry_timestep"": 0, ""return_timestep"": 14, ""event_timestep"": 14, ""reset_timestep"": 14, ""low_entry_clearance"": 0.0910676643684913, ""return_clearance"": 0.7937552117754826, ""pre_reset_budget"": 2.260000000000003, ""post_reset_budget"": 2.4}, {""event_id"": 2, ""low_entry_timestep"": 54, ""return_timestep"": 62, ""event_timestep"": 62, ""reset_timestep"": 62, ""low_entry_clearance"": 0.45408220147318334, ""return_clearance"": 0.8317492728085402, ""pre_reset_budget"": 1.9200000000000084, ""post_reset_budget"": 1.9272090041637422}]"
stratified_wide_penalty,internal_validation,1,132000009,"[2, 60]",2,True,[],True,True,True,True,True,False,,6.79664657887713e-15,0,"[{""event_id"": 1, ""low_entry_timestep"": 0, ""return_timestep"": 2, ""event_timestep"": 2, ""reset_timestep"": 2, ""low_entry_clearance"": 0.3161315667559034, ""return_clearance"": 0.8008009001018942, ""pre_reset_budget"": 2.3800000000000003, ""post_reset_budget"": 2.038761123418808}, {""event_id"": 2, ""low_entry_timestep"": 11, ""return_timestep"": 60, ""event_timestep"": 60, ""reset_timestep"": 60, ""low_entry_clearance"": 0.44814166435742836, ""return_clearance"": 0.8139261786894921, ""pre_reset_budget"": 1.4587611234188083, ""post_reset_budget"": 2.4}]"
stratified_wide_penalty,internal_validation,2,132000013,"[92, 248]",2,True,[],True,True,True,True,True,False,,0.8400000000000074,0,"[{""event_id"": 1, ""low_entry_timestep"": 0, ""return_timestep"": 92, ""event_timestep"": 92, ""reset_timestep"": 92, ""low_entry_clearance"": 0.04241657933574048, ""return_clearance"": 0.8287929504219914, ""pre_reset_budget"": 1.480000000000008, ""post_reset_budget"": 2.4}, {""event_id"": 2, ""low_entry_timestep"": 104, ""return_timestep"": 248, ""event_timestep"": 248, ""reset_timestep"": 248, ""low_entry_clearance"": 0.45650011565284265, ""return_clearance"": 0.801355853594468, ""pre_reset_budget"": 0.8400000000000074, ""post_reset_budget"": 2.14423800945282}]"
stratified_wide_penalty,internal_validation,3,132000015,[47],1,False,"[""DELTA_MARGIN_FAIL"", ""REGION_GATE_FAIL"", ""TRANSITION_SOUNDNESS_FAIL"", ""INSUFFICIENT_EVENTS""]",False,True,False,False,True,True,288,-0.12999999999999318,0,"[{""event_id"": 1, ""low_entry_timestep"": 0, ""return_timestep"": 47, ""event_timestep"": 47, ""reset_timestep"": 47, ""low_entry_clearance"": 0.0692604621255578, ""return_clearance"": 0.8076995844478277, ""pre_reset_budget"": 1.9300000000000084, ""post_reset_budget"": 2.4}]"
stratified_wide_penalty,internal_validation,4,132000017,"[66, 243]",2,True,[],True,True,True,True,True,False,,0.6300000000000072,0,"[{""event_id"": 1, ""low_entry_timestep"": 53, ""return_timestep"": 66, ""event_timestep"": 66, ""reset_timestep"": 66, ""low_entry_clearance"": 0.42133926000581445, ""return_clearance"": 0.799382034059048, ""pre_reset_budget"": 1.7400000000000082, ""post_reset_budget"": 2.4}, {""event_id"": 2, ""low_entry_timestep"": 111, ""return_timestep"": 243, ""event_timestep"": 243, ""reset_timestep"": 243, ""low_entry_clearance"": 0.46131080123326035, ""return_clearance"": 0.7980278502076423, ""pre_reset_budget"": 0.6300000000000072, ""post_reset_budget"": 2.4}]"
stratified_wide_penalty,internal_validation,5,132000019,"[48, 174, 217]",3,True,[],True,True,True,True,True,False,,0.9384493875503572,0,"[{""event_id"": 1, ""low_entry_timestep"": 37, ""return_timestep"": 48, ""event_timestep"": 48, ""reset_timestep"": 48, ""low_entry_clearance"": 0.4439769594297159, ""return_clearance"": 0.8307066209816931, ""pre_reset_budget"": 1.9200000000000084, ""post_reset_budget"": 2.198449387550354}, {""event_id"": 2, ""low_entry_timestep"": 63, ""return_timestep"": 174, ""event_timestep"": 174, ""reset_timestep"": 174, ""low_entry_clearance"": 0.44319624147225506, ""return_clearance"": 0.8108311166239669, ""pre_reset_budget"": 0.9384493875503572, ""post_reset_budget"": 2.156400754451752}, {""event_id"": 3, ""low_entry_timestep"": 184, ""return_timestep"": 217, ""event_timestep"": 217, ""reset_timestep"": 217, ""low_entry_clearance"": 0.469847828048449, ""return_clearance"": 0.7938325433539604, ""pre_reset_budget"": 1.7264007544517548, ""post_reset_budget"": 2.0327778601646425}]"
stratified_wide_penalty,internal_validation,6,132000023,"[20, 73, 127, 276]",4,True,[],True,True,True,True,True,False,,0.8717788100242683,0,"[{""event_id"": 1, ""low_entry_timestep"": 11, ""return_timestep"": 20, ""event_timestep"": 20, ""reset_timestep"": 20, ""low_entry_clearance"": 0.4400970869416589, ""return_clearance"": 0.8640129475241559, ""pre_reset_budget"": 2.200000000000004, ""post_reset_budget"": 2.4}, {""event_id"": 2, ""low_entry_timestep"": 30, ""return_timestep"": 73, ""event_timestep"": 73, ""reset_timestep"": 73, ""low_entry_clearance"": 0.4732504018589415, ""return_clearance"": 0.8588656216318814, ""pre_reset_budget"": 1.8700000000000083, ""post_reset_budget"": 2.4}, {""event_id"": 3, ""low_entry_timestep"": 94, ""return_timestep"": 127, ""event_timestep"": 127, ""reset_timestep"": 127, ""low_entry_clearance"": 0.4061657744909064, ""return_clearance"": 0.8313605959178882, ""pre_reset_budget"": 1.8600000000000083, ""post_reset_budget"": 2.3617788100242616}, {""event_id"": 4, ""low_entry_timestep"": 202, ""return_timestep"": 276, ""event_timestep"": 276, ""reset_timestep"": 276, ""low_entry_clearance"": 0.4491384019728657, ""return_clearance"": 0.8149310203333846, ""pre_reset_budget"": 0.8717788100242683, ""post_reset_budget"": 2.073586835861206}]"
stratified_wide_penalty,internal_validation,7,132000025,[215],1,False,"[""INSUFFICIENT_EVENTS""]",True,True,True,True,True,False,,0.2500000000000069,0,"[{""event_id"": 1, ""low_entry_timestep"": 9, ""return_timestep"": 215, ""event_timestep"": 215, ""reset_timestep"": 215, ""low_entry_clearance"": 0.4234864752061189, ""return_clearance"": 0.7968302695491987, ""pre_reset_budget"": 0.2500000000000069, ""post_reset_budget"": 2.263553514480591}]"
stratified_wide_penalty,internal_validation,8,132000027,"[93, 244]",2,True,[],True,True,True,True,True,False,,0.8900000000000075,0,"[{""event_id"": 1, ""low_entry_timestep"": 0, ""return_timestep"": 93, ""event_timestep"": 93, ""reset_timestep"": 93, ""low_entry_clearance"": 0.44637726761437707, ""return_clearance"": 0.8566640924595651, ""pre_reset_budget"": 1.470000000000008, ""post_reset_budget"": 2.4}, {""event_id"": 2, ""low_entry_timestep"": 173, ""return_timestep"": 244, ""event_timestep"": 244, ""reset_timestep"": 244, ""low_entry_clearance"": 0.4732355398355904, ""return_clearance"": 0.7949419042514911, ""pre_reset_budget"": 0.8900000000000075, ""post_reset_budget"": 2.120941951274872}]"
stratified_wide_penalty,internal_validation,9,132000029,[11],1,False,"[""DELTA_MARGIN_FAIL"", ""REGION_GATE_FAIL"", ""TRANSITION_SOUNDNESS_FAIL"", ""INSUFFICIENT_EVENTS""]",False,True,False,False,True,True,252,-0.4899999999999935,0,"[{""event_id"": 1, ""low_entry_timestep"": 0, ""return_timestep"": 11, ""event_timestep"": 11, ""reset_timestep"": 11, ""low_entry_clearance"": 0.24862537357921735, ""return_clearance"": 0.8199985811756234, ""pre_reset_budget"": 2.2900000000000023, ""post_reset_budget"": 2.4}]"
stratified_wide_penalty,internal_validation,10,132000033,[175],1,False,"[""INSUFFICIENT_EVENTS""]",True,True,True,True,True,False,,0.6500000000000072,0,"[{""event_id"": 1, ""low_entry_timestep"": 111, ""return_timestep"": 175, ""event_timestep"": 175, ""reset_timestep"": 175, ""low_entry_clearance"": 0.44339392439207503, ""return_clearance"": 0.8366459847803188, ""pre_reset_budget"": 0.6500000000000072, ""post_reset_budget"": 2.4}]"
stratified_wide_penalty,internal_validation,11,132000035,"[28, 75]",2,False,"[""DELTA_MARGIN_FAIL"", ""REGION_GATE_FAIL"", ""TRANSITION_SOUNDNESS_FAIL""]",False,True,False,False,True,False,259,-0.4185106015205399,0,"[{""event_id"": 1, ""low_entry_timestep"": 0, ""return_timestep"": 28, ""event_timestep"": 28, ""reset_timestep"": 28, ""low_entry_clearance"": 0.46958797575521133, ""return_clearance"": 0.8193309906547624, ""pre_reset_budget"": 2.120000000000006, ""post_reset_budget"": 2.0673070693016053}, {""event_id"": 2, ""low_entry_timestep"": 44, ""return_timestep"": 75, ""event_timestep"": 75, ""reset_timestep"": 75, ""low_entry_clearance"": 0.4622030181033521, ""return_clearance"": 0.7982181374641938, ""pre_reset_budget"": 1.5973070693016063, ""post_reset_budget"": 1.8314893984794618}]"
stratified_wide_penalty,internal_validation,12,132000037,[],0,False,"[""DELTA_MARGIN_FAIL"", ""REGION_GATE_FAIL"", ""TRANSITION_SOUNDNESS_FAIL"", ""INSUFFICIENT_EVENTS""]",False,True,False,False,True,True,241,-0.5999999999999935,0,[]
stratified_wide_penalty,internal_validation,13,132000039,"[10, 99]",2,False,"[""DELTA_MARGIN_FAIL"", ""REGION_GATE_FAIL"", ""TRANSITION_SOUNDNESS_FAIL""]",False,True,False,False,True,False,286,-0.14039748430252214,0,"[{""event_id"": 1, ""low_entry_timestep"": 2, ""return_timestep"": 10, ""event_timestep"": 10, ""reset_timestep"": 10, ""low_entry_clearance"": 0.4583257616747037, ""return_clearance"": 0.7947441858497142, ""pre_reset_budget"": 2.300000000000002, ""post_reset_budget"": 2.4}, {""event_id"": 2, ""low_entry_timestep"": 76, ""return_timestep"": 99, ""event_timestep"": 99, ""reset_timestep"": 99, ""low_entry_clearance"": 0.4200718101919314, ""return_clearance"": 0.8055335476671572, ""pre_reset_budget"": 1.510000000000008, ""post_reset_budget"": 1.8696025156974794}]"
stratified_wide_penalty,internal_validation,14,132000043,"[15, 86, 179]",3,True,[],True,True,True,True,True,False,,1.1900000000000077,0,"[{""event_id"": 1, ""low_entry_timestep"": 0, ""return_timestep"": 15, ""event_timestep"": 15, ""reset_timestep"": 15, ""low_entry_clearance"": 0.4425448863922178, ""return_clearance"": 0.7936156786258421, ""pre_reset_budget"": 2.250000000000003, ""post_reset_budget"": 2.2678351545333864}, {""event_id"": 2, ""low_entry_timestep"": 23, ""return_timestep"": 86, ""event_timestep"": 86, ""reset_timestep"": 86, ""low_entry_clearance"": 0.43020931117552436, ""return_clearance"": 0.82275390625, ""pre_reset_budget"": 1.5578351545333915, ""post_reset_budget"": 2.4}, {""event_id"": 3, ""low_entry_timestep"": 97, ""return_timestep"": 179, ""event_timestep"": 179, ""reset_timestep"": 179, ""low_entry_clearance"": 0.44844439564364263, ""return_clearance"": 0.848251485367387, ""pre_reset_budget"": 1.470000000000008, ""post_reset_budget"": 2.4}]"
stratified_wide_penalty,internal_validation,15,132000047,[257],1,False,"[""DELTA_MARGIN_FAIL"", ""REGION_GATE_FAIL"", ""TRANSITION_SOUNDNESS_FAIL"", ""INSUFFICIENT_EVENTS""]",False,True,False,False,True,True,241,-0.1699999999999932,0,"[{""event_id"": 1, ""low_entry_timestep"": 1, ""return_timestep"": 257, ""event_timestep"": 257, ""reset_timestep"": 257, ""low_entry_clearance"": 0.2361622891799844, ""return_clearance"": 0.8187965554549271, ""pre_reset_budget"": -0.1699999999999932, ""post_reset_budget"": 2.1583497667312623}]"
stratified_wide_penalty,internal_validation,16,132000049,"[18, 67, 81, 144, 203, 257, 299]",7,True,[],True,True,True,True,True,False,,1.5190854549407977,0,"[{""event_id"": 1, ""low_entry_timestep"": 12, ""return_timestep"": 18, ""event_timestep"": 18, ""reset_timestep"": 18, ""low_entry_clearance"": 0.4503881740586093, ""return_clearance"": 0.8038699246606541, ""pre_reset_budget"": 2.2200000000000037, ""post_reset_budget"": 2.4}, {""event_id"": 2, ""low_entry_timestep"": 22, ""return_timestep"": 67, ""event_timestep"": 67, ""reset_timestep"": 67, ""low_entry_clearance"": 0.4179460038029783, ""return_clearance"": 0.8055655124385119, ""pre_reset_budget"": 1.9100000000000084, ""post_reset_budget"": 2.4}, {""event_id"": 3, ""low_entry_timestep"": 72, ""return_timestep"": 81, ""event_timestep"": 81, ""reset_timestep"": 81, ""low_entry_clearance"": 0.42023119512327534, ""return_clearance"": 0.7962244781883374, ""pre_reset_budget"": 2.260000000000003, ""post_reset_budget"": 2.4}, {""event_id"": 4, ""low_entry_timestep"": 115, ""return_timestep"": 144, ""event_timestep"": 144, ""reset_timestep"": 144, ""low_entry_clearance"": 0.46417085044157846, ""return_clearance"": 0.7910774206819036, ""pre_reset_budget"": 1.7700000000000082, ""post_reset_budget"": 2.109085454940796}, {""event_id"": 5, ""low_entry_timestep"": 188, ""return_timestep"": 203, ""event_timestep"": 203, ""reset_timestep"": 203, ""low_entry_clearance"": 0.44903185003994384, ""return_clearance"": 0.8000473776773035, ""pre_reset_budget"": 1.5190854549407977, ""post_reset_budget"": 2.4}, {""event_id"": 6, ""low_entry_timestep"": 243, ""return_timestep"": 257, ""event_timestep"": 257, ""reset_timestep"": 257, ""low_entry_clearance"": 0.4318340480906312, ""return_clearance"": 0.8376293708745295, ""pre_reset_budget"": 1.8600000000000083, ""post_reset_budget"": 2.39566965341568}, {""event_id"": 7, ""low_entry_timestep"": 288, ""return_timestep"": 299, ""event_timestep"": 299, ""reset_timestep"": 299, ""low_entry_clearance"": 0.44351905938344627, ""return_clearance"": 0.852740426769442, ""pre_reset_budget"": 1.9756696534156883, ""post_reset_budget"": 2.4}]"
stratified_wide_penalty,internal_validation,17,132000051,"[91, 213, 259]",3,True,[],True,True,True,True,True,False,,1.1800000000000077,0,"[{""event_id"": 1, ""low_entry_timestep"": 41, ""return_timestep"": 91, ""event_timestep"": 91, ""reset_timestep"": 91, ""low_entry_clearance"": 0.4623217729022979, ""return_clearance"": 0.83771066578203, ""pre_reset_budget"": 1.490000000000008, ""post_reset_budget"": 2.4}, {""event_id"": 2, ""low_entry_timestep"": 142, ""return_timestep"": 213, ""event_timestep"": 213, ""reset_timestep"": 213, ""low_entry_clearance"": 0.40435136437066194, ""return_clearance"": 0.8104934858640456, ""pre_reset_budget"": 1.1800000000000077, ""post_reset_budget"": 2.4}, {""event_id"": 3, ""low_entry_timestep"": 237, ""return_timestep"": 259, ""event_timestep"": 259, ""reset_timestep"": 259, ""low_entry_clearance"": 0.3723599965740748, ""return_clearance"": 0.8084527966291176, ""pre_reset_budget"": 1.9400000000000084, ""post_reset_budget"": 2.4}]"
stratified_wide_penalty,internal_validation,18,132000053,[],0,False,"[""DELTA_MARGIN_FAIL"", ""REGION_GATE_FAIL"", ""TRANSITION_SOUNDNESS_FAIL"", ""INSUFFICIENT_EVENTS""]",False,True,False,False,True,True,241,-0.5999999999999935,0,[]
stratified_wide_penalty,internal_validation,19,132000057,"[25, 204]",2,True,[],True,True,True,True,True,False,,0.47432634830475284,0,"[{""event_id"": 1, ""low_entry_timestep"": 0, ""return_timestep"": 25, ""event_timestep"": 25, ""reset_timestep"": 25, ""low_entry_clearance"": 0.3169898079473154, ""return_clearance"": 0.7966148101284224, ""pre_reset_budget"": 2.1500000000000052, ""post_reset_budget"": 2.2643263483047487}, {""event_id"": 2, ""low_entry_timestep"": 35, ""return_timestep"": 204, ""event_timestep"": 204, ""reset_timestep"": 204, ""low_entry_clearance"": 0.4547851667348882, ""return_clearance"": 0.809396096915639, ""pre_reset_budget"": 0.47432634830475284, ""post_reset_budget"": 2.4}]"
stratified_wide_penalty_matched_constant,internal_validation,0,132000001,"[14, 62]",2,False,"[""DELTA_MARGIN_FAIL"", ""REGION_GATE_FAIL"", ""TRANSITION_SOUNDNESS_FAIL""]",False,True,False,False,True,False,289,-0.11762993521903038,0,"[{""event_id"": 1, ""low_entry_timestep"": 0, ""return_timestep"": 14, ""event_timestep"": 14, ""reset_timestep"": 14, ""low_entry_clearance"": 0.0910676643684913, ""return_clearance"": 0.7937552117754826, ""pre_reset_budget"": 2.1223700647809687, ""post_reset_budget"": 2.2623700647809657}, {""event_id"": 2, ""low_entry_timestep"": 54, ""return_timestep"": 62, ""event_timestep"": 62, ""reset_timestep"": 62, ""low_entry_clearance"": 0.45408220147318334, ""return_clearance"": 0.8317492728085402, ""pre_reset_budget"": 1.782370064780971, ""post_reset_budget"": 2.2623700647809657}]"
stratified_wide_penalty_matched_constant,internal_validation,1,132000009,"[2, 60]",2,False,"[""DELTA_MARGIN_FAIL"", ""REGION_GATE_FAIL"", ""TRANSITION_SOUNDNESS_FAIL""]",False,True,False,False,True,False,287,-0.13762993521903039,0,"[{""event_id"": 1, ""low_entry_timestep"": 0, ""return_timestep"": 2, ""event_timestep"": 2, ""reset_timestep"": 2, ""low_entry_clearance"": 0.3161315667559034, ""return_clearance"": 0.8008009001018942, ""pre_reset_budget"": 2.242370064780966, ""post_reset_budget"": 2.2623700647809657}, {""event_id"": 2, ""low_entry_timestep"": 11, ""return_timestep"": 60, ""event_timestep"": 60, ""reset_timestep"": 60, ""low_entry_clearance"": 0.44814166435742836, ""return_clearance"": 0.8139261786894921, ""pre_reset_budget"": 1.682370064780971, ""post_reset_budget"": 2.2623700647809657}]"
stratified_wide_penalty_matched_constant,internal_validation,2,132000013,"[92, 248]",2,True,[],True,True,True,True,True,False,,0.7023700647809701,0,"[{""event_id"": 1, ""low_entry_timestep"": 0, ""return_timestep"": 92, ""event_timestep"": 92, ""reset_timestep"": 92, ""low_entry_clearance"": 0.04241657933574048, ""return_clearance"": 0.8287929504219914, ""pre_reset_budget"": 1.3423700647809707, ""post_reset_budget"": 2.2623700647809657}, {""event_id"": 2, ""low_entry_timestep"": 104, ""return_timestep"": 248, ""event_timestep"": 248, ""reset_timestep"": 248, ""low_entry_clearance"": 0.45650011565284265, ""return_clearance"": 0.801355853594468, ""pre_reset_budget"": 0.7023700647809701, ""post_reset_budget"": 2.2623700647809657}]"
stratified_wide_penalty_matched_constant,internal_validation,3,132000015,[47],1,False,"[""DELTA_MARGIN_FAIL"", ""REGION_GATE_FAIL"", ""TRANSITION_SOUNDNESS_FAIL"", ""INSUFFICIENT_EVENTS""]",False,True,False,False,True,True,274,-0.2676299352190305,0,"[{""event_id"": 1, ""low_entry_timestep"": 0, ""return_timestep"": 47, ""event_timestep"": 47, ""reset_timestep"": 47, ""low_entry_clearance"": 0.0692604621255578, ""return_clearance"": 0.8076995844478277, ""pre_reset_budget"": 1.792370064780971, ""post_reset_budget"": 2.2623700647809657}]"
stratified_wide_penalty_matched_constant,internal_validation,4,132000017,"[66, 243]",2,True,[],True,True,True,True,True,False,,0.4923700647809699,0,"[{""event_id"": 1, ""low_entry_timestep"": 53, ""return_timestep"": 66, ""event_timestep"": 66, ""reset_timestep"": 66, ""low_entry_clearance"": 0.42133926000581445, ""return_clearance"": 0.799382034059048, ""pre_reset_budget"": 1.6023700647809709, ""post_reset_budget"": 2.2623700647809657}, {""event_id"": 2, ""low_entry_timestep"": 111, ""return_timestep"": 243, ""event_timestep"": 243, ""reset_timestep"": 243, ""low_entry_clearance"": 0.46131080123326035, ""return_clearance"": 0.7980278502076423, ""pre_reset_budget"": 0.4923700647809699, ""post_reset_budget"": 2.2623700647809657}]"
stratified_wide_penalty_matched_constant,internal_validation,5,132000019,"[48, 174, 217]",3,True,[],True,True,True,True,True,False,,1.0023700647809703,0,"[{""event_id"": 1, ""low_entry_timestep"": 37, ""return_timestep"": 48, ""event_timestep"": 48, ""reset_timestep"": 48, ""low_entry_clearance"": 0.4439769594297159, ""return_clearance"": 0.8307066209816931, ""pre_reset_budget"": 1.782370064780971, ""post_reset_budget"": 2.2623700647809657}, {""event_id"": 2, ""low_entry_timestep"": 63, ""return_timestep"": 174, ""event_timestep"": 174, ""reset_timestep"": 174, ""low_entry_clearance"": 0.44319624147225506, ""return_clearance"": 0.8108311166239669, ""pre_reset_budget"": 1.0023700647809703, ""post_reset_budget"": 2.2623700647809657}, {""event_id"": 3, ""low_entry_timestep"": 184, ""return_timestep"": 217, ""event_timestep"": 217, ""reset_timestep"": 217, ""low_entry_clearance"": 0.469847828048449, ""return_clearance"": 0.7938325433539604, ""pre_reset_budget"": 1.832370064780971, ""post_reset_budget"": 2.2623700647809657}]"
stratified_wide_penalty_matched_constant,internal_validation,6,132000023,"[20, 73, 127, 276]",4,True,[],True,True,True,True,True,False,,0.7723700647809701,0,"[{""event_id"": 1, ""low_entry_timestep"": 11, ""return_timestep"": 20, ""event_timestep"": 20, ""reset_timestep"": 20, ""low_entry_clearance"": 0.4400970869416589, ""return_clearance"": 0.8640129475241559, ""pre_reset_budget"": 2.06237006478097, ""post_reset_budget"": 2.2623700647809657}, {""event_id"": 2, ""low_entry_timestep"": 30, ""return_timestep"": 73, ""event_timestep"": 73, ""reset_timestep"": 73, ""low_entry_clearance"": 0.4732504018589415, ""return_clearance"": 0.8588656216318814, ""pre_reset_budget"": 1.732370064780971, ""post_reset_budget"": 2.2623700647809657}, {""event_id"": 3, ""low_entry_timestep"": 94, ""return_timestep"": 127, ""event_timestep"": 127, ""reset_timestep"": 127, ""low_entry_clearance"": 0.4061657744909064, ""return_clearance"": 0.8313605959178882, ""pre_reset_budget"": 1.722370064780971, ""post_reset_budget"": 2.2623700647809657}, {""event_id"": 4, ""low_entry_timestep"": 202, ""return_timestep"": 276, ""event_timestep"": 276, ""reset_timestep"": 276, ""low_entry_clearance"": 0.4491384019728657, ""return_clearance"": 0.8149310203333846, ""pre_reset_budget"": 0.7723700647809701, ""post_reset_budget"": 2.2623700647809657}]"
stratified_wide_penalty_matched_constant,internal_validation,7,132000025,[215],1,False,"[""INSUFFICIENT_EVENTS""]",True,True,True,True,True,False,,0.11237006478096959,0,"[{""event_id"": 1, ""low_entry_timestep"": 9, ""return_timestep"": 215, ""event_timestep"": 215, ""reset_timestep"": 215, ""low_entry_clearance"": 0.4234864752061189, ""return_clearance"": 0.7968302695491987, ""pre_reset_budget"": 0.11237006478096959, ""post_reset_budget"": 2.2623700647809657}]"
stratified_wide_penalty_matched_constant,internal_validation,8,132000027,"[93, 244]",2,True,[],True,True,True,True,True,False,,0.7523700647809701,0,"[{""event_id"": 1, ""low_entry_timestep"": 0, ""return_timestep"": 93, ""event_timestep"": 93, ""reset_timestep"": 93, ""low_entry_clearance"": 0.44637726761437707, ""return_clearance"": 0.8566640924595651, ""pre_reset_budget"": 1.3323700647809706, ""post_reset_budget"": 2.2623700647809657}, {""event_id"": 2, ""low_entry_timestep"": 173, ""return_timestep"": 244, ""event_timestep"": 244, ""reset_timestep"": 244, ""low_entry_clearance"": 0.4732355398355904, ""return_clearance"": 0.7949419042514911, ""pre_reset_budget"": 0.7523700647809701, ""post_reset_budget"": 2.2623700647809657}]"
stratified_wide_penalty_matched_constant,internal_validation,9,132000029,[11],1,False,"[""DELTA_MARGIN_FAIL"", ""REGION_GATE_FAIL"", ""TRANSITION_SOUNDNESS_FAIL"", ""INSUFFICIENT_EVENTS""]",False,True,False,False,True,True,238,-0.6276299352190308,0,"[{""event_id"": 1, ""low_entry_timestep"": 0, ""return_timestep"": 11, ""event_timestep"": 11, ""reset_timestep"": 11, ""low_entry_clearance"": 0.24862537357921735, ""return_clearance"": 0.8199985811756234, ""pre_reset_budget"": 2.152370064780968, ""post_reset_budget"": 2.2623700647809657}]"
stratified_wide_penalty_matched_constant,internal_validation,10,132000033,[175],1,False,"[""INSUFFICIENT_EVENTS""]",True,True,True,True,True,False,,0.5123700647809699,0,"[{""event_id"": 1, ""low_entry_timestep"": 111, ""return_timestep"": 175, ""event_timestep"": 175, ""reset_timestep"": 175, ""low_entry_clearance"": 0.44339392439207503, ""return_clearance"": 0.8366459847803188, ""pre_reset_budget"": 0.5123700647809699, ""post_reset_budget"": 2.2623700647809657}]"
stratified_wide_penalty_matched_constant,internal_validation,11,132000035,"[28, 75]",2,True,[],True,True,True,True,True,False,,0.012370064780969596,0,"[{""event_id"": 1, ""low_entry_timestep"": 0, ""return_timestep"": 28, ""event_timestep"": 28, ""reset_timestep"": 28, ""low_entry_clearance"": 0.46958797575521133, ""return_clearance"": 0.8193309906547624, ""pre_reset_budget"": 1.9823700647809712, ""post_reset_budget"": 2.2623700647809657}, {""event_id"": 2, ""low_entry_timestep"": 44, ""return_timestep"": 75, ""event_timestep"": 75, ""reset_timestep"": 75, ""low_entry_clearance"": 0.4622030181033521, ""return_clearance"": 0.7982181374641938, ""pre_reset_budget"": 1.792370064780971, ""post_reset_budget"": 2.2623700647809657}]"
stratified_wide_penalty_matched_constant,internal_validation,12,132000037,[],0,False,"[""DELTA_MARGIN_FAIL"", ""REGION_GATE_FAIL"", ""TRANSITION_SOUNDNESS_FAIL"", ""INSUFFICIENT_EVENTS""]",False,True,False,False,True,True,227,-0.7376299352190309,0,[]
stratified_wide_penalty_matched_constant,internal_validation,13,132000039,"[10, 99]",2,True,[],True,True,True,True,True,False,,0.2523700647809697,0,"[{""event_id"": 1, ""low_entry_timestep"": 2, ""return_timestep"": 10, ""event_timestep"": 10, ""reset_timestep"": 10, ""low_entry_clearance"": 0.4583257616747037, ""return_clearance"": 0.7947441858497142, ""pre_reset_budget"": 2.162370064780968, ""post_reset_budget"": 2.2623700647809657}, {""event_id"": 2, ""low_entry_timestep"": 76, ""return_timestep"": 99, ""event_timestep"": 99, ""reset_timestep"": 99, ""low_entry_clearance"": 0.4200718101919314, ""return_clearance"": 0.8055335476671572, ""pre_reset_budget"": 1.3723700647809707, ""post_reset_budget"": 2.2623700647809657}]"
stratified_wide_penalty_matched_constant,internal_validation,14,132000043,"[15, 86, 179]",3,True,[],True,True,True,True,True,False,,1.0523700647809704,0,"[{""event_id"": 1, ""low_entry_timestep"": 0, ""return_timestep"": 15, ""event_timestep"": 15, ""reset_timestep"": 15, ""low_entry_clearance"": 0.4425448863922178, ""return_clearance"": 0.7936156786258421, ""pre_reset_budget"": 2.112370064780969, ""post_reset_budget"": 2.2623700647809657}, {""event_id"": 2, ""low_entry_timestep"": 23, ""return_timestep"": 86, ""event_timestep"": 86, ""reset_timestep"": 86, ""low_entry_clearance"": 0.43020931117552436, ""return_clearance"": 0.82275390625, ""pre_reset_budget"": 1.5523700647809708, ""post_reset_budget"": 2.2623700647809657}, {""event_id"": 3, ""low_entry_timestep"": 97, ""return_timestep"": 179, ""event_timestep"": 179, ""reset_timestep"": 179, ""low_entry_clearance"": 0.44844439564364263, ""return_clearance"": 0.848251485367387, ""pre_reset_budget"": 1.3323700647809706, ""post_reset_budget"": 2.2623700647809657}]"
stratified_wide_penalty_matched_constant,internal_validation,15,132000047,[257],1,False,"[""DELTA_MARGIN_FAIL"", ""REGION_GATE_FAIL"", ""TRANSITION_SOUNDNESS_FAIL"", ""INSUFFICIENT_EVENTS""]",False,True,False,False,True,True,227,-0.30762993521903054,0,"[{""event_id"": 1, ""low_entry_timestep"": 1, ""return_timestep"": 257, ""event_timestep"": 257, ""reset_timestep"": 257, ""low_entry_clearance"": 0.2361622891799844, ""return_clearance"": 0.8187965554549271, ""pre_reset_budget"": -0.30762993521903054, ""post_reset_budget"": 2.2623700647809657}]"
stratified_wide_penalty_matched_constant,internal_validation,16,132000049,"[18, 67, 81, 144, 203, 257, 299]",7,True,[],True,True,True,True,True,False,,1.632370064780971,0,"[{""event_id"": 1, ""low_entry_timestep"": 12, ""return_timestep"": 18, ""event_timestep"": 18, ""reset_timestep"": 18, ""low_entry_clearance"": 0.4503881740586093, ""return_clearance"": 0.8038699246606541, ""pre_reset_budget"": 2.0823700647809695, ""post_reset_budget"": 2.2623700647809657}, {""event_id"": 2, ""low_entry_timestep"": 22, ""return_timestep"": 67, ""event_timestep"": 67, ""reset_timestep"": 67, ""low_entry_clearance"": 0.4179460038029783, ""return_clearance"": 0.8055655124385119, ""pre_reset_budget"": 1.772370064780971, ""post_reset_budget"": 2.2623700647809657}, {""event_id"": 3, ""low_entry_timestep"": 72, ""return_timestep"": 81, ""event_timestep"": 81, ""reset_timestep"": 81, ""low_entry_clearance"": 0.42023119512327534, ""return_clearance"": 0.7962244781883374, ""pre_reset_budget"": 2.1223700647809687, ""post_reset_budget"": 2.2623700647809657}, {""event_id"": 4, ""low_entry_timestep"": 115, ""return_timestep"": 144, ""event_timestep"": 144, ""reset_timestep"": 144, ""low_entry_clearance"": 0.46417085044157846, ""return_clearance"": 0.7910774206819036, ""pre_reset_budget"": 1.632370064780971, ""post_reset_budget"": 2.2623700647809657}, {""event_id"": 5, ""low_entry_timestep"": 188, ""return_timestep"": 203, ""event_timestep"": 203, ""reset_timestep"": 203, ""low_entry_clearance"": 0.44903185003994384, ""return_clearance"": 0.8000473776773035, ""pre_reset_budget"": 1.672370064780971, ""post_reset_budget"": 2.2623700647809657}, {""event_id"": 6, ""low_entry_timestep"": 243, ""return_timestep"": 257, ""event_timestep"": 257, ""reset_timestep"": 257, ""low_entry_clearance"": 0.4318340480906312, ""return_clearance"": 0.8376293708745295, ""pre_reset_budget"": 1.722370064780971, ""post_reset_budget"": 2.2623700647809657}, {""event_id"": 7, ""low_entry_timestep"": 288, ""return_timestep"": 299, ""event_timestep"": 299, ""reset_timestep"": 299, ""low_entry_clearance"": 0.44351905938344627, ""return_clearance"": 0.852740426769442, ""pre_reset_budget"": 1.842370064780971, ""post_reset_budget"": 2.2623700647809657}]"
stratified_wide_penalty_matched_constant,internal_validation,17,132000051,"[91, 213, 259]",3,True,[],True,True,True,True,True,False,,1.0423700647809704,0,"[{""event_id"": 1, ""low_entry_timestep"": 41, ""return_timestep"": 91, ""event_timestep"": 91, ""reset_timestep"": 91, ""low_entry_clearance"": 0.4623217729022979, ""return_clearance"": 0.83771066578203, ""pre_reset_budget"": 1.3523700647809707, ""post_reset_budget"": 2.2623700647809657}, {""event_id"": 2, ""low_entry_timestep"": 142, ""return_timestep"": 213, ""event_timestep"": 213, ""reset_timestep"": 213, ""low_entry_clearance"": 0.40435136437066194, ""return_clearance"": 0.8104934858640456, ""pre_reset_budget"": 1.0423700647809704, ""post_reset_budget"": 2.2623700647809657}, {""event_id"": 3, ""low_entry_timestep"": 237, ""return_timestep"": 259, ""event_timestep"": 259, ""reset_timestep"": 259, ""low_entry_clearance"": 0.3723599965740748, ""return_clearance"": 0.8084527966291176, ""pre_reset_budget"": 1.802370064780971, ""post_reset_budget"": 2.2623700647809657}]"
stratified_wide_penalty_matched_constant,internal_validation,18,132000053,[],0,False,"[""DELTA_MARGIN_FAIL"", ""REGION_GATE_FAIL"", ""TRANSITION_SOUNDNESS_FAIL"", ""INSUFFICIENT_EVENTS""]",False,True,False,False,True,True,227,-0.7376299352190309,0,[]
stratified_wide_penalty_matched_constant,internal_validation,19,132000057,"[25, 204]",2,True,[],True,True,True,True,True,False,,0.4723700647809699,0,"[{""event_id"": 1, ""low_entry_timestep"": 0, ""return_timestep"": 25, ""event_timestep"": 25, ""reset_timestep"": 25, ""low_entry_clearance"": 0.3169898079473154, ""return_clearance"": 0.7966148101284224, ""pre_reset_budget"": 2.012370064780971, ""post_reset_budget"": 2.2623700647809657}, {""event_id"": 2, ""low_entry_timestep"": 35, ""return_timestep"": 204, ""event_timestep"": 204, ""reset_timestep"": 204, ""low_entry_clearance"": 0.4547851667348882, ""return_clearance"": 0.809396096915639, ""pre_reset_budget"": 0.4723700647809699, ""post_reset_budget"": 2.2623700647809657}]"
stratified_wide_penalty_cap_constant,internal_validation,0,132000001,"[14, 62]",2,True,[],True,True,True,True,True,False,,0.020000000000006797,0,"[{""event_id"": 1, ""low_entry_timestep"": 0, ""return_timestep"": 14, ""event_timestep"": 14, ""reset_timestep"": 14, ""low_entry_clearance"": 0.0910676643684913, ""return_clearance"": 0.7937552117754826, ""pre_reset_budget"": 2.260000000000003, ""post_reset_budget"": 2.4}, {""event_id"": 2, ""low_entry_timestep"": 54, ""return_timestep"": 62, ""event_timestep"": 62, ""reset_timestep"": 62, ""low_entry_clearance"": 0.45408220147318334, ""return_clearance"": 0.8317492728085402, ""pre_reset_budget"": 1.9200000000000084, ""post_reset_budget"": 2.4}]"
stratified_wide_penalty_cap_constant,internal_validation,1,132000009,"[2, 60]",2,True,[],True,True,True,True,True,False,,6.79664657887713e-15,0,"[{""event_id"": 1, ""low_entry_timestep"": 0, ""return_timestep"": 2, ""event_timestep"": 2, ""reset_timestep"": 2, ""low_entry_clearance"": 0.3161315667559034, ""return_clearance"": 0.8008009001018942, ""pre_reset_budget"": 2.3800000000000003, ""post_reset_budget"": 2.4}, {""event_id"": 2, ""low_entry_timestep"": 11, ""return_timestep"": 60, ""event_timestep"": 60, ""reset_timestep"": 60, ""low_entry_clearance"": 0.44814166435742836, ""return_clearance"": 0.8139261786894921, ""pre_reset_budget"": 1.8200000000000083, ""post_reset_budget"": 2.4}]"
stratified_wide_penalty_cap_constant,internal_validation,2,132000013,"[92, 248]",2,True,[],True,True,True,True,True,False,,0.8400000000000074,0,"[{""event_id"": 1, ""low_entry_timestep"": 0, ""return_timestep"": 92, ""event_timestep"": 92, ""reset_timestep"": 92, ""low_entry_clearance"": 0.04241657933574048, ""return_clearance"": 0.8287929504219914, ""pre_reset_budget"": 1.480000000000008, ""post_reset_budget"": 2.4}, {""event_id"": 2, ""low_entry_timestep"": 104, ""return_timestep"": 248, ""event_timestep"": 248, ""reset_timestep"": 248, ""low_entry_clearance"": 0.45650011565284265, ""return_clearance"": 0.801355853594468, ""pre_reset_budget"": 0.8400000000000074, ""post_reset_budget"": 2.4}]"
stratified_wide_penalty_cap_constant,internal_validation,3,132000015,[47],1,False,"[""DELTA_MARGIN_FAIL"", ""REGION_GATE_FAIL"", ""TRANSITION_SOUNDNESS_FAIL"", ""INSUFFICIENT_EVENTS""]",False,True,False,False,True,True,288,-0.12999999999999318,0,"[{""event_id"": 1, ""low_entry_timestep"": 0, ""return_timestep"": 47, ""event_timestep"": 47, ""reset_timestep"": 47, ""low_entry_clearance"": 0.0692604621255578, ""return_clearance"": 0.8076995844478277, ""pre_reset_budget"": 1.9300000000000084, ""post_reset_budget"": 2.4}]"
stratified_wide_penalty_cap_constant,internal_validation,4,132000017,"[66, 243]",2,True,[],True,True,True,True,True,False,,0.6300000000000072,0,"[{""event_id"": 1, ""low_entry_timestep"": 53, ""return_timestep"": 66, ""event_timestep"": 66, ""reset_timestep"": 66, ""low_entry_clearance"": 0.42133926000581445, ""return_clearance"": 0.799382034059048, ""pre_reset_budget"": 1.7400000000000082, ""post_reset_budget"": 2.4}, {""event_id"": 2, ""low_entry_timestep"": 111, ""return_timestep"": 243, ""event_timestep"": 243, ""reset_timestep"": 243, ""low_entry_clearance"": 0.46131080123326035, ""return_clearance"": 0.7980278502076423, ""pre_reset_budget"": 0.6300000000000072, ""post_reset_budget"": 2.4}]"
stratified_wide_penalty_cap_constant,internal_validation,5,132000019,"[48, 174, 217]",3,True,[],True,True,True,True,True,False,,1.1400000000000077,0,"[{""event_id"": 1, ""low_entry_timestep"": 37, ""return_timestep"": 48, ""event_timestep"": 48, ""reset_timestep"": 48, ""low_entry_clearance"": 0.4439769594297159, ""return_clearance"": 0.8307066209816931, ""pre_reset_budget"": 1.9200000000000084, ""post_reset_budget"": 2.4}, {""event_id"": 2, ""low_entry_timestep"": 63, ""return_timestep"": 174, ""event_timestep"": 174, ""reset_timestep"": 174, ""low_entry_clearance"": 0.44319624147225506, ""return_clearance"": 0.8108311166239669, ""pre_reset_budget"": 1.1400000000000077, ""post_reset_budget"": 2.4}, {""event_id"": 3, ""low_entry_timestep"": 184, ""return_timestep"": 217, ""event_timestep"": 217, ""reset_timestep"": 217, ""low_entry_clearance"": 0.469847828048449, ""return_clearance"": 0.7938325433539604, ""pre_reset_budget"": 1.9700000000000084, ""post_reset_budget"": 2.4}]"
stratified_wide_penalty_cap_constant,internal_validation,6,132000023,"[20, 73, 127, 276]",4,True,[],True,True,True,True,True,False,,0.9100000000000075,0,"[{""event_id"": 1, ""low_entry_timestep"": 11, ""return_timestep"": 20, ""event_timestep"": 20, ""reset_timestep"": 20, ""low_entry_clearance"": 0.4400970869416589, ""return_clearance"": 0.8640129475241559, ""pre_reset_budget"": 2.200000000000004, ""post_reset_budget"": 2.4}, {""event_id"": 2, ""low_entry_timestep"": 30, ""return_timestep"": 73, ""event_timestep"": 73, ""reset_timestep"": 73, ""low_entry_clearance"": 0.4732504018589415, ""return_clearance"": 0.8588656216318814, ""pre_reset_budget"": 1.8700000000000083, ""post_reset_budget"": 2.4}, {""event_id"": 3, ""low_entry_timestep"": 94, ""return_timestep"": 127, ""event_timestep"": 127, ""reset_timestep"": 127, ""low_entry_clearance"": 0.4061657744909064, ""return_clearance"": 0.8313605959178882, ""pre_reset_budget"": 1.8600000000000083, ""post_reset_budget"": 2.4}, {""event_id"": 4, ""low_entry_timestep"": 202, ""return_timestep"": 276, ""event_timestep"": 276, ""reset_timestep"": 276, ""low_entry_clearance"": 0.4491384019728657, ""return_clearance"": 0.8149310203333846, ""pre_reset_budget"": 0.9100000000000075, ""post_reset_budget"": 2.4}]"
stratified_wide_penalty_cap_constant,internal_validation,7,132000025,[215],1,False,"[""INSUFFICIENT_EVENTS""]",True,True,True,True,True,False,,0.2500000000000069,0,"[{""event_id"": 1, ""low_entry_timestep"": 9, ""return_timestep"": 215, ""event_timestep"": 215, ""reset_timestep"": 215, ""low_entry_clearance"": 0.4234864752061189, ""return_clearance"": 0.7968302695491987, ""pre_reset_budget"": 0.2500000000000069, ""post_reset_budget"": 2.4}]"
stratified_wide_penalty_cap_constant,internal_validation,8,132000027,"[93, 244]",2,True,[],True,True,True,True,True,False,,0.8900000000000075,0,"[{""event_id"": 1, ""low_entry_timestep"": 0, ""return_timestep"": 93, ""event_timestep"": 93, ""reset_timestep"": 93, ""low_entry_clearance"": 0.44637726761437707, ""return_clearance"": 0.8566640924595651, ""pre_reset_budget"": 1.470000000000008, ""post_reset_budget"": 2.4}, {""event_id"": 2, ""low_entry_timestep"": 173, ""return_timestep"": 244, ""event_timestep"": 244, ""reset_timestep"": 244, ""low_entry_clearance"": 0.4732355398355904, ""return_clearance"": 0.7949419042514911, ""pre_reset_budget"": 0.8900000000000075, ""post_reset_budget"": 2.4}]"
stratified_wide_penalty_cap_constant,internal_validation,9,132000029,[11],1,False,"[""DELTA_MARGIN_FAIL"", ""REGION_GATE_FAIL"", ""TRANSITION_SOUNDNESS_FAIL"", ""INSUFFICIENT_EVENTS""]",False,True,False,False,True,True,252,-0.4899999999999935,0,"[{""event_id"": 1, ""low_entry_timestep"": 0, ""return_timestep"": 11, ""event_timestep"": 11, ""reset_timestep"": 11, ""low_entry_clearance"": 0.24862537357921735, ""return_clearance"": 0.8199985811756234, ""pre_reset_budget"": 2.2900000000000023, ""post_reset_budget"": 2.4}]"
stratified_wide_penalty_cap_constant,internal_validation,10,132000033,[175],1,False,"[""INSUFFICIENT_EVENTS""]",True,True,True,True,True,False,,0.6500000000000072,0,"[{""event_id"": 1, ""low_entry_timestep"": 111, ""return_timestep"": 175, ""event_timestep"": 175, ""reset_timestep"": 175, ""low_entry_clearance"": 0.44339392439207503, ""return_clearance"": 0.8366459847803188, ""pre_reset_budget"": 0.6500000000000072, ""post_reset_budget"": 2.4}]"
stratified_wide_penalty_cap_constant,internal_validation,11,132000035,"[28, 75]",2,True,[],True,True,True,True,True,False,,0.1500000000000068,0,"[{""event_id"": 1, ""low_entry_timestep"": 0, ""return_timestep"": 28, ""event_timestep"": 28, ""reset_timestep"": 28, ""low_entry_clearance"": 0.46958797575521133, ""return_clearance"": 0.8193309906547624, ""pre_reset_budget"": 2.120000000000006, ""post_reset_budget"": 2.4}, {""event_id"": 2, ""low_entry_timestep"": 44, ""return_timestep"": 75, ""event_timestep"": 75, ""reset_timestep"": 75, ""low_entry_clearance"": 0.4622030181033521, ""return_clearance"": 0.7982181374641938, ""pre_reset_budget"": 1.9300000000000084, ""post_reset_budget"": 2.4}]"
stratified_wide_penalty_cap_constant,internal_validation,12,132000037,[],0,False,"[""DELTA_MARGIN_FAIL"", ""REGION_GATE_FAIL"", ""TRANSITION_SOUNDNESS_FAIL"", ""INSUFFICIENT_EVENTS""]",False,True,False,False,True,True,241,-0.5999999999999935,0,[]
stratified_wide_penalty_cap_constant,internal_validation,13,132000039,"[10, 99]",2,True,[],True,True,True,True,True,False,,0.390000000000007,0,"[{""event_id"": 1, ""low_entry_timestep"": 2, ""return_timestep"": 10, ""event_timestep"": 10, ""reset_timestep"": 10, ""low_entry_clearance"": 0.4583257616747037, ""return_clearance"": 0.7947441858497142, ""pre_reset_budget"": 2.300000000000002, ""post_reset_budget"": 2.4}, {""event_id"": 2, ""low_entry_timestep"": 76, ""return_timestep"": 99, ""event_timestep"": 99, ""reset_timestep"": 99, ""low_entry_clearance"": 0.4200718101919314, ""return_clearance"": 0.8055335476671572, ""pre_reset_budget"": 1.510000000000008, ""post_reset_budget"": 2.4}]"
stratified_wide_penalty_cap_constant,internal_validation,14,132000043,"[15, 86, 179]",3,True,[],True,True,True,True,True,False,,1.1900000000000077,0,"[{""event_id"": 1, ""low_entry_timestep"": 0, ""return_timestep"": 15, ""event_timestep"": 15, ""reset_timestep"": 15, ""low_entry_clearance"": 0.4425448863922178, ""return_clearance"": 0.7936156786258421, ""pre_reset_budget"": 2.250000000000003, ""post_reset_budget"": 2.4}, {""event_id"": 2, ""low_entry_timestep"": 23, ""return_timestep"": 86, ""event_timestep"": 86, ""reset_timestep"": 86, ""low_entry_clearance"": 0.43020931117552436, ""return_clearance"": 0.82275390625, ""pre_reset_budget"": 1.6900000000000082, ""post_reset_budget"": 2.4}, {""event_id"": 3, ""low_entry_timestep"": 97, ""return_timestep"": 179, ""event_timestep"": 179, ""reset_timestep"": 179, ""low_entry_clearance"": 0.44844439564364263, ""return_clearance"": 0.848251485367387, ""pre_reset_budget"": 1.470000000000008, ""post_reset_budget"": 2.4}]"
stratified_wide_penalty_cap_constant,internal_validation,15,132000047,[257],1,False,"[""DELTA_MARGIN_FAIL"", ""REGION_GATE_FAIL"", ""TRANSITION_SOUNDNESS_FAIL"", ""INSUFFICIENT_EVENTS""]",False,True,False,False,True,True,241,-0.1699999999999932,0,"[{""event_id"": 1, ""low_entry_timestep"": 1, ""return_timestep"": 257, ""event_timestep"": 257, ""reset_timestep"": 257, ""low_entry_clearance"": 0.2361622891799844, ""return_clearance"": 0.8187965554549271, ""pre_reset_budget"": -0.1699999999999932, ""post_reset_budget"": 2.4}]"
stratified_wide_penalty_cap_constant,internal_validation,16,132000049,"[18, 67, 81, 144, 203, 257, 299]",7,True,[],True,True,True,True,True,False,,1.7700000000000082,0,"[{""event_id"": 1, ""low_entry_timestep"": 12, ""return_timestep"": 18, ""event_timestep"": 18, ""reset_timestep"": 18, ""low_entry_clearance"": 0.4503881740586093, ""return_clearance"": 0.8038699246606541, ""pre_reset_budget"": 2.2200000000000037, ""post_reset_budget"": 2.4}, {""event_id"": 2, ""low_entry_timestep"": 22, ""return_timestep"": 67, ""event_timestep"": 67, ""reset_timestep"": 67, ""low_entry_clearance"": 0.4179460038029783, ""return_clearance"": 0.8055655124385119, ""pre_reset_budget"": 1.9100000000000084, ""post_reset_budget"": 2.4}, {""event_id"": 3, ""low_entry_timestep"": 72, ""return_timestep"": 81, ""event_timestep"": 81, ""reset_timestep"": 81, ""low_entry_clearance"": 0.42023119512327534, ""return_clearance"": 0.7962244781883374, ""pre_reset_budget"": 2.260000000000003, ""post_reset_budget"": 2.4}, {""event_id"": 4, ""low_entry_timestep"": 115, ""return_timestep"": 144, ""event_timestep"": 144, ""reset_timestep"": 144, ""low_entry_clearance"": 0.46417085044157846, ""return_clearance"": 0.7910774206819036, ""pre_reset_budget"": 1.7700000000000082, ""post_reset_budget"": 2.4}, {""event_id"": 5, ""low_entry_timestep"": 188, ""return_timestep"": 203, ""event_timestep"": 203, ""reset_timestep"": 203, ""low_entry_clearance"": 0.44903185003994384, ""return_clearance"": 0.8000473776773035, ""pre_reset_budget"": 1.8100000000000083, ""post_reset_budget"": 2.4}, {""event_id"": 6, ""low_entry_timestep"": 243, ""return_timestep"": 257, ""event_timestep"": 257, ""reset_timestep"": 257, ""low_entry_clearance"": 0.4318340480906312, ""return_clearance"": 0.8376293708745295, ""pre_reset_budget"": 1.8600000000000083, ""post_reset_budget"": 2.4}, {""event_id"": 7, ""low_entry_timestep"": 288, ""return_timestep"": 299, ""event_timestep"": 299, ""reset_timestep"": 299, ""low_entry_clearance"": 0.44351905938344627, ""return_clearance"": 0.852740426769442, ""pre_reset_budget"": 1.9800000000000084, ""post_reset_budget"": 2.4}]"
stratified_wide_penalty_cap_constant,internal_validation,17,132000051,"[91, 213, 259]",3,True,[],True,True,True,True,True,False,,1.1800000000000077,0,"[{""event_id"": 1, ""low_entry_timestep"": 41, ""return_timestep"": 91, ""event_timestep"": 91, ""reset_timestep"": 91, ""low_entry_clearance"": 0.4623217729022979, ""return_clearance"": 0.83771066578203, ""pre_reset_budget"": 1.490000000000008, ""post_reset_budget"": 2.4}, {""event_id"": 2, ""low_entry_timestep"": 142, ""return_timestep"": 213, ""event_timestep"": 213, ""reset_timestep"": 213, ""low_entry_clearance"": 0.40435136437066194, ""return_clearance"": 0.8104934858640456, ""pre_reset_budget"": 1.1800000000000077, ""post_reset_budget"": 2.4}, {""event_id"": 3, ""low_entry_timestep"": 237, ""return_timestep"": 259, ""event_timestep"": 259, ""reset_timestep"": 259, ""low_entry_clearance"": 0.3723599965740748, ""return_clearance"": 0.8084527966291176, ""pre_reset_budget"": 1.9400000000000084, ""post_reset_budget"": 2.4}]"
stratified_wide_penalty_cap_constant,internal_validation,18,132000053,[],0,False,"[""DELTA_MARGIN_FAIL"", ""REGION_GATE_FAIL"", ""TRANSITION_SOUNDNESS_FAIL"", ""INSUFFICIENT_EVENTS""]",False,True,False,False,True,True,241,-0.5999999999999935,0,[]
stratified_wide_penalty_cap_constant,internal_validation,19,132000057,"[25, 204]",2,True,[],True,True,True,True,True,False,,0.6100000000000072,0,"[{""event_id"": 1, ""low_entry_timestep"": 0, ""return_timestep"": 25, ""event_timestep"": 25, ""reset_timestep"": 25, ""low_entry_clearance"": 0.3169898079473154, ""return_clearance"": 0.7966148101284224, ""pre_reset_budget"": 2.1500000000000052, ""post_reset_budget"": 2.4}, {""event_id"": 2, ""low_entry_timestep"": 35, ""return_timestep"": 204, ""event_timestep"": 204, ""reset_timestep"": 204, ""low_entry_clearance"": 0.4547851667348882, ""return_clearance"": 0.809396096915639, ""pre_reset_budget"": 0.6100000000000072, ""post_reset_budget"": 2.4}]"
