arm,role,fit_index,start,end,completed,required,predicted,allocated,margin,cap_impossible,low_to_high_latency
bounded_uniform,train_fit,0,0,31,True,0.31,0.5541139841079712,1.8851329803466799,1.5751329803466798,False,31
bounded_uniform,train_fit,0,31,262,True,2.31,2.0772857666015625,2.4,0.08999999999999986,False,24
bounded_uniform,train_fit,0,262,295,True,0.33,0.09869108349084854,1.4297100797295572,1.0997100797295571,False,9
bounded_uniform,train_fit,0,295,300,False,0.05,0.7454103231430054,2.076429319381714,2.0264293193817142,False,
bounded_uniform,train_fit,1,0,12,True,0.12,0.40292900800704956,1.7339480042457582,1.6139480042457581,False,11
bounded_uniform,train_fit,1,12,187,True,1.75,1.9504003524780273,2.4,0.6499999999999999,False,14
bounded_uniform,train_fit,1,187,300,False,1.1300000000000001,1.1935408115386963,2.4,1.2699999999999998,False,
bounded_uniform,train_fit,2,0,6,True,0.06,0.11636907607316971,1.4473880723118784,1.3873880723118783,False,6
bounded_uniform,train_fit,2,6,300,False,2.94,2.335256814956665,2.4,-0.54,True,
bounded_uniform,train_fit,3,0,16,True,0.16,0.8797346353530884,2.210753631591797,2.050753631591797,False,15
bounded_uniform,train_fit,3,16,300,False,2.84,2.12127685546875,2.4,-0.43999999999999995,True,
bounded_uniform,train_fit,4,0,37,True,0.37,0.48319482803344727,1.814213824272156,1.4442138242721558,False,6
bounded_uniform,train_fit,4,37,74,True,0.37,0.08133071660995483,1.4123497128486635,1.0423497128486634,False,17
bounded_uniform,train_fit,4,74,156,True,0.8200000000000001,0.34252506494522095,1.6735440611839296,0.8535440611839296,False,31
bounded_uniform,train_fit,4,156,210,True,0.54,0.2602594792842865,1.5912784755229952,1.0512784755229951,False,39
bounded_uniform,train_fit,4,210,300,False,0.9,0.8571813106536865,2.188200306892395,1.2882003068923953,False,
bounded_uniform,train_fit,5,0,7,True,0.07,0.282158225774765,1.6131772220134737,1.5431772220134736,False,7
bounded_uniform,train_fit,5,7,78,True,0.71,0.6504776477813721,1.9814966440200807,1.2714966440200808,False,50
bounded_uniform,train_fit,5,78,161,True,0.8300000000000001,0.6466503739356995,1.9776693701744081,1.147669370174408,False,72
bounded_uniform,train_fit,5,161,300,False,1.3900000000000001,1.0497767925262451,2.380795788764954,0.9907957887649537,False,
bounded_uniform,train_fit,6,0,17,True,0.17,0.6921889781951904,2.023207974433899,1.8532079744338992,False,16
bounded_uniform,train_fit,6,17,90,True,0.73,0.7383940815925598,2.0694130778312685,1.3394130778312685,False,46
bounded_uniform,train_fit,6,90,181,True,0.91,0.25428852438926697,1.5853075206279756,0.6753075206279756,False,82
bounded_uniform,train_fit,6,181,300,False,1.19,0.9438101649284363,2.274829161167145,1.084829161167145,False,
bounded_uniform,train_fit,7,0,60,True,0.6,0.7750645875930786,2.1060835838317873,1.5060835838317872,False,20
bounded_uniform,train_fit,7,60,300,False,2.4,2.2576138973236084,2.4,0.0,False,
bounded_uniform,train_fit,8,0,123,True,1.23,1.2627639770507812,2.4,1.17,False,123
bounded_uniform,train_fit,8,123,160,True,0.37,0.6254199147224426,1.9564389109611513,1.5864389109611512,False,23
bounded_uniform,train_fit,8,160,300,False,1.4000000000000001,1.5402698516845703,2.4,0.9999999999999998,False,
bounded_uniform,train_fit,9,0,300,False,3.0,2.0155696868896484,2.4,-0.6000000000000001,True,
bounded_uniform,train_fit,10,0,22,True,0.22,0.2122562825679779,1.5432752788066866,1.3232752788066866,False,22
bounded_uniform,train_fit,10,22,161,True,1.3900000000000001,1.3380486965179443,2.4,1.0099999999999998,False,28
bounded_uniform,train_fit,10,161,194,True,0.33,0.25956568121910095,1.5905846774578096,1.2605846774578096,False,23
bounded_uniform,train_fit,10,194,206,True,0.12,0.11753016710281372,1.4485491633415224,1.3285491633415223,False,8
bounded_uniform,train_fit,10,206,300,False,0.9400000000000001,0.5673924088478088,1.8984114050865175,0.9584114050865175,False,
bounded_uniform,train_fit,11,0,50,True,0.5,0.40843185782432556,1.7394508540630342,1.2394508540630342,False,50
bounded_uniform,train_fit,11,50,94,True,0.44,0.3456408977508545,1.6766598939895632,1.2366598939895632,False,9
bounded_uniform,train_fit,11,94,139,True,0.45,0.5793915390968323,1.910410535335541,1.460410535335541,False,19
bounded_uniform,train_fit,11,139,215,True,0.76,1.0774983167648315,2.4,1.64,False,56
bounded_uniform,train_fit,11,215,290,True,0.75,0.4290066957473755,1.7600256919860842,1.0100256919860842,False,44
bounded_uniform,train_fit,11,290,300,False,0.1,0.5829538106918335,1.9139728069305422,1.813972806930542,False,
bounded_uniform,train_fit,12,0,53,True,0.53,0.5215744972229004,1.852593493461609,1.322593493461609,False,9
bounded_uniform,train_fit,12,53,77,True,0.24,0.20925073325634003,1.5402697294950487,1.3002697294950487,False,13
bounded_uniform,train_fit,12,77,117,True,0.4,0.28882744908332825,1.619846445322037,1.219846445322037,False,12
bounded_uniform,train_fit,12,117,179,True,0.62,0.5508081912994385,1.8818271875381472,1.261827187538147,False,14
bounded_uniform,train_fit,12,179,300,False,1.21,1.1754809617996216,2.4,1.19,False,
bounded_uniform,train_fit,13,0,11,True,0.11,1.3497557640075684,2.4,2.29,False,11
bounded_uniform,train_fit,13,11,70,True,0.59,0.6739874482154846,2.0050064444541933,1.4150064444541934,False,20
bounded_uniform,train_fit,13,70,131,True,0.61,0.44256898760795593,1.7735879838466646,1.1635879838466647,False,14
bounded_uniform,train_fit,13,131,299,True,1.68,1.6300952434539795,2.4,0.72,False,11
bounded_uniform,train_fit,13,299,300,False,0.01,0.5722281336784363,1.903247129917145,1.893247129917145,False,
bounded_uniform,train_fit,14,0,44,True,0.44,0.19408442080020905,1.5251034170389177,1.0851034170389178,False,43
bounded_uniform,train_fit,14,44,300,False,2.56,2.2092602252960205,2.4,-0.16000000000000014,True,
bounded_uniform,train_fit,15,0,39,True,0.39,0.3049887418746948,1.6360077381134035,1.2460077381134034,False,24
bounded_uniform,train_fit,15,39,86,True,0.47000000000000003,0.42978259921073914,1.7608015954494478,1.2908015954494478,False,22
bounded_uniform,train_fit,15,86,214,True,1.28,1.0297654867172241,2.360784482955933,1.0807844829559328,False,66
bounded_uniform,train_fit,15,214,295,True,0.81,0.6166067719459534,1.947625768184662,1.137625768184662,False,26
bounded_uniform,train_fit,15,295,300,False,0.05,0.339410662651062,1.6704296588897707,1.6204296588897706,False,
bounded_uniform,train_fit,16,0,2,True,0.02,0.2680893540382385,1.5991083502769472,1.5791083502769472,False,2
bounded_uniform,train_fit,16,2,101,True,0.99,0.7711995244026184,2.102218520641327,1.112218520641327,False,68
bounded_uniform,train_fit,16,101,300,False,1.99,1.4010692834854126,2.4,0.4099999999999999,False,
bounded_uniform,train_fit,17,0,300,False,3.0,1.9746640920639038,2.4,-0.6000000000000001,True,
bounded_uniform,train_fit,18,0,25,True,0.25,1.67385995388031,2.4,2.15,False,25
bounded_uniform,train_fit,18,25,51,True,0.26,0.5477367043495178,1.8787557005882265,1.6187557005882265,False,11
bounded_uniform,train_fit,18,51,300,False,2.49,2.26015567779541,2.4,-0.0900000000000003,True,
bounded_uniform,train_fit,19,0,64,True,0.64,0.703548789024353,2.0345677852630617,1.3945677852630616,False,34
bounded_uniform,train_fit,19,64,300,False,2.36,1.7179640531539917,2.4,0.040000000000000036,False,
bounded_uniform,train_fit,20,0,151,True,1.51,1.7533305883407593,2.4,0.8899999999999999,False,14
bounded_uniform,train_fit,20,151,207,True,0.56,0.45582786202430725,1.786846858263016,1.2268468582630159,False,29
bounded_uniform,train_fit,20,207,300,False,0.93,0.8681471943855286,2.1991661906242372,1.269166190624237,False,
bounded_uniform,train_fit,21,0,80,True,0.8,0.5690590143203735,1.9000780105590822,1.1000780105590822,False,68
bounded_uniform,train_fit,21,80,110,True,0.3,0.5428682565689087,1.8738872528076174,1.5738872528076173,False,18
bounded_uniform,train_fit,21,110,135,True,0.25,0.10841749608516693,1.4394364923238756,1.1894364923238756,False,16
bounded_uniform,train_fit,21,135,169,True,0.34,0.0419425293803215,1.3729615256190302,1.03296152561903,False,11
bounded_uniform,train_fit,21,169,204,True,0.35000000000000003,0.05616290494799614,1.3871819011867048,1.0371819011867047,False,15
bounded_uniform,train_fit,21,204,263,True,0.59,0.41396117210388184,1.7449801683425905,1.1549801683425907,False,54
bounded_uniform,train_fit,21,263,277,True,0.14,0.08575844764709473,1.4167774438858034,1.2767774438858033,False,7
bounded_uniform,train_fit,21,277,300,False,0.23,1.022891879081726,2.3539108753204347,2.1239108753204348,False,
bounded_uniform,train_fit,22,0,146,True,1.46,1.6645387411117554,2.4,0.94,False,24
bounded_uniform,train_fit,22,146,219,True,0.73,0.23658348619937897,1.5676024824380876,0.8376024824380877,False,45
bounded_uniform,train_fit,22,219,260,True,0.41000000000000003,0.4477340877056122,1.7787530839443209,1.3687530839443207,False,18
bounded_uniform,train_fit,22,260,299,True,0.39,0.19140194356441498,1.5224209398031237,1.1324209398031235,False,9
bounded_uniform,train_fit,22,299,300,False,0.01,0.8695015907287598,2.2005205869674684,2.1905205869674687,False,
bounded_uniform,train_fit,23,0,25,True,0.25,0.6409745216369629,1.9719935178756716,1.7219935178756716,False,25
bounded_uniform,train_fit,23,25,83,True,0.58,0.6672059297561646,1.9982249259948732,1.4182249259948732,False,47
bounded_uniform,train_fit,23,83,197,True,1.1400000000000001,0.537364661693573,1.8683836579322817,0.7283836579322815,False,97
bounded_uniform,train_fit,23,197,239,True,0.42,0.13784116506576538,1.468860161304474,1.0488601613044741,False,7
bounded_uniform,train_fit,23,239,285,True,0.46,0.4007766544818878,1.7317956507205965,1.2717956507205965,False,36
bounded_uniform,train_fit,23,285,300,False,0.15,0.18606001138687134,1.51707900762558,1.36707900762558,False,
bounded_uniform,train_fit,24,0,300,False,3.0,2.256227970123291,2.4,-0.6000000000000001,True,
bounded_uniform,train_fit,25,0,28,True,0.28,0.4434700608253479,1.7744890570640566,1.4944890570640565,False,25
bounded_uniform,train_fit,25,28,204,True,1.76,1.6317795515060425,2.4,0.6399999999999999,False,164
bounded_uniform,train_fit,25,204,300,False,0.96,1.6390337944030762,2.4,1.44,False,
bounded_uniform,train_fit,26,0,24,True,0.24,0.6308877468109131,1.9619067430496218,1.7219067430496218,False,24
bounded_uniform,train_fit,26,24,86,True,0.62,0.8100295662879944,2.141048562526703,1.521048562526703,False,56
bounded_uniform,train_fit,26,86,111,True,0.25,0.23182787001132965,1.5628468662500383,1.3128468662500383,False,20
bounded_uniform,train_fit,26,111,300,False,1.8900000000000001,1.828137755393982,2.4,0.5099999999999998,False,
bounded_uniform,train_fit,27,0,31,True,0.31,0.17882277071475983,1.5098417669534685,1.1998417669534684,False,31
bounded_uniform,train_fit,27,31,190,True,1.59,1.4359173774719238,2.4,0.8099999999999998,False,124
bounded_uniform,train_fit,27,190,300,False,1.1,0.952124297618866,2.2831432938575746,1.1831432938575746,False,
bounded_uniform,train_fit,28,0,284,True,2.84,1.7729142904281616,2.4,-0.43999999999999995,True,269
bounded_uniform,train_fit,28,284,300,False,0.16,0.06953776627779007,1.4005567625164987,1.2405567625164988,False,
bounded_uniform,train_fit,29,0,163,True,1.6300000000000001,1.8275182247161865,2.4,0.7699999999999998,False,162
bounded_uniform,train_fit,29,163,300,False,1.37,1.9853119850158691,2.4,1.0299999999999998,False,
bounded_uniform,train_fit,30,0,15,True,0.15,0.16537654399871826,1.496395540237427,1.346395540237427,False,15
bounded_uniform,train_fit,30,15,260,True,2.45,1.1189810037612915,2.4,-0.050000000000000266,True,239
bounded_uniform,train_fit,30,260,300,False,0.4,0.7204142808914185,2.051433277130127,1.6514332771301272,False,
bounded_uniform,train_fit,31,0,274,True,2.74,2.1837480068206787,2.4,-0.3400000000000003,True,274
bounded_uniform,train_fit,31,274,300,False,0.26,0.8456924557685852,2.176711452007294,1.9167114520072939,False,
bounded_uniform,train_fit,32,0,56,True,0.56,0.703903079032898,2.0349220752716066,1.4749220752716066,False,42
bounded_uniform,train_fit,32,56,137,True,0.81,0.6541078090667725,1.9851268053054811,1.175126805305481,False,56
bounded_uniform,train_fit,32,137,200,True,0.63,0.3002161681652069,1.6312351644039156,1.0012351644039157,False,47
bounded_uniform,train_fit,32,200,230,True,0.3,0.3081637918949127,1.6391827881336214,1.3391827881336213,False,13
bounded_uniform,train_fit,32,230,279,True,0.49,0.4165925681591034,1.747611564397812,1.257611564397812,False,26
bounded_uniform,train_fit,32,279,300,False,0.21,0.3227732181549072,1.653792214393616,1.443792214393616,False,
bounded_uniform,train_fit,33,0,61,True,0.61,0.2988046705722809,1.6298236668109896,1.0198236668109897,False,58
bounded_uniform,train_fit,33,61,300,False,2.39,1.6807105541229248,2.4,0.009999999999999787,False,
bounded_uniform,train_fit,34,0,10,True,0.1,0.7123128175735474,2.043331813812256,1.943331813812256,False,8
bounded_uniform,train_fit,34,10,300,False,2.9,2.1100783348083496,2.4,-0.5,True,
bounded_uniform,train_fit,35,0,300,False,3.0,2.271864652633667,2.4,-0.6000000000000001,True,
bounded_uniform,train_fit,36,0,32,True,0.32,0.6394315958023071,1.9704505920410158,1.6504505920410157,False,31
bounded_uniform,train_fit,36,32,119,True,0.87,0.5879705548286438,1.9189895510673525,1.0489895510673524,False,13
bounded_uniform,train_fit,36,119,230,True,1.11,0.5623222589492798,1.8933412551879885,0.7833412551879884,False,20
bounded_uniform,train_fit,36,230,300,False,0.7000000000000001,0.7723105549812317,2.1033295512199404,1.4033295512199402,False,
bounded_uniform,train_fit,37,0,80,True,0.8,1.1573458909988403,2.4,1.5999999999999999,False,70
bounded_uniform,train_fit,37,80,164,True,0.84,0.39747354388237,1.7284925401210787,0.8884925401210787,False,38
bounded_uniform,train_fit,37,164,300,False,1.36,1.1986441612243652,2.4,1.0399999999999998,False,
bounded_uniform,train_fit,38,0,58,True,0.58,0.6366829872131348,1.9677019834518434,1.3877019834518434,False,44
bounded_uniform,train_fit,38,58,120,True,0.62,0.28238993883132935,1.613408935070038,0.993408935070038,False,52
bounded_uniform,train_fit,38,120,193,True,0.73,0.9648379683494568,2.2958569645881655,1.5658569645881655,False,41
bounded_uniform,train_fit,38,193,234,True,0.41000000000000003,0.579973042011261,1.9109920382499697,1.5009920382499695,False,37
bounded_uniform,train_fit,38,234,260,True,0.26,0.16321930289268494,1.4942382991313936,1.2342382991313936,False,14
bounded_uniform,train_fit,38,260,300,False,0.4,1.1641795635223389,2.4,2.0,False,
bounded_uniform,train_fit,39,0,217,True,2.17,1.9994864463806152,2.4,0.22999999999999998,False,216
bounded_uniform,train_fit,39,217,300,False,0.8300000000000001,0.7301002740859985,2.061119270324707,1.2311192703247071,False,
bounded_uniform,train_fit,40,0,61,True,0.61,0.48000726103782654,1.8110262572765352,1.2010262572765353,False,43
bounded_uniform,train_fit,40,61,300,False,2.39,2.006488800048828,2.4,0.009999999999999787,False,
bounded_uniform,train_fit,41,0,92,True,0.92,0.6700135469436646,2.0010325431823732,1.0810325431823733,False,77
bounded_uniform,train_fit,41,92,300,False,2.08,1.780971646308899,2.4,0.31999999999999984,False,
bounded_uniform,train_fit,42,0,109,True,1.09,0.4780902564525604,1.809109252691269,0.719109252691269,False,109
bounded_uniform,train_fit,42,109,300,True,1.9100000000000001,1.315601110458374,2.4,0.48999999999999977,False,62
bounded_uniform,train_fit,43,0,119,True,1.19,1.2021266222000122,2.4,1.21,False,114
bounded_uniform,train_fit,43,119,300,False,1.81,2.224675416946411,2.4,0.5899999999999999,False,
bounded_uniform,train_fit,44,0,136,True,1.36,1.4444836378097534,2.4,1.0399999999999998,False,18
bounded_uniform,train_fit,44,136,171,True,0.35000000000000003,0.30614331364631653,1.6371623098850252,1.2871623098850251,False,21
bounded_uniform,train_fit,44,171,300,False,1.29,1.1437451839447021,2.4,1.1099999999999999,False,
bounded_uniform,train_fit,45,0,19,True,0.19,0.3517324924468994,1.682751488685608,1.4927514886856081,False,19
bounded_uniform,train_fit,45,19,74,True,0.55,0.4002245366573334,1.731243532896042,1.181243532896042,False,27
bounded_uniform,train_fit,45,74,134,True,0.6,0.5894615650177002,1.9204805612564089,1.3204805612564088,False,53
bounded_uniform,train_fit,45,134,288,True,1.54,1.5050660371780396,2.4,0.8599999999999999,False,75
bounded_uniform,train_fit,45,288,300,False,0.12,0.05809397995471954,1.3891129761934282,1.269112976193428,False,
bounded_uniform,train_fit,46,0,258,True,2.58,1.9768344163894653,2.4,-0.18000000000000016,True,91
bounded_uniform,train_fit,46,258,300,False,0.42,0.9218960404396057,2.2529150366783144,1.8329150366783145,False,
bounded_uniform,train_fit,47,0,29,True,0.29,0.6622297763824463,1.993248772621155,1.703248772621155,False,29
bounded_uniform,train_fit,47,29,300,False,2.71,2.179734468460083,2.4,-0.31000000000000005,True,
bounded_uniform,train_fit,48,0,44,True,0.44,0.5122473239898682,1.8432663202285768,1.403266320228577,False,42
bounded_uniform,train_fit,48,44,76,True,0.32,0.1898604780435562,1.5208794742822649,1.2008794742822648,False,12
bounded_uniform,train_fit,48,76,121,True,0.45,0.590095579624176,1.9211145758628847,1.4711145758628847,False,21
bounded_uniform,train_fit,48,121,174,True,0.53,0.2811294496059418,1.6121484458446504,1.0821484458446504,False,10
bounded_uniform,train_fit,48,174,204,True,0.3,0.29623594880104065,1.6272549450397493,1.3272549450397493,False,7
bounded_uniform,train_fit,48,204,257,True,0.53,0.6591145396232605,1.9901335358619692,1.4601335358619691,False,13
bounded_uniform,train_fit,48,257,300,False,0.43,0.4671107530593872,1.7981297492980959,1.368129749298096,False,
bounded_uniform,train_fit,49,0,161,True,1.61,1.0107604265213013,2.34177942276001,0.7317794227600098,False,94
bounded_uniform,train_fit,49,161,183,True,0.22,0.2605694532394409,1.5915884494781496,1.3715884494781496,False,15
bounded_uniform,train_fit,49,183,199,True,0.16,0.21982190012931824,1.550840896368027,1.390840896368027,False,8
bounded_uniform,train_fit,49,199,246,True,0.47000000000000003,0.1605396568775177,1.4915586531162264,1.0215586531162264,False,16
bounded_uniform,train_fit,49,246,300,False,0.54,0.3976249098777771,1.7286439061164858,1.1886439061164857,False,
bounded_uniform,train_fit,50,0,63,True,0.63,1.325073480606079,2.4,1.77,False,50
bounded_uniform,train_fit,50,63,126,True,0.63,0.34920090436935425,1.680219900608063,1.050219900608063,False,35
bounded_uniform,train_fit,50,126,162,True,0.36,0.1615941822528839,1.4926131784915926,1.1326131784915927,False,14
bounded_uniform,train_fit,50,162,300,False,1.3800000000000001,1.9695844650268555,2.4,1.0199999999999998,False,
bounded_uniform,train_fit,51,0,300,False,3.0,1.9962468147277832,2.4,-0.6000000000000001,True,
bounded_uniform,train_fit,52,0,54,True,0.54,0.5200101137161255,1.8510291099548342,1.3110291099548341,False,54
bounded_uniform,train_fit,52,54,83,True,0.29,0.21694867312908173,1.5479676693677904,1.2579676693677904,False,20
bounded_uniform,train_fit,52,83,201,True,1.18,0.9291564226150513,2.26017541885376,1.08017541885376,False,84
bounded_uniform,train_fit,52,201,228,True,0.27,0.4508528411388397,1.7818718373775484,1.5118718373775484,False,8
bounded_uniform,train_fit,52,228,283,True,0.55,0.6076760292053223,1.938695025444031,1.388695025444031,False,11
bounded_uniform,train_fit,52,283,300,False,0.17,0.5537105202674866,1.8847295165061952,1.7147295165061953,False,
bounded_uniform,train_fit,53,0,300,False,3.0,2.0527079105377197,2.4,-0.6000000000000001,True,
bounded_uniform,train_fit,54,0,42,True,0.42,0.49859845638275146,1.8296174526214601,1.4096174526214602,False,15
bounded_uniform,train_fit,54,42,167,True,1.25,1.1580144166946411,2.4,1.15,False,25
bounded_uniform,train_fit,54,167,251,True,0.84,0.8330015540122986,2.1640205502510073,1.3240205502510074,False,24
bounded_uniform,train_fit,54,251,300,False,0.49,0.2941097617149353,1.625128757953644,1.135128757953644,False,
bounded_uniform,train_fit,55,0,11,True,0.11,1.1172239780426025,2.4,2.29,False,9
bounded_uniform,train_fit,55,11,78,True,0.67,0.8278536200523376,2.1588726162910463,1.4888726162910464,False,17
bounded_uniform,train_fit,55,78,206,True,1.28,1.4765033721923828,2.4,1.1199999999999999,False,12
bounded_uniform,train_fit,55,206,300,False,0.9400000000000001,2.038254976272583,2.4,1.46,False,
bounded_uniform,train_fit,56,0,73,True,0.73,1.4057992696762085,2.4,1.67,False,51
bounded_uniform,train_fit,56,73,300,False,2.27,2.2604868412017822,2.4,0.1299999999999999,False,
bounded_uniform,train_fit,57,0,300,False,3.0,2.257179021835327,2.4,-0.6000000000000001,True,
bounded_uniform,train_fit,58,0,176,True,1.76,1.8419045209884644,2.4,0.6399999999999999,False,156
bounded_uniform,train_fit,58,176,300,False,1.24,1.356563925743103,2.4,1.16,False,
bounded_uniform,train_fit,59,0,11,True,0.11,0.681523323059082,2.0125423192977907,1.9025423192977906,False,11
bounded_uniform,train_fit,59,11,300,False,2.89,2.2469348907470703,2.4,-0.4900000000000002,True,
bounded_uniform,train_fit,60,0,11,True,0.11,0.3951917290687561,1.7262107253074648,1.6162107253074647,False,10
bounded_uniform,train_fit,60,11,64,True,0.53,0.4947272539138794,1.825746250152588,1.295746250152588,False,16
bounded_uniform,train_fit,60,64,110,True,0.46,0.1374242603778839,1.4684432566165926,1.0084432566165926,False,29
bounded_uniform,train_fit,60,110,260,True,1.5,1.5161900520324707,2.4,0.8999999999999999,False,113
bounded_uniform,train_fit,60,260,300,False,0.4,0.5253478288650513,1.85636682510376,1.45636682510376,False,
bounded_uniform,train_fit,61,0,203,True,2.0300000000000002,2.1286444664001465,2.4,0.36999999999999966,False,188
bounded_uniform,train_fit,61,203,229,True,0.26,0.3258981704711914,1.6569171667099,1.3969171667099,False,12
bounded_uniform,train_fit,61,229,256,True,0.27,0.3116190433502197,1.6426380395889284,1.3726380395889284,False,12
bounded_uniform,train_fit,61,256,300,False,0.44,0.17803041636943817,1.5090494126081468,1.069049412608147,False,
bounded_uniform,train_fit,62,0,121,True,1.21,1.664909839630127,2.4,1.19,False,111
bounded_uniform,train_fit,62,121,300,False,1.79,1.8648808002471924,2.4,0.6099999999999999,False,
bounded_uniform,train_fit,63,0,69,True,0.6900000000000001,0.6416714787483215,1.9726904749870302,1.2826904749870303,False,68
bounded_uniform,train_fit,63,69,155,True,0.86,0.6108204126358032,1.941839408874512,1.081839408874512,False,73
bounded_uniform,train_fit,63,155,254,True,0.99,0.3925572633743286,1.7235762596130373,0.7335762596130373,False,83
bounded_uniform,train_fit,63,254,300,False,0.46,0.4392639696598053,1.770282965898514,1.310282965898514,False,
bounded_uniform,train_fit,64,0,104,True,1.04,1.5525474548339844,2.4,1.3599999999999999,False,79
bounded_uniform,train_fit,64,104,185,True,0.81,1.103924036026001,2.4,1.5899999999999999,False,66
bounded_uniform,train_fit,64,185,239,True,0.54,1.5030380487442017,2.4,1.8599999999999999,False,46
bounded_uniform,train_fit,64,239,300,False,0.61,0.3647945523262024,1.695813548564911,1.0858135485649112,False,
bounded_uniform,train_fit,65,0,23,True,0.23,0.8560047745704651,2.1870237708091738,1.9570237708091738,False,17
bounded_uniform,train_fit,65,23,129,True,1.06,0.5301512479782104,1.8611702442169191,0.8011702442169191,False,16
bounded_uniform,train_fit,65,129,169,True,0.4,0.37357068061828613,1.7045896768569948,1.304589676856995,False,24
bounded_uniform,train_fit,65,169,300,False,1.31,1.2560112476348877,2.4,1.0899999999999999,False,
bounded_uniform,train_fit,66,0,19,True,0.19,0.9537355303764343,2.284754526615143,2.094754526615143,False,19
bounded_uniform,train_fit,66,19,84,True,0.65,0.868192732334137,2.1992117285728456,1.5492117285728457,False,51
bounded_uniform,train_fit,66,84,213,True,1.29,0.5836043357849121,1.9146233320236208,0.6246233320236207,False,121
bounded_uniform,train_fit,66,213,300,False,0.87,1.3547757863998413,2.4,1.5299999999999998,False,
bounded_uniform,train_fit,67,0,47,True,0.47000000000000003,0.6194642186164856,1.9504832148551943,1.4804832148551943,False,46
bounded_uniform,train_fit,67,47,256,True,2.09,2.023693799972534,2.4,0.31000000000000005,False,24
bounded_uniform,train_fit,67,256,300,False,0.44,1.1244816780090332,2.4,1.96,False,
bounded_uniform,train_fit,68,0,129,True,1.29,1.4520118236541748,2.4,1.1099999999999999,False,129
bounded_uniform,train_fit,68,129,238,True,1.09,1.0298572778701782,2.360876274108887,1.2708762741088868,False,76
bounded_uniform,train_fit,68,238,300,False,0.62,0.5486270785331726,1.8796460747718813,1.2596460747718812,False,
bounded_uniform,train_fit,69,0,107,True,1.07,0.8284691572189331,2.159488153457642,1.0894881534576417,False,87
bounded_uniform,train_fit,69,107,135,True,0.28,0.6012804508209229,1.9322994470596315,1.6522994470596315,False,10
bounded_uniform,train_fit,69,135,291,True,1.56,1.1464203596115112,2.4,0.8399999999999999,False,110
bounded_uniform,train_fit,69,291,300,False,0.09,0.5353637933731079,1.8663827896118166,1.7763827896118165,False,
bounded_uniform,train_fit,70,0,78,True,0.78,0.6593082547187805,1.9903272509574892,1.2103272509574892,False,55
bounded_uniform,train_fit,70,78,300,False,2.22,1.8925375938415527,2.4,0.17999999999999972,False,
bounded_uniform,train_fit,71,0,143,True,1.43,0.9812625050544739,2.3122815012931826,0.8822815012931826,False,75
bounded_uniform,train_fit,71,143,170,True,0.27,0.7838985323905945,2.114917528629303,1.8449175286293031,False,18
bounded_uniform,train_fit,71,170,300,False,1.3,1.1633849143981934,2.4,1.0999999999999999,False,
bounded_uniform,train_fit,72,0,46,True,0.46,1.970159649848938,2.4,1.94,False,30
bounded_uniform,train_fit,72,46,67,True,0.21,0.08173360675573349,1.4127526029944422,1.2027526029944422,False,14
bounded_uniform,train_fit,72,67,128,True,0.61,0.4761389195919037,1.8071579158306124,1.1971579158306125,False,18
bounded_uniform,train_fit,72,128,201,True,0.73,0.9167774319648743,2.247796428203583,1.517796428203583,False,65
bounded_uniform,train_fit,72,201,297,True,0.96,0.8921473622322083,2.223166358470917,1.263166358470917,False,91
bounded_uniform,train_fit,72,297,300,False,0.03,0.6592546701431274,1.9902736663818361,1.960273666381836,False,
bounded_uniform,train_fit,73,0,197,True,1.97,1.907462477684021,2.4,0.42999999999999994,False,73
bounded_uniform,train_fit,73,197,300,False,1.03,0.6919357180595398,2.0229547142982485,0.9929547142982484,False,
bounded_uniform,train_fit,74,0,45,True,0.45,0.5833263993263245,1.9143453955650331,1.4643453955650332,False,45
bounded_uniform,train_fit,74,45,106,True,0.61,0.7759670615196228,2.1069860577583315,1.4969860577583316,False,29
bounded_uniform,train_fit,74,106,185,True,0.79,0.6160918474197388,1.9471108436584474,1.1571108436584474,False,55
bounded_uniform,train_fit,74,185,296,True,1.11,0.9826432466506958,2.3136622428894045,1.2036622428894044,False,103
bounded_uniform,train_fit,74,296,300,False,0.04,2.1857872009277344,2.4,2.36,False,
bounded_uniform,train_fit,75,0,67,True,0.67,0.5190594792366028,1.8500784754753115,1.1800784754753115,False,65
bounded_uniform,train_fit,75,67,263,True,1.96,1.7128753662109375,2.4,0.43999999999999995,False,93
bounded_uniform,train_fit,75,263,300,False,0.37,0.25326406955718994,1.5842830657958986,1.2142830657958985,False,
bounded_uniform,train_fit,76,0,11,True,0.11,0.32588496804237366,1.6569039642810823,1.5469039642810822,False,9
bounded_uniform,train_fit,76,11,46,True,0.35000000000000003,0.3884466886520386,1.7194656848907472,1.3694656848907472,False,23
bounded_uniform,train_fit,76,46,173,True,1.27,0.5794414281845093,1.910460424423218,0.6404604244232179,False,88
bounded_uniform,train_fit,76,173,300,False,1.27,1.6712892055511475,2.4,1.13,False,
bounded_uniform,train_fit,77,0,11,True,0.11,0.4558609426021576,1.7868799388408663,1.6768799388408662,False,9
bounded_uniform,train_fit,77,11,300,False,2.89,2.3132448196411133,2.4,-0.4900000000000002,True,
bounded_uniform,train_fit,78,0,163,True,1.6300000000000001,1.6000734567642212,2.4,0.7699999999999998,False,159
bounded_uniform,train_fit,78,163,300,False,1.37,1.7185250520706177,2.4,1.0299999999999998,False,
bounded_uniform,train_fit,79,0,50,True,0.5,1.2084327936172485,2.4,1.9,False,49
bounded_uniform,train_fit,79,50,79,True,0.29,0.34096741676330566,1.6719864130020143,1.3819864130020143,False,8
bounded_uniform,train_fit,79,79,300,False,2.21,2.251195192337036,2.4,0.18999999999999995,False,
bounded_uniform,internal_validation,0,0,14,True,0.14,1.0474598407745361,2.378478837013245,2.2384788370132447,False,14
bounded_uniform,internal_validation,0,14,62,True,0.48,2.043731451034546,2.4,1.92,False,8
bounded_uniform,internal_validation,0,62,300,False,2.38,1.1581436395645142,2.4,0.020000000000000018,False,
bounded_uniform,internal_validation,1,0,2,True,0.02,0.5596385598182678,1.8906575560569765,1.8706575560569765,False,2
bounded_uniform,internal_validation,1,2,60,True,0.58,0.15231770277023315,1.4833366990089418,0.9033366990089419,False,49
bounded_uniform,internal_validation,1,60,300,False,2.4,1.45906662940979,2.4,0.0,False,
bounded_uniform,internal_validation,2,0,92,True,0.92,0.6174963116645813,1.94851530790329,1.02851530790329,False,92
bounded_uniform,internal_validation,2,92,248,True,1.56,0.9413883686065674,2.272407364845276,0.712407364845276,False,144
bounded_uniform,internal_validation,2,248,300,False,0.52,0.7191876769065857,2.0502066731452944,1.5302066731452943,False,
bounded_uniform,internal_validation,3,0,47,True,0.47000000000000003,1.400667667388916,2.4,1.93,False,47
bounded_uniform,internal_validation,3,47,300,False,2.5300000000000002,1.5548720359802246,2.4,-0.13000000000000034,True,
bounded_uniform,internal_validation,4,0,66,True,0.66,0.7591922283172607,2.0902112245559694,1.4302112245559693,False,13
bounded_uniform,internal_validation,4,66,243,True,1.77,0.8296082019805908,2.1606271982192995,0.3906271982192995,False,132
bounded_uniform,internal_validation,4,243,300,False,0.5700000000000001,1.9306788444519043,2.4,1.8299999999999998,False,
bounded_uniform,internal_validation,5,0,48,True,0.48,0.8503426313400269,2.1813616275787355,1.7013616275787355,False,11
bounded_uniform,internal_validation,5,48,174,True,1.26,0.5607509613037109,1.8917699575424196,0.6317699575424196,False,111
bounded_uniform,internal_validation,5,174,217,True,0.43,1.1953333616256714,2.4,1.97,False,33
bounded_uniform,internal_validation,5,217,300,False,0.8300000000000001,0.5093021392822266,1.8403211355209352,1.0103211355209352,False,
bounded_uniform,internal_validation,6,0,20,True,0.2,0.5404112339019775,1.8714302301406862,1.6714302301406863,False,9
bounded_uniform,internal_validation,6,20,73,True,0.53,1.7063413858413696,2.4,1.8699999999999999,False,43
bounded_uniform,internal_validation,6,73,127,True,0.54,1.2756850719451904,2.4,1.8599999999999999,False,33
bounded_uniform,internal_validation,6,127,276,True,1.49,0.5702152252197266,1.9012342214584352,0.41123422145843525,False,74
bounded_uniform,internal_validation,6,276,300,False,0.24,0.8859443068504333,2.216963303089142,1.976963303089142,False,
bounded_uniform,internal_validation,7,0,215,True,2.15,2.211017370223999,2.4,0.25,False,206
bounded_uniform,internal_validation,7,215,300,False,0.85,0.7311584949493408,2.0621774911880495,1.2121774911880494,False,
bounded_uniform,internal_validation,8,0,93,True,0.93,1.1014404296875,2.4,1.4699999999999998,False,93
bounded_uniform,internal_validation,8,93,244,True,1.51,2.3651318550109863,2.4,0.8899999999999999,False,71
bounded_uniform,internal_validation,8,244,300,False,0.56,0.20719678699970245,1.5382157832384111,0.9782157832384111,False,
bounded_uniform,internal_validation,9,0,11,True,0.11,0.9638991951942444,2.294918191432953,2.184918191432953,False,11
bounded_uniform,internal_validation,9,11,300,False,2.89,1.5686143636703491,2.4,-0.4900000000000002,True,
bounded_uniform,internal_validation,10,0,175,True,1.75,0.5272502899169922,1.8582692861557009,0.10826928615570086,False,64
bounded_uniform,internal_validation,10,175,300,False,1.25,0.8855181932449341,2.2165371894836428,0.9665371894836428,False,
bounded_uniform,internal_validation,11,0,28,True,0.28,0.5282889604568481,1.8593079566955568,1.5793079566955568,False,28
bounded_uniform,internal_validation,11,28,75,True,0.47000000000000003,0.5588458180427551,1.8898648142814638,1.4198648142814638,False,31
bounded_uniform,internal_validation,11,75,300,False,2.25,0.5593878626823425,1.8904068589210512,-0.3595931410789488,False,
bounded_uniform,internal_validation,12,0,300,False,3.0,0.9412510395050049,2.2722700357437136,-0.7277299642562864,True,
bounded_uniform,internal_validation,13,0,10,True,0.1,0.4106718599796295,1.7416908562183382,1.641690856218338,False,8
bounded_uniform,internal_validation,13,10,99,True,0.89,1.481329321861267,2.4,1.5099999999999998,False,23
bounded_uniform,internal_validation,13,99,300,False,2.0100000000000002,0.6301858425140381,1.9612048387527468,-0.04879516124725347,False,
bounded_uniform,internal_validation,14,0,15,True,0.15,0.353996217250824,1.6850152134895326,1.5350152134895327,False,15
bounded_uniform,internal_validation,14,15,86,True,0.71,1.6665974855422974,2.4,1.69,False,63
bounded_uniform,internal_validation,14,86,179,True,0.93,2.1746654510498047,2.4,1.4699999999999998,False,82
bounded_uniform,internal_validation,14,179,300,False,1.21,1.6245988607406616,2.4,1.19,False,
bounded_uniform,internal_validation,15,0,257,True,2.57,0.7017017602920532,2.032720756530762,-0.5372792434692379,True,256
bounded_uniform,internal_validation,15,257,300,False,0.43,0.6324654221534729,1.9634844183921816,1.5334844183921816,False,
bounded_uniform,internal_validation,16,0,18,True,0.18,1.0615520477294922,2.392571043968201,2.2125710439682007,False,6
bounded_uniform,internal_validation,16,18,67,True,0.49,0.6823146343231201,2.013333630561829,1.5233336305618288,False,45
bounded_uniform,internal_validation,16,67,81,True,0.14,0.8917545080184937,2.2227735042572023,2.082773504257202,False,9
bounded_uniform,internal_validation,16,81,144,True,0.63,1.0411306619644165,2.372149658203125,1.7421496582031253,False,29
bounded_uniform,internal_validation,16,144,203,True,0.59,0.730455756187439,2.0614747524261476,1.4714747524261478,False,15
bounded_uniform,internal_validation,16,203,257,True,0.54,1.3539860248565674,2.4,1.8599999999999999,False,14
bounded_uniform,internal_validation,16,257,299,True,0.42,2.057729721069336,2.4,1.98,False,11
bounded_uniform,internal_validation,16,299,300,False,0.01,0.8601384162902832,2.191157412528992,2.181157412528992,False,
bounded_uniform,internal_validation,17,0,91,True,0.91,1.2617278099060059,2.4,1.4899999999999998,False,50
bounded_uniform,internal_validation,17,91,213,True,1.22,2.270578384399414,2.4,1.18,False,71
bounded_uniform,internal_validation,17,213,259,True,0.46,1.0898094177246094,2.4,1.94,False,22
bounded_uniform,internal_validation,17,259,300,False,0.41000000000000003,1.3069918155670166,2.4,1.9899999999999998,False,
bounded_uniform,internal_validation,18,0,300,False,3.0,0.5978274941444397,1.9288464903831484,-1.0711535096168516,True,
bounded_uniform,internal_validation,19,0,25,True,0.25,1.4601833820343018,2.4,2.15,False,25
bounded_uniform,internal_validation,19,25,204,True,1.79,1.2727441787719727,2.4,0.6099999999999999,False,169
bounded_uniform,internal_validation,19,204,300,False,0.96,1.2699358463287354,2.4,1.44,False,
bounded_uniform_matched_constant,internal_validation,0,0,14,True,0.14,2.027123532653875,2.027123532653875,1.8871235326538747,False,14
bounded_uniform_matched_constant,internal_validation,0,14,62,True,0.48,2.027123532653875,2.027123532653875,1.5471235326538748,False,8
bounded_uniform_matched_constant,internal_validation,0,62,300,False,2.38,2.027123532653875,2.027123532653875,-0.3528764673461251,False,
bounded_uniform_matched_constant,internal_validation,1,0,2,True,0.02,2.027123532653875,2.027123532653875,2.0071235326538748,False,2
bounded_uniform_matched_constant,internal_validation,1,2,60,True,0.58,2.027123532653875,2.027123532653875,1.4471235326538747,False,49
bounded_uniform_matched_constant,internal_validation,1,60,300,False,2.4,2.027123532653875,2.027123532653875,-0.3728764673461251,False,
bounded_uniform_matched_constant,internal_validation,2,0,92,True,0.92,2.027123532653875,2.027123532653875,1.1071235326538749,False,92
bounded_uniform_matched_constant,internal_validation,2,92,248,True,1.56,2.027123532653875,2.027123532653875,0.46712353265387474,False,144
bounded_uniform_matched_constant,internal_validation,2,248,300,False,0.52,2.027123532653875,2.027123532653875,1.5071235326538748,False,
bounded_uniform_matched_constant,internal_validation,3,0,47,True,0.47000000000000003,2.027123532653875,2.027123532653875,1.5571235326538748,False,47
bounded_uniform_matched_constant,internal_validation,3,47,300,False,2.5300000000000002,2.027123532653875,2.027123532653875,-0.5028764673461255,True,
bounded_uniform_matched_constant,internal_validation,4,0,66,True,0.66,2.027123532653875,2.027123532653875,1.3671235326538747,False,13
bounded_uniform_matched_constant,internal_validation,4,66,243,True,1.77,2.027123532653875,2.027123532653875,0.2571235326538748,False,132
bounded_uniform_matched_constant,internal_validation,4,243,300,False,0.5700000000000001,2.027123532653875,2.027123532653875,1.4571235326538747,False,
bounded_uniform_matched_constant,internal_validation,5,0,48,True,0.48,2.027123532653875,2.027123532653875,1.5471235326538748,False,11
bounded_uniform_matched_constant,internal_validation,5,48,174,True,1.26,2.027123532653875,2.027123532653875,0.7671235326538748,False,111
bounded_uniform_matched_constant,internal_validation,5,174,217,True,0.43,2.027123532653875,2.027123532653875,1.5971235326538749,False,33
bounded_uniform_matched_constant,internal_validation,5,217,300,False,0.8300000000000001,2.027123532653875,2.027123532653875,1.1971235326538747,False,
bounded_uniform_matched_constant,internal_validation,6,0,20,True,0.2,2.027123532653875,2.027123532653875,1.8271235326538748,False,9
bounded_uniform_matched_constant,internal_validation,6,20,73,True,0.53,2.027123532653875,2.027123532653875,1.4971235326538748,False,43
bounded_uniform_matched_constant,internal_validation,6,73,127,True,0.54,2.027123532653875,2.027123532653875,1.4871235326538748,False,33
bounded_uniform_matched_constant,internal_validation,6,127,276,True,1.49,2.027123532653875,2.027123532653875,0.5371235326538748,False,74
bounded_uniform_matched_constant,internal_validation,6,276,300,False,0.24,2.027123532653875,2.027123532653875,1.7871235326538748,False,
bounded_uniform_matched_constant,internal_validation,7,0,215,True,2.15,2.027123532653875,2.027123532653875,-0.12287646734612512,False,206
bounded_uniform_matched_constant,internal_validation,7,215,300,False,0.85,2.027123532653875,2.027123532653875,1.1771235326538747,False,
bounded_uniform_matched_constant,internal_validation,8,0,93,True,0.93,2.027123532653875,2.027123532653875,1.0971235326538746,False,93
bounded_uniform_matched_constant,internal_validation,8,93,244,True,1.51,2.027123532653875,2.027123532653875,0.5171235326538748,False,71
bounded_uniform_matched_constant,internal_validation,8,244,300,False,0.56,2.027123532653875,2.027123532653875,1.4671235326538747,False,
bounded_uniform_matched_constant,internal_validation,9,0,11,True,0.11,2.027123532653875,2.027123532653875,1.9171235326538747,False,11
bounded_uniform_matched_constant,internal_validation,9,11,300,False,2.89,2.027123532653875,2.027123532653875,-0.8628764673461253,True,
bounded_uniform_matched_constant,internal_validation,10,0,175,True,1.75,2.027123532653875,2.027123532653875,0.2771235326538748,False,64
bounded_uniform_matched_constant,internal_validation,10,175,300,False,1.25,2.027123532653875,2.027123532653875,0.7771235326538748,False,
bounded_uniform_matched_constant,internal_validation,11,0,28,True,0.28,2.027123532653875,2.027123532653875,1.7471235326538748,False,28
bounded_uniform_matched_constant,internal_validation,11,28,75,True,0.47000000000000003,2.027123532653875,2.027123532653875,1.5571235326538748,False,31
bounded_uniform_matched_constant,internal_validation,11,75,300,False,2.25,2.027123532653875,2.027123532653875,-0.2228764673461252,False,
bounded_uniform_matched_constant,internal_validation,12,0,300,False,3.0,2.027123532653875,2.027123532653875,-0.9728764673461252,True,
bounded_uniform_matched_constant,internal_validation,13,0,10,True,0.1,2.027123532653875,2.027123532653875,1.9271235326538747,False,8
bounded_uniform_matched_constant,internal_validation,13,10,99,True,0.89,2.027123532653875,2.027123532653875,1.1371235326538747,False,23
bounded_uniform_matched_constant,internal_validation,13,99,300,False,2.0100000000000002,2.027123532653875,2.027123532653875,0.017123532653874562,False,
bounded_uniform_matched_constant,internal_validation,14,0,15,True,0.15,2.027123532653875,2.027123532653875,1.8771235326538749,False,15
bounded_uniform_matched_constant,internal_validation,14,15,86,True,0.71,2.027123532653875,2.027123532653875,1.3171235326538748,False,63
bounded_uniform_matched_constant,internal_validation,14,86,179,True,0.93,2.027123532653875,2.027123532653875,1.0971235326538746,False,82
bounded_uniform_matched_constant,internal_validation,14,179,300,False,1.21,2.027123532653875,2.027123532653875,0.8171235326538748,False,
bounded_uniform_matched_constant,internal_validation,15,0,257,True,2.57,2.027123532653875,2.027123532653875,-0.542876467346125,True,256
bounded_uniform_matched_constant,internal_validation,15,257,300,False,0.43,2.027123532653875,2.027123532653875,1.5971235326538749,False,
bounded_uniform_matched_constant,internal_validation,16,0,18,True,0.18,2.027123532653875,2.027123532653875,1.8471235326538749,False,6
bounded_uniform_matched_constant,internal_validation,16,18,67,True,0.49,2.027123532653875,2.027123532653875,1.5371235326538748,False,45
bounded_uniform_matched_constant,internal_validation,16,67,81,True,0.14,2.027123532653875,2.027123532653875,1.8871235326538747,False,9
bounded_uniform_matched_constant,internal_validation,16,81,144,True,0.63,2.027123532653875,2.027123532653875,1.397123532653875,False,29
bounded_uniform_matched_constant,internal_validation,16,144,203,True,0.59,2.027123532653875,2.027123532653875,1.437123532653875,False,15
bounded_uniform_matched_constant,internal_validation,16,203,257,True,0.54,2.027123532653875,2.027123532653875,1.4871235326538748,False,14
bounded_uniform_matched_constant,internal_validation,16,257,299,True,0.42,2.027123532653875,2.027123532653875,1.6071235326538749,False,11
bounded_uniform_matched_constant,internal_validation,16,299,300,False,0.01,2.027123532653875,2.027123532653875,2.017123532653875,False,
bounded_uniform_matched_constant,internal_validation,17,0,91,True,0.91,2.027123532653875,2.027123532653875,1.1171235326538747,False,50
bounded_uniform_matched_constant,internal_validation,17,91,213,True,1.22,2.027123532653875,2.027123532653875,0.8071235326538748,False,71
bounded_uniform_matched_constant,internal_validation,17,213,259,True,0.46,2.027123532653875,2.027123532653875,1.5671235326538748,False,22
bounded_uniform_matched_constant,internal_validation,17,259,300,False,0.41000000000000003,2.027123532653875,2.027123532653875,1.6171235326538747,False,
bounded_uniform_matched_constant,internal_validation,18,0,300,False,3.0,2.027123532653875,2.027123532653875,-0.9728764673461252,True,
bounded_uniform_matched_constant,internal_validation,19,0,25,True,0.25,2.027123532653875,2.027123532653875,1.7771235326538748,False,25
bounded_uniform_matched_constant,internal_validation,19,25,204,True,1.79,2.027123532653875,2.027123532653875,0.23712353265387476,False,169
bounded_uniform_matched_constant,internal_validation,19,204,300,False,0.96,2.027123532653875,2.027123532653875,1.0671235326538748,False,
bounded_uniform_cap_constant,internal_validation,0,0,14,True,0.14,2.4,2.4,2.26,False,14
bounded_uniform_cap_constant,internal_validation,0,14,62,True,0.48,2.4,2.4,1.92,False,8
bounded_uniform_cap_constant,internal_validation,0,62,300,False,2.38,2.4,2.4,0.020000000000000018,False,
bounded_uniform_cap_constant,internal_validation,1,0,2,True,0.02,2.4,2.4,2.38,False,2
bounded_uniform_cap_constant,internal_validation,1,2,60,True,0.58,2.4,2.4,1.8199999999999998,False,49
bounded_uniform_cap_constant,internal_validation,1,60,300,False,2.4,2.4,2.4,0.0,False,
bounded_uniform_cap_constant,internal_validation,2,0,92,True,0.92,2.4,2.4,1.48,False,92
bounded_uniform_cap_constant,internal_validation,2,92,248,True,1.56,2.4,2.4,0.8399999999999999,False,144
bounded_uniform_cap_constant,internal_validation,2,248,300,False,0.52,2.4,2.4,1.88,False,
bounded_uniform_cap_constant,internal_validation,3,0,47,True,0.47000000000000003,2.4,2.4,1.93,False,47
bounded_uniform_cap_constant,internal_validation,3,47,300,False,2.5300000000000002,2.4,2.4,-0.13000000000000034,True,
bounded_uniform_cap_constant,internal_validation,4,0,66,True,0.66,2.4,2.4,1.7399999999999998,False,13
bounded_uniform_cap_constant,internal_validation,4,66,243,True,1.77,2.4,2.4,0.6299999999999999,False,132
bounded_uniform_cap_constant,internal_validation,4,243,300,False,0.5700000000000001,2.4,2.4,1.8299999999999998,False,
bounded_uniform_cap_constant,internal_validation,5,0,48,True,0.48,2.4,2.4,1.92,False,11
bounded_uniform_cap_constant,internal_validation,5,48,174,True,1.26,2.4,2.4,1.14,False,111
bounded_uniform_cap_constant,internal_validation,5,174,217,True,0.43,2.4,2.4,1.97,False,33
bounded_uniform_cap_constant,internal_validation,5,217,300,False,0.8300000000000001,2.4,2.4,1.5699999999999998,False,
bounded_uniform_cap_constant,internal_validation,6,0,20,True,0.2,2.4,2.4,2.1999999999999997,False,9
bounded_uniform_cap_constant,internal_validation,6,20,73,True,0.53,2.4,2.4,1.8699999999999999,False,43
bounded_uniform_cap_constant,internal_validation,6,73,127,True,0.54,2.4,2.4,1.8599999999999999,False,33
bounded_uniform_cap_constant,internal_validation,6,127,276,True,1.49,2.4,2.4,0.9099999999999999,False,74
bounded_uniform_cap_constant,internal_validation,6,276,300,False,0.24,2.4,2.4,2.16,False,
bounded_uniform_cap_constant,internal_validation,7,0,215,True,2.15,2.4,2.4,0.25,False,206
bounded_uniform_cap_constant,internal_validation,7,215,300,False,0.85,2.4,2.4,1.5499999999999998,False,
bounded_uniform_cap_constant,internal_validation,8,0,93,True,0.93,2.4,2.4,1.4699999999999998,False,93
bounded_uniform_cap_constant,internal_validation,8,93,244,True,1.51,2.4,2.4,0.8899999999999999,False,71
bounded_uniform_cap_constant,internal_validation,8,244,300,False,0.56,2.4,2.4,1.8399999999999999,False,
bounded_uniform_cap_constant,internal_validation,9,0,11,True,0.11,2.4,2.4,2.29,False,11
bounded_uniform_cap_constant,internal_validation,9,11,300,False,2.89,2.4,2.4,-0.4900000000000002,True,
bounded_uniform_cap_constant,internal_validation,10,0,175,True,1.75,2.4,2.4,0.6499999999999999,False,64
bounded_uniform_cap_constant,internal_validation,10,175,300,False,1.25,2.4,2.4,1.15,False,
bounded_uniform_cap_constant,internal_validation,11,0,28,True,0.28,2.4,2.4,2.12,False,28
bounded_uniform_cap_constant,internal_validation,11,28,75,True,0.47000000000000003,2.4,2.4,1.93,False,31
bounded_uniform_cap_constant,internal_validation,11,75,300,False,2.25,2.4,2.4,0.1499999999999999,False,
bounded_uniform_cap_constant,internal_validation,12,0,300,False,3.0,2.4,2.4,-0.6000000000000001,True,
bounded_uniform_cap_constant,internal_validation,13,0,10,True,0.1,2.4,2.4,2.3,False,8
bounded_uniform_cap_constant,internal_validation,13,10,99,True,0.89,2.4,2.4,1.5099999999999998,False,23
bounded_uniform_cap_constant,internal_validation,13,99,300,False,2.0100000000000002,2.4,2.4,0.3899999999999997,False,
bounded_uniform_cap_constant,internal_validation,14,0,15,True,0.15,2.4,2.4,2.25,False,15
bounded_uniform_cap_constant,internal_validation,14,15,86,True,0.71,2.4,2.4,1.69,False,63
bounded_uniform_cap_constant,internal_validation,14,86,179,True,0.93,2.4,2.4,1.4699999999999998,False,82
bounded_uniform_cap_constant,internal_validation,14,179,300,False,1.21,2.4,2.4,1.19,False,
bounded_uniform_cap_constant,internal_validation,15,0,257,True,2.57,2.4,2.4,-0.16999999999999993,True,256
bounded_uniform_cap_constant,internal_validation,15,257,300,False,0.43,2.4,2.4,1.97,False,
bounded_uniform_cap_constant,internal_validation,16,0,18,True,0.18,2.4,2.4,2.2199999999999998,False,6
bounded_uniform_cap_constant,internal_validation,16,18,67,True,0.49,2.4,2.4,1.91,False,45
bounded_uniform_cap_constant,internal_validation,16,67,81,True,0.14,2.4,2.4,2.26,False,9
bounded_uniform_cap_constant,internal_validation,16,81,144,True,0.63,2.4,2.4,1.77,False,29
bounded_uniform_cap_constant,internal_validation,16,144,203,True,0.59,2.4,2.4,1.81,False,15
bounded_uniform_cap_constant,internal_validation,16,203,257,True,0.54,2.4,2.4,1.8599999999999999,False,14
bounded_uniform_cap_constant,internal_validation,16,257,299,True,0.42,2.4,2.4,1.98,False,11
bounded_uniform_cap_constant,internal_validation,16,299,300,False,0.01,2.4,2.4,2.39,False,
bounded_uniform_cap_constant,internal_validation,17,0,91,True,0.91,2.4,2.4,1.4899999999999998,False,50
bounded_uniform_cap_constant,internal_validation,17,91,213,True,1.22,2.4,2.4,1.18,False,71
bounded_uniform_cap_constant,internal_validation,17,213,259,True,0.46,2.4,2.4,1.94,False,22
bounded_uniform_cap_constant,internal_validation,17,259,300,False,0.41000000000000003,2.4,2.4,1.9899999999999998,False,
bounded_uniform_cap_constant,internal_validation,18,0,300,False,3.0,2.4,2.4,-0.6000000000000001,True,
bounded_uniform_cap_constant,internal_validation,19,0,25,True,0.25,2.4,2.4,2.15,False,25
bounded_uniform_cap_constant,internal_validation,19,25,204,True,1.79,2.4,2.4,0.6099999999999999,False,169
bounded_uniform_cap_constant,internal_validation,19,204,300,False,0.96,2.4,2.4,1.44,False,
stratified,train_fit,0,0,31,True,0.31,1.8639217615127563,2.4,2.09,False,31
stratified,train_fit,0,31,262,True,2.31,2.0106184482574463,2.4,0.08999999999999986,False,24
stratified,train_fit,0,262,295,True,0.33,0.8020492196083069,2.4,2.07,False,9
stratified,train_fit,0,295,300,False,0.05,0.34382838010787964,2.222837269306183,2.172837269306183,False,
stratified,train_fit,1,0,12,True,0.12,0.25126147270202637,2.1302703619003296,2.0102703619003295,False,11
stratified,train_fit,1,12,187,True,1.75,2.04020619392395,2.4,0.6499999999999999,False,14
stratified,train_fit,1,187,300,False,1.1300000000000001,1.7220700979232788,2.4,1.2699999999999998,False,
stratified,train_fit,2,0,6,True,0.06,1.5135471820831299,2.4,2.34,False,6
stratified,train_fit,2,6,300,False,2.94,1.9312728643417358,2.4,-0.54,True,
stratified,train_fit,3,0,16,True,0.16,1.9683281183242798,2.4,2.2399999999999998,False,15
stratified,train_fit,3,16,300,False,2.84,2.071607828140259,2.4,-0.43999999999999995,True,
stratified,train_fit,4,0,37,True,0.37,1.5334298610687256,2.4,2.03,False,6
stratified,train_fit,4,37,74,True,0.37,0.5755452513694763,2.4,2.03,False,17
stratified,train_fit,4,74,156,True,0.8200000000000001,0.7468072175979614,2.4,1.5799999999999998,False,31
stratified,train_fit,4,156,210,True,0.54,0.8175985217094421,2.4,1.8599999999999999,False,39
stratified,train_fit,4,210,300,False,0.9,0.37384334206581116,2.2528522312641144,1.3528522312641145,False,
stratified,train_fit,5,0,7,True,0.07,0.2766001224517822,2.1556090116500854,2.0856090116500856,False,7
stratified,train_fit,5,7,78,True,0.71,0.5278193354606628,2.4,1.69,False,50
stratified,train_fit,5,78,161,True,0.8300000000000001,1.0791466236114502,2.4,1.5699999999999998,False,72
stratified,train_fit,5,161,300,False,1.3900000000000001,0.9226006269454956,2.4,1.0099999999999998,False,
stratified,train_fit,6,0,17,True,0.17,1.2811501026153564,2.4,2.23,False,16
stratified,train_fit,6,17,90,True,0.73,1.0200893878936768,2.4,1.67,False,46
stratified,train_fit,6,90,181,True,0.91,1.1057891845703125,2.4,1.4899999999999998,False,82
stratified,train_fit,6,181,300,False,1.19,0.6363757848739624,2.4,1.21,False,
stratified,train_fit,7,0,60,True,0.6,1.2660473585128784,2.4,1.7999999999999998,False,20
stratified,train_fit,7,60,300,False,2.4,1.7238808870315552,2.4,0.0,False,
stratified,train_fit,8,0,123,True,1.23,1.0168330669403076,2.4,1.17,False,123
stratified,train_fit,8,123,160,True,0.37,0.8357431292533875,2.4,2.03,False,23
stratified,train_fit,8,160,300,False,1.4000000000000001,1.5697598457336426,2.4,0.9999999999999998,False,
stratified,train_fit,9,0,300,False,3.0,1.1353710889816284,2.4,-0.6000000000000001,True,
stratified,train_fit,10,0,22,True,0.22,1.921477198600769,2.4,2.1799999999999997,False,22
stratified,train_fit,10,22,161,True,1.3900000000000001,1.4177387952804565,2.4,1.0099999999999998,False,28
stratified,train_fit,10,161,194,True,0.33,0.24074646830558777,2.119755357503891,1.789755357503891,False,23
stratified,train_fit,10,194,206,True,0.12,0.3957919180393219,2.274800807237625,2.154800807237625,False,8
stratified,train_fit,10,206,300,False,0.9400000000000001,0.382742702960968,2.2617515921592712,1.3217515921592713,False,
stratified,train_fit,11,0,50,True,0.5,2.0033419132232666,2.4,1.9,False,50
stratified,train_fit,11,50,94,True,0.44,0.21486277878284454,2.0938716679811478,1.6538716679811478,False,9
stratified,train_fit,11,94,139,True,0.45,0.4905838668346405,2.3695927560329437,1.9195927560329438,False,19
stratified,train_fit,11,139,215,True,0.76,0.7525210380554199,2.4,1.64,False,56
stratified,train_fit,11,215,290,True,0.75,0.34494343400001526,2.2239523231983185,1.4739523231983185,False,44
stratified,train_fit,11,290,300,False,0.1,0.6386404037475586,2.4,2.3,False,
stratified,train_fit,12,0,53,True,0.53,1.7372186183929443,2.4,1.8699999999999999,False,9
stratified,train_fit,12,53,77,True,0.24,0.14615623652935028,2.0251651257276535,1.7851651257276535,False,13
stratified,train_fit,12,77,117,True,0.4,0.9395766854286194,2.4,2.0,False,12
stratified,train_fit,12,117,179,True,0.62,0.7144294381141663,2.4,1.7799999999999998,False,14
stratified,train_fit,12,179,300,False,1.21,0.6098958253860474,2.4,1.19,False,
stratified,train_fit,13,0,11,True,0.11,0.7643346190452576,2.4,2.29,False,11
stratified,train_fit,13,11,70,True,0.59,1.134691834449768,2.4,1.81,False,20
stratified,train_fit,13,70,131,True,0.61,1.0458797216415405,2.4,1.79,False,14
stratified,train_fit,13,131,299,True,1.68,1.6031579971313477,2.4,0.72,False,11
stratified,train_fit,13,299,300,False,0.01,0.4944297969341278,2.373438686132431,2.3634386861324312,False,
stratified,train_fit,14,0,44,True,0.44,0.9819048047065735,2.4,1.96,False,43
stratified,train_fit,14,44,300,False,2.56,1.7109185457229614,2.4,-0.16000000000000014,True,
stratified,train_fit,15,0,39,True,0.39,1.4776725769042969,2.4,2.01,False,24
stratified,train_fit,15,39,86,True,0.47000000000000003,0.655186653137207,2.4,1.93,False,22
stratified,train_fit,15,86,214,True,1.28,1.3314235210418701,2.4,1.1199999999999999,False,66
stratified,train_fit,15,214,295,True,0.81,0.49357569217681885,2.372584581375122,1.562584581375122,False,26
stratified,train_fit,15,295,300,False,0.05,0.26480942964553833,2.1438183188438416,2.0938183188438417,False,
stratified,train_fit,16,0,2,True,0.02,0.4224735498428345,2.3014824390411377,2.2814824390411377,False,2
stratified,train_fit,16,2,101,True,0.99,1.321918249130249,2.4,1.41,False,68
stratified,train_fit,16,101,300,False,1.99,1.5560067892074585,2.4,0.4099999999999999,False,
stratified,train_fit,17,0,300,False,3.0,2.168809175491333,2.4,-0.6000000000000001,True,
stratified,train_fit,18,0,25,True,0.25,0.6475726366043091,2.4,2.15,False,25
stratified,train_fit,18,25,51,True,0.26,1.0288017988204956,2.4,2.1399999999999997,False,11
stratified,train_fit,18,51,300,False,2.49,1.5703544616699219,2.4,-0.0900000000000003,True,
stratified,train_fit,19,0,64,True,0.64,2.2758827209472656,2.4,1.7599999999999998,False,34
stratified,train_fit,19,64,300,False,2.36,1.3929647207260132,2.4,0.040000000000000036,False,
stratified,train_fit,20,0,151,True,1.51,2.3538007736206055,2.4,0.8899999999999999,False,14
stratified,train_fit,20,151,207,True,0.56,0.8282193541526794,2.4,1.8399999999999999,False,29
stratified,train_fit,20,207,300,False,0.93,0.4546107053756714,2.3336195945739746,1.4036195945739744,False,
stratified,train_fit,21,0,80,True,0.8,1.855687141418457,2.4,1.5999999999999999,False,68
stratified,train_fit,21,80,110,True,0.3,0.3791773021221161,2.2581861913204193,1.9581861913204193,False,18
stratified,train_fit,21,110,135,True,0.25,0.35232505202293396,2.231333941221237,1.9813339412212372,False,16
stratified,train_fit,21,135,169,True,0.34,0.40286073088645935,2.2818696200847626,1.9418696200847625,False,11
stratified,train_fit,21,169,204,True,0.35000000000000003,0.4891456365585327,2.368154525756836,2.018154525756836,False,15
stratified,train_fit,21,204,263,True,0.59,1.1293978691101074,2.4,1.81,False,54
stratified,train_fit,21,263,277,True,0.14,0.24320088326931,2.122209772467613,1.982209772467613,False,7
stratified,train_fit,21,277,300,False,0.23,0.4784884452819824,2.3574973344802856,2.1274973344802857,False,
stratified,train_fit,22,0,146,True,1.46,1.5638285875320435,2.4,0.94,False,24
stratified,train_fit,22,146,219,True,0.73,0.6416450142860413,2.4,1.67,False,45
stratified,train_fit,22,219,260,True,0.41000000000000003,0.35832399129867554,2.2373328804969788,1.8273328804969786,False,18
stratified,train_fit,22,260,299,True,0.39,0.5130675435066223,2.3920764327049255,2.0020764327049254,False,9
stratified,train_fit,22,299,300,False,0.01,0.8345525860786438,2.4,2.39,False,
stratified,train_fit,23,0,25,True,0.25,0.5496804118156433,2.4,2.15,False,25
stratified,train_fit,23,25,83,True,0.58,0.42899540066719055,2.3080042898654938,1.7280042898654937,False,47
stratified,train_fit,23,83,197,True,1.1400000000000001,1.2036980390548706,2.4,1.2599999999999998,False,97
stratified,train_fit,23,197,239,True,0.42,0.6400901675224304,2.4,1.98,False,7
stratified,train_fit,23,239,285,True,0.46,0.6141721606254578,2.4,1.94,False,36
stratified,train_fit,23,285,300,False,0.15,0.7847812175750732,2.4,2.25,False,
stratified,train_fit,24,0,300,False,3.0,1.1209911108016968,2.4,-0.6000000000000001,True,
stratified,train_fit,25,0,28,True,0.28,0.3867231607437134,2.2657320499420166,1.9857320499420166,False,25
stratified,train_fit,25,28,204,True,1.76,1.8858495950698853,2.4,0.6399999999999999,False,164
stratified,train_fit,25,204,300,False,0.96,1.0200810432434082,2.4,1.44,False,
stratified,train_fit,26,0,24,True,0.24,1.8136736154556274,2.4,2.16,False,24
stratified,train_fit,26,24,86,True,0.62,0.8050398826599121,2.4,1.7799999999999998,False,56
stratified,train_fit,26,86,111,True,0.25,0.4095689654350281,2.2885778546333313,2.0385778546333313,False,20
stratified,train_fit,26,111,300,False,1.8900000000000001,1.4886705875396729,2.4,0.5099999999999998,False,
stratified,train_fit,27,0,31,True,0.31,0.5941340923309326,2.4,2.09,False,31
stratified,train_fit,27,31,190,True,1.59,1.6713097095489502,2.4,0.8099999999999998,False,124
stratified,train_fit,27,190,300,False,1.1,0.26924067735671997,2.148249566555023,1.048249566555023,False,
stratified,train_fit,28,0,284,True,2.84,2.390367269515991,2.4,-0.43999999999999995,True,269
stratified,train_fit,28,284,300,False,0.16,0.3074120581150055,2.1864209473133087,2.0264209473133086,False,
stratified,train_fit,29,0,163,True,1.6300000000000001,2.2508530616760254,2.4,0.7699999999999998,False,162
stratified,train_fit,29,163,300,False,1.37,0.5206031203269958,2.399612009525299,1.029612009525299,False,
stratified,train_fit,30,0,15,True,0.15,0.848015546798706,2.4,2.25,False,15
stratified,train_fit,30,15,260,True,2.45,2.251678228378296,2.4,-0.050000000000000266,True,239
stratified,train_fit,30,260,300,False,0.4,0.4498257040977478,2.328834593296051,1.9288345932960511,False,
stratified,train_fit,31,0,274,True,2.74,2.3940443992614746,2.4,-0.3400000000000003,True,274
stratified,train_fit,31,274,300,False,0.26,0.1368868499994278,2.015895739197731,1.755895739197731,False,
stratified,train_fit,32,0,56,True,0.56,1.3839197158813477,2.4,1.8399999999999999,False,42
stratified,train_fit,32,56,137,True,0.81,0.5805266499519348,2.4,1.5899999999999999,False,56
stratified,train_fit,32,137,200,True,0.63,0.6558611989021301,2.4,1.77,False,47
stratified,train_fit,32,200,230,True,0.3,0.5198083519935608,2.398817241191864,2.098817241191864,False,13
stratified,train_fit,32,230,279,True,0.49,0.526415228843689,2.4,1.91,False,26
stratified,train_fit,32,279,300,False,0.21,0.8740577101707458,2.4,2.19,False,
stratified,train_fit,33,0,61,True,0.61,1.3693817853927612,2.4,1.79,False,58
stratified,train_fit,33,61,300,False,2.39,1.178791880607605,2.4,0.009999999999999787,False,
stratified,train_fit,34,0,10,True,0.1,1.0377051830291748,2.4,2.3,False,8
stratified,train_fit,34,10,300,False,2.9,1.1253834962844849,2.4,-0.5,True,
stratified,train_fit,35,0,300,False,3.0,1.7817250490188599,2.4,-0.6000000000000001,True,
stratified,train_fit,36,0,32,True,0.32,1.8818767070770264,2.4,2.08,False,31
stratified,train_fit,36,32,119,True,0.87,1.2667040824890137,2.4,1.5299999999999998,False,13
stratified,train_fit,36,119,230,True,1.11,0.9002552628517151,2.4,1.2899999999999998,False,20
stratified,train_fit,36,230,300,False,0.7000000000000001,1.2379645109176636,2.4,1.6999999999999997,False,
stratified,train_fit,37,0,80,True,0.8,1.3388671875,2.4,1.5999999999999999,False,70
stratified,train_fit,37,80,164,True,0.84,0.7344777584075928,2.4,1.56,False,38
stratified,train_fit,37,164,300,False,1.36,0.6405532956123352,2.4,1.0399999999999998,False,
stratified,train_fit,38,0,58,True,0.58,2.2320914268493652,2.4,1.8199999999999998,False,44
stratified,train_fit,38,58,120,True,0.62,0.6609663963317871,2.4,1.7799999999999998,False,52
stratified,train_fit,38,120,193,True,0.73,0.8486656546592712,2.4,1.67,False,41
stratified,train_fit,38,193,234,True,0.41000000000000003,0.7704250812530518,2.4,1.9899999999999998,False,37
stratified,train_fit,38,234,260,True,0.26,0.4393824636936188,2.318391352891922,2.058391352891922,False,14
stratified,train_fit,38,260,300,False,0.4,1.182336449623108,2.4,2.0,False,
stratified,train_fit,39,0,217,True,2.17,2.3477046489715576,2.4,0.22999999999999998,False,216
stratified,train_fit,39,217,300,False,0.8300000000000001,0.5268006324768066,2.4,1.5699999999999998,False,
stratified,train_fit,40,0,61,True,0.61,1.4969605207443237,2.4,1.79,False,43
stratified,train_fit,40,61,300,False,2.39,1.6856023073196411,2.4,0.009999999999999787,False,
stratified,train_fit,41,0,92,True,0.92,1.408347725868225,2.4,1.48,False,77
stratified,train_fit,41,92,300,False,2.08,0.9089105725288391,2.4,0.31999999999999984,False,
stratified,train_fit,42,0,109,True,1.09,1.8096723556518555,2.4,1.3099999999999998,False,109
stratified,train_fit,42,109,300,True,1.9100000000000001,1.3843508958816528,2.4,0.48999999999999977,False,62
stratified,train_fit,43,0,119,True,1.19,1.5529483556747437,2.4,1.21,False,114
stratified,train_fit,43,119,300,False,1.81,1.0326892137527466,2.4,0.5899999999999999,False,
stratified,train_fit,44,0,136,True,1.36,1.6364551782608032,2.4,1.0399999999999998,False,18
stratified,train_fit,44,136,171,True,0.35000000000000003,0.6421722173690796,2.4,2.05,False,21
stratified,train_fit,44,171,300,False,1.29,1.4063842296600342,2.4,1.1099999999999999,False,
stratified,train_fit,45,0,19,True,0.19,1.1826071739196777,2.4,2.21,False,19
stratified,train_fit,45,19,74,True,0.55,0.7471694946289062,2.4,1.8499999999999999,False,27
stratified,train_fit,45,74,134,True,0.6,0.4624486267566681,2.3414575159549713,1.7414575159549712,False,53
stratified,train_fit,45,134,288,True,1.54,1.4577460289001465,2.4,0.8599999999999999,False,75
stratified,train_fit,45,288,300,False,0.12,0.19143085181713104,2.0704397410154343,1.9504397410154342,False,
stratified,train_fit,46,0,258,True,2.58,2.3699634075164795,2.4,-0.18000000000000016,True,91
stratified,train_fit,46,258,300,False,0.42,0.8948302865028381,2.4,1.98,False,
stratified,train_fit,47,0,29,True,0.29,1.2437974214553833,2.4,2.11,False,29
stratified,train_fit,47,29,300,False,2.71,1.5948058366775513,2.4,-0.31000000000000005,True,
stratified,train_fit,48,0,44,True,0.44,1.119847297668457,2.4,1.96,False,42
stratified,train_fit,48,44,76,True,0.32,0.2641961872577667,2.14320507645607,1.8232050764560699,False,12
stratified,train_fit,48,76,121,True,0.45,0.521808922290802,2.4,1.95,False,21
stratified,train_fit,48,121,174,True,0.53,0.22506269812583923,2.1040715873241425,1.5740715873241424,False,10
stratified,train_fit,48,174,204,True,0.3,0.3598513901233673,2.2388602793216705,1.9388602793216705,False,7
stratified,train_fit,48,204,257,True,0.53,0.7989058494567871,2.4,1.8699999999999999,False,13
stratified,train_fit,48,257,300,False,0.43,0.2807518243789673,2.1597607135772705,1.7297607135772706,False,
stratified,train_fit,49,0,161,True,1.61,1.5410596132278442,2.4,0.7899999999999998,False,94
stratified,train_fit,49,161,183,True,0.22,0.20257210731506348,2.0815809965133667,1.8615809965133667,False,15
stratified,train_fit,49,183,199,True,0.16,0.7319982647895813,2.4,2.2399999999999998,False,8
stratified,train_fit,49,199,246,True,0.47000000000000003,0.3081575036048889,2.187166392803192,1.7171663928031922,False,16
stratified,train_fit,49,246,300,False,0.54,0.9809261560440063,2.4,1.8599999999999999,False,
stratified,train_fit,50,0,63,True,0.63,0.5804464817047119,2.4,1.77,False,50
stratified,train_fit,50,63,126,True,0.63,0.42931368947029114,2.3083225786685944,1.6783225786685945,False,35
stratified,train_fit,50,126,162,True,0.36,0.4479556977748871,2.3269645869731903,1.9669645869731904,False,14
stratified,train_fit,50,162,300,False,1.3800000000000001,1.1752803325653076,2.4,1.0199999999999998,False,
stratified,train_fit,51,0,300,False,3.0,2.3140459060668945,2.4,-0.6000000000000001,True,
stratified,train_fit,52,0,54,True,0.54,2.024960994720459,2.4,1.8599999999999999,False,54
stratified,train_fit,52,54,83,True,0.29,0.7530881762504578,2.4,2.11,False,20
stratified,train_fit,52,83,201,True,1.18,1.0464540719985962,2.4,1.22,False,84
stratified,train_fit,52,201,228,True,0.27,0.5977224707603455,2.4,2.13,False,8
stratified,train_fit,52,228,283,True,0.55,0.5411500930786133,2.4,1.8499999999999999,False,11
stratified,train_fit,52,283,300,False,0.17,0.5767847299575806,2.4,2.23,False,
stratified,train_fit,53,0,300,False,3.0,2.188385009765625,2.4,-0.6000000000000001,True,
stratified,train_fit,54,0,42,True,0.42,1.8349801301956177,2.4,1.98,False,15
stratified,train_fit,54,42,167,True,1.25,0.5847456455230713,2.4,1.15,False,25
stratified,train_fit,54,167,251,True,0.84,0.9499338269233704,2.4,1.56,False,24
stratified,train_fit,54,251,300,False,0.49,0.32592710852622986,2.204935997724533,1.714935997724533,False,
stratified,train_fit,55,0,11,True,0.11,0.7346076965332031,2.4,2.29,False,9
stratified,train_fit,55,11,78,True,0.67,0.5392610430717468,2.4,1.73,False,17
stratified,train_fit,55,78,206,True,1.28,0.7926840782165527,2.4,1.1199999999999999,False,12
stratified,train_fit,55,206,300,False,0.9400000000000001,0.6426584720611572,2.4,1.46,False,
stratified,train_fit,56,0,73,True,0.73,0.6387609243392944,2.4,1.67,False,51
stratified,train_fit,56,73,300,False,2.27,1.736841082572937,2.4,0.1299999999999999,False,
stratified,train_fit,57,0,300,False,3.0,2.341796636581421,2.4,-0.6000000000000001,True,
stratified,train_fit,58,0,176,True,1.76,2.0537266731262207,2.4,0.6399999999999999,False,156
stratified,train_fit,58,176,300,False,1.24,1.0479357242584229,2.4,1.16,False,
stratified,train_fit,59,0,11,True,0.11,1.156345009803772,2.4,2.29,False,11
stratified,train_fit,59,11,300,False,2.89,1.6294522285461426,2.4,-0.4900000000000002,True,
stratified,train_fit,60,0,11,True,0.11,0.8290625214576721,2.4,2.29,False,10
stratified,train_fit,60,11,64,True,0.53,0.6605172157287598,2.4,1.8699999999999999,False,16
stratified,train_fit,60,64,110,True,0.46,0.5356336832046509,2.4,1.94,False,29
stratified,train_fit,60,110,260,True,1.5,1.178483486175537,2.4,0.8999999999999999,False,113
stratified,train_fit,60,260,300,False,0.4,0.7120280265808105,2.4,2.0,False,
stratified,train_fit,61,0,203,True,2.0300000000000002,2.194148540496826,2.4,0.36999999999999966,False,188
stratified,train_fit,61,203,229,True,0.26,0.15926194190979004,2.0382708311080933,1.7782708311080933,False,12
stratified,train_fit,61,229,256,True,0.27,0.6852936148643494,2.4,2.13,False,12
stratified,train_fit,61,256,300,False,0.44,0.3493097722530365,2.2283186614513397,1.7883186614513398,False,
stratified,train_fit,62,0,121,True,1.21,1.8969794511795044,2.4,1.19,False,111
stratified,train_fit,62,121,300,False,1.79,0.854372501373291,2.4,0.6099999999999999,False,
stratified,train_fit,63,0,69,True,0.6900000000000001,2.196131706237793,2.4,1.71,False,68
stratified,train_fit,63,69,155,True,0.86,1.4495694637298584,2.4,1.54,False,73
stratified,train_fit,63,155,254,True,0.99,0.7389015555381775,2.4,1.41,False,83
stratified,train_fit,63,254,300,False,0.46,1.0514477491378784,2.4,1.94,False,
stratified,train_fit,64,0,104,True,1.04,0.7477735280990601,2.4,1.3599999999999999,False,79
stratified,train_fit,64,104,185,True,0.81,0.9997933506965637,2.4,1.5899999999999999,False,66
stratified,train_fit,64,185,239,True,0.54,0.8562532067298889,2.4,1.8599999999999999,False,46
stratified,train_fit,64,239,300,False,0.61,0.5532276034355164,2.4,1.79,False,
stratified,train_fit,65,0,23,True,0.23,1.3029733896255493,2.4,2.17,False,17
stratified,train_fit,65,23,129,True,1.06,1.0213488340377808,2.4,1.3399999999999999,False,16
stratified,train_fit,65,129,169,True,0.4,0.5350925922393799,2.4,2.0,False,24
stratified,train_fit,65,169,300,False,1.31,1.6640444993972778,2.4,1.0899999999999999,False,
stratified,train_fit,66,0,19,True,0.19,0.3566300868988037,2.235638976097107,2.045638976097107,False,19
stratified,train_fit,66,19,84,True,0.65,0.7726187109947205,2.4,1.75,False,51
stratified,train_fit,66,84,213,True,1.29,1.393552303314209,2.4,1.1099999999999999,False,121
stratified,train_fit,66,213,300,False,0.87,0.42166534066200256,2.300674229860306,1.4306742298603057,False,
stratified,train_fit,67,0,47,True,0.47000000000000003,2.242342472076416,2.4,1.93,False,46
stratified,train_fit,67,47,256,True,2.09,1.8381532430648804,2.4,0.31000000000000005,False,24
stratified,train_fit,67,256,300,False,0.44,1.0630630254745483,2.4,1.96,False,
stratified,train_fit,68,0,129,True,1.29,1.4142730236053467,2.4,1.1099999999999999,False,129
stratified,train_fit,68,129,238,True,1.09,1.0550720691680908,2.4,1.3099999999999998,False,76
stratified,train_fit,68,238,300,False,0.62,0.6946084499359131,2.4,1.7799999999999998,False,
stratified,train_fit,69,0,107,True,1.07,1.9075292348861694,2.4,1.3299999999999998,False,87
stratified,train_fit,69,107,135,True,0.28,0.5081915855407715,2.3872004747390747,2.1072004747390745,False,10
stratified,train_fit,69,135,291,True,1.56,1.4641804695129395,2.4,0.8399999999999999,False,110
stratified,train_fit,69,291,300,False,0.09,0.6961431503295898,2.4,2.31,False,
stratified,train_fit,70,0,78,True,0.78,2.070589303970337,2.4,1.6199999999999999,False,55
stratified,train_fit,70,78,300,False,2.22,1.8895312547683716,2.4,0.17999999999999972,False,
stratified,train_fit,71,0,143,True,1.43,1.1756194829940796,2.4,0.97,False,75
stratified,train_fit,71,143,170,True,0.27,0.8465592861175537,2.4,2.13,False,18
stratified,train_fit,71,170,300,False,1.3,0.6419655680656433,2.4,1.0999999999999999,False,
stratified,train_fit,72,0,46,True,0.46,2.385057210922241,2.4,1.94,False,30
stratified,train_fit,72,46,67,True,0.21,0.5330144762992859,2.4,2.19,False,14
stratified,train_fit,72,67,128,True,0.61,0.39711493253707886,2.276123821735382,1.6661238217353822,False,18
stratified,train_fit,72,128,201,True,0.73,0.8188704252243042,2.4,1.67,False,65
stratified,train_fit,72,201,297,True,0.96,1.0544027090072632,2.4,1.44,False,91
stratified,train_fit,72,297,300,False,0.03,0.617299497127533,2.4,2.37,False,
stratified,train_fit,73,0,197,True,1.97,2.2212536334991455,2.4,0.42999999999999994,False,73
stratified,train_fit,73,197,300,False,1.03,0.9223420023918152,2.4,1.3699999999999999,False,
stratified,train_fit,74,0,45,True,0.45,0.8825416564941406,2.4,1.95,False,45
stratified,train_fit,74,45,106,True,0.61,1.0353224277496338,2.4,1.79,False,29
stratified,train_fit,74,106,185,True,0.79,0.9282278418540955,2.4,1.6099999999999999,False,55
stratified,train_fit,74,185,296,True,1.11,0.7345132827758789,2.4,1.2899999999999998,False,103
stratified,train_fit,74,296,300,False,0.04,0.9046904444694519,2.4,2.36,False,
stratified,train_fit,75,0,67,True,0.67,1.79756760597229,2.4,1.73,False,65
stratified,train_fit,75,67,263,True,1.96,1.6614277362823486,2.4,0.43999999999999995,False,93
stratified,train_fit,75,263,300,False,0.37,0.44997432827949524,2.3289832174777985,1.9589832174777984,False,
stratified,train_fit,76,0,11,True,0.11,1.120632529258728,2.4,2.29,False,9
stratified,train_fit,76,11,46,True,0.35000000000000003,0.7627063989639282,2.4,2.05,False,23
stratified,train_fit,76,46,173,True,1.27,1.2054568529129028,2.4,1.13,False,88
stratified,train_fit,76,173,300,False,1.27,1.0190095901489258,2.4,1.13,False,
stratified,train_fit,77,0,11,True,0.11,1.4719812870025635,2.4,2.29,False,9
stratified,train_fit,77,11,300,False,2.89,2.0914602279663086,2.4,-0.4900000000000002,True,
stratified,train_fit,78,0,163,True,1.6300000000000001,1.9079889059066772,2.4,0.7699999999999998,False,159
stratified,train_fit,78,163,300,False,1.37,0.6828383803367615,2.4,1.0299999999999998,False,
stratified,train_fit,79,0,50,True,0.5,1.88555908203125,2.4,1.9,False,49
stratified,train_fit,79,50,79,True,0.29,0.80766761302948,2.4,2.11,False,8
stratified,train_fit,79,79,300,False,2.21,2.006021022796631,2.4,0.18999999999999995,False,
stratified,internal_validation,0,0,14,True,0.14,2.157918691635132,2.4,2.26,False,14
stratified,internal_validation,0,14,62,True,0.48,1.521574854850769,2.4,1.92,False,8
stratified,internal_validation,0,62,300,False,2.38,0.7736530900001526,2.4,0.020000000000000018,False,
stratified,internal_validation,1,0,2,True,0.02,2.220752716064453,2.4,2.38,False,2
stratified,internal_validation,1,2,60,True,0.58,0.842288613319397,2.4,1.8199999999999998,False,49
stratified,internal_validation,1,60,300,False,2.4,1.4640976190567017,2.4,0.0,False,
stratified,internal_validation,2,0,92,True,0.92,2.1682190895080566,2.4,1.48,False,92
stratified,internal_validation,2,92,248,True,1.56,0.41692855954170227,2.2959374487400055,0.7359374487400054,False,144
stratified,internal_validation,2,248,300,False,0.52,0.48359501361846924,2.3626039028167725,1.8426039028167724,False,
stratified,internal_validation,3,0,47,True,0.47000000000000003,1.9180389642715454,2.4,1.93,False,47
stratified,internal_validation,3,47,300,False,2.5300000000000002,1.7713268995285034,2.4,-0.13000000000000034,True,
stratified,internal_validation,4,0,66,True,0.66,1.8146164417266846,2.4,1.7399999999999998,False,13
stratified,internal_validation,4,66,243,True,1.77,1.2397499084472656,2.4,0.6299999999999999,False,132
stratified,internal_validation,4,243,300,False,0.5700000000000001,2.0303218364715576,2.4,1.8299999999999998,False,
stratified,internal_validation,5,0,48,True,0.48,1.7255167961120605,2.4,1.92,False,11
stratified,internal_validation,5,48,174,True,1.26,1.2911200523376465,2.4,1.14,False,111
stratified,internal_validation,5,174,217,True,0.43,0.37074363231658936,2.2497525215148926,1.8197525215148926,False,33
stratified,internal_validation,5,217,300,False,0.8300000000000001,0.3348942697048187,2.213903158903122,1.3839031589031219,False,
stratified,internal_validation,6,0,20,True,0.2,2.0653042793273926,2.4,2.1999999999999997,False,9
stratified,internal_validation,6,20,73,True,0.53,1.3773378133773804,2.4,1.8699999999999999,False,43
stratified,internal_validation,6,73,127,True,0.54,1.1931190490722656,2.4,1.8599999999999999,False,33
stratified,internal_validation,6,127,276,True,1.49,1.2433068752288818,2.4,0.9099999999999999,False,74
stratified,internal_validation,6,276,300,False,0.24,0.7971963882446289,2.4,2.16,False,
stratified,internal_validation,7,0,215,True,2.15,2.3794143199920654,2.4,0.25,False,206
stratified,internal_validation,7,215,300,False,0.85,1.0339595079421997,2.4,1.5499999999999998,False,
stratified,internal_validation,8,0,93,True,0.93,2.0932600498199463,2.4,1.4699999999999998,False,93
stratified,internal_validation,8,93,244,True,1.51,1.6873443126678467,2.4,0.8899999999999999,False,71
stratified,internal_validation,8,244,300,False,0.56,0.9859851002693176,2.4,1.8399999999999999,False,
stratified,internal_validation,9,0,11,True,0.11,2.0599844455718994,2.4,2.29,False,11
stratified,internal_validation,9,11,300,False,2.89,2.1008894443511963,2.4,-0.4900000000000002,True,
stratified,internal_validation,10,0,175,True,1.75,0.5950284600257874,2.4,0.6499999999999999,False,64
stratified,internal_validation,10,175,300,False,1.25,0.44292184710502625,2.3219307363033295,1.0719307363033295,False,
stratified,internal_validation,11,0,28,True,0.28,0.9677172899246216,2.4,2.12,False,28
stratified,internal_validation,11,28,75,True,0.47000000000000003,0.415854811668396,2.294863700866699,1.8248637008666992,False,31
stratified,internal_validation,11,75,300,False,2.25,0.48049935698509216,2.3595082461833954,0.10950824618339539,False,
stratified,internal_validation,12,0,300,False,3.0,0.513043999671936,2.3920528888702393,-0.6079471111297607,True,
stratified,internal_validation,13,0,10,True,0.1,1.2502312660217285,2.4,2.3,False,8
stratified,internal_validation,13,10,99,True,0.89,1.8743175268173218,2.4,1.5099999999999998,False,23
stratified,internal_validation,13,99,300,False,2.0100000000000002,0.27307575941085815,2.1520846486091614,0.14208464860916115,False,
stratified,internal_validation,14,0,15,True,0.15,0.28266048431396484,2.161669373512268,2.011669373512268,False,15
stratified,internal_validation,14,15,86,True,0.71,1.4409517049789429,2.4,1.69,False,63
stratified,internal_validation,14,86,179,True,0.93,0.8124746680259705,2.4,1.4699999999999998,False,82
stratified,internal_validation,14,179,300,False,1.21,0.9511858820915222,2.4,1.19,False,
stratified,internal_validation,15,0,257,True,2.57,2.1331658363342285,2.4,-0.16999999999999993,True,256
stratified,internal_validation,15,257,300,False,0.43,0.36711743474006653,2.2461263239383698,1.8161263239383698,False,
stratified,internal_validation,16,0,18,True,0.18,1.0606698989868164,2.4,2.2199999999999998,False,6
stratified,internal_validation,16,18,67,True,0.49,0.8324769735336304,2.4,1.91,False,45
stratified,internal_validation,16,67,81,True,0.14,0.69669508934021,2.4,2.26,False,9
stratified,internal_validation,16,81,144,True,0.63,0.9420855641365051,2.4,1.77,False,29
stratified,internal_validation,16,144,203,True,0.59,0.9459328055381775,2.4,1.81,False,15
stratified,internal_validation,16,203,257,True,0.54,1.5585473775863647,2.4,1.8599999999999999,False,14
stratified,internal_validation,16,257,299,True,0.42,0.7922902703285217,2.4,1.98,False,11
stratified,internal_validation,16,299,300,False,0.01,0.6342174410820007,2.4,2.39,False,
stratified,internal_validation,17,0,91,True,0.91,1.4482142925262451,2.4,1.4899999999999998,False,50
stratified,internal_validation,17,91,213,True,1.22,1.7242735624313354,2.4,1.18,False,71
stratified,internal_validation,17,213,259,True,0.46,0.9151753187179565,2.4,1.94,False,22
stratified,internal_validation,17,259,300,False,0.41000000000000003,0.4086461067199707,2.287654995918274,1.8776549959182738,False,
stratified,internal_validation,18,0,300,False,3.0,0.5608140230178833,2.4,-0.6000000000000001,True,
stratified,internal_validation,19,0,25,True,0.25,1.841448187828064,2.4,2.15,False,25
stratified,internal_validation,19,25,204,True,1.79,0.6763073205947876,2.4,0.6099999999999999,False,169
stratified,internal_validation,19,204,300,False,0.96,1.3138788938522339,2.4,1.44,False,
stratified_matched_constant,internal_validation,0,0,14,True,0.14,2.3685345024550366,2.3685345024550366,2.2285345024550365,False,14
stratified_matched_constant,internal_validation,0,14,62,True,0.48,2.3685345024550366,2.3685345024550366,1.8885345024550366,False,8
stratified_matched_constant,internal_validation,0,62,300,False,2.38,2.3685345024550366,2.3685345024550366,-0.011465497544963288,False,
stratified_matched_constant,internal_validation,1,0,2,True,0.02,2.3685345024550366,2.3685345024550366,2.3485345024550366,False,2
stratified_matched_constant,internal_validation,1,2,60,True,0.58,2.3685345024550366,2.3685345024550366,1.7885345024550365,False,49
stratified_matched_constant,internal_validation,1,60,300,False,2.4,2.3685345024550366,2.3685345024550366,-0.031465497544963306,False,
stratified_matched_constant,internal_validation,2,0,92,True,0.92,2.3685345024550366,2.3685345024550366,1.4485345024550367,False,92
stratified_matched_constant,internal_validation,2,92,248,True,1.56,2.3685345024550366,2.3685345024550366,0.8085345024550366,False,144
stratified_matched_constant,internal_validation,2,248,300,False,0.52,2.3685345024550366,2.3685345024550366,1.8485345024550366,False,
stratified_matched_constant,internal_validation,3,0,47,True,0.47000000000000003,2.3685345024550366,2.3685345024550366,1.8985345024550366,False,47
stratified_matched_constant,internal_validation,3,47,300,False,2.5300000000000002,2.3685345024550366,2.3685345024550366,-0.16146549754496364,True,
stratified_matched_constant,internal_validation,4,0,66,True,0.66,2.3685345024550366,2.3685345024550366,1.7085345024550365,False,13
stratified_matched_constant,internal_validation,4,66,243,True,1.77,2.3685345024550366,2.3685345024550366,0.5985345024550366,False,132
stratified_matched_constant,internal_validation,4,243,300,False,0.5700000000000001,2.3685345024550366,2.3685345024550366,1.7985345024550365,False,
stratified_matched_constant,internal_validation,5,0,48,True,0.48,2.3685345024550366,2.3685345024550366,1.8885345024550366,False,11
stratified_matched_constant,internal_validation,5,48,174,True,1.26,2.3685345024550366,2.3685345024550366,1.1085345024550366,False,111
stratified_matched_constant,internal_validation,5,174,217,True,0.43,2.3685345024550366,2.3685345024550366,1.9385345024550367,False,33
stratified_matched_constant,internal_validation,5,217,300,False,0.8300000000000001,2.3685345024550366,2.3685345024550366,1.5385345024550365,False,
stratified_matched_constant,internal_validation,6,0,20,True,0.2,2.3685345024550366,2.3685345024550366,2.1685345024550364,False,9
stratified_matched_constant,internal_validation,6,20,73,True,0.53,2.3685345024550366,2.3685345024550366,1.8385345024550366,False,43
stratified_matched_constant,internal_validation,6,73,127,True,0.54,2.3685345024550366,2.3685345024550366,1.8285345024550366,False,33
stratified_matched_constant,internal_validation,6,127,276,True,1.49,2.3685345024550366,2.3685345024550366,0.8785345024550366,False,74
stratified_matched_constant,internal_validation,6,276,300,False,0.24,2.3685345024550366,2.3685345024550366,2.128534502455037,False,
stratified_matched_constant,internal_validation,7,0,215,True,2.15,2.3685345024550366,2.3685345024550366,0.2185345024550367,False,206
stratified_matched_constant,internal_validation,7,215,300,False,0.85,2.3685345024550366,2.3685345024550366,1.5185345024550365,False,
stratified_matched_constant,internal_validation,8,0,93,True,0.93,2.3685345024550366,2.3685345024550366,1.4385345024550364,False,93
stratified_matched_constant,internal_validation,8,93,244,True,1.51,2.3685345024550366,2.3685345024550366,0.8585345024550366,False,71
stratified_matched_constant,internal_validation,8,244,300,False,0.56,2.3685345024550366,2.3685345024550366,1.8085345024550366,False,
stratified_matched_constant,internal_validation,9,0,11,True,0.11,2.3685345024550366,2.3685345024550366,2.2585345024550367,False,11
stratified_matched_constant,internal_validation,9,11,300,False,2.89,2.3685345024550366,2.3685345024550366,-0.5214654975449635,True,
stratified_matched_constant,internal_validation,10,0,175,True,1.75,2.3685345024550366,2.3685345024550366,0.6185345024550366,False,64
stratified_matched_constant,internal_validation,10,175,300,False,1.25,2.3685345024550366,2.3685345024550366,1.1185345024550366,False,
stratified_matched_constant,internal_validation,11,0,28,True,0.28,2.3685345024550366,2.3685345024550366,2.088534502455037,False,28
stratified_matched_constant,internal_validation,11,28,75,True,0.47000000000000003,2.3685345024550366,2.3685345024550366,1.8985345024550366,False,31
stratified_matched_constant,internal_validation,11,75,300,False,2.25,2.3685345024550366,2.3685345024550366,0.1185345024550366,False,
stratified_matched_constant,internal_validation,12,0,300,False,3.0,2.3685345024550366,2.3685345024550366,-0.6314654975449634,True,
stratified_matched_constant,internal_validation,13,0,10,True,0.1,2.3685345024550366,2.3685345024550366,2.2685345024550365,False,8
stratified_matched_constant,internal_validation,13,10,99,True,0.89,2.3685345024550366,2.3685345024550366,1.4785345024550365,False,23
stratified_matched_constant,internal_validation,13,99,300,False,2.0100000000000002,2.3685345024550366,2.3685345024550366,0.3585345024550364,False,
stratified_matched_constant,internal_validation,14,0,15,True,0.15,2.3685345024550366,2.3685345024550366,2.2185345024550367,False,15
stratified_matched_constant,internal_validation,14,15,86,True,0.71,2.3685345024550366,2.3685345024550366,1.6585345024550366,False,63
stratified_matched_constant,internal_validation,14,86,179,True,0.93,2.3685345024550366,2.3685345024550366,1.4385345024550364,False,82
stratified_matched_constant,internal_validation,14,179,300,False,1.21,2.3685345024550366,2.3685345024550366,1.1585345024550366,False,
stratified_matched_constant,internal_validation,15,0,257,True,2.57,2.3685345024550366,2.3685345024550366,-0.20146549754496323,True,256
stratified_matched_constant,internal_validation,15,257,300,False,0.43,2.3685345024550366,2.3685345024550366,1.9385345024550367,False,
stratified_matched_constant,internal_validation,16,0,18,True,0.18,2.3685345024550366,2.3685345024550366,2.1885345024550364,False,6
stratified_matched_constant,internal_validation,16,18,67,True,0.49,2.3685345024550366,2.3685345024550366,1.8785345024550366,False,45
stratified_matched_constant,internal_validation,16,67,81,True,0.14,2.3685345024550366,2.3685345024550366,2.2285345024550365,False,9
stratified_matched_constant,internal_validation,16,81,144,True,0.63,2.3685345024550366,2.3685345024550366,1.7385345024550367,False,29
stratified_matched_constant,internal_validation,16,144,203,True,0.59,2.3685345024550366,2.3685345024550366,1.7785345024550367,False,15
stratified_matched_constant,internal_validation,16,203,257,True,0.54,2.3685345024550366,2.3685345024550366,1.8285345024550366,False,14
stratified_matched_constant,internal_validation,16,257,299,True,0.42,2.3685345024550366,2.3685345024550366,1.9485345024550367,False,11
stratified_matched_constant,internal_validation,16,299,300,False,0.01,2.3685345024550366,2.3685345024550366,2.358534502455037,False,
stratified_matched_constant,internal_validation,17,0,91,True,0.91,2.3685345024550366,2.3685345024550366,1.4585345024550365,False,50
stratified_matched_constant,internal_validation,17,91,213,True,1.22,2.3685345024550366,2.3685345024550366,1.1485345024550366,False,71
stratified_matched_constant,internal_validation,17,213,259,True,0.46,2.3685345024550366,2.3685345024550366,1.9085345024550366,False,22
stratified_matched_constant,internal_validation,17,259,300,False,0.41000000000000003,2.3685345024550366,2.3685345024550366,1.9585345024550365,False,
stratified_matched_constant,internal_validation,18,0,300,False,3.0,2.3685345024550366,2.3685345024550366,-0.6314654975449634,True,
stratified_matched_constant,internal_validation,19,0,25,True,0.25,2.3685345024550366,2.3685345024550366,2.1185345024550366,False,25
stratified_matched_constant,internal_validation,19,25,204,True,1.79,2.3685345024550366,2.3685345024550366,0.5785345024550366,False,169
stratified_matched_constant,internal_validation,19,204,300,False,0.96,2.3685345024550366,2.3685345024550366,1.4085345024550366,False,
stratified_cap_constant,internal_validation,0,0,14,True,0.14,2.4,2.4,2.26,False,14
stratified_cap_constant,internal_validation,0,14,62,True,0.48,2.4,2.4,1.92,False,8
stratified_cap_constant,internal_validation,0,62,300,False,2.38,2.4,2.4,0.020000000000000018,False,
stratified_cap_constant,internal_validation,1,0,2,True,0.02,2.4,2.4,2.38,False,2
stratified_cap_constant,internal_validation,1,2,60,True,0.58,2.4,2.4,1.8199999999999998,False,49
stratified_cap_constant,internal_validation,1,60,300,False,2.4,2.4,2.4,0.0,False,
stratified_cap_constant,internal_validation,2,0,92,True,0.92,2.4,2.4,1.48,False,92
stratified_cap_constant,internal_validation,2,92,248,True,1.56,2.4,2.4,0.8399999999999999,False,144
stratified_cap_constant,internal_validation,2,248,300,False,0.52,2.4,2.4,1.88,False,
stratified_cap_constant,internal_validation,3,0,47,True,0.47000000000000003,2.4,2.4,1.93,False,47
stratified_cap_constant,internal_validation,3,47,300,False,2.5300000000000002,2.4,2.4,-0.13000000000000034,True,
stratified_cap_constant,internal_validation,4,0,66,True,0.66,2.4,2.4,1.7399999999999998,False,13
stratified_cap_constant,internal_validation,4,66,243,True,1.77,2.4,2.4,0.6299999999999999,False,132
stratified_cap_constant,internal_validation,4,243,300,False,0.5700000000000001,2.4,2.4,1.8299999999999998,False,
stratified_cap_constant,internal_validation,5,0,48,True,0.48,2.4,2.4,1.92,False,11
stratified_cap_constant,internal_validation,5,48,174,True,1.26,2.4,2.4,1.14,False,111
stratified_cap_constant,internal_validation,5,174,217,True,0.43,2.4,2.4,1.97,False,33
stratified_cap_constant,internal_validation,5,217,300,False,0.8300000000000001,2.4,2.4,1.5699999999999998,False,
stratified_cap_constant,internal_validation,6,0,20,True,0.2,2.4,2.4,2.1999999999999997,False,9
stratified_cap_constant,internal_validation,6,20,73,True,0.53,2.4,2.4,1.8699999999999999,False,43
stratified_cap_constant,internal_validation,6,73,127,True,0.54,2.4,2.4,1.8599999999999999,False,33
stratified_cap_constant,internal_validation,6,127,276,True,1.49,2.4,2.4,0.9099999999999999,False,74
stratified_cap_constant,internal_validation,6,276,300,False,0.24,2.4,2.4,2.16,False,
stratified_cap_constant,internal_validation,7,0,215,True,2.15,2.4,2.4,0.25,False,206
stratified_cap_constant,internal_validation,7,215,300,False,0.85,2.4,2.4,1.5499999999999998,False,
stratified_cap_constant,internal_validation,8,0,93,True,0.93,2.4,2.4,1.4699999999999998,False,93
stratified_cap_constant,internal_validation,8,93,244,True,1.51,2.4,2.4,0.8899999999999999,False,71
stratified_cap_constant,internal_validation,8,244,300,False,0.56,2.4,2.4,1.8399999999999999,False,
stratified_cap_constant,internal_validation,9,0,11,True,0.11,2.4,2.4,2.29,False,11
stratified_cap_constant,internal_validation,9,11,300,False,2.89,2.4,2.4,-0.4900000000000002,True,
stratified_cap_constant,internal_validation,10,0,175,True,1.75,2.4,2.4,0.6499999999999999,False,64
stratified_cap_constant,internal_validation,10,175,300,False,1.25,2.4,2.4,1.15,False,
stratified_cap_constant,internal_validation,11,0,28,True,0.28,2.4,2.4,2.12,False,28
stratified_cap_constant,internal_validation,11,28,75,True,0.47000000000000003,2.4,2.4,1.93,False,31
stratified_cap_constant,internal_validation,11,75,300,False,2.25,2.4,2.4,0.1499999999999999,False,
stratified_cap_constant,internal_validation,12,0,300,False,3.0,2.4,2.4,-0.6000000000000001,True,
stratified_cap_constant,internal_validation,13,0,10,True,0.1,2.4,2.4,2.3,False,8
stratified_cap_constant,internal_validation,13,10,99,True,0.89,2.4,2.4,1.5099999999999998,False,23
stratified_cap_constant,internal_validation,13,99,300,False,2.0100000000000002,2.4,2.4,0.3899999999999997,False,
stratified_cap_constant,internal_validation,14,0,15,True,0.15,2.4,2.4,2.25,False,15
stratified_cap_constant,internal_validation,14,15,86,True,0.71,2.4,2.4,1.69,False,63
stratified_cap_constant,internal_validation,14,86,179,True,0.93,2.4,2.4,1.4699999999999998,False,82
stratified_cap_constant,internal_validation,14,179,300,False,1.21,2.4,2.4,1.19,False,
stratified_cap_constant,internal_validation,15,0,257,True,2.57,2.4,2.4,-0.16999999999999993,True,256
stratified_cap_constant,internal_validation,15,257,300,False,0.43,2.4,2.4,1.97,False,
stratified_cap_constant,internal_validation,16,0,18,True,0.18,2.4,2.4,2.2199999999999998,False,6
stratified_cap_constant,internal_validation,16,18,67,True,0.49,2.4,2.4,1.91,False,45
stratified_cap_constant,internal_validation,16,67,81,True,0.14,2.4,2.4,2.26,False,9
stratified_cap_constant,internal_validation,16,81,144,True,0.63,2.4,2.4,1.77,False,29
stratified_cap_constant,internal_validation,16,144,203,True,0.59,2.4,2.4,1.81,False,15
stratified_cap_constant,internal_validation,16,203,257,True,0.54,2.4,2.4,1.8599999999999999,False,14
stratified_cap_constant,internal_validation,16,257,299,True,0.42,2.4,2.4,1.98,False,11
stratified_cap_constant,internal_validation,16,299,300,False,0.01,2.4,2.4,2.39,False,
stratified_cap_constant,internal_validation,17,0,91,True,0.91,2.4,2.4,1.4899999999999998,False,50
stratified_cap_constant,internal_validation,17,91,213,True,1.22,2.4,2.4,1.18,False,71
stratified_cap_constant,internal_validation,17,213,259,True,0.46,2.4,2.4,1.94,False,22
stratified_cap_constant,internal_validation,17,259,300,False,0.41000000000000003,2.4,2.4,1.9899999999999998,False,
stratified_cap_constant,internal_validation,18,0,300,False,3.0,2.4,2.4,-0.6000000000000001,True,
stratified_cap_constant,internal_validation,19,0,25,True,0.25,2.4,2.4,2.15,False,25
stratified_cap_constant,internal_validation,19,25,204,True,1.79,2.4,2.4,0.6099999999999999,False,169
stratified_cap_constant,internal_validation,19,204,300,False,0.96,2.4,2.4,1.44,False,
stratified_wide_penalty,train_fit,0,0,31,True,0.31,2.1425559520721436,2.4,2.09,False,31
stratified_wide_penalty,train_fit,0,31,262,True,2.31,2.045088768005371,2.4,0.08999999999999986,False,24
stratified_wide_penalty,train_fit,0,262,295,True,0.33,0.4241488575935364,1.9836778187751771,1.653677818775177,False,9
stratified_wide_penalty,train_fit,0,295,300,False,0.05,0.6237180233001709,2.1832469844818116,2.133246984481812,False,
stratified_wide_penalty,train_fit,1,0,12,True,0.12,1.130937099456787,2.4,2.28,False,11
stratified_wide_penalty,train_fit,1,12,187,True,1.75,2.0188865661621094,2.4,0.6499999999999999,False,14
stratified_wide_penalty,train_fit,1,187,300,False,1.1300000000000001,1.572114109992981,2.4,1.2699999999999998,False,
stratified_wide_penalty,train_fit,2,0,6,True,0.06,0.6218266487121582,2.181355609893799,2.121355609893799,False,6
stratified_wide_penalty,train_fit,2,6,300,False,2.94,1.8224842548370361,2.4,-0.54,True,
stratified_wide_penalty,train_fit,3,0,16,True,0.16,0.7813867330551147,2.3409156942367555,2.1809156942367554,False,15
stratified_wide_penalty,train_fit,3,16,300,False,2.84,1.920888066291809,2.4,-0.43999999999999995,True,
stratified_wide_penalty,train_fit,4,0,37,True,0.37,1.5458742380142212,2.4,2.03,False,6
stratified_wide_penalty,train_fit,4,37,74,True,0.37,0.3372587263584137,1.8967876875400544,1.5267876875400543,False,17
stratified_wide_penalty,train_fit,4,74,156,True,0.8200000000000001,0.41570979356765747,1.9752387547492982,1.1552387547492982,False,31
stratified_wide_penalty,train_fit,4,156,210,True,0.54,0.16985830664634705,1.7293872678279878,1.1893872678279878,False,39
stratified_wide_penalty,train_fit,4,210,300,False,0.9,0.5735370516777039,2.1330660128593446,1.2330660128593447,False,
stratified_wide_penalty,train_fit,5,0,7,True,0.07,1.4759612083435059,2.4,2.33,False,7
stratified_wide_penalty,train_fit,5,7,78,True,0.71,0.9545989632606506,2.4,1.69,False,50
stratified_wide_penalty,train_fit,5,78,161,True,0.8300000000000001,0.8585742712020874,2.4,1.5699999999999998,False,72
stratified_wide_penalty,train_fit,5,161,300,False,1.3900000000000001,0.8403077721595764,2.399836733341217,1.009836733341217,False,
stratified_wide_penalty,train_fit,6,0,17,True,0.17,1.666180968284607,2.4,2.23,False,16
stratified_wide_penalty,train_fit,6,17,90,True,0.73,1.1106923818588257,2.4,1.67,False,46
stratified_wide_penalty,train_fit,6,90,181,True,0.91,0.5566112399101257,2.1161402010917665,1.2061402010917663,False,82
stratified_wide_penalty,train_fit,6,181,300,False,1.19,0.7732110619544983,2.332740023136139,1.142740023136139,False,
stratified_wide_penalty,train_fit,7,0,60,True,0.6,1.1666642427444458,2.4,1.7999999999999998,False,20
stratified_wide_penalty,train_fit,7,60,300,False,2.4,1.8310552835464478,2.4,0.0,False,
stratified_wide_penalty,train_fit,8,0,123,True,1.23,1.8162318468093872,2.4,1.17,False,123
stratified_wide_penalty,train_fit,8,123,160,True,0.37,0.8415926098823547,2.4,2.03,False,23
stratified_wide_penalty,train_fit,8,160,300,False,1.4000000000000001,0.8841263651847839,2.4,0.9999999999999998,False,
stratified_wide_penalty,train_fit,9,0,300,False,3.0,2.02551531791687,2.4,-0.6000000000000001,True,
stratified_wide_penalty,train_fit,10,0,22,True,0.22,1.880036473274231,2.4,2.1799999999999997,False,22
stratified_wide_penalty,train_fit,10,22,161,True,1.3900000000000001,1.2707481384277344,2.4,1.0099999999999998,False,28
stratified_wide_penalty,train_fit,10,161,194,True,0.33,0.3387105464935303,1.898239507675171,1.568239507675171,False,23
stratified_wide_penalty,train_fit,10,194,206,True,0.12,0.4900575876235962,2.049586548805237,1.9295865488052368,False,8
stratified_wide_penalty,train_fit,10,206,300,False,0.9400000000000001,0.7124136090278625,2.2719425702095033,1.3319425702095034,False,
stratified_wide_penalty,train_fit,11,0,50,True,0.5,2.0932908058166504,2.4,1.9,False,50
stratified_wide_penalty,train_fit,11,50,94,True,0.44,0.38856300711631775,1.9480919682979585,1.5080919682979586,False,9
stratified_wide_penalty,train_fit,11,94,139,True,0.45,0.568484902381897,2.1280138635635377,1.6780138635635378,False,19
stratified_wide_penalty,train_fit,11,139,215,True,0.76,0.8411697745323181,2.4,1.64,False,56
stratified_wide_penalty,train_fit,11,215,290,True,0.75,0.7688503265380859,2.3283792877197267,1.5783792877197267,False,44
stratified_wide_penalty,train_fit,11,290,300,False,0.1,0.9602402448654175,2.4,2.3,False,
stratified_wide_penalty,train_fit,12,0,53,True,0.53,1.9028346538543701,2.4,1.8699999999999999,False,9
stratified_wide_penalty,train_fit,12,53,77,True,0.24,0.24056537449359894,1.8000943356752397,1.5600943356752397,False,13
stratified_wide_penalty,train_fit,12,77,117,True,0.4,0.26078280806541443,1.8203117692470552,1.4203117692470553,False,12
stratified_wide_penalty,train_fit,12,117,179,True,0.62,0.743543267250061,2.303072228431702,1.6830722284317017,False,14
stratified_wide_penalty,train_fit,12,179,300,False,1.21,0.5872231721878052,2.146752133369446,0.936752133369446,False,
stratified_wide_penalty,train_fit,13,0,11,True,0.11,1.1915453672409058,2.4,2.29,False,11
stratified_wide_penalty,train_fit,13,11,70,True,0.59,1.7684746980667114,2.4,1.81,False,20
stratified_wide_penalty,train_fit,13,70,131,True,0.61,0.5392958521842957,2.0988248133659364,1.4888248133659365,False,14
stratified_wide_penalty,train_fit,13,131,299,True,1.68,1.5174485445022583,2.4,0.72,False,11
stratified_wide_penalty,train_fit,13,299,300,False,0.01,0.4252409338951111,1.9847698950767518,1.9747698950767518,False,
stratified_wide_penalty,train_fit,14,0,44,True,0.44,0.6533623933792114,2.212891354560852,1.7728913545608522,False,43
stratified_wide_penalty,train_fit,14,44,300,False,2.56,1.926096796989441,2.4,-0.16000000000000014,True,
stratified_wide_penalty,train_fit,15,0,39,True,0.39,1.849932312965393,2.4,2.01,False,24
stratified_wide_penalty,train_fit,15,39,86,True,0.47000000000000003,0.5002220273017883,2.059750988483429,1.589750988483429,False,22
stratified_wide_penalty,train_fit,15,86,214,True,1.28,1.2124274969100952,2.4,1.1199999999999999,False,66
stratified_wide_penalty,train_fit,15,214,295,True,0.81,0.6703934669494629,2.2299224281311036,1.4199224281311036,False,26
stratified_wide_penalty,train_fit,15,295,300,False,0.05,0.6626741886138916,2.2222031497955324,2.1722031497955325,False,
stratified_wide_penalty,train_fit,16,0,2,True,0.02,0.7231470346450806,2.2826759958267213,2.2626759958267213,False,2
stratified_wide_penalty,train_fit,16,2,101,True,0.99,1.0803216695785522,2.4,1.41,False,68
stratified_wide_penalty,train_fit,16,101,300,False,1.99,0.9936541318893433,2.4,0.4099999999999999,False,
stratified_wide_penalty,train_fit,17,0,300,False,3.0,2.0867414474487305,2.4,-0.6000000000000001,True,
stratified_wide_penalty,train_fit,18,0,25,True,0.25,1.548627257347107,2.4,2.15,False,25
stratified_wide_penalty,train_fit,18,25,51,True,0.26,1.4231375455856323,2.4,2.1399999999999997,False,11
stratified_wide_penalty,train_fit,18,51,300,False,2.49,2.0968174934387207,2.4,-0.0900000000000003,True,
stratified_wide_penalty,train_fit,19,0,64,True,0.64,2.3808228969573975,2.4,1.7599999999999998,False,34
stratified_wide_penalty,train_fit,19,64,300,False,2.36,1.8212372064590454,2.4,0.040000000000000036,False,
stratified_wide_penalty,train_fit,20,0,151,True,1.51,2.355396032333374,2.4,0.8899999999999999,False,14
stratified_wide_penalty,train_fit,20,151,207,True,0.56,0.6415982842445374,2.201127245426178,1.641127245426178,False,29
stratified_wide_penalty,train_fit,20,207,300,False,0.93,0.29164016246795654,1.8511691236495973,0.9211691236495972,False,
stratified_wide_penalty,train_fit,21,0,80,True,0.8,2.2276833057403564,2.4,1.5999999999999999,False,68
stratified_wide_penalty,train_fit,21,80,110,True,0.3,0.4314813017845154,1.9910102629661561,1.691010262966156,False,18
stratified_wide_penalty,train_fit,21,110,135,True,0.25,0.23433935642242432,1.793868317604065,1.543868317604065,False,16
stratified_wide_penalty,train_fit,21,135,169,True,0.34,0.15722131729125977,1.7167502784729005,1.3767502784729004,False,11
stratified_wide_penalty,train_fit,21,169,204,True,0.35000000000000003,0.31187814474105835,1.871407105922699,1.521407105922699,False,15
stratified_wide_penalty,train_fit,21,204,263,True,0.59,0.6750186085700989,2.2345475697517396,1.6445475697517398,False,54
stratified_wide_penalty,train_fit,21,263,277,True,0.14,0.36991339921951294,1.9294423604011537,1.7894423604011536,False,7
stratified_wide_penalty,train_fit,21,277,300,False,0.23,0.2683672606945038,1.8278962218761445,1.5978962218761446,False,
stratified_wide_penalty,train_fit,22,0,146,True,1.46,2.0395445823669434,2.4,0.94,False,24
stratified_wide_penalty,train_fit,22,146,219,True,0.73,0.9647111296653748,2.4,1.67,False,45
stratified_wide_penalty,train_fit,22,219,260,True,0.41000000000000003,0.6025316119194031,2.162060573101044,1.7520605731010437,False,18
stratified_wide_penalty,train_fit,22,260,299,True,0.39,0.8723569512367249,2.4,2.01,False,9
stratified_wide_penalty,train_fit,22,299,300,False,0.01,0.43444737792015076,1.9939763391017915,1.9839763391017915,False,
stratified_wide_penalty,train_fit,23,0,25,True,0.25,1.434892177581787,2.4,2.15,False,25
stratified_wide_penalty,train_fit,23,25,83,True,0.58,0.9763742089271545,2.4,1.8199999999999998,False,47
stratified_wide_penalty,train_fit,23,83,197,True,1.1400000000000001,0.7297255396842957,2.2892545008659364,1.1492545008659363,False,97
stratified_wide_penalty,train_fit,23,197,239,True,0.42,0.24719540774822235,1.806724368929863,1.3867243689298632,False,7
stratified_wide_penalty,train_fit,23,239,285,True,0.46,1.1221588850021362,2.4,1.94,False,36
stratified_wide_penalty,train_fit,23,285,300,False,0.15,1.4076457023620605,2.4,2.25,False,
stratified_wide_penalty,train_fit,24,0,300,False,3.0,2.15482759475708,2.4,-0.6000000000000001,True,
stratified_wide_penalty,train_fit,25,0,28,True,0.28,1.5891844034194946,2.4,2.12,False,25
stratified_wide_penalty,train_fit,25,28,204,True,1.76,1.656750202178955,2.4,0.6399999999999999,False,164
stratified_wide_penalty,train_fit,25,204,300,False,0.96,0.936821699142456,2.4,1.44,False,
stratified_wide_penalty,train_fit,26,0,24,True,0.24,2.1972856521606445,2.4,2.16,False,24
stratified_wide_penalty,train_fit,26,24,86,True,0.62,0.6503108739852905,2.2098398351669313,1.5898398351669312,False,56
stratified_wide_penalty,train_fit,26,86,111,True,0.25,0.3723728358745575,1.9319017970561982,1.6819017970561982,False,20
stratified_wide_penalty,train_fit,26,111,300,False,1.8900000000000001,1.2845606803894043,2.4,0.5099999999999998,False,
stratified_wide_penalty,train_fit,27,0,31,True,0.31,1.2444769144058228,2.4,2.09,False,31
stratified_wide_penalty,train_fit,27,31,190,True,1.59,1.7580375671386719,2.4,0.8099999999999998,False,124
stratified_wide_penalty,train_fit,27,190,300,False,1.1,0.5307077169418335,2.0902366781234742,0.9902366781234742,False,
stratified_wide_penalty,train_fit,28,0,284,True,2.84,2.396111488342285,2.4,-0.43999999999999995,True,269
stratified_wide_penalty,train_fit,28,284,300,False,0.16,0.09951145946979523,1.659040420651436,1.499040420651436,False,
stratified_wide_penalty,train_fit,29,0,163,True,1.6300000000000001,2.0815813541412354,2.4,0.7699999999999998,False,162
stratified_wide_penalty,train_fit,29,163,300,False,1.37,1.0695301294326782,2.4,1.0299999999999998,False,
stratified_wide_penalty,train_fit,30,0,15,True,0.15,1.6631087064743042,2.4,2.25,False,15
stratified_wide_penalty,train_fit,30,15,260,True,2.45,2.206962823867798,2.4,-0.050000000000000266,True,239
stratified_wide_penalty,train_fit,30,260,300,False,0.4,0.6465982794761658,2.2061272406578065,1.8061272406578066,False,
stratified_wide_penalty,train_fit,31,0,274,True,2.74,2.3976430892944336,2.4,-0.3400000000000003,True,274
stratified_wide_penalty,train_fit,31,274,300,False,0.26,0.2176935225725174,1.7772224837541581,1.5172224837541581,False,
stratified_wide_penalty,train_fit,32,0,56,True,0.56,0.8885352611541748,2.4,1.8399999999999999,False,42
stratified_wide_penalty,train_fit,32,56,137,True,0.81,0.5536291599273682,2.113158121109009,1.3031581211090089,False,56
stratified_wide_penalty,train_fit,32,137,200,True,0.63,0.6668017506599426,2.2263307118415834,1.5963307118415835,False,47
stratified_wide_penalty,train_fit,32,200,230,True,0.3,0.418055921792984,1.9775848829746248,1.6775848829746247,False,13
stratified_wide_penalty,train_fit,32,230,279,True,0.49,0.8298851847648621,2.389414145946503,1.8994141459465028,False,26
stratified_wide_penalty,train_fit,32,279,300,False,0.21,0.5595068335533142,2.119035794734955,1.909035794734955,False,
stratified_wide_penalty,train_fit,33,0,61,True,0.61,1.2960104942321777,2.4,1.79,False,58
stratified_wide_penalty,train_fit,33,61,300,False,2.39,1.1655938625335693,2.4,0.009999999999999787,False,
stratified_wide_penalty,train_fit,34,0,10,True,0.1,1.6529613733291626,2.4,2.3,False,8
stratified_wide_penalty,train_fit,34,10,300,False,2.9,1.353640079498291,2.4,-0.5,True,
stratified_wide_penalty,train_fit,35,0,300,False,3.0,1.9898439645767212,2.4,-0.6000000000000001,True,
stratified_wide_penalty,train_fit,36,0,32,True,0.32,2.124603509902954,2.4,2.08,False,31
stratified_wide_penalty,train_fit,36,32,119,True,0.87,1.1780942678451538,2.4,1.5299999999999998,False,13
stratified_wide_penalty,train_fit,36,119,230,True,1.11,0.8271360993385315,2.3866650605201722,1.2766650605201721,False,20
stratified_wide_penalty,train_fit,36,230,300,False,0.7000000000000001,0.6589245200157166,2.2184534811973573,1.5184534811973571,False,
stratified_wide_penalty,train_fit,37,0,80,True,0.8,1.7080705165863037,2.4,1.5999999999999999,False,70
stratified_wide_penalty,train_fit,37,80,164,True,0.84,0.786908745765686,2.346437706947327,1.506437706947327,False,38
stratified_wide_penalty,train_fit,37,164,300,False,1.36,1.2482012510299683,2.4,1.0399999999999998,False,
stratified_wide_penalty,train_fit,38,0,58,True,0.58,2.172386407852173,2.4,1.8199999999999998,False,44
stratified_wide_penalty,train_fit,38,58,120,True,0.62,0.7476551532745361,2.307184114456177,1.6871841144561768,False,52
stratified_wide_penalty,train_fit,38,120,193,True,0.73,0.5908210277557373,2.150349988937378,1.420349988937378,False,41
stratified_wide_penalty,train_fit,38,193,234,True,0.41000000000000003,0.5091606378555298,2.0686895990371705,1.6586895990371704,False,37
stratified_wide_penalty,train_fit,38,234,260,True,0.26,0.41652411222457886,1.9760530734062196,1.7160530734062196,False,14
stratified_wide_penalty,train_fit,38,260,300,False,0.4,0.8736975193023682,2.4,2.0,False,
stratified_wide_penalty,train_fit,39,0,217,True,2.17,2.377112865447998,2.4,0.22999999999999998,False,216
stratified_wide_penalty,train_fit,39,217,300,False,0.8300000000000001,0.48369041085243225,2.043219372034073,1.213219372034073,False,
stratified_wide_penalty,train_fit,40,0,61,True,0.61,1.36738920211792,2.4,1.79,False,43
stratified_wide_penalty,train_fit,40,61,300,False,2.39,1.0837616920471191,2.4,0.009999999999999787,False,
stratified_wide_penalty,train_fit,41,0,92,True,0.92,1.7178875207901,2.4,1.48,False,77
stratified_wide_penalty,train_fit,41,92,300,False,2.08,1.1253142356872559,2.4,0.31999999999999984,False,
stratified_wide_penalty,train_fit,42,0,109,True,1.09,2.1364152431488037,2.4,1.3099999999999998,False,109
stratified_wide_penalty,train_fit,42,109,300,True,1.9100000000000001,1.6967241764068604,2.4,0.48999999999999977,False,62
stratified_wide_penalty,train_fit,43,0,119,True,1.19,1.973522424697876,2.4,1.21,False,114
stratified_wide_penalty,train_fit,43,119,300,False,1.81,1.1329869031906128,2.4,0.5899999999999999,False,
stratified_wide_penalty,train_fit,44,0,136,True,1.36,1.8753857612609863,2.4,1.0399999999999998,False,18
stratified_wide_penalty,train_fit,44,136,171,True,0.35000000000000003,0.48763445019721985,2.0471634113788606,1.6971634113788605,False,21
stratified_wide_penalty,train_fit,44,171,300,False,1.29,1.8484601974487305,2.4,1.1099999999999999,False,
stratified_wide_penalty,train_fit,45,0,19,True,0.19,1.2775256633758545,2.4,2.21,False,19
stratified_wide_penalty,train_fit,45,19,74,True,0.55,0.6517248153686523,2.211253776550293,1.661253776550293,False,27
stratified_wide_penalty,train_fit,45,74,134,True,0.6,0.3894074559211731,1.9489364171028138,1.3489364171028138,False,53
stratified_wide_penalty,train_fit,45,134,288,True,1.54,1.771828293800354,2.4,0.8599999999999999,False,75
stratified_wide_penalty,train_fit,45,288,300,False,0.12,0.3803049623966217,1.9398339235782625,1.8198339235782623,False,
stratified_wide_penalty,train_fit,46,0,258,True,2.58,2.385063648223877,2.4,-0.18000000000000016,True,91
stratified_wide_penalty,train_fit,46,258,300,False,0.42,1.2042081356048584,2.4,1.98,False,
stratified_wide_penalty,train_fit,47,0,29,True,0.29,0.9279443621635437,2.4,2.11,False,29
stratified_wide_penalty,train_fit,47,29,300,False,2.71,1.1930694580078125,2.4,-0.31000000000000005,True,
stratified_wide_penalty,train_fit,48,0,44,True,0.44,0.7410240769386292,2.30055303812027,1.86055303812027,False,42
stratified_wide_penalty,train_fit,48,44,76,True,0.32,0.17777706682682037,1.7373060280084611,1.417306028008461,False,12
stratified_wide_penalty,train_fit,48,76,121,True,0.45,0.28581565618515015,1.845344617366791,1.395344617366791,False,21
stratified_wide_penalty,train_fit,48,121,174,True,0.53,0.3958572745323181,1.9553862357139589,1.4253862357139588,False,10
stratified_wide_penalty,train_fit,48,174,204,True,0.3,0.4624482989311218,2.0219772601127626,1.7219772601127625,False,7
stratified_wide_penalty,train_fit,48,204,257,True,0.53,0.5756432414054871,2.135172202587128,1.6051722025871278,False,13
stratified_wide_penalty,train_fit,48,257,300,False,0.43,0.5180182456970215,2.0775472068786622,1.6475472068786623,False,
stratified_wide_penalty,train_fit,49,0,161,True,1.61,2.172875165939331,2.4,0.7899999999999998,False,94
stratified_wide_penalty,train_fit,49,161,183,True,0.22,0.35751965641975403,1.9170486176013948,1.6970486176013948,False,15
stratified_wide_penalty,train_fit,49,183,199,True,0.16,0.22699607908725739,1.7865250402688981,1.6265250402688982,False,8
stratified_wide_penalty,train_fit,49,199,246,True,0.47000000000000003,0.07258883863687515,1.632117799818516,1.162117799818516,False,16
stratified_wide_penalty,train_fit,49,246,300,False,0.54,0.9754244685173035,2.4,1.8599999999999999,False,
stratified_wide_penalty,train_fit,50,0,63,True,0.63,1.3252540826797485,2.4,1.77,False,50
stratified_wide_penalty,train_fit,50,63,126,True,0.63,0.4326678216457367,1.9921967828273774,1.3621967828273776,False,35
stratified_wide_penalty,train_fit,50,126,162,True,0.36,0.5091449618339539,2.0686739230155946,1.7086739230155947,False,14
stratified_wide_penalty,train_fit,50,162,300,False,1.3800000000000001,1.3053607940673828,2.4,1.0199999999999998,False,
stratified_wide_penalty,train_fit,51,0,300,False,3.0,2.3612046241760254,2.4,-0.6000000000000001,True,
stratified_wide_penalty,train_fit,52,0,54,True,0.54,2.1036555767059326,2.4,1.8599999999999999,False,54
stratified_wide_penalty,train_fit,52,54,83,True,0.29,0.5529922246932983,2.112521185874939,1.822521185874939,False,20
stratified_wide_penalty,train_fit,52,83,201,True,1.18,0.4174135625362396,1.9769425237178804,0.7969425237178804,False,84
stratified_wide_penalty,train_fit,52,201,228,True,0.27,0.5830409526824951,2.142569913864136,1.8725699138641358,False,8
stratified_wide_penalty,train_fit,52,228,283,True,0.55,0.4269316494464874,1.9864606106281282,1.4364606106281281,False,11
stratified_wide_penalty,train_fit,52,283,300,False,0.17,0.4282161593437195,1.9877451205253602,1.8177451205253603,False,
stratified_wide_penalty,train_fit,53,0,300,False,3.0,2.1852004528045654,2.4,-0.6000000000000001,True,
stratified_wide_penalty,train_fit,54,0,42,True,0.42,2.142484426498413,2.4,1.98,False,15
stratified_wide_penalty,train_fit,54,42,167,True,1.25,1.1373114585876465,2.4,1.15,False,25
stratified_wide_penalty,train_fit,54,167,251,True,0.84,0.5441724061965942,2.103701367378235,1.2637013673782351,False,24
stratified_wide_penalty,train_fit,54,251,300,False,0.49,0.34485775232315063,1.9043867135047914,1.4143867135047914,False,
stratified_wide_penalty,train_fit,55,0,11,True,0.11,1.301833152770996,2.4,2.29,False,9
stratified_wide_penalty,train_fit,55,11,78,True,0.67,0.591873288154602,2.151402249336243,1.4814022493362429,False,17
stratified_wide_penalty,train_fit,55,78,206,True,1.28,1.0064175128936768,2.4,1.1199999999999999,False,12
stratified_wide_penalty,train_fit,55,206,300,False,0.9400000000000001,0.8498667478561401,2.4,1.46,False,
stratified_wide_penalty,train_fit,56,0,73,True,0.73,1.3059357404708862,2.4,1.67,False,51
stratified_wide_penalty,train_fit,56,73,300,False,2.27,1.1909358501434326,2.4,0.1299999999999999,False,
stratified_wide_penalty,train_fit,57,0,300,False,3.0,2.344689130783081,2.4,-0.6000000000000001,True,
stratified_wide_penalty,train_fit,58,0,176,True,1.76,2.048806667327881,2.4,0.6399999999999999,False,156
stratified_wide_penalty,train_fit,58,176,300,False,1.24,1.211840271949768,2.4,1.16,False,
stratified_wide_penalty,train_fit,59,0,11,True,0.11,1.6900564432144165,2.4,2.29,False,11
stratified_wide_penalty,train_fit,59,11,300,False,2.89,1.3304710388183594,2.4,-0.4900000000000002,True,
stratified_wide_penalty,train_fit,60,0,11,True,0.11,0.5350921154022217,2.0946210765838624,1.9846210765838623,False,10
stratified_wide_penalty,train_fit,60,11,64,True,0.53,0.26654791831970215,1.826076879501343,1.2960768795013429,False,16
stratified_wide_penalty,train_fit,60,64,110,True,0.46,0.44987401366233826,2.009402974843979,1.549402974843979,False,29
stratified_wide_penalty,train_fit,60,110,260,True,1.5,1.178594946861267,2.4,0.8999999999999999,False,113
stratified_wide_penalty,train_fit,60,260,300,False,0.4,1.1599712371826172,2.4,2.0,False,
stratified_wide_penalty,train_fit,61,0,203,True,2.0300000000000002,2.3347442150115967,2.4,0.36999999999999966,False,188
stratified_wide_penalty,train_fit,61,203,229,True,0.26,0.3815632164478302,1.941092177629471,1.681092177629471,False,12
stratified_wide_penalty,train_fit,61,229,256,True,0.27,0.5013908743858337,2.0609198355674745,1.7909198355674745,False,12
stratified_wide_penalty,train_fit,61,256,300,False,0.44,0.4862164258956909,2.0457453870773317,1.6057453870773317,False,
stratified_wide_penalty,train_fit,62,0,121,True,1.21,1.9010672569274902,2.4,1.19,False,111
stratified_wide_penalty,train_fit,62,121,300,False,1.79,1.0646581649780273,2.4,0.6099999999999999,False,
stratified_wide_penalty,train_fit,63,0,69,True,0.6900000000000001,2.33233904838562,2.4,1.71,False,68
stratified_wide_penalty,train_fit,63,69,155,True,0.86,1.0775566101074219,2.4,1.54,False,73
stratified_wide_penalty,train_fit,63,155,254,True,0.99,0.7517558336257935,2.311284794807434,1.3212847948074342,False,83
stratified_wide_penalty,train_fit,63,254,300,False,0.46,0.8366358876228333,2.396164848804474,1.936164848804474,False,
stratified_wide_penalty,train_fit,64,0,104,True,1.04,1.3997904062271118,2.4,1.3599999999999999,False,79
stratified_wide_penalty,train_fit,64,104,185,True,0.81,0.6988573670387268,2.2583863282203676,1.4483863282203675,False,66
stratified_wide_penalty,train_fit,64,185,239,True,0.54,0.6748382449150085,2.2343672060966493,1.6943672060966493,False,46
stratified_wide_penalty,train_fit,64,239,300,False,0.61,0.8891064524650574,2.4,1.79,False,
stratified_wide_penalty,train_fit,65,0,23,True,0.23,1.9061444997787476,2.4,2.17,False,17
stratified_wide_penalty,train_fit,65,23,129,True,1.06,0.8500983119010925,2.4,1.3399999999999999,False,16
stratified_wide_penalty,train_fit,65,129,169,True,0.4,0.6050903797149658,2.1646193408966066,1.7646193408966067,False,24
stratified_wide_penalty,train_fit,65,169,300,False,1.31,1.2610297203063965,2.4,1.0899999999999999,False,
stratified_wide_penalty,train_fit,66,0,19,True,0.19,1.6506685018539429,2.4,2.21,False,19
stratified_wide_penalty,train_fit,66,19,84,True,0.65,0.7961540818214417,2.3556830430030824,1.7056830430030825,False,51
stratified_wide_penalty,train_fit,66,84,213,True,1.29,1.345727562904358,2.4,1.1099999999999999,False,121
stratified_wide_penalty,train_fit,66,213,300,False,0.87,0.609663188457489,2.1691921496391298,1.2991921496391297,False,
stratified_wide_penalty,train_fit,67,0,47,True,0.47000000000000003,2.3356668949127197,2.4,1.93,False,46
stratified_wide_penalty,train_fit,67,47,256,True,2.09,2.069031000137329,2.4,0.31000000000000005,False,24
stratified_wide_penalty,train_fit,67,256,300,False,0.44,0.4591711461544037,2.0187001073360444,1.5787001073360445,False,
stratified_wide_penalty,train_fit,68,0,129,True,1.29,1.9453420639038086,2.4,1.1099999999999999,False,129
stratified_wide_penalty,train_fit,68,129,238,True,1.09,0.9950565695762634,2.4,1.3099999999999998,False,76
stratified_wide_penalty,train_fit,68,238,300,False,0.62,0.7994564771652222,2.358985438346863,1.7389854383468628,False,
stratified_wide_penalty,train_fit,69,0,107,True,1.07,2.118884563446045,2.4,1.3299999999999998,False,87
stratified_wide_penalty,train_fit,69,107,135,True,0.28,0.4282158315181732,1.987744792699814,1.707744792699814,False,10
stratified_wide_penalty,train_fit,69,135,291,True,1.56,1.6347147226333618,2.4,0.8399999999999999,False,110
stratified_wide_penalty,train_fit,69,291,300,False,0.09,0.9830309748649597,2.4,2.31,False,
stratified_wide_penalty,train_fit,70,0,78,True,0.78,2.158778190612793,2.4,1.6199999999999999,False,55
stratified_wide_penalty,train_fit,70,78,300,False,2.22,1.6138932704925537,2.4,0.17999999999999972,False,
stratified_wide_penalty,train_fit,71,0,143,True,1.43,1.847886562347412,2.4,0.97,False,75
stratified_wide_penalty,train_fit,71,143,170,True,0.27,0.8360989689826965,2.3956279301643373,2.1256279301643373,False,18
stratified_wide_penalty,train_fit,71,170,300,False,1.3,1.0501385927200317,2.4,1.0999999999999999,False,
stratified_wide_penalty,train_fit,72,0,46,True,0.46,2.3936846256256104,2.4,1.94,False,30
stratified_wide_penalty,train_fit,72,46,67,True,0.21,0.28978443145751953,1.8493133926391603,1.6393133926391603,False,14
stratified_wide_penalty,train_fit,72,67,128,True,0.61,0.36207059025764465,1.9215995514392854,1.3115995514392855,False,18
stratified_wide_penalty,train_fit,72,128,201,True,0.73,0.49941933155059814,2.058948292732239,1.328948292732239,False,65
stratified_wide_penalty,train_fit,72,201,297,True,0.96,0.7262002229690552,2.285729184150696,1.325729184150696,False,91
stratified_wide_penalty,train_fit,72,297,300,False,0.03,0.7272140383720398,2.2867429995536805,2.2567429995536807,False,
stratified_wide_penalty,train_fit,73,0,197,True,1.97,2.2548084259033203,2.4,0.42999999999999994,False,73
stratified_wide_penalty,train_fit,73,197,300,False,1.03,0.49208322167396545,2.051612182855606,1.0216121828556062,False,
stratified_wide_penalty,train_fit,74,0,45,True,0.45,1.772864580154419,2.4,1.95,False,45
stratified_wide_penalty,train_fit,74,45,106,True,0.61,0.7083394527435303,2.267868413925171,1.6578684139251711,False,29
stratified_wide_penalty,train_fit,74,106,185,True,0.79,0.8685376048088074,2.4,1.6099999999999999,False,55
stratified_wide_penalty,train_fit,74,185,296,True,1.11,0.6520800590515137,2.2116090202331544,1.1016090202331543,False,103
stratified_wide_penalty,train_fit,74,296,300,False,0.04,0.4250025451183319,1.9845315062999727,1.9445315062999726,False,
stratified_wide_penalty,train_fit,75,0,67,True,0.67,2.061882257461548,2.4,1.73,False,65
stratified_wide_penalty,train_fit,75,67,263,True,1.96,1.7598943710327148,2.4,0.43999999999999995,False,93
stratified_wide_penalty,train_fit,75,263,300,False,0.37,0.7579262852668762,2.317455246448517,1.9474552464485169,False,
stratified_wide_penalty,train_fit,76,0,11,True,0.11,1.5391806364059448,2.4,2.29,False,9
stratified_wide_penalty,train_fit,76,11,46,True,0.35000000000000003,0.9604466557502747,2.4,2.05,False,23
stratified_wide_penalty,train_fit,76,46,173,True,1.27,0.9601977467536926,2.4,1.13,False,88
stratified_wide_penalty,train_fit,76,173,300,False,1.27,0.7312495112419128,2.2907784724235536,1.0207784724235536,False,
stratified_wide_penalty,train_fit,77,0,11,True,0.11,0.7820800542831421,2.341609015464783,2.231609015464783,False,9
stratified_wide_penalty,train_fit,77,11,300,False,2.89,1.654823660850525,2.4,-0.4900000000000002,True,
stratified_wide_penalty,train_fit,78,0,163,True,1.6300000000000001,2.094672679901123,2.4,0.7699999999999998,False,159
stratified_wide_penalty,train_fit,78,163,300,False,1.37,0.6761491298675537,2.2356780910491945,0.8656780910491944,False,
stratified_wide_penalty,train_fit,79,0,50,True,0.5,1.541060447692871,2.4,1.9,False,49
stratified_wide_penalty,train_fit,79,50,79,True,0.29,0.6048480272293091,2.16437698841095,1.8743769884109498,False,8
stratified_wide_penalty,train_fit,79,79,300,False,2.21,1.4265786409378052,2.4,0.18999999999999995,False,
stratified_wide_penalty,internal_validation,0,0,14,True,0.14,2.194754123687744,2.4,2.26,False,14
stratified_wide_penalty,internal_validation,0,14,62,True,0.48,0.9013186097145081,2.4,1.92,False,8
stratified_wide_penalty,internal_validation,0,62,300,False,2.38,0.36768004298210144,1.9272090041637422,-0.4527909958362577,False,
stratified_wide_penalty,internal_validation,1,0,2,True,0.02,2.3337631225585938,2.4,2.38,False,2
stratified_wide_penalty,internal_validation,1,2,60,True,0.58,0.47923216223716736,2.038761123418808,1.458761123418808,False,49
stratified_wide_penalty,internal_validation,1,60,300,False,2.4,1.9565603733062744,2.4,0.0,False,
stratified_wide_penalty,internal_validation,2,0,92,True,0.92,2.2205755710601807,2.4,1.48,False,92
stratified_wide_penalty,internal_validation,2,92,248,True,1.56,1.3402495384216309,2.4,0.8399999999999999,False,144
stratified_wide_penalty,internal_validation,2,248,300,False,0.52,0.5847090482711792,2.14423800945282,1.62423800945282,False,
stratified_wide_penalty,internal_validation,3,0,47,True,0.47000000000000003,2.1466145515441895,2.4,1.93,False,47
stratified_wide_penalty,internal_validation,3,47,300,False,2.5300000000000002,1.9928967952728271,2.4,-0.13000000000000034,True,
stratified_wide_penalty,internal_validation,4,0,66,True,0.66,2.069915771484375,2.4,1.7399999999999998,False,13
stratified_wide_penalty,internal_validation,4,66,243,True,1.77,1.4765684604644775,2.4,0.6299999999999999,False,132
stratified_wide_penalty,internal_validation,4,243,300,False,0.5700000000000001,1.0860450267791748,2.4,1.8299999999999998,False,
stratified_wide_penalty,internal_validation,5,0,48,True,0.48,1.2833138704299927,2.4,1.92,False,11
stratified_wide_penalty,internal_validation,5,48,174,True,1.26,0.6389204263687134,2.198449387550354,0.9384493875503541,False,111
stratified_wide_penalty,internal_validation,5,174,217,True,0.43,0.5968717932701111,2.156400754451752,1.726400754451752,False,33
stratified_wide_penalty,internal_validation,5,217,300,False,0.8300000000000001,0.4732488989830017,2.0327778601646425,1.2027778601646424,False,
stratified_wide_penalty,internal_validation,6,0,20,True,0.2,2.0287234783172607,2.4,2.1999999999999997,False,9
stratified_wide_penalty,internal_validation,6,20,73,True,0.53,1.2667726278305054,2.4,1.8699999999999999,False,43
stratified_wide_penalty,internal_validation,6,73,127,True,0.54,1.1681240797042847,2.4,1.8599999999999999,False,33
stratified_wide_penalty,internal_validation,6,127,276,True,1.49,0.8022498488426208,2.3617788100242616,0.8717788100242616,False,74
stratified_wide_penalty,internal_validation,6,276,300,False,0.24,0.5140578746795654,2.073586835861206,1.8335868358612062,False,
stratified_wide_penalty,internal_validation,7,0,215,True,2.15,2.3872148990631104,2.4,0.25,False,206
stratified_wide_penalty,internal_validation,7,215,300,False,0.85,0.7040245532989502,2.263553514480591,1.4135535144805909,False,
stratified_wide_penalty,internal_validation,8,0,93,True,0.93,2.133737802505493,2.4,1.4699999999999998,False,93
stratified_wide_penalty,internal_validation,8,93,244,True,1.51,1.4724093675613403,2.4,0.8899999999999999,False,71
stratified_wide_penalty,internal_validation,8,244,300,False,0.56,0.5614129900932312,2.120941951274872,1.560941951274872,False,
stratified_wide_penalty,internal_validation,9,0,11,True,0.11,1.9300329685211182,2.4,2.29,False,11
stratified_wide_penalty,internal_validation,9,11,300,False,2.89,1.6898638010025024,2.4,-0.4900000000000002,True,
stratified_wide_penalty,internal_validation,10,0,175,True,1.75,1.160619854927063,2.4,0.6499999999999999,False,64
stratified_wide_penalty,internal_validation,10,175,300,False,1.25,0.9299675822257996,2.4,1.15,False,
stratified_wide_penalty,internal_validation,11,0,28,True,0.28,1.118535041809082,2.4,2.12,False,28
stratified_wide_penalty,internal_validation,11,28,75,True,0.47000000000000003,0.5077781081199646,2.0673070693016053,1.5973070693016054,False,31
stratified_wide_penalty,internal_validation,11,75,300,False,2.25,0.27196043729782104,1.8314893984794618,-0.4185106015205382,False,
stratified_wide_penalty,internal_validation,12,0,300,False,3.0,1.8225301504135132,2.4,-0.6000000000000001,True,
stratified_wide_penalty,internal_validation,13,0,10,True,0.1,1.635752558708191,2.4,2.3,False,8
stratified_wide_penalty,internal_validation,13,10,99,True,0.89,1.2226073741912842,2.4,1.5099999999999998,False,23
stratified_wide_penalty,internal_validation,13,99,300,False,2.0100000000000002,0.3100735545158386,1.8696025156974794,-0.14039748430252086,False,
stratified_wide_penalty,internal_validation,14,0,15,True,0.15,1.163448691368103,2.4,2.25,False,15
stratified_wide_penalty,internal_validation,14,15,86,True,0.71,0.7083061933517456,2.2678351545333864,1.5578351545333864,False,63
stratified_wide_penalty,internal_validation,14,86,179,True,0.93,1.3677465915679932,2.4,1.4699999999999998,False,82
stratified_wide_penalty,internal_validation,14,179,300,False,1.21,0.9498407244682312,2.4,1.19,False,
stratified_wide_penalty,internal_validation,15,0,257,True,2.57,2.205188274383545,2.4,-0.16999999999999993,True,256
stratified_wide_penalty,internal_validation,15,257,300,False,0.43,0.5988208055496216,2.1583497667312623,1.7283497667312624,False,
stratified_wide_penalty,internal_validation,16,0,18,True,0.18,1.7302533388137817,2.4,2.2199999999999998,False,6
stratified_wide_penalty,internal_validation,16,18,67,True,0.49,1.4113365411758423,2.4,1.91,False,45
stratified_wide_penalty,internal_validation,16,67,81,True,0.14,1.146100401878357,2.4,2.26,False,9
stratified_wide_penalty,internal_validation,16,81,144,True,0.63,1.0071895122528076,2.4,1.77,False,29
stratified_wide_penalty,internal_validation,16,144,203,True,0.59,0.5495564937591553,2.109085454940796,1.5190854549407962,False,15
stratified_wide_penalty,internal_validation,16,203,257,True,0.54,1.0522023439407349,2.4,1.8599999999999999,False,14
stratified_wide_penalty,internal_validation,16,257,299,True,0.42,0.8361406922340393,2.39566965341568,1.9756696534156801,False,11
stratified_wide_penalty,internal_validation,16,299,300,False,0.01,1.3667982816696167,2.4,2.39,False,
stratified_wide_penalty,internal_validation,17,0,91,True,0.91,1.729819416999817,2.4,1.4899999999999998,False,50
stratified_wide_penalty,internal_validation,17,91,213,True,1.22,1.9948066473007202,2.4,1.18,False,71
stratified_wide_penalty,internal_validation,17,213,259,True,0.46,1.3660578727722168,2.4,1.94,False,22
stratified_wide_penalty,internal_validation,17,259,300,False,0.41000000000000003,0.8983502388000488,2.4,1.9899999999999998,False,
stratified_wide_penalty,internal_validation,18,0,300,False,3.0,1.8781819343566895,2.4,-0.6000000000000001,True,
stratified_wide_penalty,internal_validation,19,0,25,True,0.25,2.1994543075561523,2.4,2.15,False,25
stratified_wide_penalty,internal_validation,19,25,204,True,1.79,0.7047973871231079,2.2643263483047487,0.4743263483047486,False,169
stratified_wide_penalty,internal_validation,19,204,300,False,0.96,1.0463131666183472,2.4,1.44,False,
stratified_wide_penalty_matched_constant,internal_validation,0,0,14,True,0.14,2.2623700647809657,2.2623700647809657,2.1223700647809656,False,14
stratified_wide_penalty_matched_constant,internal_validation,0,14,62,True,0.48,2.2623700647809657,2.2623700647809657,1.7823700647809657,False,8
stratified_wide_penalty_matched_constant,internal_validation,0,62,300,False,2.38,2.2623700647809657,2.2623700647809657,-0.1176299352190342,False,
stratified_wide_penalty_matched_constant,internal_validation,1,0,2,True,0.02,2.2623700647809657,2.2623700647809657,2.2423700647809657,False,2
stratified_wide_penalty_matched_constant,internal_validation,1,2,60,True,0.58,2.2623700647809657,2.2623700647809657,1.6823700647809656,False,49
stratified_wide_penalty_matched_constant,internal_validation,1,60,300,False,2.4,2.2623700647809657,2.2623700647809657,-0.13762993521903422,False,
stratified_wide_penalty_matched_constant,internal_validation,2,0,92,True,0.92,2.2623700647809657,2.2623700647809657,1.3423700647809658,False,92
stratified_wide_penalty_matched_constant,internal_validation,2,92,248,True,1.56,2.2623700647809657,2.2623700647809657,0.7023700647809656,False,144
stratified_wide_penalty_matched_constant,internal_validation,2,248,300,False,0.52,2.2623700647809657,2.2623700647809657,1.7423700647809657,False,
stratified_wide_penalty_matched_constant,internal_validation,3,0,47,True,0.47000000000000003,2.2623700647809657,2.2623700647809657,1.7923700647809657,False,47
stratified_wide_penalty_matched_constant,internal_validation,3,47,300,False,2.5300000000000002,2.2623700647809657,2.2623700647809657,-0.26762993521903455,True,
stratified_wide_penalty_matched_constant,internal_validation,4,0,66,True,0.66,2.2623700647809657,2.2623700647809657,1.6023700647809656,False,13
stratified_wide_penalty_matched_constant,internal_validation,4,66,243,True,1.77,2.2623700647809657,2.2623700647809657,0.4923700647809657,False,132
stratified_wide_penalty_matched_constant,internal_validation,4,243,300,False,0.5700000000000001,2.2623700647809657,2.2623700647809657,1.6923700647809656,False,
stratified_wide_penalty_matched_constant,internal_validation,5,0,48,True,0.48,2.2623700647809657,2.2623700647809657,1.7823700647809657,False,11
stratified_wide_penalty_matched_constant,internal_validation,5,48,174,True,1.26,2.2623700647809657,2.2623700647809657,1.0023700647809657,False,111
stratified_wide_penalty_matched_constant,internal_validation,5,174,217,True,0.43,2.2623700647809657,2.2623700647809657,1.8323700647809658,False,33
stratified_wide_penalty_matched_constant,internal_validation,5,217,300,False,0.8300000000000001,2.2623700647809657,2.2623700647809657,1.4323700647809656,False,
stratified_wide_penalty_matched_constant,internal_validation,6,0,20,True,0.2,2.2623700647809657,2.2623700647809657,2.0623700647809655,False,9
stratified_wide_penalty_matched_constant,internal_validation,6,20,73,True,0.53,2.2623700647809657,2.2623700647809657,1.7323700647809657,False,43
stratified_wide_penalty_matched_constant,internal_validation,6,73,127,True,0.54,2.2623700647809657,2.2623700647809657,1.7223700647809657,False,33
stratified_wide_penalty_matched_constant,internal_validation,6,127,276,True,1.49,2.2623700647809657,2.2623700647809657,0.7723700647809657,False,74
stratified_wide_penalty_matched_constant,internal_validation,6,276,300,False,0.24,2.2623700647809657,2.2623700647809657,2.022370064780966,False,
stratified_wide_penalty_matched_constant,internal_validation,7,0,215,True,2.15,2.2623700647809657,2.2623700647809657,0.11237006478096578,False,206
stratified_wide_penalty_matched_constant,internal_validation,7,215,300,False,0.85,2.2623700647809657,2.2623700647809657,1.4123700647809656,False,
stratified_wide_penalty_matched_constant,internal_validation,8,0,93,True,0.93,2.2623700647809657,2.2623700647809657,1.3323700647809655,False,93
stratified_wide_penalty_matched_constant,internal_validation,8,93,244,True,1.51,2.2623700647809657,2.2623700647809657,0.7523700647809657,False,71
stratified_wide_penalty_matched_constant,internal_validation,8,244,300,False,0.56,2.2623700647809657,2.2623700647809657,1.7023700647809656,False,
stratified_wide_penalty_matched_constant,internal_validation,9,0,11,True,0.11,2.2623700647809657,2.2623700647809657,2.152370064780966,False,11
stratified_wide_penalty_matched_constant,internal_validation,9,11,300,False,2.89,2.2623700647809657,2.2623700647809657,-0.6276299352190344,True,
stratified_wide_penalty_matched_constant,internal_validation,10,0,175,True,1.75,2.2623700647809657,2.2623700647809657,0.5123700647809657,False,64
stratified_wide_penalty_matched_constant,internal_validation,10,175,300,False,1.25,2.2623700647809657,2.2623700647809657,1.0123700647809657,False,
stratified_wide_penalty_matched_constant,internal_validation,11,0,28,True,0.28,2.2623700647809657,2.2623700647809657,1.9823700647809657,False,28
stratified_wide_penalty_matched_constant,internal_validation,11,28,75,True,0.47000000000000003,2.2623700647809657,2.2623700647809657,1.7923700647809657,False,31
stratified_wide_penalty_matched_constant,internal_validation,11,75,300,False,2.25,2.2623700647809657,2.2623700647809657,0.012370064780965695,False,
stratified_wide_penalty_matched_constant,internal_validation,12,0,300,False,3.0,2.2623700647809657,2.2623700647809657,-0.7376299352190343,True,
stratified_wide_penalty_matched_constant,internal_validation,13,0,10,True,0.1,2.2623700647809657,2.2623700647809657,2.1623700647809656,False,8
stratified_wide_penalty_matched_constant,internal_validation,13,10,99,True,0.89,2.2623700647809657,2.2623700647809657,1.3723700647809656,False,23
stratified_wide_penalty_matched_constant,internal_validation,13,99,300,False,2.0100000000000002,2.2623700647809657,2.2623700647809657,0.25237006478096546,False,
stratified_wide_penalty_matched_constant,internal_validation,14,0,15,True,0.15,2.2623700647809657,2.2623700647809657,2.112370064780966,False,15
stratified_wide_penalty_matched_constant,internal_validation,14,15,86,True,0.71,2.2623700647809657,2.2623700647809657,1.5523700647809657,False,63
stratified_wide_penalty_matched_constant,internal_validation,14,86,179,True,0.93,2.2623700647809657,2.2623700647809657,1.3323700647809655,False,82
stratified_wide_penalty_matched_constant,internal_validation,14,179,300,False,1.21,2.2623700647809657,2.2623700647809657,1.0523700647809657,False,
stratified_wide_penalty_matched_constant,internal_validation,15,0,257,True,2.57,2.2623700647809657,2.2623700647809657,-0.30762993521903415,True,256
stratified_wide_penalty_matched_constant,internal_validation,15,257,300,False,0.43,2.2623700647809657,2.2623700647809657,1.8323700647809658,False,
stratified_wide_penalty_matched_constant,internal_validation,16,0,18,True,0.18,2.2623700647809657,2.2623700647809657,2.0823700647809655,False,6
stratified_wide_penalty_matched_constant,internal_validation,16,18,67,True,0.49,2.2623700647809657,2.2623700647809657,1.7723700647809657,False,45
stratified_wide_penalty_matched_constant,internal_validation,16,67,81,True,0.14,2.2623700647809657,2.2623700647809657,2.1223700647809656,False,9
stratified_wide_penalty_matched_constant,internal_validation,16,81,144,True,0.63,2.2623700647809657,2.2623700647809657,1.6323700647809658,False,29
stratified_wide_penalty_matched_constant,internal_validation,16,144,203,True,0.59,2.2623700647809657,2.2623700647809657,1.6723700647809658,False,15
stratified_wide_penalty_matched_constant,internal_validation,16,203,257,True,0.54,2.2623700647809657,2.2623700647809657,1.7223700647809657,False,14
stratified_wide_penalty_matched_constant,internal_validation,16,257,299,True,0.42,2.2623700647809657,2.2623700647809657,1.8423700647809658,False,11
stratified_wide_penalty_matched_constant,internal_validation,16,299,300,False,0.01,2.2623700647809657,2.2623700647809657,2.252370064780966,False,
stratified_wide_penalty_matched_constant,internal_validation,17,0,91,True,0.91,2.2623700647809657,2.2623700647809657,1.3523700647809656,False,50
stratified_wide_penalty_matched_constant,internal_validation,17,91,213,True,1.22,2.2623700647809657,2.2623700647809657,1.0423700647809657,False,71
stratified_wide_penalty_matched_constant,internal_validation,17,213,259,True,0.46,2.2623700647809657,2.2623700647809657,1.8023700647809657,False,22
stratified_wide_penalty_matched_constant,internal_validation,17,259,300,False,0.41000000000000003,2.2623700647809657,2.2623700647809657,1.8523700647809656,False,
stratified_wide_penalty_matched_constant,internal_validation,18,0,300,False,3.0,2.2623700647809657,2.2623700647809657,-0.7376299352190343,True,
stratified_wide_penalty_matched_constant,internal_validation,19,0,25,True,0.25,2.2623700647809657,2.2623700647809657,2.0123700647809657,False,25
stratified_wide_penalty_matched_constant,internal_validation,19,25,204,True,1.79,2.2623700647809657,2.2623700647809657,0.47237006478096566,False,169
stratified_wide_penalty_matched_constant,internal_validation,19,204,300,False,0.96,2.2623700647809657,2.2623700647809657,1.3023700647809657,False,
stratified_wide_penalty_cap_constant,internal_validation,0,0,14,True,0.14,2.4,2.4,2.26,False,14
stratified_wide_penalty_cap_constant,internal_validation,0,14,62,True,0.48,2.4,2.4,1.92,False,8
stratified_wide_penalty_cap_constant,internal_validation,0,62,300,False,2.38,2.4,2.4,0.020000000000000018,False,
stratified_wide_penalty_cap_constant,internal_validation,1,0,2,True,0.02,2.4,2.4,2.38,False,2
stratified_wide_penalty_cap_constant,internal_validation,1,2,60,True,0.58,2.4,2.4,1.8199999999999998,False,49
stratified_wide_penalty_cap_constant,internal_validation,1,60,300,False,2.4,2.4,2.4,0.0,False,
stratified_wide_penalty_cap_constant,internal_validation,2,0,92,True,0.92,2.4,2.4,1.48,False,92
stratified_wide_penalty_cap_constant,internal_validation,2,92,248,True,1.56,2.4,2.4,0.8399999999999999,False,144
stratified_wide_penalty_cap_constant,internal_validation,2,248,300,False,0.52,2.4,2.4,1.88,False,
stratified_wide_penalty_cap_constant,internal_validation,3,0,47,True,0.47000000000000003,2.4,2.4,1.93,False,47
stratified_wide_penalty_cap_constant,internal_validation,3,47,300,False,2.5300000000000002,2.4,2.4,-0.13000000000000034,True,
stratified_wide_penalty_cap_constant,internal_validation,4,0,66,True,0.66,2.4,2.4,1.7399999999999998,False,13
stratified_wide_penalty_cap_constant,internal_validation,4,66,243,True,1.77,2.4,2.4,0.6299999999999999,False,132
stratified_wide_penalty_cap_constant,internal_validation,4,243,300,False,0.5700000000000001,2.4,2.4,1.8299999999999998,False,
stratified_wide_penalty_cap_constant,internal_validation,5,0,48,True,0.48,2.4,2.4,1.92,False,11
stratified_wide_penalty_cap_constant,internal_validation,5,48,174,True,1.26,2.4,2.4,1.14,False,111
stratified_wide_penalty_cap_constant,internal_validation,5,174,217,True,0.43,2.4,2.4,1.97,False,33
stratified_wide_penalty_cap_constant,internal_validation,5,217,300,False,0.8300000000000001,2.4,2.4,1.5699999999999998,False,
stratified_wide_penalty_cap_constant,internal_validation,6,0,20,True,0.2,2.4,2.4,2.1999999999999997,False,9
stratified_wide_penalty_cap_constant,internal_validation,6,20,73,True,0.53,2.4,2.4,1.8699999999999999,False,43
stratified_wide_penalty_cap_constant,internal_validation,6,73,127,True,0.54,2.4,2.4,1.8599999999999999,False,33
stratified_wide_penalty_cap_constant,internal_validation,6,127,276,True,1.49,2.4,2.4,0.9099999999999999,False,74
stratified_wide_penalty_cap_constant,internal_validation,6,276,300,False,0.24,2.4,2.4,2.16,False,
stratified_wide_penalty_cap_constant,internal_validation,7,0,215,True,2.15,2.4,2.4,0.25,False,206
stratified_wide_penalty_cap_constant,internal_validation,7,215,300,False,0.85,2.4,2.4,1.5499999999999998,False,
stratified_wide_penalty_cap_constant,internal_validation,8,0,93,True,0.93,2.4,2.4,1.4699999999999998,False,93
stratified_wide_penalty_cap_constant,internal_validation,8,93,244,True,1.51,2.4,2.4,0.8899999999999999,False,71
stratified_wide_penalty_cap_constant,internal_validation,8,244,300,False,0.56,2.4,2.4,1.8399999999999999,False,
stratified_wide_penalty_cap_constant,internal_validation,9,0,11,True,0.11,2.4,2.4,2.29,False,11
stratified_wide_penalty_cap_constant,internal_validation,9,11,300,False,2.89,2.4,2.4,-0.4900000000000002,True,
stratified_wide_penalty_cap_constant,internal_validation,10,0,175,True,1.75,2.4,2.4,0.6499999999999999,False,64
stratified_wide_penalty_cap_constant,internal_validation,10,175,300,False,1.25,2.4,2.4,1.15,False,
stratified_wide_penalty_cap_constant,internal_validation,11,0,28,True,0.28,2.4,2.4,2.12,False,28
stratified_wide_penalty_cap_constant,internal_validation,11,28,75,True,0.47000000000000003,2.4,2.4,1.93,False,31
stratified_wide_penalty_cap_constant,internal_validation,11,75,300,False,2.25,2.4,2.4,0.1499999999999999,False,
stratified_wide_penalty_cap_constant,internal_validation,12,0,300,False,3.0,2.4,2.4,-0.6000000000000001,True,
stratified_wide_penalty_cap_constant,internal_validation,13,0,10,True,0.1,2.4,2.4,2.3,False,8
stratified_wide_penalty_cap_constant,internal_validation,13,10,99,True,0.89,2.4,2.4,1.5099999999999998,False,23
stratified_wide_penalty_cap_constant,internal_validation,13,99,300,False,2.0100000000000002,2.4,2.4,0.3899999999999997,False,
stratified_wide_penalty_cap_constant,internal_validation,14,0,15,True,0.15,2.4,2.4,2.25,False,15
stratified_wide_penalty_cap_constant,internal_validation,14,15,86,True,0.71,2.4,2.4,1.69,False,63
stratified_wide_penalty_cap_constant,internal_validation,14,86,179,True,0.93,2.4,2.4,1.4699999999999998,False,82
stratified_wide_penalty_cap_constant,internal_validation,14,179,300,False,1.21,2.4,2.4,1.19,False,
stratified_wide_penalty_cap_constant,internal_validation,15,0,257,True,2.57,2.4,2.4,-0.16999999999999993,True,256
stratified_wide_penalty_cap_constant,internal_validation,15,257,300,False,0.43,2.4,2.4,1.97,False,
stratified_wide_penalty_cap_constant,internal_validation,16,0,18,True,0.18,2.4,2.4,2.2199999999999998,False,6
stratified_wide_penalty_cap_constant,internal_validation,16,18,67,True,0.49,2.4,2.4,1.91,False,45
stratified_wide_penalty_cap_constant,internal_validation,16,67,81,True,0.14,2.4,2.4,2.26,False,9
stratified_wide_penalty_cap_constant,internal_validation,16,81,144,True,0.63,2.4,2.4,1.77,False,29
stratified_wide_penalty_cap_constant,internal_validation,16,144,203,True,0.59,2.4,2.4,1.81,False,15
stratified_wide_penalty_cap_constant,internal_validation,16,203,257,True,0.54,2.4,2.4,1.8599999999999999,False,14
stratified_wide_penalty_cap_constant,internal_validation,16,257,299,True,0.42,2.4,2.4,1.98,False,11
stratified_wide_penalty_cap_constant,internal_validation,16,299,300,False,0.01,2.4,2.4,2.39,False,
stratified_wide_penalty_cap_constant,internal_validation,17,0,91,True,0.91,2.4,2.4,1.4899999999999998,False,50
stratified_wide_penalty_cap_constant,internal_validation,17,91,213,True,1.22,2.4,2.4,1.18,False,71
stratified_wide_penalty_cap_constant,internal_validation,17,213,259,True,0.46,2.4,2.4,1.94,False,22
stratified_wide_penalty_cap_constant,internal_validation,17,259,300,False,0.41000000000000003,2.4,2.4,1.9899999999999998,False,
stratified_wide_penalty_cap_constant,internal_validation,18,0,300,False,3.0,2.4,2.4,-0.6000000000000001,True,
stratified_wide_penalty_cap_constant,internal_validation,19,0,25,True,0.25,2.4,2.4,2.15,False,25
stratified_wide_penalty_cap_constant,internal_validation,19,25,204,True,1.79,2.4,2.4,0.6099999999999999,False,169
stratified_wide_penalty_cap_constant,internal_validation,19,204,300,False,0.96,2.4,2.4,1.44,False,
