name,split,id,accepting,candidate_required,value,mean_successor,drift
W_k32_m0.01_H1_path0,train,B_S24:47500000:1,False,True,0.48784443736076355,0.4481934467330575,-0.03965099062770605
W_k32_m0.01_H1_path0,train,B_S24:47500000:8,False,True,0.3531549274921417,0.14354799105785787,-0.20960693643428385
W_k32_m0.01_H1_path0,train,B_S24:47500000:26,True,False,0.010620826855301857,0.01578364490706008,0.005162818051758222
W_k32_m0.01_H1_path0,train,B_S24:47500000:39,True,False,0.0273301899433136,0.01721975117106922,-0.010110438772244379
W_k32_m0.01_H1_path0,train,B_S24:47500000:84,True,False,0.007991324178874493,0.009376689267810434,0.0013853650889359415
W_k32_m0.01_H1_path0,train,B_S24:47500000:141,True,False,0.011337182484567165,0.010532732048886828,-0.0008044504356803373
W_k32_m0.01_H1_path0,train,B_S24:47500000:144,True,False,0.0061765010468661785,0.0075058206130051985,0.00132931956613902
W_k32_m0.01_H1_path0,train,B_S24:47500000:155,True,False,0.005247506313025951,0.0056987792704603635,0.0004512729574344121
W_k32_m0.01_H1_path0,train,B_S24:47500000:169,True,False,0.0022607322316616774,0.00456986274002702,0.0023091305083653424
W_k32_m0.01_H1_path0,train,B_S24:47500000:179,True,False,0.004067909903824329,0.004056303732795641,-1.160617102868855e-05
W_k32_m0.01_H1_path0,train,B_S24:47500002:2,False,True,0.5136022567749023,0.4449017373844981,-0.06870051939040422
W_k32_m0.01_H1_path0,train,B_S24:47500002:3,False,True,0.4931357502937317,0.4383629718795419,-0.054772778414189816
W_k32_m0.01_H1_path0,train,B_S24:47500002:15,False,True,0.1754472553730011,0.08349906950024888,-0.09194818587275222
W_k32_m0.01_H1_path0,train,B_S24:47500002:25,False,True,0.12060199677944183,0.03736115383799188,-0.08324084294144996
W_k32_m0.01_H1_path0,train,B_S24:47500002:33,True,False,0.010996246710419655,0.021210148406680673,0.010213901696261019
W_k32_m0.01_H1_path0,train,B_S24:47500002:55,True,False,0.004790590610355139,0.006701865633658599,0.0019112750233034603
W_k32_m0.01_H1_path0,train,B_S24:47500002:101,True,False,0.0076215206645429134,0.004736967850476503,-0.00288455281406641
W_k32_m0.01_H1_path0,train,B_S24:47500002:114,True,False,0.013848838396370411,0.00849195685441373,-0.005356881541956682
W_k32_m0.01_H1_path0,train,B_S24:47500002:152,True,False,0.0029138459358364344,0.004094534793694038,0.0011806888578576036
W_k32_m0.01_H1_path0,train,B_S24:47500002:178,True,False,0.005814488511532545,0.006607718190934975,0.0007932296794024296
W_k32_m0.01_H1_path0,train,B_S24:47500003:4,False,True,0.5135152339935303,0.2984034870751202,-0.21511174691841006
W_k32_m0.01_H1_path0,train,B_S24:47500003:16,False,True,0.25120842456817627,0.12682540342211723,-0.12438302114605904
W_k32_m0.01_H1_path0,train,B_S24:47500003:24,False,True,0.07981263101100922,0.016563022014452145,-0.06324960899655707
W_k32_m0.01_H1_path0,train,B_S24:47500003:41,True,False,0.011438896879553795,0.012882704322692007,0.001443807443138212
W_k32_m0.01_H1_path0,train,B_S24:47500003:46,True,False,0.005682840012013912,0.008823632539133541,0.003140792527119629
W_k32_m0.01_H1_path0,train,B_S24:47500003:80,True,False,0.008980907499790192,0.0051098212352371775,-0.003871086264553014
W_k32_m0.01_H1_path0,train,B_S24:47500003:91,True,False,0.007526404224336147,0.008603199370554648,0.001076795146218501
W_k32_m0.01_H1_path0,train,B_S24:47500003:109,True,False,0.012808552011847496,0.01809021009830758,0.005281658086460084
W_k32_m0.01_H1_path0,train,B_S24:47500003:149,True,False,0.0057374257594347,0.006345713132759556,0.0006082873733248562
W_k32_m0.01_H1_path0,train,B_S24:47500003:180,True,False,0.004600202199071646,0.011611131645622663,0.0070109294465510175
W_k32_m0.01_H1_path0,train,B_S24:47500005:2,False,True,0.5073870420455933,0.3858356708660722,-0.12155137117952108
W_k32_m0.01_H1_path0,train,B_S24:47500005:6,False,True,0.3249601721763611,0.27508905343711376,-0.04987111873924732
W_k32_m0.01_H1_path0,train,B_S24:47500005:13,False,True,0.20686036348342896,0.10408292367355898,-0.10277743980986997
W_k32_m0.01_H1_path0,train,B_S24:47500005:45,True,False,0.007205495610833168,0.00904749330948107,0.0018419976986479014
W_k32_m0.01_H1_path0,train,B_S24:47500005:46,True,False,0.007983945310115814,0.008767683422775008,0.0007837381126591936
W_k32_m0.01_H1_path0,train,B_S24:47500005:67,True,False,0.006948459427803755,0.01329920552961994,0.006350746101816185
W_k32_m0.01_H1_path0,train,B_S24:47500005:106,True,False,0.006269032135605812,0.013689704370335676,0.007420672234729864
W_k32_m0.01_H1_path0,train,B_S24:47500005:120,True,False,0.007143938448280096,0.008794931331067346,0.00165099288278725
W_k32_m0.01_H1_path0,train,B_S24:47500005:170,True,False,0.005283014848828316,0.013695131288841367,0.008412116440013051
W_k32_m0.01_H1_path0,train,B_S24:47500006:4,False,True,0.38824498653411865,0.29558021714910865,-0.09266476938501
W_k32_m0.01_H1_path0,train,B_S24:47500006:5,False,True,0.34621262550354004,0.22257531562354416,-0.12363730987999588
W_k32_m0.01_H1_path0,train,B_S24:47500006:8,False,True,0.7439232468605042,0.06364970487629762,-0.6802735419842065
W_k32_m0.01_H1_path0,train,B_S24:47500006:10,False,True,0.06040478125214577,0.01665411398425931,-0.043750667267886456
W_k32_m0.01_H1_path0,train,B_S24:47500006:89,True,False,0.017256025224924088,0.02673065867566038,0.009474633450736292
W_k32_m0.01_H1_path0,train,B_S24:47500006:102,True,False,0.09995998442173004,0.062239519946160726,-0.037720464475569315
W_k32_m0.01_H1_path0,train,B_S24:47500006:118,True,False,0.016988279297947884,0.02190622725902358,0.004917947961075697
W_k32_m0.01_H1_path0,train,B_S24:47500006:136,True,False,0.043526582419872284,0.02565828533261083,-0.017868297087261453
W_k32_m0.01_H1_path0,train,B_S24:47500006:169,True,False,0.003602420212700963,0.0045237862432259135,0.0009213660305249505
W_k32_m0.01_H1_path0,train,B_S24:47500007:4,False,True,0.5982471108436584,0.302682030480355,-0.2955650803633034
W_k32_m0.01_H1_path0,train,B_S24:47500007:6,False,True,0.4238751530647278,0.23380223964340985,-0.19007291342131793
W_k32_m0.01_H1_path0,train,B_S24:47500007:13,False,True,0.17908936738967896,0.06231864861911163,-0.11677071877056733
W_k32_m0.01_H1_path0,train,B_S24:47500007:36,True,False,0.009262222796678543,0.017957114803721197,0.008694892007042654
W_k32_m0.01_H1_path0,train,B_S24:47500007:97,True,False,0.019751954823732376,0.016940354762482457,-0.0028116000612499192
W_k32_m0.01_H1_path0,train,B_S24:47500007:118,True,False,0.0148328747600317,0.009889354143524542,-0.004943520616507158
W_k32_m0.01_H1_path0,train,B_S24:47500007:134,True,False,0.010881306603550911,0.009927843610057607,-0.0009534629934933037
W_k32_m0.01_H1_path0,train,B_S24:47500007:168,True,False,0.004590373951941729,0.006909505340445321,0.0023191313885035925
W_k32_m0.01_H1_path0,train,B_S24:47500008:4,False,True,0.43186476826667786,0.3728618836030364,-0.05900288466364145
W_k32_m0.01_H1_path0,train,B_S24:47500008:10,False,True,0.3003042936325073,0.22040792973712087,-0.07989636389538646
W_k32_m0.01_H1_path0,train,B_S24:47500008:20,False,True,0.08543689548969269,0.022248392429901287,-0.0631885030597914
W_k32_m0.01_H1_path0,train,B_S24:47500008:28,True,False,0.006734790746122599,0.009173972168355249,0.0024391814222326502
W_k32_m0.01_H1_path0,train,B_S24:47500008:34,True,False,0.009819048456847668,0.012831676984205842,0.0030126285273581743
W_k32_m0.01_H1_path0,train,B_S24:47500008:112,True,False,0.005980208050459623,0.007587082785903476,0.0016068747354438528
W_k32_m0.01_H1_path0,train,B_S24:47500008:131,True,False,0.02795758657157421,0.011928498599445447,-0.016029087972128764
W_k32_m0.01_H1_path0,train,B_S24:47500008:172,True,False,0.008329875767230988,0.010902861526119523,0.002572985758888535
W_k32_m0.01_H1_path0,train,B_S24:47500009:6,False,True,0.4029562473297119,0.2959020361304283,-0.1070542111992836
W_k32_m0.01_H1_path0,train,B_S24:47500009:11,False,True,0.3099762201309204,0.10994001303333789,-0.20003620709758252
W_k32_m0.01_H1_path0,train,B_S24:47500009:15,False,True,0.13157282769680023,0.052252927504014224,-0.07931990019278601
W_k32_m0.01_H1_path0,train,B_S24:47500009:20,False,True,0.08723077178001404,0.006367236215737648,-0.08086353556427639
W_k32_m0.01_H1_path0,train,B_S24:47500009:26,True,False,0.007943090982735157,0.010168875131057575,0.0022257841483224183
W_k32_m0.01_H1_path0,train,B_S24:47500009:36,True,False,0.005866865161806345,0.006874674261780456,0.0010078090999741107
W_k32_m0.01_H1_path0,train,B_S24:47500009:68,True,False,0.011281322687864304,0.010080131964059547,-0.001201190723804757
W_k32_m0.01_H1_path0,train,B_S24:47500009:142,True,False,0.018350332975387573,0.012934537677210756,-0.005415795298176818
W_k32_m0.01_H1_path0,train,B_S24:47500011:5,False,True,0.408504843711853,0.22519362793536857,-0.18331121577648446
W_k32_m0.01_H1_path0,train,B_S24:47500011:15,False,True,0.09673181176185608,0.01598341301723849,-0.08074839874461759
W_k32_m0.01_H1_path0,train,B_S24:47500011:26,True,False,0.009255381301045418,0.014206646403181367,0.004951265102135949
W_k32_m0.01_H1_path0,train,B_S24:47500011:29,True,False,0.005158910993486643,0.012247196209500544,0.007088285216013901
W_k32_m0.01_H1_path0,train,B_S24:47500011:31,True,False,0.012038752436637878,0.00801472007879056,-0.004024032357847318
W_k32_m0.01_H1_path0,train,B_S24:47500011:36,True,False,0.008790514431893826,0.01106255692866398,0.0022720424967701547
W_k32_m0.01_H1_path0,train,B_S24:47500011:49,True,False,0.014166311360895634,0.03592902107629925,0.021762709715403616
W_k32_m0.01_H1_path0,train,B_S24:47500011:56,True,False,0.008842810988426208,0.009657269372837618,0.0008144583844114095
W_k32_m0.01_H1_path0,train,B_S24:47500011:74,True,False,0.008214462548494339,0.00817181255115429,-4.2649997340049595e-05
W_k32_m0.01_H1_path0,train,B_S24:47500011:167,True,False,0.009395935572683811,0.005321183954947628,-0.004074751617736183
W_k32_m0.01_H1_path0,train,B_S24:47500013:14,False,True,0.3656542897224426,0.04958858068857808,-0.31606570903386455
W_k32_m0.01_H1_path0,train,B_S24:47500013:15,False,True,0.27973759174346924,0.041777331789489836,-0.2379602599539794
W_k32_m0.01_H1_path0,train,B_S24:47500013:28,True,False,0.01141517423093319,0.011422569907153957,7.3956762207672e-06
W_k32_m0.01_H1_path0,train,B_S24:47500013:32,True,False,0.009361132979393005,0.017694495152682066,0.00833336217328906
W_k32_m0.01_H1_path0,train,B_S24:47500013:58,True,False,0.023892737925052643,0.028923829057021067,0.005031091131968424
W_k32_m0.01_H1_path0,train,B_S24:47500013:83,True,False,0.004004570189863443,0.005118465072882827,0.001113894883019384
W_k32_m0.01_H1_path0,train,B_S24:47500013:119,True,False,0.028464797884225845,0.0072772802886902355,-0.02118751759553561
W_k32_m0.01_H1_path0,train,B_S24:47500013:128,True,False,0.006570981349796057,0.006282964706770144,-0.00028801664302591234
W_k32_m0.01_H1_path0,train,B_S24:47500013:162,True,False,0.010647793300449848,0.023851434318203246,0.013203641017753398
W_k32_m0.01_H1_path0,train,B_S24:47500013:165,True,False,0.00778228510171175,0.01512112065393012,0.00733883555221837
W_k32_m0.01_H1_path0,train,B_S24:47500014:9,False,True,0.1887524425983429,0.08199942065402865,-0.10675302194431424
W_k32_m0.01_H1_path0,train,B_S24:47500014:10,False,True,0.2373812198638916,0.07165492077183444,-0.16572629909205716
W_k32_m0.01_H1_path0,train,B_S24:47500014:20,False,True,0.03585948050022125,0.016662659785652068,-0.019196820714569185
W_k32_m0.01_H1_path0,train,B_S24:47500014:43,True,False,0.015768183395266533,0.009790917974896729,-0.005977265420369804
W_k32_m0.01_H1_path0,train,B_S24:47500014:60,True,False,0.0032823511864989996,0.0064102904361789115,0.003127939249679912
W_k32_m0.01_H1_path0,train,B_S24:47500014:78,True,False,0.003755495883524418,0.005531358219741378,0.00177586233621696
W_k32_m0.01_H1_path0,train,B_S24:47500014:99,True,False,0.009119215421378613,0.011647830920992419,0.0025286154996138066
W_k32_m0.01_H1_path0,train,B_S24:47500014:134,True,False,0.004481559153646231,0.006922341053723358,0.002440781900077127
W_k32_m0.01_H1_path0,train,B_S24:47500014:161,True,False,0.011022933758795261,0.011808888288214803,0.0007859545294195414
W_k32_m0.01_H1_path0,train,B_S24:47500014:170,True,False,0.0028719487600028515,0.006538051900861319,0.0036661031408584677
W_k32_m0.01_H1_path0,train,B_S24:47500016:4,False,True,0.5861882567405701,0.2911152560263872,-0.29507300071418285
W_k32_m0.01_H1_path0,train,B_S24:47500016:5,False,True,0.39435383677482605,0.23839585320092738,-0.15595798357389867
W_k32_m0.01_H1_path0,train,B_S24:47500016:30,True,False,0.004853410646319389,0.019929949259676505,0.015076538613357116
W_k32_m0.01_H1_path0,train,B_S24:47500016:42,True,False,0.01032417081296444,0.00815226836130023,-0.0021719024516642094
W_k32_m0.01_H1_path0,train,B_S24:47500016:43,True,False,0.005617678631097078,0.009368289523990825,0.0037506108928937465
W_k32_m0.01_H1_path0,train,B_S24:47500016:108,True,False,0.007045854348689318,0.005251679074717686,-0.0017941752739716321
W_k32_m0.01_H1_path0,train,B_S24:47500016:129,True,False,0.007772729266434908,0.006399728052201681,-0.001373001214233227
W_k32_m0.01_H1_path0,train,B_S24:47500016:165,True,False,0.0039034660439938307,0.004161440068855882,0.000257974024862051
W_k32_m0.01_H1_path0,train,B_S24:47500016:169,True,False,0.004752720706164837,0.004175637353910133,-0.0005770833522547036
W_k32_m0.01_H1_path0,development,B_S24:47600000:3,False,True,0.3841113746166229,0.4098805111134425,0.025769136496819556
W_k32_m0.01_H1_path0,development,B_S24:47600000:14,False,True,0.014331775717437267,0.018620759585701308,0.00428898386826404
W_k32_m0.01_H1_path0,development,B_S24:47600000:17,False,True,0.008744011633098125,0.00776669464448787,-0.000977316988610255
W_k32_m0.01_H1_path0,development,B_S24:47600000:21,False,True,0.012165470980107784,0.006978413728575106,-0.0051870572515326785
W_k32_m0.01_H1_path0,development,B_S24:47600000:29,True,False,0.007325916551053524,0.008817256178190291,0.0014913396271367674
W_k32_m0.01_H1_path0,development,B_S24:47600000:32,True,False,0.008885210379958153,0.014727398681316117,0.0058421883013579645
W_k32_m0.01_H1_path0,development,B_S24:47600000:76,True,False,0.01363856066018343,0.012307083745326963,-0.0013314769148564665
W_k32_m0.01_H1_path0,development,B_S24:47600000:83,True,False,0.00802644994109869,0.007630405441886978,-0.0003960444992117118
W_k32_m0.01_H1_path0,development,B_S24:47600000:157,True,False,0.0027815266512334347,0.005381248883168155,0.00259972223193472
W_k32_m0.01_H1_path0,development,B_S24:47600002:2,False,True,0.3719533681869507,0.4452813344541937,0.07332796626724303
W_k32_m0.01_H1_path0,development,B_S24:47600002:16,False,True,0.015744084492325783,0.02831043430524005,0.012566349812914268
W_k32_m0.01_H1_path0,development,B_S24:47600002:30,True,False,0.014531147666275501,0.013505323231584043,-0.001025824434691458
W_k32_m0.01_H1_path0,development,B_S24:47600002:36,True,False,0.009625802747905254,0.01809304330708983,0.008467240559184575
W_k32_m0.01_H1_path0,development,B_S24:47600002:68,True,False,0.005297000985592604,0.015455818566351809,0.010158817580759205
W_k32_m0.01_H1_path0,development,B_S24:47600002:76,True,False,0.027971476316452026,0.020242549828253686,-0.00772892648819834
W_k32_m0.01_H1_path0,development,B_S24:47600002:79,True,False,0.02566649205982685,0.04381593271318707,0.018149440653360216
W_k32_m0.01_H1_path0,development,B_S24:47600002:89,True,False,0.010718327946960926,0.014816647591032961,0.004098319644072035
W_k32_m0.01_H1_path0,development,B_S24:47600002:107,True,False,0.12303270399570465,0.045552501072961604,-0.07748020292274305
W_k32_m0.01_H1_path0,development,B_S24:47600003:1,False,True,0.4384370744228363,0.45549448882229626,0.017057414399459958
W_k32_m0.01_H1_path0,development,B_S24:47600003:3,False,True,0.5196875333786011,0.4066043935599737,-0.11308313981862739
W_k32_m0.01_H1_path0,development,B_S24:47600003:4,False,True,0.31897199153900146,0.34392763758660294,0.024955646047601476
W_k32_m0.01_H1_path0,development,B_S24:47600003:11,False,True,0.05033653602004051,0.05859022039658157,0.00825368437654106
W_k32_m0.01_H1_path0,development,B_S24:47600003:12,False,True,0.045853327959775925,0.04526819161401363,-0.0005851363457622938
W_k32_m0.01_H1_path0,development,B_S24:47600003:22,False,True,0.011561277322471142,0.01588217486641952,0.0043208975439483766
W_k32_m0.01_H1_path0,development,B_S24:47600003:70,True,False,0.01142862904816866,0.013656013399668154,0.002227384351499495
W_k32_m0.01_H1_path0,development,B_S24:47600003:90,True,False,0.005193483084440231,0.011327460731081374,0.006133977646641142
W_k32_m0.01_H1_path0,development,B_S24:47600003:112,True,False,0.0038416513707488775,0.004931121300614905,0.001089469929866027
W_k32_m0.01_H1_path0,development,B_S24:47600003:125,True,False,0.004669116344302893,0.00580295588770241,0.0011338395433995174
W_k32_m0.01_H1_path0,development,B_S24:47600004:3,False,True,0.3498525619506836,0.35676581820007414,0.0069132562493905425
W_k32_m0.01_H1_path0,development,B_S24:47600004:8,False,True,0.34117478132247925,0.09461624047253281,-0.24655854084994644
W_k32_m0.01_H1_path0,development,B_S24:47600004:53,True,False,0.003524972591549158,0.0035206067482249637,-4.3658433241944294e-06
W_k32_m0.01_H1_path0,development,B_S24:47600004:65,True,False,0.005171254742890596,0.0033080149078159593,-0.001863239835074637
W_k32_m0.01_H1_path0,development,B_S24:47600004:92,True,False,0.0023933618795126677,0.004239778634655522,0.0018464167551428545
W_k32_m0.01_H1_path0,development,B_S24:47600004:109,True,False,0.0030072308145463467,0.005446702433800965,0.0024394716192546184
W_k32_m0.01_H1_path0,development,B_S24:47600004:122,True,False,0.0031913360580801964,0.0039784200785106805,0.0007870840204304841
W_k32_m0.01_H1_path0,development,B_S24:47600005:2,False,True,0.47872886061668396,0.3984103391994722,-0.08031852141721174
W_k32_m0.01_H1_path0,development,B_S24:47600005:5,False,True,0.257970929145813,0.23423802840989083,-0.023732900735922158
W_k32_m0.01_H1_path0,development,B_S24:47600005:15,False,True,0.021177811548113823,0.013328905022717663,-0.00784890652539616
W_k32_m0.01_H1_path0,development,B_S24:47600005:24,True,False,0.008900217711925507,0.008050318637742748,-0.0008498990741827583
W_k32_m0.01_H1_path0,development,B_S24:47600005:33,True,False,0.0038401554338634014,0.009045653234352358,0.005205497800488956
W_k32_m0.01_H1_path0,development,B_S24:47600005:48,True,False,0.013386084698140621,0.00599236570587891,-0.007393718992261711
W_k32_m0.01_H1_path0,development,B_S24:47600005:86,True,False,0.00796179473400116,0.00732766472037838,-0.0006341300136227801
W_k32_m0.01_H1_path0,development,B_S24:47600005:88,True,False,0.004528992809355259,0.008401448758377228,0.003872455949021969
W_k32_m0.01_H1_path0,development,B_S24:47600005:105,True,False,0.035157378762960434,0.014096230817813193,-0.02106114794514724
W_k32_m0.01_H1_path0,development,B_S24:47600005:119,True,False,0.004472189117223024,0.012380283802485792,0.007908094685262768
W_k32_m0.01_H1_path0,development,B_S24:47600006:2,False,True,0.42427563667297363,0.40974776225630194,-0.014527874416671693
W_k32_m0.01_H1_path0,development,B_S24:47600006:11,False,True,0.03782346472144127,0.048364393833253416,0.010540929111812147
W_k32_m0.01_H1_path0,development,B_S24:47600006:13,False,True,0.01253717951476574,0.010927836060545815,-0.0016093434542199248
W_k32_m0.01_H1_path0,development,B_S24:47600006:16,False,True,0.017719758674502373,0.018762203899314045,0.0010424452248116722
W_k32_m0.01_H1_path0,development,B_S24:47600006:25,True,False,0.010675794444978237,0.018536840812885202,0.007861046367906965
W_k32_m0.01_H1_path0,development,B_S24:47600006:38,True,False,0.013387104496359825,0.012061631088727154,-0.0013254734076326713
W_k32_m0.01_H1_path0,development,B_S24:47600006:72,True,False,0.004603828303515911,0.014082806518672442,0.00947897821515653
W_k32_m0.01_H1_path0,development,B_S24:47600006:101,True,False,0.007115062326192856,0.008114022450172342,0.0009989601239794865
W_k32_m0.01_H1_path0,development,B_S24:47600006:132,True,False,0.005963069386780262,0.012785562485078117,0.006822493098297855
W_k32_m0.01_H1_path0,development,B_S24:47600006:177,True,False,0.0051107946783304214,0.008893127552255464,0.003782332873925043
W_k32_m0.01_H1_path0,development,B_S24:47600007:4,False,True,0.43043339252471924,0.31620786210987717,-0.11422553041484207
W_k32_m0.01_H1_path0,development,B_S24:47600007:7,False,True,0.15615855157375336,0.0864237007117481,-0.06973485086200526
W_k32_m0.01_H1_path0,development,B_S24:47600007:10,False,True,0.1553352028131485,0.030634438357083127,-0.12470076445606537
W_k32_m0.01_H1_path0,development,B_S24:47600007:17,False,True,0.03650878369808197,0.01706295778240019,-0.01944582591568178
W_k32_m0.01_H1_path0,development,B_S24:47600007:27,True,False,0.0054473732598125935,0.012995602087812586,0.007548228827999992
W_k32_m0.01_H1_path0,development,B_S24:47600007:28,True,False,0.007124554831534624,0.01675828274619562,0.009633727914660994
W_k32_m0.01_H1_path0,development,B_S24:47600007:61,True,False,0.0048183901235461235,0.009151326390565373,0.0043329362670192495
W_k32_m0.01_H1_path0,development,B_S24:47600007:66,True,False,0.005999892018735409,0.006284230180426675,0.0002843381616912666
W_k32_m0.01_H1_path0,development,B_S24:47600007:87,True,False,0.008350047282874584,0.011832890672849317,0.0034828433899747324
W_k32_m0.01_H1_path0,development,B_S24:47600007:117,True,False,0.006469871383160353,0.010103897552653507,0.003634026169493154
W_k32_m0.01_H1_path0,development,B_S24:47600008:6,False,True,0.23953016102313995,0.252859361746232,0.013329200723092072
W_k32_m0.01_H1_path0,development,B_S24:47600008:8,False,True,0.14157603681087494,0.15662195083859842,0.015045914027723484
W_k32_m0.01_H1_path0,development,B_S24:47600008:21,False,True,0.013814964331686497,0.008999492212751647,-0.004815472118934849
W_k32_m0.01_H1_path0,development,B_S24:47600008:23,True,False,0.030922280624508858,0.012523551609774586,-0.018398729014734272
W_k32_m0.01_H1_path0,development,B_S24:47600008:49,True,False,0.013559501618146896,0.013896202388423262,0.0003367007702763658
W_k32_m0.01_H1_path0,development,B_S24:47600008:54,True,False,0.006537549197673798,0.006880646769786836,0.00034309757211303804
W_k32_m0.01_H1_path0,development,B_S24:47600008:61,True,False,0.009252906776964664,0.004054527753396542,-0.005198379023568123
W_k32_m0.01_H1_path0,development,B_S24:47600008:87,True,False,0.0021665021777153015,0.003445411509801488,0.0012789093320861866
W_k32_m0.01_H1_path0,development,B_S24:47600008:101,True,False,0.005221943370997906,0.0037547115875895543,-0.0014672317834083515
W_k32_m0.05_H1_path0,train,B_S24:47500000:1,False,True,0.6882855296134949,0.3633360043168068,-0.3249495252966881
W_k32_m0.05_H1_path0,train,B_S24:47500000:8,False,True,0.3343907296657562,0.2371249257121235,-0.09726580395363271
W_k32_m0.05_H1_path0,train,B_S24:47500000:26,True,False,0.012057147920131683,0.014845595782389864,0.002788447862258181
W_k32_m0.05_H1_path0,train,B_S24:47500000:39,True,False,0.0177760012447834,0.013932356261648238,-0.003843644983135164
W_k32_m0.05_H1_path0,train,B_S24:47500000:84,True,False,0.010275593027472496,0.02226973813958466,0.011994145112112164
W_k32_m0.05_H1_path0,train,B_S24:47500000:141,True,False,0.010981799103319645,0.017349158733850345,0.0063673596305307
W_k32_m0.05_H1_path0,train,B_S24:47500000:144,True,False,0.011576985940337181,0.026537950470810756,0.014960964530473575
W_k32_m0.05_H1_path0,train,B_S24:47500000:155,True,False,0.010860694572329521,0.01098889912100276,0.0001282045486732386
W_k32_m0.05_H1_path0,train,B_S24:47500000:169,True,False,0.01237953919917345,0.01375563399051316,0.0013760947913397104
W_k32_m0.05_H1_path0,train,B_S24:47500000:179,True,False,0.012155234813690186,0.018950305850012228,0.006795071036322042
W_k32_m0.05_H1_path0,train,B_S24:47500002:2,False,True,0.5262527465820312,0.40133161656558514,-0.12492113001644611
W_k32_m0.05_H1_path0,train,B_S24:47500002:3,False,True,0.65618896484375,0.36168697010725737,-0.29450199473649263
W_k32_m0.05_H1_path0,train,B_S24:47500002:15,False,True,0.2067238986492157,0.12249851145315915,-0.08422538719605654
W_k32_m0.05_H1_path0,train,B_S24:47500002:25,False,True,0.23357950150966644,0.04392036297940649,-0.18965913853025995
W_k32_m0.05_H1_path0,train,B_S24:47500002:33,True,False,0.01671713776886463,0.033010752085829154,0.016293614316964522
W_k32_m0.05_H1_path0,train,B_S24:47500002:55,True,False,0.009910225868225098,0.012400119216181338,0.00248989334795624
W_k32_m0.05_H1_path0,train,B_S24:47500002:101,True,False,0.016097208485007286,0.01188830123282969,-0.004208907252177596
W_k32_m0.05_H1_path0,train,B_S24:47500002:114,True,False,0.0170696210116148,0.016744575055781752,-0.00032504595583304763
W_k32_m0.05_H1_path0,train,B_S24:47500002:152,True,False,0.03182024136185646,0.018637758068507537,-0.013182483293348923
W_k32_m0.05_H1_path0,train,B_S24:47500002:178,True,False,0.028646884486079216,0.00844003121892456,-0.020206853267154656
W_k32_m0.05_H1_path0,train,B_S24:47500003:4,False,True,0.5280962586402893,0.28468933003023267,-0.24340692861005664
W_k32_m0.05_H1_path0,train,B_S24:47500003:16,False,True,0.2616746127605438,0.12736402021255344,-0.13431059254799038
W_k32_m0.05_H1_path0,train,B_S24:47500003:24,False,True,0.19919991493225098,0.024362851458135992,-0.17483706347411498
W_k32_m0.05_H1_path0,train,B_S24:47500003:41,True,False,0.013034168630838394,0.01327110746933613,0.00023693883849773556
W_k32_m0.05_H1_path0,train,B_S24:47500003:46,True,False,0.008572328835725784,0.009599674216588028,0.0010273453808622435
W_k32_m0.05_H1_path0,train,B_S24:47500003:80,True,False,0.025402221828699112,0.013177293498301879,-0.012224928330397233
W_k32_m0.05_H1_path0,train,B_S24:47500003:91,True,False,0.01468640100210905,0.015189460493274964,0.0005030594911659136
W_k32_m0.05_H1_path0,train,B_S24:47500003:109,True,False,0.028277378529310226,0.02705527556827292,-0.001222102961037308
W_k32_m0.05_H1_path0,train,B_S24:47500003:149,True,False,0.013080458156764507,0.008725723571842536,-0.004354734584921971
W_k32_m0.05_H1_path0,train,B_S24:47500003:180,True,False,0.005940793547779322,0.015106742328498513,0.00916594878071919
W_k32_m0.05_H1_path0,train,B_S24:47500005:2,False,True,0.484719455242157,0.3479906930588186,-0.1367287621833384
W_k32_m0.05_H1_path0,train,B_S24:47500005:6,False,True,0.44251173734664917,0.2935458538122475,-0.14896588353440166
W_k32_m0.05_H1_path0,train,B_S24:47500005:13,False,True,0.24716022610664368,0.07276166291558184,-0.17439856319106184
W_k32_m0.05_H1_path0,train,B_S24:47500005:45,True,False,0.015579135157167912,0.013831841613864526,-0.0017472935433033854
W_k32_m0.05_H1_path0,train,B_S24:47500005:46,True,False,0.01359364204108715,0.012399406245094724,-0.0011942357959924266
W_k32_m0.05_H1_path0,train,B_S24:47500005:67,True,False,0.005733741447329521,0.012460263998946175,0.006726522551616654
W_k32_m0.05_H1_path0,train,B_S24:47500005:106,True,False,0.009156409651041031,0.010637442974257283,0.001481033323216252
W_k32_m0.05_H1_path0,train,B_S24:47500005:120,True,False,0.022561561316251755,0.03522257681470364,0.012661015498451889
W_k32_m0.05_H1_path0,train,B_S24:47500005:170,True,False,0.007040414959192276,0.011486810675705783,0.004446395716513507
W_k32_m0.05_H1_path0,train,B_S24:47500006:4,False,True,0.6616635918617249,0.3145149811170995,-0.34714861074462533
W_k32_m0.05_H1_path0,train,B_S24:47500006:5,False,True,0.40562722086906433,0.28774302965030074,-0.11788419121876359
W_k32_m0.05_H1_path0,train,B_S24:47500006:8,False,True,0.3587915301322937,0.20311500772368163,-0.15567652240861207
W_k32_m0.05_H1_path0,train,B_S24:47500006:10,False,True,0.2515728771686554,0.11320601613260806,-0.13836686103604734
W_k32_m0.05_H1_path0,train,B_S24:47500006:89,True,False,0.007497892249375582,0.013898830220568925,0.006400937971193343
W_k32_m0.05_H1_path0,train,B_S24:47500006:102,True,False,0.024664586409926414,0.019295232646982186,-0.005369353762944229
W_k32_m0.05_H1_path0,train,B_S24:47500006:118,True,False,0.009252854622900486,0.014388836018042639,0.005135981395142153
W_k32_m0.05_H1_path0,train,B_S24:47500006:136,True,False,0.025862859562039375,0.02044108117115684,-0.005421778390882537
W_k32_m0.05_H1_path0,train,B_S24:47500006:169,True,False,0.013394884765148163,0.012742773411446251,-0.0006521113537019119
W_k32_m0.05_H1_path0,train,B_S24:47500007:4,False,True,0.6231979131698608,0.30118473898619413,-0.3220131741836667
W_k32_m0.05_H1_path0,train,B_S24:47500007:6,False,True,0.5241971015930176,0.23249605565797538,-0.2917010459350422
W_k32_m0.05_H1_path0,train,B_S24:47500007:13,False,True,0.23052577674388885,0.10667303198715672,-0.12385274475673214
W_k32_m0.05_H1_path0,train,B_S24:47500007:36,True,False,0.03207705542445183,0.03752476064255461,0.005447705218102783
W_k32_m0.05_H1_path0,train,B_S24:47500007:97,True,False,0.022389056161046028,0.02287894497567322,0.0004898888146271929
W_k32_m0.05_H1_path0,train,B_S24:47500007:118,True,False,0.02501857653260231,0.018350256112171337,-0.006668320420430973
W_k32_m0.05_H1_path0,train,B_S24:47500007:134,True,False,0.02013053186237812,0.019199134258087724,-0.000931397604290396
W_k32_m0.05_H1_path0,train,B_S24:47500007:168,True,False,0.010977951809763908,0.014191614725859836,0.0032136629160959274
W_k32_m0.05_H1_path0,train,B_S24:47500008:4,False,True,0.4387974143028259,0.3369161714799702,-0.10188124282285571
W_k32_m0.05_H1_path0,train,B_S24:47500008:10,False,True,0.3549129366874695,0.2050940697081387,-0.14981886697933078
W_k32_m0.05_H1_path0,train,B_S24:47500008:20,False,True,0.22290104627609253,0.02459021922550164,-0.1983108270505909
W_k32_m0.05_H1_path0,train,B_S24:47500008:28,True,False,0.013624705374240875,0.01917079440318048,0.005546089028939605
W_k32_m0.05_H1_path0,train,B_S24:47500008:34,True,False,0.011469488963484764,0.0222553338680882,0.010785844904603437
W_k32_m0.05_H1_path0,train,B_S24:47500008:112,True,False,0.011805652640759945,0.02209003061580006,0.010284377975040115
W_k32_m0.05_H1_path0,train,B_S24:47500008:131,True,False,0.03989049792289734,0.02409907602122985,-0.01579142190166749
W_k32_m0.05_H1_path0,train,B_S24:47500008:172,True,False,0.009728968143463135,0.017115474460297264,0.007386506316834129
W_k32_m0.05_H1_path0,train,B_S24:47500009:6,False,True,0.5786856412887573,0.22982082841917872,-0.3488648128695786
W_k32_m0.05_H1_path0,train,B_S24:47500009:11,False,True,0.20975106954574585,0.12532797327730805,-0.0844230962684378
W_k32_m0.05_H1_path0,train,B_S24:47500009:15,False,True,0.2696073651313782,0.10852492228150368,-0.1610824428498745
W_k32_m0.05_H1_path0,train,B_S24:47500009:20,False,True,0.10868489742279053,0.017361643287586048,-0.09132325413520448
W_k32_m0.05_H1_path0,train,B_S24:47500009:26,True,False,0.012799053452908993,0.010483298960025422,-0.0023157544928835705
W_k32_m0.05_H1_path0,train,B_S24:47500009:36,True,False,0.008370623923838139,0.009562830862705596,0.0011922069388674572
W_k32_m0.05_H1_path0,train,B_S24:47500009:68,True,False,0.014542609453201294,0.016857239097589627,0.002314629644388333
W_k32_m0.05_H1_path0,train,B_S24:47500009:142,True,False,0.011896135285496712,0.013714056796743535,0.0018179215112468228
W_k32_m0.05_H1_path0,train,B_S24:47500011:5,False,True,0.4327555000782013,0.34107151976786554,-0.09168398031033576
W_k32_m0.05_H1_path0,train,B_S24:47500011:15,False,True,0.20854900777339935,0.022710222081514075,-0.18583878569188528
W_k32_m0.05_H1_path0,train,B_S24:47500011:26,True,False,0.020354753360152245,0.010892059755860828,-0.009462693604291417
W_k32_m0.05_H1_path0,train,B_S24:47500011:29,True,False,0.009715277701616287,0.011246753201703541,0.0015314755000872537
W_k32_m0.05_H1_path0,train,B_S24:47500011:31,True,False,0.011791697703301907,0.01175313837302383,-3.855933027807623e-05
W_k32_m0.05_H1_path0,train,B_S24:47500011:36,True,False,0.017320625483989716,0.01811959655606188,0.0007989710720721632
W_k32_m0.05_H1_path0,train,B_S24:47500011:49,True,False,0.02485278621315956,0.03637401675223373,0.011521230539074168
W_k32_m0.05_H1_path0,train,B_S24:47500011:56,True,False,0.016527997329831123,0.009486409137025476,-0.007041588192805648
W_k32_m0.05_H1_path0,train,B_S24:47500011:74,True,False,0.021624328568577766,0.01798505609622225,-0.0036392724723555148
W_k32_m0.05_H1_path0,train,B_S24:47500011:167,True,False,0.016200341284275055,0.015116484049940482,-0.0010838572343345731
W_k32_m0.05_H1_path0,train,B_S24:47500013:14,False,True,0.11258555948734283,0.03196645305433776,-0.08061910643300507
W_k32_m0.05_H1_path0,train,B_S24:47500013:15,False,True,0.17541015148162842,0.013850240298779681,-0.16155991118284874
W_k32_m0.05_H1_path0,train,B_S24:47500013:28,True,False,0.028744861483573914,0.04851432319264859,0.019769461709074676
W_k32_m0.05_H1_path0,train,B_S24:47500013:32,True,False,0.019792312756180763,0.03139558859402314,0.011603275837842375
W_k32_m0.05_H1_path0,train,B_S24:47500013:58,True,False,0.01391651201993227,0.016370819241274148,0.002454307221341878
W_k32_m0.05_H1_path0,train,B_S24:47500013:83,True,False,0.011970682069659233,0.012322946931817569,0.00035226486215833575
W_k32_m0.05_H1_path0,train,B_S24:47500013:119,True,False,0.07092761993408203,0.028816117817768827,-0.042111502116313204
W_k32_m0.05_H1_path0,train,B_S24:47500013:128,True,False,0.012836123816668987,0.014625662384787574,0.0017895385681185871
W_k32_m0.05_H1_path0,train,B_S24:47500013:162,True,False,0.03405086323618889,0.05388668441446498,0.019835821178276092
W_k32_m0.05_H1_path0,train,B_S24:47500013:165,True,False,0.029567118734121323,0.020820128789637238,-0.008746989944484085
W_k32_m0.05_H1_path0,train,B_S24:47500014:9,False,True,0.4415903687477112,0.19820318155689165,-0.24338718719081953
W_k32_m0.05_H1_path0,train,B_S24:47500014:10,False,True,0.2893477976322174,0.18847332219593227,-0.10087447543628514
W_k32_m0.05_H1_path0,train,B_S24:47500014:20,False,True,0.8266974091529846,0.04782918834825978,-0.7788682208047248
W_k32_m0.05_H1_path0,train,B_S24:47500014:43,True,False,0.009345563128590584,0.015660945733543485,0.006315382604952902
W_k32_m0.05_H1_path0,train,B_S24:47500014:60,True,False,0.0165459755808115,0.015988947343430482,-0.0005570282373810187
W_k32_m0.05_H1_path0,train,B_S24:47500014:78,True,False,0.011096302419900894,0.008582778682466596,-0.002513523737434298
W_k32_m0.05_H1_path0,train,B_S24:47500014:99,True,False,0.007610441651195288,0.0100122565345373,0.0024018148833420128
W_k32_m0.05_H1_path0,train,B_S24:47500014:134,True,False,0.03190300613641739,0.027140054007759318,-0.004762952128658071
W_k32_m0.05_H1_path0,train,B_S24:47500014:161,True,False,0.018028318881988525,0.013673018635017797,-0.004355300246970728
W_k32_m0.05_H1_path0,train,B_S24:47500014:170,True,False,0.010121823288500309,0.0220722149242647,0.01195039163576439
W_k32_m0.05_H1_path0,train,B_S24:47500016:4,False,True,0.5923823118209839,0.32600204925984144,-0.26638026256114244
W_k32_m0.05_H1_path0,train,B_S24:47500016:5,False,True,0.45680350065231323,0.2896900393534452,-0.16711346129886806
W_k32_m0.05_H1_path0,train,B_S24:47500016:30,True,False,0.007953261956572533,0.02065694901102688,0.012703687054454349
W_k32_m0.05_H1_path0,train,B_S24:47500016:42,True,False,0.01920025423169136,0.014831794862402603,-0.0043684593692887574
W_k32_m0.05_H1_path0,train,B_S24:47500016:43,True,False,0.014629500918090343,0.01953636610414833,0.004906865186057985
W_k32_m0.05_H1_path0,train,B_S24:47500016:108,True,False,0.015548121184110641,0.012011252998490818,-0.0035368681856198236
W_k32_m0.05_H1_path0,train,B_S24:47500016:129,True,False,0.010994022712111473,0.012485571831348352,0.001491549119236879
W_k32_m0.05_H1_path0,train,B_S24:47500016:165,True,False,0.007235256489366293,0.009626408937037922,0.0023911524476716295
W_k32_m0.05_H1_path0,train,B_S24:47500016:169,True,False,0.007896368391811848,0.010359437321312726,0.002463068929500878
W_k32_m0.05_H1_path0,development,B_S24:47600000:3,False,True,0.2842968702316284,0.35871713556116447,0.07442026532953605
W_k32_m0.05_H1_path0,development,B_S24:47600000:14,False,True,0.053365860134363174,0.046885950350770145,-0.00647990978359303
W_k32_m0.05_H1_path0,development,B_S24:47600000:17,False,True,0.022591933608055115,0.026774695241329027,0.004182761633273913
W_k32_m0.05_H1_path0,development,B_S24:47600000:21,False,True,0.01958935149013996,0.01830237028116244,-0.0012869812089775223
W_k32_m0.05_H1_path0,development,B_S24:47600000:29,True,False,0.031158292666077614,0.024848848341207486,-0.006309444324870128
W_k32_m0.05_H1_path0,development,B_S24:47600000:32,True,False,0.015958843752741814,0.03353066307317931,0.0175718193204375
W_k32_m0.05_H1_path0,development,B_S24:47600000:76,True,False,0.010089976713061333,0.009495586040429771,-0.0005943906726315618
W_k32_m0.05_H1_path0,development,B_S24:47600000:83,True,False,0.007167700678110123,0.007546437002019957,0.00037873632390983403
W_k32_m0.05_H1_path0,development,B_S24:47600000:157,True,False,0.005807289853692055,0.01143384853094176,0.0056265586772497045
W_k32_m0.05_H1_path0,development,B_S24:47600002:2,False,True,0.3211006820201874,0.46379703958518803,0.14269635756500065
W_k32_m0.05_H1_path0,development,B_S24:47600002:16,False,True,0.01632152870297432,0.024367642523429822,0.008046113820455503
W_k32_m0.05_H1_path0,development,B_S24:47600002:30,True,False,0.010205850005149841,0.012348261541774264,0.0021424115366244223
W_k32_m0.05_H1_path0,development,B_S24:47600002:36,True,False,0.007665029261261225,0.013328320139407879,0.005663290878146654
W_k32_m0.05_H1_path0,development,B_S24:47600002:68,True,False,0.008373355492949486,0.01534407139661198,0.006970715903662494
W_k32_m0.05_H1_path0,development,B_S24:47600002:76,True,False,0.012384082190692425,0.013703811380764819,0.001319729190072394
W_k32_m0.05_H1_path0,development,B_S24:47600002:79,True,False,0.022123804315924644,0.021349562570321723,-0.0007742417456029216
W_k32_m0.05_H1_path0,development,B_S24:47600002:89,True,False,0.012592422775924206,0.020687674135842826,0.00809525135991862
W_k32_m0.05_H1_path0,development,B_S24:47600002:107,True,False,0.05778748542070389,0.04937166730087483,-0.008415818119829055
W_k32_m0.05_H1_path0,development,B_S24:47600003:1,False,True,0.47060418128967285,0.40427663235459477,-0.06632754893507808
W_k32_m0.05_H1_path0,development,B_S24:47600003:3,False,True,0.543429434299469,0.3602495073573664,-0.1831799269421026
W_k32_m0.05_H1_path0,development,B_S24:47600003:4,False,True,0.24557632207870483,0.33866004057927057,0.09308371850056574
W_k32_m0.05_H1_path0,development,B_S24:47600003:11,False,True,0.08882339298725128,0.07451127069180075,-0.014312122295450536
W_k32_m0.05_H1_path0,development,B_S24:47600003:12,False,True,0.09821336716413498,0.038011097291018814,-0.060202269873116165
W_k32_m0.05_H1_path0,development,B_S24:47600003:22,False,True,0.012789705768227577,0.020182061018203967,0.00739235524997639
W_k32_m0.05_H1_path0,development,B_S24:47600003:70,True,False,0.013306534849107265,0.02018287820465048,0.006876343355543213
W_k32_m0.05_H1_path0,development,B_S24:47600003:90,True,False,0.009829526767134666,0.010294750081811799,0.0004652233146771323
W_k32_m0.05_H1_path0,development,B_S24:47600003:112,True,False,0.008246266283094883,0.011955218618822983,0.0037089523357280996
W_k32_m0.05_H1_path0,development,B_S24:47600003:125,True,False,0.027750197798013687,0.02111280899043777,-0.006637388807575917
W_k32_m0.05_H1_path0,development,B_S24:47600004:3,False,True,0.40243226289749146,0.39501013833796605,-0.0074221245595254
W_k32_m0.05_H1_path0,development,B_S24:47600004:8,False,True,0.3486882746219635,0.1799316101532895,-0.168756664468674
W_k32_m0.05_H1_path0,development,B_S24:47600004:53,True,False,0.027077654376626015,0.024529212732886663,-0.002548441643739352
W_k32_m0.05_H1_path0,development,B_S24:47600004:65,True,False,0.01628098078072071,0.022350873738105292,0.006069892957384582
W_k32_m0.05_H1_path0,development,B_S24:47600004:92,True,False,0.02496550977230072,0.02791654338579974,0.002951033613499021
W_k32_m0.05_H1_path0,development,B_S24:47600004:109,True,False,0.06445716321468353,0.032291930463543395,-0.03216523275114014
W_k32_m0.05_H1_path0,development,B_S24:47600004:122,True,False,0.017316600307822227,0.03117105533601716,0.013854455028194934
W_k32_m0.05_H1_path0,development,B_S24:47600005:2,False,True,0.5220715403556824,0.4333522458910011,-0.0887192944646813
W_k32_m0.05_H1_path0,development,B_S24:47600005:5,False,True,0.24722284078598022,0.28953599007218145,0.042313149286201224
W_k32_m0.05_H1_path0,development,B_S24:47600005:15,False,True,0.020531781017780304,0.018777150340611115,-0.0017546306771691889
W_k32_m0.05_H1_path0,development,B_S24:47600005:24,True,False,0.012529512867331505,0.01489051728094637,0.0023610044136148645
W_k32_m0.05_H1_path0,development,B_S24:47600005:33,True,False,0.013013225048780441,0.014560054454705096,0.0015468294059246546
W_k32_m0.05_H1_path0,development,B_S24:47600005:48,True,False,0.02268306352198124,0.01648656562610995,-0.006196497895871289
W_k32_m0.05_H1_path0,development,B_S24:47600005:86,True,False,0.024503396824002266,0.01741864866744436,-0.007084748156557907
W_k32_m0.05_H1_path0,development,B_S24:47600005:88,True,False,0.011418758891522884,0.014248638499338995,0.0028298796078161104
W_k32_m0.05_H1_path0,development,B_S24:47600005:105,True,False,0.01961463689804077,0.01847366836591391,-0.0011409685321268626
W_k32_m0.05_H1_path0,development,B_S24:47600005:119,True,False,0.007127172779291868,0.013377086786931613,0.006249914007639745
W_k32_m0.05_H1_path0,development,B_S24:47600006:2,False,True,0.3999592959880829,0.40671342954738066,0.00675413355929777
W_k32_m0.05_H1_path0,development,B_S24:47600006:11,False,True,0.03120085969567299,0.04110975024741492,0.009908890551741933
W_k32_m0.05_H1_path0,development,B_S24:47600006:13,False,True,0.021680941805243492,0.01964017887985392,-0.002040762925389572
W_k32_m0.05_H1_path0,development,B_S24:47600006:16,False,True,0.04010748863220215,0.012665537422435591,-0.027441951209766557
W_k32_m0.05_H1_path0,development,B_S24:47600006:25,True,False,0.009059094823896885,0.01282779134089651,0.0037686965169996256
W_k32_m0.05_H1_path0,development,B_S24:47600006:38,True,False,0.013847308233380318,0.016982224447929184,0.0031349162145488663
W_k32_m0.05_H1_path0,development,B_S24:47600006:72,True,False,0.0073256525211036205,0.017827032395871356,0.010501379874767736
W_k32_m0.05_H1_path0,development,B_S24:47600006:101,True,False,0.01320766843855381,0.011460863022875856,-0.0017468054156779544
W_k32_m0.05_H1_path0,development,B_S24:47600006:132,True,False,0.011920261196792126,0.017935414502062486,0.00601515330527036
W_k32_m0.05_H1_path0,development,B_S24:47600006:177,True,False,0.007298272103071213,0.014602737166569568,0.0073044650634983554
W_k32_m0.05_H1_path0,development,B_S24:47600007:4,False,True,0.4920158088207245,0.3292213985696435,-0.162794410251081
W_k32_m0.05_H1_path0,development,B_S24:47600007:7,False,True,0.11600273847579956,0.1324545761453919,0.01645183766959235
W_k32_m0.05_H1_path0,development,B_S24:47600007:10,False,True,0.19037987291812897,0.058215747583744815,-0.13216412533438415
W_k32_m0.05_H1_path0,development,B_S24:47600007:17,False,True,0.028686298057436943,0.017909891799718025,-0.010776406257718918
W_k32_m0.05_H1_path0,development,B_S24:47600007:27,True,False,0.00904995109885931,0.014230701581254834,0.005180750482395524
W_k32_m0.05_H1_path0,development,B_S24:47600007:28,True,False,0.007889345288276672,0.017502590382719063,0.00961324509444239
W_k32_m0.05_H1_path0,development,B_S24:47600007:61,True,False,0.00696082878857851,0.01022694940911606,0.0032661206205375493
W_k32_m0.05_H1_path0,development,B_S24:47600007:66,True,False,0.005293793510645628,0.009356851916891173,0.0040630584062455455
W_k32_m0.05_H1_path0,development,B_S24:47600007:87,True,False,0.009164299815893173,0.010677244754333515,0.0015129449384403415
W_k32_m0.05_H1_path0,development,B_S24:47600007:117,True,False,0.0065153841860592365,0.007751774283860868,0.0012363900978016318
W_k32_m0.05_H1_path0,development,B_S24:47600008:6,False,True,0.1548299491405487,0.2415543605311541,0.08672441139060538
W_k32_m0.05_H1_path0,development,B_S24:47600008:8,False,True,0.16807496547698975,0.17654742165177595,0.008472456174786203
W_k32_m0.05_H1_path0,development,B_S24:47600008:21,False,True,0.019373148679733276,0.028544057551698643,0.009170908871965366
W_k32_m0.05_H1_path0,development,B_S24:47600008:23,True,False,0.07088149338960648,0.029174588933528867,-0.04170690445607761
W_k32_m0.05_H1_path0,development,B_S24:47600008:49,True,False,0.03185099735856056,0.027442107730166754,-0.004408889628393808
W_k32_m0.05_H1_path0,development,B_S24:47600008:54,True,False,0.01427264604717493,0.014949035621611984,0.0006763895744370529
W_k32_m0.05_H1_path0,development,B_S24:47600008:61,True,False,0.013462213799357414,0.010599520850519184,-0.0028626929488382302
W_k32_m0.05_H1_path0,development,B_S24:47600008:87,True,False,0.010493531823158264,0.011852757152155391,0.0013592253289971268
W_k32_m0.05_H1_path0,development,B_S24:47600008:101,True,False,0.012944906018674374,0.012713276635622606,-0.00023162938305176795
W_k32_m0.1_H1_path0,train,B_S24:47500000:1,False,True,0.5932979583740234,0.37392078805714846,-0.21937717031687498
W_k32_m0.1_H1_path0,train,B_S24:47500000:8,False,True,0.41202279925346375,0.08924120484152809,-0.32278159441193566
W_k32_m0.1_H1_path0,train,B_S24:47500000:26,True,False,0.01429437194019556,0.013299663696670905,-0.0009947082435246557
W_k32_m0.1_H1_path0,train,B_S24:47500000:39,True,False,0.020753877237439156,0.01912234499468468,-0.0016315322427544743
W_k32_m0.1_H1_path0,train,B_S24:47500000:84,True,False,0.01582762971520424,0.022055181965697557,0.006227552250493318
W_k32_m0.1_H1_path0,train,B_S24:47500000:141,True,False,0.018026500940322876,0.024031812674365938,0.006005311734043062
W_k32_m0.1_H1_path0,train,B_S24:47500000:144,True,False,0.016545524820685387,0.02352279782644473,0.0069772730057593435
W_k32_m0.1_H1_path0,train,B_S24:47500000:155,True,False,0.011475659906864166,0.013280757630127482,0.0018050977232633159
W_k32_m0.1_H1_path0,train,B_S24:47500000:169,True,False,0.012115203775465488,0.017231818404980004,0.005116614629514515
W_k32_m0.1_H1_path0,train,B_S24:47500000:179,True,False,0.031986135989427567,0.017728833947330713,-0.014257302042096853
W_k32_m0.1_H1_path0,train,B_S24:47500002:2,False,True,0.579449474811554,0.3311436236836016,-0.24830585112795234
W_k32_m0.1_H1_path0,train,B_S24:47500002:3,False,True,0.42767930030822754,0.32468330301344395,-0.10299599729478359
W_k32_m0.1_H1_path0,train,B_S24:47500002:15,False,True,0.40295979380607605,0.08873167680576444,-0.3142281170003116
W_k32_m0.1_H1_path0,train,B_S24:47500002:25,False,True,0.39667558670043945,0.06361994933104143,-0.333055637369398
W_k32_m0.1_H1_path0,train,B_S24:47500002:33,True,False,0.012377831153571606,0.03494484891416505,0.022567017760593444
W_k32_m0.1_H1_path0,train,B_S24:47500002:55,True,False,0.007930315099656582,0.011078805851866491,0.0031484907522099093
W_k32_m0.1_H1_path0,train,B_S24:47500002:101,True,False,0.025085795670747757,0.01633110293187201,-0.008754692738875747
W_k32_m0.1_H1_path0,train,B_S24:47500002:114,True,False,0.0218792911618948,0.017795844774809666,-0.004083446387085132
W_k32_m0.1_H1_path0,train,B_S24:47500002:152,True,False,0.020636411383748055,0.01102665789949242,-0.009609753484255634
W_k32_m0.1_H1_path0,train,B_S24:47500002:178,True,False,0.024083789438009262,0.010836614266736433,-0.01324717517127283
W_k32_m0.1_H1_path0,train,B_S24:47500003:4,False,True,0.5410072207450867,0.2868201892124489,-0.2541870315326378
W_k32_m0.1_H1_path0,train,B_S24:47500003:16,False,True,0.20469585061073303,0.06816793192410842,-0.13652791868662462
W_k32_m0.1_H1_path0,train,B_S24:47500003:24,False,True,0.13911530375480652,0.022248208115343004,-0.11686709563946351
W_k32_m0.1_H1_path0,train,B_S24:47500003:41,True,False,0.016873391345143318,0.02083225775277242,0.0039588664076291025
W_k32_m0.1_H1_path0,train,B_S24:47500003:46,True,False,0.022207124158740044,0.020684445888036862,-0.0015226782707031816
W_k32_m0.1_H1_path0,train,B_S24:47500003:80,True,False,0.032870423048734665,0.022627458412898704,-0.01024296463583596
W_k32_m0.1_H1_path0,train,B_S24:47500003:91,True,False,0.015225010924041271,0.018217199860373512,0.0029921889363322407
W_k32_m0.1_H1_path0,train,B_S24:47500003:109,True,False,0.029991688206791878,0.03508794045774266,0.0050962522509507835
W_k32_m0.1_H1_path0,train,B_S24:47500003:149,True,False,0.019260093569755554,0.011462021648185328,-0.0077980719215702266
W_k32_m0.1_H1_path0,train,B_S24:47500003:180,True,False,0.0072473641484975815,0.018979850690811872,0.011732486542314291
W_k32_m0.1_H1_path0,train,B_S24:47500005:2,False,True,0.6013119220733643,0.34799055429175496,-0.2533213677816093
W_k32_m0.1_H1_path0,train,B_S24:47500005:6,False,True,0.44210290908813477,0.2117929020896554,-0.23031000699847937
W_k32_m0.1_H1_path0,train,B_S24:47500005:13,False,True,0.21183618903160095,0.04749352973885834,-0.1643426592927426
W_k32_m0.1_H1_path0,train,B_S24:47500005:45,True,False,0.01362371165305376,0.012820407457184047,-0.000803304195869714
W_k32_m0.1_H1_path0,train,B_S24:47500005:46,True,False,0.00838547945022583,0.014251465327106416,0.005865985876880586
W_k32_m0.1_H1_path0,train,B_S24:47500005:67,True,False,0.007641591597348452,0.018170836454373784,0.010529244857025333
W_k32_m0.1_H1_path0,train,B_S24:47500005:106,True,False,0.012255744077265263,0.013927457432146184,0.0016717133548809215
W_k32_m0.1_H1_path0,train,B_S24:47500005:120,True,False,0.016886716708540916,0.0310403315233998,0.014153614814858884
W_k32_m0.1_H1_path0,train,B_S24:47500005:170,True,False,0.01050691306591034,0.017465497483499348,0.006958584417589009
W_k32_m0.1_H1_path0,train,B_S24:47500006:4,False,True,0.6805843710899353,0.2171264108037576,-0.4634579602861777
W_k32_m0.1_H1_path0,train,B_S24:47500006:5,False,True,0.5553367733955383,0.16038179604220204,-0.3949549773533363
W_k32_m0.1_H1_path0,train,B_S24:47500006:8,False,True,0.2221800833940506,0.08252897550119087,-0.13965110789285973
W_k32_m0.1_H1_path0,train,B_S24:47500006:10,False,True,0.1584370732307434,0.0340148888353724,-0.124422184395371
W_k32_m0.1_H1_path0,train,B_S24:47500006:89,True,False,0.011054093949496746,0.018202525723609142,0.007148431774112396
W_k32_m0.1_H1_path0,train,B_S24:47500006:102,True,False,0.016385693103075027,0.028008746274281293,0.011623053171206266
W_k32_m0.1_H1_path0,train,B_S24:47500006:118,True,False,0.008708362467586994,0.0160503512743162,0.007341988806729205
W_k32_m0.1_H1_path0,train,B_S24:47500006:136,True,False,0.021805711090564728,0.01771442727476824,-0.004091283815796487
W_k32_m0.1_H1_path0,train,B_S24:47500006:169,True,False,0.009628767147660255,0.015226706571411341,0.005597939423751086
W_k32_m0.1_H1_path0,train,B_S24:47500007:4,False,True,0.4641976058483124,0.2844115400221199,-0.1797860658261925
W_k32_m0.1_H1_path0,train,B_S24:47500007:6,False,True,0.6591734886169434,0.16659230249933898,-0.4925811861176044
W_k32_m0.1_H1_path0,train,B_S24:47500007:13,False,True,0.1583852916955948,0.03572850568161812,-0.12265678601397667
W_k32_m0.1_H1_path0,train,B_S24:47500007:36,True,False,0.010971170850098133,0.020647121375077404,0.009675950524979271
W_k32_m0.1_H1_path0,train,B_S24:47500007:97,True,False,0.02896278351545334,0.03297681952244602,0.004014036006992683
W_k32_m0.1_H1_path0,train,B_S24:47500007:118,True,False,0.05230081081390381,0.024293241527630016,-0.028007569286273792
W_k32_m0.1_H1_path0,train,B_S24:47500007:134,True,False,0.034290213137865067,0.041033501707715914,0.006743288569850847
W_k32_m0.1_H1_path0,train,B_S24:47500007:168,True,False,0.01808677241206169,0.025756944436579943,0.007670172024518251
W_k32_m0.1_H1_path0,train,B_S24:47500008:4,False,True,0.48571157455444336,0.26479701371863484,-0.22091456083580852
W_k32_m0.1_H1_path0,train,B_S24:47500008:10,False,True,0.30212172865867615,0.13271734793670475,-0.1694043807219714
W_k32_m0.1_H1_path0,train,B_S24:47500008:20,False,True,0.5414914488792419,0.06531999900471419,-0.47617144987452775
W_k32_m0.1_H1_path0,train,B_S24:47500008:28,True,False,0.017361488193273544,0.027783279510913417,0.010421791317639872
W_k32_m0.1_H1_path0,train,B_S24:47500008:34,True,False,0.018685325980186462,0.0240396824083291,0.005354356428142637
W_k32_m0.1_H1_path0,train,B_S24:47500008:112,True,False,0.012519759126007557,0.01718843396520242,0.004668674839194864
W_k32_m0.1_H1_path0,train,B_S24:47500008:131,True,False,0.022129736840724945,0.024710096011403948,0.002580359170679003
W_k32_m0.1_H1_path0,train,B_S24:47500008:172,True,False,0.012264318764209747,0.016047722077928483,0.003783403313718736
W_k32_m0.1_H1_path0,train,B_S24:47500009:6,False,True,0.5562597513198853,0.15911832661367953,-0.3971414247062057
W_k32_m0.1_H1_path0,train,B_S24:47500009:11,False,True,0.26063114404678345,0.12907153740525246,-0.131559606641531
W_k32_m0.1_H1_path0,train,B_S24:47500009:15,False,True,0.23337797820568085,0.08468648948473856,-0.1486914887209423
W_k32_m0.1_H1_path0,train,B_S24:47500009:20,False,True,0.1785624921321869,0.018851146654924378,-0.1597113454772625
W_k32_m0.1_H1_path0,train,B_S24:47500009:26,True,False,0.01384290587157011,0.01609165102127008,0.002248745149699971
W_k32_m0.1_H1_path0,train,B_S24:47500009:36,True,False,0.012050889432430267,0.012927756441058591,0.0008768670086283237
W_k32_m0.1_H1_path0,train,B_S24:47500009:68,True,False,0.01591653749346733,0.0188580988033209,0.0029415613098535687
W_k32_m0.1_H1_path0,train,B_S24:47500009:142,True,False,0.03717329725623131,0.030628704465925694,-0.0065445927903056145
W_k32_m0.1_H1_path0,train,B_S24:47500011:5,False,True,0.48380306363105774,0.2037399655673653,-0.28006309806369245
W_k32_m0.1_H1_path0,train,B_S24:47500011:15,False,True,0.32067471742630005,0.0427184933796525,-0.27795622404664755
W_k32_m0.1_H1_path0,train,B_S24:47500011:26,True,False,0.021288082003593445,0.013224804220953956,-0.008063277782639489
W_k32_m0.1_H1_path0,train,B_S24:47500011:29,True,False,0.007615042384713888,0.015143359254579991,0.007528316869866103
W_k32_m0.1_H1_path0,train,B_S24:47500011:31,True,False,0.023699747398495674,0.016497500793775544,-0.0072022466047201306
W_k32_m0.1_H1_path0,train,B_S24:47500011:36,True,False,0.019363349303603172,0.022405183990485966,0.003041834686882794
W_k32_m0.1_H1_path0,train,B_S24:47500011:49,True,False,0.03002343699336052,0.04347141340258531,0.013447976409224793
W_k32_m0.1_H1_path0,train,B_S24:47500011:56,True,False,0.01608593761920929,0.01475046094856225,-0.00133547667064704
W_k32_m0.1_H1_path0,train,B_S24:47500011:74,True,False,0.03436589613556862,0.025431690068216994,-0.008934206067351624
W_k32_m0.1_H1_path0,train,B_S24:47500011:167,True,False,0.02224620245397091,0.01913219183916226,-0.003114010614808649
W_k32_m0.1_H1_path0,train,B_S24:47500013:14,False,True,0.2176940143108368,0.02188892406411469,-0.1958050902467221
W_k32_m0.1_H1_path0,train,B_S24:47500013:15,False,True,0.1180364266037941,0.015034056588774547,-0.10300237001501955
W_k32_m0.1_H1_path0,train,B_S24:47500013:28,True,False,0.025951221585273743,0.06699725572252646,0.04104603413725272
W_k32_m0.1_H1_path0,train,B_S24:47500013:32,True,False,0.022661784663796425,0.03674163165851496,0.014079846994718537
W_k32_m0.1_H1_path0,train,B_S24:47500013:58,True,False,0.017921004444360733,0.02236782675026916,0.004446822305908427
W_k32_m0.1_H1_path0,train,B_S24:47500013:83,True,False,0.011944811791181564,0.014157810132019222,0.0022129983408376575
W_k32_m0.1_H1_path0,train,B_S24:47500013:119,True,False,0.053248658776283264,0.02039261264144443,-0.032856046134838834
W_k32_m0.1_H1_path0,train,B_S24:47500013:128,True,False,0.015740826725959778,0.01902144294581376,0.0032806162198539823
W_k32_m0.1_H1_path0,train,B_S24:47500013:162,True,False,0.016320902854204178,0.03428424263256602,0.017963339778361842
W_k32_m0.1_H1_path0,train,B_S24:47500013:165,True,False,0.01404491439461708,0.027616317092906684,0.013571402698289603
W_k32_m0.1_H1_path0,train,B_S24:47500014:9,False,True,0.448763370513916,0.23857074277475476,-0.21019262773916125
W_k32_m0.1_H1_path0,train,B_S24:47500014:10,False,True,0.6216505169868469,0.18002369708847255,-0.4416268198983744
W_k32_m0.1_H1_path0,train,B_S24:47500014:20,False,True,0.2294842153787613,0.028766921983333305,-0.200717293395428
W_k32_m0.1_H1_path0,train,B_S24:47500014:43,True,False,0.014618170447647572,0.026536699442658573,0.011918528995011002
W_k32_m0.1_H1_path0,train,B_S24:47500014:60,True,False,0.01489627081900835,0.01820599299389869,0.0033097221748903394
W_k32_m0.1_H1_path0,train,B_S24:47500014:78,True,False,0.018049826845526695,0.010384510140283965,-0.007665316705242731
W_k32_m0.1_H1_path0,train,B_S24:47500014:99,True,False,0.007049367763102055,0.010454256233060732,0.003404888469958678
W_k32_m0.1_H1_path0,train,B_S24:47500014:134,True,False,0.011724328622221947,0.019985705002909526,0.00826137638068758
W_k32_m0.1_H1_path0,train,B_S24:47500014:161,True,False,0.013079404830932617,0.014568100305041298,0.001488695474108681
W_k32_m0.1_H1_path0,train,B_S24:47500014:170,True,False,0.016353415325284004,0.013922790894866921,-0.002430624430417083
W_k32_m0.1_H1_path0,train,B_S24:47500016:4,False,True,0.7893816232681274,0.23306055716238916,-0.5563210661057383
W_k32_m0.1_H1_path0,train,B_S24:47500016:5,False,True,0.5353517532348633,0.16991910175420344,-0.36543265148065984
W_k32_m0.1_H1_path0,train,B_S24:47500016:30,True,False,0.0076919663697481155,0.026887089479714632,0.019195123109966516
W_k32_m0.1_H1_path0,train,B_S24:47500016:42,True,False,0.022924436256289482,0.016607867262791842,-0.00631656899349764
W_k32_m0.1_H1_path0,train,B_S24:47500016:43,True,False,0.015488655306398869,0.01901184130110778,0.0035231859947089106
W_k32_m0.1_H1_path0,train,B_S24:47500016:108,True,False,0.03601154312491417,0.014617484834161587,-0.021394058290752582
W_k32_m0.1_H1_path0,train,B_S24:47500016:129,True,False,0.016223857179284096,0.016688915275153704,0.0004650580958696082
W_k32_m0.1_H1_path0,train,B_S24:47500016:165,True,False,0.012638997286558151,0.013366774030146189,0.0007277767435880378
W_k32_m0.1_H1_path0,train,B_S24:47500016:169,True,False,0.016069961711764336,0.013737717526964843,-0.0023322441847994924
W_k32_m0.1_H1_path0,development,B_S24:47600000:3,False,True,0.19765377044677734,0.33049409044906497,0.13284032000228763
W_k32_m0.1_H1_path0,development,B_S24:47600000:14,False,True,0.021858178079128265,0.022763445907912683,0.0009052678287844174
W_k32_m0.1_H1_path0,development,B_S24:47600000:17,False,True,0.0159918125718832,0.02245545715049957,0.006463644578616368
W_k32_m0.1_H1_path0,development,B_S24:47600000:21,False,True,0.01173564326018095,0.010720493166445522,-0.0010151500937354285
W_k32_m0.1_H1_path0,development,B_S24:47600000:29,True,False,0.03249369189143181,0.023784113091096515,-0.008709578800335294
W_k32_m0.1_H1_path0,development,B_S24:47600000:32,True,False,0.014765895903110504,0.028844589807704324,0.01407869390459382
W_k32_m0.1_H1_path0,development,B_S24:47600000:76,True,False,0.028582409024238586,0.01731815212770016,-0.011264256896538427
W_k32_m0.1_H1_path0,development,B_S24:47600000:83,True,False,0.013449926860630512,0.011317161108308937,-0.002132765752321575
W_k32_m0.1_H1_path0,development,B_S24:47600000:157,True,False,0.00724389310926199,0.009547687422127638,0.002303794312865648
W_k32_m0.1_H1_path0,development,B_S24:47600002:2,False,True,0.2823696434497833,0.3691134216496721,0.08674377819988877
W_k32_m0.1_H1_path0,development,B_S24:47600002:16,False,True,0.01882149837911129,0.03807098377183138,0.01924948539272009
W_k32_m0.1_H1_path0,development,B_S24:47600002:30,True,False,0.011891735717654228,0.013587278846898698,0.00169554312924447
W_k32_m0.1_H1_path0,development,B_S24:47600002:36,True,False,0.007997900247573853,0.01581384064593294,0.00781594039835909
W_k32_m0.1_H1_path0,development,B_S24:47600002:68,True,False,0.009434190578758717,0.019967934202213655,0.010533743623454939
W_k32_m0.1_H1_path0,development,B_S24:47600002:76,True,False,0.017590342089533806,0.0181087983019097,0.0005184562123758951
W_k32_m0.1_H1_path0,development,B_S24:47600002:79,True,False,0.019653312861919403,0.02286886709771352,0.003215554235794116
W_k32_m0.1_H1_path0,development,B_S24:47600002:89,True,False,0.011015290394425392,0.018549424858065322,0.00753413446363993
W_k32_m0.1_H1_path0,development,B_S24:47600002:107,True,False,0.05778249725699425,0.056670726098673185,-0.001111771158321062
W_k32_m0.1_H1_path0,development,B_S24:47600003:1,False,True,0.44321832060813904,0.41734667035052553,-0.02587165025761351
W_k32_m0.1_H1_path0,development,B_S24:47600003:3,False,True,0.47514086961746216,0.3966198313573841,-0.07852103826007806
W_k32_m0.1_H1_path0,development,B_S24:47600003:4,False,True,0.14675486087799072,0.36182354076299816,0.21506867988500744
W_k32_m0.1_H1_path0,development,B_S24:47600003:11,False,True,0.0508602038025856,0.058956393473636126,0.008096189671050524
W_k32_m0.1_H1_path0,development,B_S24:47600003:12,False,True,0.036405183374881744,0.04524804500033497,0.008842861625453224
W_k32_m0.1_H1_path0,development,B_S24:47600003:22,False,True,0.02457621321082115,0.020702580295619555,-0.003873632915201597
W_k32_m0.1_H1_path0,development,B_S24:47600003:70,True,False,0.027157669886946678,0.023248400422744453,-0.003909269464202225
W_k32_m0.1_H1_path0,development,B_S24:47600003:90,True,False,0.01588626578450203,0.016297311547532445,0.0004110457630304154
W_k32_m0.1_H1_path0,development,B_S24:47600003:112,True,False,0.01171418372541666,0.016239088456131867,0.004524904730715207
W_k32_m0.1_H1_path0,development,B_S24:47600003:125,True,False,0.026087632402777672,0.019362946975888917,-0.006724685426888755
W_k32_m0.1_H1_path0,development,B_S24:47600004:3,False,True,0.4397222697734833,0.3671375643752981,-0.07258470539818518
W_k32_m0.1_H1_path0,development,B_S24:47600004:8,False,True,0.18750496208667755,0.07632981228380231,-0.11117514980287524
W_k32_m0.1_H1_path0,development,B_S24:47600004:53,True,False,0.04674995318055153,0.01930190766324813,-0.0274480455173034
W_k32_m0.1_H1_path0,development,B_S24:47600004:65,True,False,0.017103608697652817,0.019999531547000515,0.0028959228493476985
W_k32_m0.1_H1_path0,development,B_S24:47600004:92,True,False,0.011913086287677288,0.02258905510279874,0.01067596881512145
W_k32_m0.1_H1_path0,development,B_S24:47600004:109,True,False,0.01723511889576912,0.024816503990223282,0.007581385094454163
W_k32_m0.1_H1_path0,development,B_S24:47600004:122,True,False,0.011579212732613087,0.02295306575979339,0.011373853027180303
W_k32_m0.1_H1_path0,development,B_S24:47600005:2,False,True,0.48592838644981384,0.3682059284183197,-0.11772245803149417
W_k32_m0.1_H1_path0,development,B_S24:47600005:5,False,True,0.2612636089324951,0.2479014537675539,-0.013362155164941214
W_k32_m0.1_H1_path0,development,B_S24:47600005:15,False,True,0.0342928022146225,0.01988770982643473,-0.014405092388187768
W_k32_m0.1_H1_path0,development,B_S24:47600005:24,True,False,0.014128781855106354,0.017684168438790948,0.0035553865836845944
W_k32_m0.1_H1_path0,development,B_S24:47600005:33,True,False,0.0139039671048522,0.01815370255280868,0.004249735447956482
W_k32_m0.1_H1_path0,development,B_S24:47600005:48,True,False,0.01893729157745838,0.013767902399195009,-0.005169389178263373
W_k32_m0.1_H1_path0,development,B_S24:47600005:86,True,False,0.03163161128759384,0.01777373281038308,-0.013857878477210761
W_k32_m0.1_H1_path0,development,B_S24:47600005:88,True,False,0.021724510937929153,0.019813874991086777,-0.0019106359468423761
W_k32_m0.1_H1_path0,development,B_S24:47600005:105,True,False,0.031049495562911034,0.017808326989324996,-0.013241168573586037
W_k32_m0.1_H1_path0,development,B_S24:47600005:119,True,False,0.0063351355493068695,0.014067483149119653,0.007732347599812783
W_k32_m0.1_H1_path0,development,B_S24:47600006:2,False,True,0.4033489525318146,0.3939752088917885,-0.009373743640026078
W_k32_m0.1_H1_path0,development,B_S24:47600006:11,False,True,0.0478486604988575,0.04031531751206785,-0.007533342986789648
W_k32_m0.1_H1_path0,development,B_S24:47600006:13,False,True,0.015830272808670998,0.01895288300147513,0.0031226101928041317
W_k32_m0.1_H1_path0,development,B_S24:47600006:16,False,True,0.04756391793489456,0.018747403510133154,-0.028816514424761408
W_k32_m0.1_H1_path0,development,B_S24:47600006:25,True,False,0.008523589000105858,0.019994159854832105,0.011470570854726247
W_k32_m0.1_H1_path0,development,B_S24:47600006:38,True,False,0.01932237483561039,0.02141365344687074,0.00209127861126035
W_k32_m0.1_H1_path0,development,B_S24:47600006:72,True,False,0.0096456753090024,0.02579543679530616,0.01614976148630376
W_k32_m0.1_H1_path0,development,B_S24:47600006:101,True,False,0.01809074357151985,0.017340092730592005,-0.0007506508409278467
W_k32_m0.1_H1_path0,development,B_S24:47600006:132,True,False,0.013362552039325237,0.02401196964274277,0.010649417603417533
W_k32_m0.1_H1_path0,development,B_S24:47600006:177,True,False,0.011628767475485802,0.018215716709164553,0.006586949233678752
W_k32_m0.1_H1_path0,development,B_S24:47600007:4,False,True,0.4152577221393585,0.2711694604367949,-0.1440882617025636
W_k32_m0.1_H1_path0,development,B_S24:47600007:7,False,True,0.08052721619606018,0.08507324275706196,0.004546026561001781
W_k32_m0.1_H1_path0,development,B_S24:47600007:10,False,True,0.17983786761760712,0.04334385479705816,-0.13649401282054896
W_k32_m0.1_H1_path0,development,B_S24:47600007:17,False,True,0.036400750279426575,0.02072613643395016,-0.015674613845476415
W_k32_m0.1_H1_path0,development,B_S24:47600007:27,True,False,0.011005419306457043,0.019893424720066832,0.00888800541360979
W_k32_m0.1_H1_path0,development,B_S24:47600007:28,True,False,0.013084386475384235,0.02084038574321312,0.007755999267828884
W_k32_m0.1_H1_path0,development,B_S24:47600007:61,True,False,0.012065926566720009,0.01631145486862806,0.0042455283019080525
W_k32_m0.1_H1_path0,development,B_S24:47600007:66,True,False,0.0056913988664746284,0.013471239546561264,0.007779840680086636
W_k32_m0.1_H1_path0,development,B_S24:47600007:87,True,False,0.009572342969477177,0.015601087443428696,0.0060287444739515195
W_k32_m0.1_H1_path0,development,B_S24:47600007:117,True,False,0.011610508896410465,0.0141272342789307,0.002516725382520235
W_k32_m0.1_H1_path0,development,B_S24:47600008:6,False,True,0.12446262687444687,0.1719415058796585,0.04747887900521164
W_k32_m0.1_H1_path0,development,B_S24:47600008:8,False,True,0.09569612145423889,0.1260049445554614,0.030308823101222515
W_k32_m0.1_H1_path0,development,B_S24:47600008:21,False,True,0.018224261701107025,0.023795181865352788,0.005570920164245763
W_k32_m0.1_H1_path0,development,B_S24:47600008:23,True,False,0.0671253502368927,0.027933689338169643,-0.03919166089872306
W_k32_m0.1_H1_path0,development,B_S24:47600008:49,True,False,0.051568299531936646,0.039505910131993005,-0.01206238939994364
W_k32_m0.1_H1_path0,development,B_S24:47600008:54,True,False,0.021102840080857277,0.023257163291418692,0.002154323210561415
W_k32_m0.1_H1_path0,development,B_S24:47600008:61,True,False,0.024643052369356155,0.017795717059925664,-0.006847335309430491
W_k32_m0.1_H1_path0,development,B_S24:47600008:87,True,False,0.017038479447364807,0.01623733729866217,-0.0008011421487026382
W_k32_m0.1_H1_path0,development,B_S24:47600008:101,True,False,0.021017037332057953,0.019574326137444586,-0.0014427111946133664
U_k32_m0.001_H1_path0,train,B_S24:47500000:1,False,True,0.2565889358520508,0.14243823348078877,-0.11415070237126201
U_k32_m0.001_H1_path0,train,B_S24:47500000:8,False,True,0.22819669544696808,0.14274043560726568,-0.0854562598397024
U_k32_m0.001_H1_path0,train,B_S24:47500000:26,True,True,0.18912480771541595,0.14141492010094225,-0.0477098876144737
U_k32_m0.001_H1_path0,train,B_S24:47500000:39,True,True,0.2606671452522278,0.19708901457488537,-0.06357813067734241
U_k32_m0.001_H1_path0,train,B_S24:47500000:84,True,True,0.2330050766468048,0.16272130305878818,-0.07028377358801663
U_k32_m0.001_H1_path0,train,B_S24:47500000:141,True,True,0.19449861347675323,0.14787538396194577,-0.04662322951480746
U_k32_m0.001_H1_path0,train,B_S24:47500000:144,True,True,0.20294581353664398,0.12396222027018666,-0.07898359326645732
U_k32_m0.001_H1_path0,train,B_S24:47500000:155,True,True,0.22796061635017395,0.19423297327011824,-0.033727643080055714
U_k32_m0.001_H1_path0,train,B_S24:47500000:169,True,True,0.2349003702402115,0.19161774637177587,-0.04328262386843562
U_k32_m0.001_H1_path0,train,B_S24:47500000:179,True,True,0.24095557630062103,0.18760290602222085,-0.05335267027840018
U_k32_m0.001_H1_path0,train,B_S24:47500002:2,False,True,0.21139374375343323,0.1513630715198815,-0.06003067223355174
U_k32_m0.001_H1_path0,train,B_S24:47500002:3,False,True,0.21506518125534058,0.1769507392309606,-0.03811444202437997
U_k32_m0.001_H1_path0,train,B_S24:47500002:15,False,True,0.24662154912948608,0.21698828088119626,-0.029633268248289824
U_k32_m0.001_H1_path0,train,B_S24:47500002:25,False,True,0.21110528707504272,0.14729891519527882,-0.0638063718797639
U_k32_m0.001_H1_path0,train,B_S24:47500002:33,True,True,0.283837229013443,0.16066318098455667,-0.12317404802888632
U_k32_m0.001_H1_path0,train,B_S24:47500002:55,True,True,0.2203780561685562,0.16360930888913572,-0.056768747279420495
U_k32_m0.001_H1_path0,train,B_S24:47500002:101,True,True,0.23206421732902527,0.18367745348950848,-0.04838676383951679
U_k32_m0.001_H1_path0,train,B_S24:47500002:114,True,True,0.2070987969636917,0.1784563132096082,-0.028642483754083514
U_k32_m0.001_H1_path0,train,B_S24:47500002:152,True,True,0.20489440858364105,0.18450305686565116,-0.020391351717989892
U_k32_m0.001_H1_path0,train,B_S24:47500002:178,True,True,0.23802268505096436,0.17698135611135513,-0.06104132893960923
U_k32_m0.001_H1_path0,train,B_S24:47500003:4,False,True,0.20316782593727112,0.11216336640063673,-0.09100445953663439
U_k32_m0.001_H1_path0,train,B_S24:47500003:16,False,True,0.2384399175643921,0.15450140892062336,-0.08393850864376873
U_k32_m0.001_H1_path0,train,B_S24:47500003:24,False,True,0.2498472034931183,0.15293702320195735,-0.09691018029116094
U_k32_m0.001_H1_path0,train,B_S24:47500003:41,True,True,0.1949751079082489,0.1526666305726394,-0.042308477335609496
U_k32_m0.001_H1_path0,train,B_S24:47500003:46,True,True,0.21899786591529846,0.19615565286949277,-0.022842213045805693
U_k32_m0.001_H1_path0,train,B_S24:47500003:80,True,True,0.26112306118011475,0.15462492546066642,-0.10649813571944833
U_k32_m0.001_H1_path0,train,B_S24:47500003:91,True,True,0.23428525030612946,0.189060864970088,-0.04522438533604145
U_k32_m0.001_H1_path0,train,B_S24:47500003:109,True,True,0.23051272332668304,0.17668997356668115,-0.0538227497600019
U_k32_m0.001_H1_path0,train,B_S24:47500003:149,True,True,0.20579619705677032,0.17287507746368647,-0.03292111959308386
U_k32_m0.001_H1_path0,train,B_S24:47500003:180,True,True,0.22602839767932892,0.18254805961623788,-0.04348033806309104
U_k32_m0.001_H1_path0,train,B_S24:47500005:2,False,True,0.25586462020874023,0.13052734802477062,-0.12533727218396962
U_k32_m0.001_H1_path0,train,B_S24:47500005:6,False,True,0.2672405242919922,0.1563053911086172,-0.110935133183375
U_k32_m0.001_H1_path0,train,B_S24:47500005:13,False,True,0.25149595737457275,0.15562310861423612,-0.09587284876033664
U_k32_m0.001_H1_path0,train,B_S24:47500005:45,True,True,0.21223659813404083,0.15424337715376168,-0.05799322098027915
U_k32_m0.001_H1_path0,train,B_S24:47500005:46,True,True,0.23657160997390747,0.17298827040940523,-0.06358333956450224
U_k32_m0.001_H1_path0,train,B_S24:47500005:67,True,True,0.22933682799339294,0.19931032182648778,-0.030026506166905165
U_k32_m0.001_H1_path0,train,B_S24:47500005:106,True,True,0.22667105495929718,0.1796742703882046,-0.046996784571092576
U_k32_m0.001_H1_path0,train,B_S24:47500005:120,True,True,0.24898310005664825,0.17261131713166833,-0.07637178292497993
U_k32_m0.001_H1_path0,train,B_S24:47500005:170,True,True,0.2087523490190506,0.1551298163831234,-0.0536225326359272
U_k32_m0.001_H1_path0,train,B_S24:47500006:4,False,True,0.2499825358390808,0.16221237555146217,-0.08777016028761864
U_k32_m0.001_H1_path0,train,B_S24:47500006:5,False,True,0.22209914028644562,0.14767902484163642,-0.0744201154448092
U_k32_m0.001_H1_path0,train,B_S24:47500006:8,False,True,0.1834179013967514,0.1524776360602118,-0.030940265336539596
U_k32_m0.001_H1_path0,train,B_S24:47500006:10,False,True,0.24147865176200867,0.1528704916127026,-0.08860816014930606
U_k32_m0.001_H1_path0,train,B_S24:47500006:89,True,True,0.26380783319473267,0.1986017026938498,-0.06520613050088286
U_k32_m0.001_H1_path0,train,B_S24:47500006:102,True,True,0.21167099475860596,0.12774268072098494,-0.08392831403762102
U_k32_m0.001_H1_path0,train,B_S24:47500006:118,True,True,0.24523091316223145,0.16487223311560228,-0.08035868004662916
U_k32_m0.001_H1_path0,train,B_S24:47500006:136,True,True,0.22877739369869232,0.19994724681600928,-0.02883014688268304
U_k32_m0.001_H1_path0,train,B_S24:47500006:169,True,True,0.28618741035461426,0.17733051255345345,-0.10885689780116081
U_k32_m0.001_H1_path0,train,B_S24:47500007:4,False,True,0.20070640742778778,0.13921256293542683,-0.06149384449236095
U_k32_m0.001_H1_path0,train,B_S24:47500007:6,False,True,0.224197119474411,0.14146923320367932,-0.08272788627073169
U_k32_m0.001_H1_path0,train,B_S24:47500007:13,False,True,0.2363113909959793,0.16824900335632265,-0.06806238763965666
U_k32_m0.001_H1_path0,train,B_S24:47500007:36,True,True,0.21583707630634308,0.1684939523693174,-0.047343123937025666
U_k32_m0.001_H1_path0,train,B_S24:47500007:97,True,True,0.2230444699525833,0.1699443026445806,-0.05310016730800271
U_k32_m0.001_H1_path0,train,B_S24:47500007:118,True,True,0.24198828637599945,0.18736508197616786,-0.05462320439983159
U_k32_m0.001_H1_path0,train,B_S24:47500007:134,True,True,0.24591830372810364,0.16031287668738514,-0.0856054270407185
U_k32_m0.001_H1_path0,train,B_S24:47500007:168,True,True,0.27096256613731384,0.18521488481201231,-0.08574768132530153
U_k32_m0.001_H1_path0,train,B_S24:47500008:4,False,True,0.21536336839199066,0.1605577893787995,-0.054805579013191164
U_k32_m0.001_H1_path0,train,B_S24:47500008:10,False,True,0.21532537043094635,0.1579102366231382,-0.05741513380780816
U_k32_m0.001_H1_path0,train,B_S24:47500008:20,False,True,0.19708530604839325,0.1455173217691481,-0.05156798427924514
U_k32_m0.001_H1_path0,train,B_S24:47500008:28,True,True,0.20478567481040955,0.13443693635053933,-0.07034873845987022
U_k32_m0.001_H1_path0,train,B_S24:47500008:34,True,True,0.21705682575702667,0.18117974523920566,-0.035877080517821014
U_k32_m0.001_H1_path0,train,B_S24:47500008:112,True,True,0.22527167201042175,0.14698914508335292,-0.07828252692706883
U_k32_m0.001_H1_path0,train,B_S24:47500008:131,True,True,0.19172507524490356,0.1542343330802396,-0.03749074216466397
U_k32_m0.001_H1_path0,train,B_S24:47500008:172,True,True,0.21954545378684998,0.1721618480514735,-0.04738360573537648
U_k32_m0.001_H1_path0,train,B_S24:47500009:6,False,True,0.23069928586483002,0.15463088848628104,-0.07606839737854898
U_k32_m0.001_H1_path0,train,B_S24:47500009:11,False,True,0.24714180827140808,0.1568013916257769,-0.0903404166456312
U_k32_m0.001_H1_path0,train,B_S24:47500009:15,False,True,0.22665302455425262,0.15564552135765553,-0.0710075031965971
U_k32_m0.001_H1_path0,train,B_S24:47500009:20,False,True,0.21983002126216888,0.16785365832038224,-0.05197636294178665
U_k32_m0.001_H1_path0,train,B_S24:47500009:26,True,True,0.21380019187927246,0.1695271022617817,-0.04427308961749077
U_k32_m0.001_H1_path0,train,B_S24:47500009:36,True,True,0.2284078150987625,0.17713306471705437,-0.051274750381708145
U_k32_m0.001_H1_path0,train,B_S24:47500009:68,True,True,0.2513810396194458,0.15541965764714405,-0.09596138197230175
U_k32_m0.001_H1_path0,train,B_S24:47500009:142,True,True,0.2352307289838791,0.1760433363961056,-0.0591873925877735
U_k32_m0.001_H1_path0,train,B_S24:47500011:5,False,True,0.25492918491363525,0.11876458529150113,-0.13616459962213412
U_k32_m0.001_H1_path0,train,B_S24:47500011:15,False,True,0.21312901377677917,0.17140425881370902,-0.041724754963070154
U_k32_m0.001_H1_path0,train,B_S24:47500011:26,True,True,0.21473293006420135,0.16048334911465645,-0.05424958094954491
U_k32_m0.001_H1_path0,train,B_S24:47500011:29,True,True,0.244833305478096,0.14531998080201447,-0.09951332467608154
U_k32_m0.001_H1_path0,train,B_S24:47500011:31,True,True,0.20958808064460754,0.15420858818106353,-0.05537949246354401
U_k32_m0.001_H1_path0,train,B_S24:47500011:36,True,True,0.2769571840763092,0.16195397858973593,-0.11500320548657328
U_k32_m0.001_H1_path0,train,B_S24:47500011:49,True,True,0.19529980421066284,0.15580782404867932,-0.03949198016198352
U_k32_m0.001_H1_path0,train,B_S24:47500011:56,True,True,0.25002750754356384,0.17831218196079135,-0.0717153255827725
U_k32_m0.001_H1_path0,train,B_S24:47500011:74,True,True,0.19273525476455688,0.18584298575296998,-0.0068922690115869045
U_k32_m0.001_H1_path0,train,B_S24:47500011:167,True,True,0.27147671580314636,0.19121420453302562,-0.08026251127012074
U_k32_m0.001_H1_path0,train,B_S24:47500013:14,False,True,0.2730676829814911,0.17531758546829224,-0.09775009751319885
U_k32_m0.001_H1_path0,train,B_S24:47500013:15,False,True,0.2927318811416626,0.14788300078362226,-0.14484888035804033
U_k32_m0.001_H1_path0,train,B_S24:47500013:28,True,True,0.18328368663787842,0.1500799865461886,-0.033203700091689825
U_k32_m0.001_H1_path0,train,B_S24:47500013:32,True,True,0.24033194780349731,0.17096649599261582,-0.0693654518108815
U_k32_m0.001_H1_path0,train,B_S24:47500013:58,True,True,0.24331100285053253,0.1867123362608254,-0.056598666589707136
U_k32_m0.001_H1_path0,train,B_S24:47500013:83,True,True,0.20210660994052887,0.15685459901578724,-0.045252010924741626
U_k32_m0.001_H1_path0,train,B_S24:47500013:119,True,True,0.2583788335323334,0.155922697391361,-0.10245613614097238
U_k32_m0.001_H1_path0,train,B_S24:47500013:128,True,True,0.18778006732463837,0.1350435654167086,-0.05273650190792978
U_k32_m0.001_H1_path0,train,B_S24:47500013:162,True,True,0.2433117926120758,0.15666760987369344,-0.08664418273838237
U_k32_m0.001_H1_path0,train,B_S24:47500013:165,True,True,0.28067252039909363,0.12132909474894404,-0.15934342565014958
U_k32_m0.001_H1_path0,train,B_S24:47500014:9,False,True,0.21784476935863495,0.18345467187464237,-0.03439009748399258
U_k32_m0.001_H1_path0,train,B_S24:47500014:10,False,True,0.19031527638435364,0.18514346005395055,-0.0051718163304030895
U_k32_m0.001_H1_path0,train,B_S24:47500014:20,False,True,0.20542995631694794,0.1808826307533309,-0.02454732556361705
U_k32_m0.001_H1_path0,train,B_S24:47500014:43,True,True,0.305284708738327,0.1546793442685157,-0.15060536446981132
U_k32_m0.001_H1_path0,train,B_S24:47500014:60,True,True,0.22164225578308105,0.1708027170971036,-0.05083953868597746
U_k32_m0.001_H1_path0,train,B_S24:47500014:78,True,True,0.20911087095737457,0.17695243866182864,-0.032158432295545936
U_k32_m0.001_H1_path0,train,B_S24:47500014:99,True,True,0.21147456765174866,0.16043821047060192,-0.05103635718114674
U_k32_m0.001_H1_path0,train,B_S24:47500014:134,True,True,0.2148464024066925,0.17176825855858624,-0.043078143848106265
U_k32_m0.001_H1_path0,train,B_S24:47500014:161,True,True,0.24040623009204865,0.18816152366343886,-0.05224470642860979
U_k32_m0.001_H1_path0,train,B_S24:47500014:170,True,True,0.2569127678871155,0.18574248207733035,-0.07117028580978513
U_k32_m0.001_H1_path0,train,B_S24:47500016:4,False,True,0.2076771855354309,0.16584527253871784,-0.04183191299671307
U_k32_m0.001_H1_path0,train,B_S24:47500016:5,False,True,0.23398131132125854,0.16136090428335592,-0.07262040703790262
U_k32_m0.001_H1_path0,train,B_S24:47500016:30,True,True,0.2887023389339447,0.18454129865858704,-0.10416104027535766
U_k32_m0.001_H1_path0,train,B_S24:47500016:42,True,True,0.24662059545516968,0.15158555324887857,-0.09503504220629111
U_k32_m0.001_H1_path0,train,B_S24:47500016:43,True,True,0.17884662747383118,0.14209833717904985,-0.03674829029478133
U_k32_m0.001_H1_path0,train,B_S24:47500016:108,True,True,0.24173681437969208,0.19923007348552346,-0.042506740894168615
U_k32_m0.001_H1_path0,train,B_S24:47500016:129,True,True,0.2177138775587082,0.16877027112059295,-0.04894360643811524
U_k32_m0.001_H1_path0,train,B_S24:47500016:165,True,True,0.22649943828582764,0.16707236506044865,-0.05942707322537899
U_k32_m0.001_H1_path0,train,B_S24:47500016:169,True,True,0.25749656558036804,0.1813690341077745,-0.07612753147259355
U_k32_m0.001_H1_path0,development,B_S24:47600000:3,False,True,0.22563700377941132,0.18829918336996343,-0.037337820409447886
U_k32_m0.001_H1_path0,development,B_S24:47600000:14,False,True,0.2074911892414093,0.15355761748651275,-0.05393357175489655
U_k32_m0.001_H1_path0,development,B_S24:47600000:17,False,True,0.17672759294509888,0.1783156321689603,0.001588039223861415
U_k32_m0.001_H1_path0,development,B_S24:47600000:21,False,True,0.1510010063648224,0.14316517462430056,-0.007835831740521826
U_k32_m0.001_H1_path0,development,B_S24:47600000:29,True,True,0.14802829921245575,0.14905870607981342,0.0010304068673576694
U_k32_m0.001_H1_path0,development,B_S24:47600000:32,True,True,0.14908050000667572,0.14157973948385916,-0.007500760522816563
U_k32_m0.001_H1_path0,development,B_S24:47600000:76,True,True,0.2029384821653366,0.164642431831453,-0.03829605033388361
U_k32_m0.001_H1_path0,development,B_S24:47600000:83,True,True,0.15441633760929108,0.1973592674403335,0.04294292983104242
U_k32_m0.001_H1_path0,development,B_S24:47600000:157,True,True,0.17862510681152344,0.2258739530807361,0.04724884626921266
U_k32_m0.001_H1_path0,development,B_S24:47600002:2,False,True,0.04146275669336319,0.15333338913478656,0.11187063244142337
U_k32_m0.001_H1_path0,development,B_S24:47600002:16,False,True,0.14735300838947296,0.14371530539210653,-0.003637702997366432
U_k32_m0.001_H1_path0,development,B_S24:47600002:30,True,True,0.19013065099716187,0.16798430844937684,-0.022146342547785025
U_k32_m0.001_H1_path0,development,B_S24:47600002:36,True,True,0.20603221654891968,0.17009365291232825,-0.035938563636591425
U_k32_m0.001_H1_path0,development,B_S24:47600002:68,True,True,0.13516920804977417,0.14437144480689312,0.009202236757118953
U_k32_m0.001_H1_path0,development,B_S24:47600002:76,True,True,0.129608154296875,0.1736487332600518,0.04404057896317681
U_k32_m0.001_H1_path0,development,B_S24:47600002:79,True,True,0.16317665576934814,0.2065712747789803,0.04339461900963215
U_k32_m0.001_H1_path0,development,B_S24:47600002:89,True,True,0.1210184246301651,0.11596661935618613,-0.005051805273978971
U_k32_m0.001_H1_path0,development,B_S24:47600002:107,True,True,0.11188679933547974,0.10980025616299827,-0.00208654317248147
U_k32_m0.001_H1_path0,development,B_S24:47600003:1,False,True,0.11279471963644028,0.1773448528474546,0.06455013321101433
U_k32_m0.001_H1_path0,development,B_S24:47600003:3,False,True,0.17685529589653015,0.10002288589748787,-0.07683240999904228
U_k32_m0.001_H1_path0,development,B_S24:47600003:4,False,True,0.06550762802362442,0.09238629763422068,0.026878669610596262
U_k32_m0.001_H1_path0,development,B_S24:47600003:11,False,True,0.15022750198841095,0.17047799756983295,0.020250495581422
U_k32_m0.001_H1_path0,development,B_S24:47600003:12,False,True,0.2002437263727188,0.1936087252033758,-0.006635001169343013
U_k32_m0.001_H1_path0,development,B_S24:47600003:22,False,True,0.1629888117313385,0.18222484454599908,0.019236032814660575
U_k32_m0.001_H1_path0,development,B_S24:47600003:70,True,True,0.14208397269248962,0.14257881594676292,0.0004948432542732917
U_k32_m0.001_H1_path0,development,B_S24:47600003:90,True,True,0.13729345798492432,0.1269260216722614,-0.010367436312662903
U_k32_m0.001_H1_path0,development,B_S24:47600003:112,True,True,0.1706841140985489,0.16524360202311072,-0.005440512075438164
U_k32_m0.001_H1_path0,development,B_S24:47600003:125,True,True,0.1920776516199112,0.15436184721329482,-0.03771580440661637
U_k32_m0.001_H1_path0,development,B_S24:47600004:3,False,True,0.1197623610496521,0.09293318300478859,-0.02682917804486351
U_k32_m0.001_H1_path0,development,B_S24:47600004:8,False,True,0.18784530460834503,0.12388765463401796,-0.06395764997432707
U_k32_m0.001_H1_path0,development,B_S24:47600004:53,True,True,0.12420239299535751,0.1174207559088245,-0.00678163708653301
U_k32_m0.001_H1_path0,development,B_S24:47600004:65,True,True,0.11573781073093414,0.10508032712095883,-0.010657483609975316
U_k32_m0.001_H1_path0,development,B_S24:47600004:92,True,True,0.12385792285203934,0.10688945293077268,-0.01696846992126666
U_k32_m0.001_H1_path0,development,B_S24:47600004:109,True,True,0.12263079732656479,0.09916286402585683,-0.023467933300707955
U_k32_m0.001_H1_path0,development,B_S24:47600004:122,True,True,0.09773795306682587,0.10519937541539548,0.007461422348569613
U_k32_m0.001_H1_path0,development,B_S24:47600005:2,False,True,0.09065166860818863,0.12475307073327713,0.0341014021250885
U_k32_m0.001_H1_path0,development,B_S24:47600005:5,False,True,0.09667204320430756,0.14040288564137882,0.04373084243707126
U_k32_m0.001_H1_path0,development,B_S24:47600005:15,False,True,0.180514395236969,0.19020643490512157,0.009692039668152574
U_k32_m0.001_H1_path0,development,B_S24:47600005:24,True,True,0.18314962089061737,0.16589131701766746,-0.01725830387294991
U_k32_m0.001_H1_path0,development,B_S24:47600005:33,True,True,0.1996416449546814,0.14856330741895363,-0.05107833753572777
U_k32_m0.001_H1_path0,development,B_S24:47600005:48,True,True,0.14668479561805725,0.1541622394506703,0.007477443832613062
U_k32_m0.001_H1_path0,development,B_S24:47600005:86,True,True,0.12447737902402878,0.1739845494448673,0.04950717042083852
U_k32_m0.001_H1_path0,development,B_S24:47600005:88,True,True,0.1610392928123474,0.1674480068977573,0.006408714085409883
U_k32_m0.001_H1_path0,development,B_S24:47600005:105,True,True,0.1683444380760193,0.2196586419158848,0.05131420383986551
U_k32_m0.001_H1_path0,development,B_S24:47600005:119,True,True,0.1334453523159027,0.16254936777841067,0.02910401546250796
U_k32_m0.001_H1_path0,development,B_S24:47600006:2,False,True,0.15535584092140198,0.12556928602862172,-0.02978655489278026
U_k32_m0.001_H1_path0,development,B_S24:47600006:11,False,True,0.2293291985988617,0.15888585532229627,-0.07044334327656543
U_k32_m0.001_H1_path0,development,B_S24:47600006:13,False,True,0.24613147974014282,0.29137642493878957,0.04524494519864675
U_k32_m0.001_H1_path0,development,B_S24:47600006:16,False,True,0.3457127511501312,0.22677416150690988,-0.11893858964322135
U_k32_m0.001_H1_path0,development,B_S24:47600006:25,True,True,0.17296244204044342,0.15233477723813849,-0.020627664802304935
U_k32_m0.001_H1_path0,development,B_S24:47600006:38,True,True,0.1283809095621109,0.1273773806169629,-0.0010035289451479912
U_k32_m0.001_H1_path0,development,B_S24:47600006:72,True,True,0.15720915794372559,0.1658685719667119,0.008659414022986311
U_k32_m0.001_H1_path0,development,B_S24:47600006:101,True,True,0.30975228548049927,0.23359917531342944,-0.07615311016706983
U_k32_m0.001_H1_path0,development,B_S24:47600006:132,True,True,0.16922520101070404,0.14320579831473879,-0.026019402695965255
U_k32_m0.001_H1_path0,development,B_S24:47600006:177,True,True,0.2065054029226303,0.172457862412557,-0.034047540510073304
U_k32_m0.001_H1_path0,development,B_S24:47600007:4,False,True,0.0639401450753212,0.06548714920063503,0.0015470041253138334
U_k32_m0.001_H1_path0,development,B_S24:47600007:7,False,True,0.056275900453329086,0.0859097175707575,0.029633817117428407
U_k32_m0.001_H1_path0,development,B_S24:47600007:10,False,True,0.12913113832473755,0.11501970258541405,-0.014111435739323497
U_k32_m0.001_H1_path0,development,B_S24:47600007:17,False,True,0.17001643776893616,0.11733754230954219,-0.05267889545939397
U_k32_m0.001_H1_path0,development,B_S24:47600007:27,True,True,0.09275230020284653,0.10706383374053985,0.014311533537693322
U_k32_m0.001_H1_path0,development,B_S24:47600007:28,True,True,0.1223154067993164,0.12213040752249071,-0.0001849992768256925
U_k32_m0.001_H1_path0,development,B_S24:47600007:61,True,True,0.19626866281032562,0.17870159535232233,-0.017567067458003294
U_k32_m0.001_H1_path0,development,B_S24:47600007:66,True,True,0.18878091871738434,0.16192267304722918,-0.026858245670155156
U_k32_m0.001_H1_path0,development,B_S24:47600007:87,True,True,0.14314168691635132,0.1370105650057667,-0.006131121910584625
U_k32_m0.001_H1_path0,development,B_S24:47600007:117,True,True,0.1291864663362503,0.13280206280614948,0.003615596469899174
U_k32_m0.001_H1_path0,development,B_S24:47600008:6,False,True,0.05988922342658043,0.0787456172547536,0.018856393828173168
U_k32_m0.001_H1_path0,development,B_S24:47600008:8,False,True,0.0750986784696579,0.07443754182895645,-0.000661136640701443
U_k32_m0.001_H1_path0,development,B_S24:47600008:21,False,True,0.07388961315155029,0.07187547673311201,-0.0020141364184382837
U_k32_m0.001_H1_path0,development,B_S24:47600008:23,True,True,0.06476124376058578,0.0607014808592794,-0.004059762901306385
U_k32_m0.001_H1_path0,development,B_S24:47600008:49,True,True,0.07409940659999847,0.08531137169484282,0.011211965094844345
U_k32_m0.001_H1_path0,development,B_S24:47600008:54,True,True,0.10059143602848053,0.10994349760585465,0.009352061577374116
U_k32_m0.001_H1_path0,development,B_S24:47600008:61,True,True,0.12100113928318024,0.13226407966430997,0.011262940381129738
U_k32_m0.001_H1_path0,development,B_S24:47600008:87,True,True,0.1377307027578354,0.11719590641587274,-0.020534796341962647
U_k32_m0.001_H1_path0,development,B_S24:47600008:101,True,True,0.04368621110916138,0.10470355142751941,0.06101734031835804
U_k32_m0.001_H2_candidate_path0,train,B_S24:47500000:1,False,True,0.31453537940979004,0.13006014801794663,-0.1844752313918434
U_k32_m0.001_H2_candidate_path0,train,B_S24:47500000:8,False,True,0.2250559777021408,0.16141768428497016,-0.06363829341717064
U_k32_m0.001_H2_candidate_path0,train,B_S24:47500000:26,True,False,0.16277721524238586,0.176863013766706,0.014085798524320126
U_k32_m0.001_H2_candidate_path0,train,B_S24:47500000:39,True,False,0.2208729237318039,0.20857405103743076,-0.01229887269437313
U_k32_m0.001_H2_candidate_path0,train,B_S24:47500000:84,True,False,0.20738665759563446,0.18017302604857832,-0.02721363154705614
U_k32_m0.001_H2_candidate_path0,train,B_S24:47500000:141,True,False,0.17081591486930847,0.15008157351985574,-0.020734341349452734
U_k32_m0.001_H2_candidate_path0,train,B_S24:47500000:144,True,False,0.17177236080169678,0.14080390753224492,-0.030968453269451857
U_k32_m0.001_H2_candidate_path0,train,B_S24:47500000:155,True,False,0.1979426145553589,0.19676650082692504,-0.0011761137284338474
U_k32_m0.001_H2_candidate_path0,train,B_S24:47500000:169,True,False,0.20326530933380127,0.19090250367298722,-0.012362805660814047
U_k32_m0.001_H2_candidate_path0,train,B_S24:47500000:179,True,False,0.2052033543586731,0.1888915146701038,-0.016311839688569307
U_k32_m0.001_H2_candidate_path0,train,B_S24:47500002:2,False,True,0.2652303874492645,0.1442589934449643,-0.12097139400430024
U_k32_m0.001_H2_candidate_path0,train,B_S24:47500002:3,False,True,0.2500002384185791,0.14284781669266522,-0.10715242172591388
U_k32_m0.001_H2_candidate_path0,train,B_S24:47500002:15,False,True,0.22164151072502136,0.18682271149009466,-0.0348187992349267
U_k32_m0.001_H2_candidate_path0,train,B_S24:47500002:25,False,True,0.2708859443664551,0.1341152617824264,-0.1367706825840287
U_k32_m0.001_H2_candidate_path0,train,B_S24:47500002:33,True,False,0.18282027542591095,0.18913898267783225,0.006318707251921296
U_k32_m0.001_H2_candidate_path0,train,B_S24:47500002:55,True,False,0.20273080468177795,0.1796025150688365,-0.023128289612941444
U_k32_m0.001_H2_candidate_path0,train,B_S24:47500002:101,True,False,0.2025732547044754,0.19175049528712407,-0.010822759417351335
U_k32_m0.001_H2_candidate_path0,train,B_S24:47500002:114,True,False,0.18114177882671356,0.19510424230247736,0.013962463475763798
U_k32_m0.001_H2_candidate_path0,train,B_S24:47500002:152,True,False,0.17872509360313416,0.17947116401046515,0.0007460704073309898
U_k32_m0.001_H2_candidate_path0,train,B_S24:47500002:178,True,False,0.18421907722949982,0.1949169801082462,0.01069790287874639
U_k32_m0.001_H2_candidate_path0,train,B_S24:47500003:4,False,True,0.20479519665241241,0.12389164976775646,-0.08090354688465595
U_k32_m0.001_H2_candidate_path0,train,B_S24:47500003:16,False,True,0.22303488850593567,0.16796689783222973,-0.055067990673705935
U_k32_m0.001_H2_candidate_path0,train,B_S24:47500003:24,False,True,0.1965004801750183,0.1870000206399709,-0.009500459535047412
U_k32_m0.001_H2_candidate_path0,train,B_S24:47500003:41,True,False,0.2057037502527237,0.19207336625549942,-0.013630383997224271
U_k32_m0.001_H2_candidate_path0,train,B_S24:47500003:46,True,False,0.17477254569530487,0.19599209679290652,0.021219551097601652
U_k32_m0.001_H2_candidate_path0,train,B_S24:47500003:80,True,False,0.176787868142128,0.1588725948240608,-0.017915273318067193
U_k32_m0.001_H2_candidate_path0,train,B_S24:47500003:91,True,False,0.1799163520336151,0.20514700561761856,0.02523065358400345
U_k32_m0.001_H2_candidate_path0,train,B_S24:47500003:109,True,False,0.1914132535457611,0.20191450510174036,0.010501251555979252
U_k32_m0.001_H2_candidate_path0,train,B_S24:47500003:149,True,False,0.1729223132133484,0.19156182976439595,0.018639516551047564
U_k32_m0.001_H2_candidate_path0,train,B_S24:47500003:180,True,False,0.19777840375900269,0.1966228769160807,-0.0011555268429219723
U_k32_m0.001_H2_candidate_path0,train,B_S24:47500005:2,False,True,0.20346207916736603,0.14388609817251563,-0.0595759809948504
U_k32_m0.001_H2_candidate_path0,train,B_S24:47500005:6,False,True,0.24826282262802124,0.17993776383809745,-0.06832505878992379
U_k32_m0.001_H2_candidate_path0,train,B_S24:47500005:13,False,True,0.2113465815782547,0.14619283634237945,-0.06515374523587525
U_k32_m0.001_H2_candidate_path0,train,B_S24:47500005:45,True,False,0.1902804672718048,0.18025370279792696,-0.010026764473877847
U_k32_m0.001_H2_candidate_path0,train,B_S24:47500005:46,True,False,0.22490301728248596,0.2009360590018332,-0.02396695828065276
U_k32_m0.001_H2_candidate_path0,train,B_S24:47500005:67,True,False,0.22771421074867249,0.19652587128803134,-0.031188339460641146
U_k32_m0.001_H2_candidate_path0,train,B_S24:47500005:106,True,False,0.21080659329891205,0.2011207805480808,-0.009685812750831246
U_k32_m0.001_H2_candidate_path0,train,B_S24:47500005:120,True,False,0.20666784048080444,0.20252055465243757,-0.004147285828366876
U_k32_m0.001_H2_candidate_path0,train,B_S24:47500005:170,True,False,0.1844724714756012,0.18307265231851488,-0.0013998191570863128
U_k32_m0.001_H2_candidate_path0,train,B_S24:47500006:4,False,True,0.2293672412633896,0.149703225819394,-0.0796640154439956
U_k32_m0.001_H2_candidate_path0,train,B_S24:47500006:5,False,True,0.19123879075050354,0.14982530171982944,-0.0414134890306741
U_k32_m0.001_H2_candidate_path0,train,B_S24:47500006:8,False,True,0.173867866396904,0.16294939839281142,-0.010918468004092574
U_k32_m0.001_H2_candidate_path0,train,B_S24:47500006:10,False,True,0.21918252110481262,0.17326268320903182,-0.0459198378957808
U_k32_m0.001_H2_candidate_path0,train,B_S24:47500006:89,True,False,0.19444556534290314,0.19239183573517948,-0.0020537296077236533
U_k32_m0.001_H2_candidate_path0,train,B_S24:47500006:102,True,False,0.1893128603696823,0.18699485692195594,-0.002318003447726369
U_k32_m0.001_H2_candidate_path0,train,B_S24:47500006:118,True,False,0.21315470337867737,0.16366261092480272,-0.04949209245387465
U_k32_m0.001_H2_candidate_path0,train,B_S24:47500006:136,True,False,0.18825118243694305,0.1947826435789466,0.006531461142003536
U_k32_m0.001_H2_candidate_path0,train,B_S24:47500006:169,True,False,0.21852080523967743,0.18448653165251017,-0.03403427358716726
U_k32_m0.001_H2_candidate_path0,train,B_S24:47500007:4,False,True,0.20412413775920868,0.11980795359704643,-0.08431618416216224
U_k32_m0.001_H2_candidate_path0,train,B_S24:47500007:6,False,True,0.28057000041007996,0.1243275073939003,-0.15624249301617965
U_k32_m0.001_H2_candidate_path0,train,B_S24:47500007:13,False,True,0.2453356832265854,0.18681953009217978,-0.05851615313440561
U_k32_m0.001_H2_candidate_path0,train,B_S24:47500007:36,True,False,0.19764965772628784,0.19975152460392565,0.0021018668776378036
U_k32_m0.001_H2_candidate_path0,train,B_S24:47500007:97,True,False,0.17002621293067932,0.187158674467355,0.01713246153667569
U_k32_m0.001_H2_candidate_path0,train,B_S24:47500007:118,True,False,0.18560375273227692,0.18921169126406312,0.0036079385317862034
U_k32_m0.001_H2_candidate_path0,train,B_S24:47500007:134,True,False,0.16933223605155945,0.179531492292881,0.010199256241321564
U_k32_m0.001_H2_candidate_path0,train,B_S24:47500007:168,True,False,0.21186475455760956,0.19599900080356747,-0.01586575375404209
U_k32_m0.001_H2_candidate_path0,train,B_S24:47500008:4,False,True,0.22531865537166595,0.13283620786387473,-0.09248244750779122
U_k32_m0.001_H2_candidate_path0,train,B_S24:47500008:10,False,True,0.29170411825180054,0.11324965115636587,-0.17845446709543467
U_k32_m0.001_H2_candidate_path0,train,B_S24:47500008:20,False,True,0.2258949726819992,0.1740325759164989,-0.05186239676550031
U_k32_m0.001_H2_candidate_path0,train,B_S24:47500008:28,True,False,0.1959221512079239,0.1658965767128393,-0.030025574495084584
U_k32_m0.001_H2_candidate_path0,train,B_S24:47500008:34,True,False,0.21920429170131683,0.18723146861884743,-0.031972823082469404
U_k32_m0.001_H2_candidate_path0,train,B_S24:47500008:112,True,False,0.21023565530776978,0.16985689580906183,-0.04037875949870795
U_k32_m0.001_H2_candidate_path0,train,B_S24:47500008:131,True,False,0.16005145013332367,0.17202534433454275,0.011973894201219082
U_k32_m0.001_H2_candidate_path0,train,B_S24:47500008:172,True,False,0.20843760669231415,0.18887446238659322,-0.019563144305720925
U_k32_m0.001_H2_candidate_path0,train,B_S24:47500009:6,False,True,0.25235235691070557,0.11020712577737868,-0.1421452311333269
U_k32_m0.001_H2_candidate_path0,train,B_S24:47500009:11,False,True,0.20161600410938263,0.18694345490075648,-0.014672549208626151
U_k32_m0.001_H2_candidate_path0,train,B_S24:47500009:15,False,True,0.230712428689003,0.18553241388872266,-0.04518001480028033
U_k32_m0.001_H2_candidate_path0,train,B_S24:47500009:20,False,True,0.22951431572437286,0.17295498808380216,-0.0565593276405707
U_k32_m0.001_H2_candidate_path0,train,B_S24:47500009:26,True,False,0.2017914205789566,0.1927179751219228,-0.009073445457033813
U_k32_m0.001_H2_candidate_path0,train,B_S24:47500009:36,True,False,0.2040082961320877,0.19854089803993702,-0.005467398092150688
U_k32_m0.001_H2_candidate_path0,train,B_S24:47500009:68,True,False,0.19962750375270844,0.1758278114721179,-0.023799692280590534
U_k32_m0.001_H2_candidate_path0,train,B_S24:47500009:142,True,False,0.19156888127326965,0.17872334085404873,-0.012845540419220924
U_k32_m0.001_H2_candidate_path0,train,B_S24:47500011:5,False,True,0.21567028760910034,0.1355374362319708,-0.08013285137712955
U_k32_m0.001_H2_candidate_path0,train,B_S24:47500011:15,False,True,0.27740278840065,0.14160475903190672,-0.1357980293687433
U_k32_m0.001_H2_candidate_path0,train,B_S24:47500011:26,True,False,0.2033243030309677,0.21017045248299837,0.006846149452030659
U_k32_m0.001_H2_candidate_path0,train,B_S24:47500011:29,True,False,0.19927449524402618,0.17215215670876205,-0.027122338535264134
U_k32_m0.001_H2_candidate_path0,train,B_S24:47500011:31,True,False,0.19843603670597076,0.1811345339519903,-0.017301502753980458
U_k32_m0.001_H2_candidate_path0,train,B_S24:47500011:36,True,False,0.1904413253068924,0.15805038274265826,-0.03239094256423414
U_k32_m0.001_H2_candidate_path0,train,B_S24:47500011:49,True,False,0.20988304913043976,0.16904441494261846,-0.0408386341878213
U_k32_m0.001_H2_candidate_path0,train,B_S24:47500011:56,True,False,0.17872808873653412,0.16707514406880364,-0.01165294466773048
U_k32_m0.001_H2_candidate_path0,train,B_S24:47500011:74,True,False,0.18422141671180725,0.18686326686292887,0.0026418501511216164
U_k32_m0.001_H2_candidate_path0,train,B_S24:47500011:167,True,False,0.19334200024604797,0.20919368602335453,0.015851685777306557
U_k32_m0.001_H2_candidate_path0,train,B_S24:47500013:14,False,True,0.28033605217933655,0.16801416594535112,-0.11232188623398542
U_k32_m0.001_H2_candidate_path0,train,B_S24:47500013:15,False,True,0.20439974963665009,0.15152799570932984,-0.05287175392732024
U_k32_m0.001_H2_candidate_path0,train,B_S24:47500013:28,True,False,0.19227449595928192,0.17162195988930762,-0.020652536069974303
U_k32_m0.001_H2_candidate_path0,train,B_S24:47500013:32,True,False,0.20740289986133575,0.2209542146883905,0.013551314827054739
U_k32_m0.001_H2_candidate_path0,train,B_S24:47500013:58,True,False,0.21248304843902588,0.23453461984172463,0.022051571402698755
U_k32_m0.001_H2_candidate_path0,train,B_S24:47500013:83,True,False,0.19560031592845917,0.19522665720432997,-0.0003736587241292
U_k32_m0.001_H2_candidate_path0,train,B_S24:47500013:119,True,False,0.19263313710689545,0.17369336169213057,-0.01893977541476488
U_k32_m0.001_H2_candidate_path0,train,B_S24:47500013:128,True,False,0.17593681812286377,0.17791269486770034,0.001975876744836569
U_k32_m0.001_H2_candidate_path0,train,B_S24:47500013:162,True,False,0.1912224292755127,0.16991596820298582,-0.021306461072526872
U_k32_m0.001_H2_candidate_path0,train,B_S24:47500013:165,True,False,0.16955439746379852,0.19126955419778824,0.021715156733989716
U_k32_m0.001_H2_candidate_path0,train,B_S24:47500014:9,False,True,0.23185959458351135,0.1410111968871206,-0.09084839769639075
U_k32_m0.001_H2_candidate_path0,train,B_S24:47500014:10,False,True,0.24951332807540894,0.13658439158461988,-0.11292893649078906
U_k32_m0.001_H2_candidate_path0,train,B_S24:47500014:20,False,True,0.2947322428226471,0.14242728904355317,-0.15230495377909392
U_k32_m0.001_H2_candidate_path0,train,B_S24:47500014:43,True,False,0.19856169819831848,0.17623996030306444,-0.022321737895254046
U_k32_m0.001_H2_candidate_path0,train,B_S24:47500014:60,True,False,0.19704395532608032,0.16572643420659006,-0.031317521119490266
U_k32_m0.001_H2_candidate_path0,train,B_S24:47500014:78,True,False,0.20374704897403717,0.21221312833949924,0.008466079365462065
U_k32_m0.001_H2_candidate_path0,train,B_S24:47500014:99,True,False,0.1920219361782074,0.173040950903669,-0.018980985274538398
U_k32_m0.001_H2_candidate_path0,train,B_S24:47500014:134,True,False,0.21335487067699432,0.19543587288353592,-0.017918997793458402
U_k32_m0.001_H2_candidate_path0,train,B_S24:47500014:161,True,False,0.20422811806201935,0.18157240480650216,-0.022655713255517185
U_k32_m0.001_H2_candidate_path0,train,B_S24:47500014:170,True,False,0.22195537388324738,0.17735588760115206,-0.04459948628209531
U_k32_m0.001_H2_candidate_path0,train,B_S24:47500016:4,False,True,0.22275587916374207,0.15821404091548175,-0.06454183824826032
U_k32_m0.001_H2_candidate_path0,train,B_S24:47500016:5,False,True,0.21206985414028168,0.15214378718519583,-0.059926066955085844
U_k32_m0.001_H2_candidate_path0,train,B_S24:47500016:30,True,False,0.2151029109954834,0.20332860591588542,-0.01177430507959798
U_k32_m0.001_H2_candidate_path0,train,B_S24:47500016:42,True,False,0.22023054957389832,0.19856164348311722,-0.021668906090781093
U_k32_m0.001_H2_candidate_path0,train,B_S24:47500016:43,True,False,0.18710416555404663,0.17753151967190206,-0.00957264588214457
U_k32_m0.001_H2_candidate_path0,train,B_S24:47500016:108,True,False,0.1946910172700882,0.20553631335496902,0.010845296084880829
U_k32_m0.001_H2_candidate_path0,train,B_S24:47500016:129,True,False,0.1911258101463318,0.17584968591108918,-0.015276124235242605
U_k32_m0.001_H2_candidate_path0,train,B_S24:47500016:165,True,False,0.18993204832077026,0.17819033190608025,-0.011741716414690018
U_k32_m0.001_H2_candidate_path0,train,B_S24:47500016:169,True,False,0.19801130890846252,0.18964742380194366,-0.008363885106518865
U_k32_m0.001_H2_candidate_path0,development,B_S24:47600000:3,False,True,0.10639548301696777,0.12088877062342362,0.014493287606455851
U_k32_m0.001_H2_candidate_path0,development,B_S24:47600000:14,False,True,0.16690145432949066,0.15904954284997075,-0.007851911479519913
U_k32_m0.001_H2_candidate_path0,development,B_S24:47600000:17,False,True,0.17104215919971466,0.15223171589605045,-0.018810443303664215
U_k32_m0.001_H2_candidate_path0,development,B_S24:47600000:21,False,True,0.12470626085996628,0.13476954582438339,0.010063284964417107
U_k32_m0.001_H2_candidate_path0,development,B_S24:47600000:29,True,False,0.18600134551525116,0.1495044077091734,-0.03649693780607777
U_k32_m0.001_H2_candidate_path0,development,B_S24:47600000:32,True,False,0.12285436689853668,0.11880931540508755,-0.004045051493449137
U_k32_m0.001_H2_candidate_path0,development,B_S24:47600000:76,True,False,0.2103523164987564,0.1659146238671383,-0.04443769263161812
U_k32_m0.001_H2_candidate_path0,development,B_S24:47600000:83,True,False,0.10283004492521286,0.1885761070298031,0.08574606210459024
U_k32_m0.001_H2_candidate_path0,development,B_S24:47600000:157,True,False,0.1784522831439972,0.21007133997045457,0.03161905682645738
U_k32_m0.001_H2_candidate_path0,development,B_S24:47600002:2,False,True,0.05159301310777664,0.1603578799040406,0.10876486679626396
U_k32_m0.001_H2_candidate_path0,development,B_S24:47600002:16,False,True,0.13947400450706482,0.12381729445769452,-0.015656710049370304
U_k32_m0.001_H2_candidate_path0,development,B_S24:47600002:30,True,False,0.13774900138378143,0.15627274267899338,0.01852374129521195
U_k32_m0.001_H2_candidate_path0,development,B_S24:47600002:36,True,False,0.1883309781551361,0.18109907183679752,-0.007231906318338588
U_k32_m0.001_H2_candidate_path0,development,B_S24:47600002:68,True,False,0.14596755802631378,0.1530832960124826,0.007115737986168824
U_k32_m0.001_H2_candidate_path0,development,B_S24:47600002:76,True,False,0.15468749403953552,0.1998382917518029,0.045150797712267376
U_k32_m0.001_H2_candidate_path0,development,B_S24:47600002:79,True,False,0.19748245179653168,0.22383725734835025,0.026354805551818572
U_k32_m0.001_H2_candidate_path0,development,B_S24:47600002:89,True,False,0.13452740013599396,0.14266171210329048,0.008134311967296526
U_k32_m0.001_H2_candidate_path0,development,B_S24:47600002:107,True,False,0.12595650553703308,0.09841841961315367,-0.027538085923879407
U_k32_m0.001_H2_candidate_path0,development,B_S24:47600003:1,False,True,0.1683371216058731,0.19271650561131537,0.02437938400544226
U_k32_m0.001_H2_candidate_path0,development,B_S24:47600003:3,False,True,0.20682217180728912,0.10096785624773474,-0.10585431555955438
U_k32_m0.001_H2_candidate_path0,development,B_S24:47600003:4,False,True,0.06357606500387192,0.0852380447104224,0.021661979706550483
U_k32_m0.001_H2_candidate_path0,development,B_S24:47600003:11,False,True,0.11993049085140228,0.1365657567657763,0.01663526591437403
U_k32_m0.001_H2_candidate_path0,development,B_S24:47600003:12,False,True,0.16334745287895203,0.14287284736928996,-0.02047460550966207
U_k32_m0.001_H2_candidate_path0,development,B_S24:47600003:22,False,True,0.15863119065761566,0.15532079311378766,-0.003310397543828003
U_k32_m0.001_H2_candidate_path0,development,B_S24:47600003:70,True,False,0.15545779466629028,0.134264124884794,-0.021193669781496283
U_k32_m0.001_H2_candidate_path0,development,B_S24:47600003:90,True,False,0.1624036431312561,0.15752824182709446,-0.004875401304161642
U_k32_m0.001_H2_candidate_path0,development,B_S24:47600003:112,True,False,0.15473607182502747,0.14157295640325174,-0.013163115421775728
U_k32_m0.001_H2_candidate_path0,development,B_S24:47600003:125,True,False,0.2084129899740219,0.16542424354702234,-0.04298874642699957
U_k32_m0.001_H2_candidate_path0,development,B_S24:47600004:3,False,True,0.11503617465496063,0.09421925973219913,-0.020816914922761498
U_k32_m0.001_H2_candidate_path0,development,B_S24:47600004:8,False,True,0.17478503286838531,0.1233861388391233,-0.05139889402926201
U_k32_m0.001_H2_candidate_path0,development,B_S24:47600004:53,True,False,0.10889742523431778,0.1216862151195528,0.012788789885235019
U_k32_m0.001_H2_candidate_path0,development,B_S24:47600004:65,True,False,0.10677620023488998,0.10430144122801721,-0.002474759006872773
U_k32_m0.001_H2_candidate_path0,development,B_S24:47600004:92,True,False,0.12097351998090744,0.11245396014419384,-0.008519559836713597
U_k32_m0.001_H2_candidate_path0,development,B_S24:47600004:109,True,False,0.12309157103300095,0.10792222181044053,-0.015169349222560413
U_k32_m0.001_H2_candidate_path0,development,B_S24:47600004:122,True,False,0.109902024269104,0.11110280253342353,0.0012007782643195242
U_k32_m0.001_H2_candidate_path0,development,B_S24:47600005:2,False,True,0.11564493924379349,0.1335841454056208,0.017939206161827315
U_k32_m0.001_H2_candidate_path0,development,B_S24:47600005:5,False,True,0.12330389767885208,0.14199264082708396,0.01868874314823188
U_k32_m0.001_H2_candidate_path0,development,B_S24:47600005:15,False,True,0.20498177409172058,0.18949490459635854,-0.015486869495362043
U_k32_m0.001_H2_candidate_path0,development,B_S24:47600005:24,True,False,0.1818453073501587,0.1746049288631184,-0.007240378487040289
U_k32_m0.001_H2_candidate_path0,development,B_S24:47600005:33,True,False,0.18654732406139374,0.1391256603783404,-0.04742166368305334
U_k32_m0.001_H2_candidate_path0,development,B_S24:47600005:48,True,False,0.16363517940044403,0.16663185073412023,0.002996671333676204
U_k32_m0.001_H2_candidate_path0,development,B_S24:47600005:86,True,False,0.106950543820858,0.16113249229238136,0.054181948471523356
U_k32_m0.001_H2_candidate_path0,development,B_S24:47600005:88,True,False,0.149591863155365,0.14551397366449237,-0.0040778894908726215
U_k32_m0.001_H2_candidate_path0,development,B_S24:47600005:105,True,False,0.2188747078180313,0.2361983638475067,0.017323656029475387
U_k32_m0.001_H2_candidate_path0,development,B_S24:47600005:119,True,False,0.13627754151821136,0.12629346413450548,-0.00998407738370588
U_k32_m0.001_H2_candidate_path0,development,B_S24:47600006:2,False,True,0.30964139103889465,0.1376086719246814,-0.17203271911421325
U_k32_m0.001_H2_candidate_path0,development,B_S24:47600006:11,False,True,0.3115346431732178,0.15880896615271922,-0.15272567702049855
U_k32_m0.001_H2_candidate_path0,development,B_S24:47600006:13,False,True,0.2767978608608246,0.2702837024407927,-0.00651415842003189
U_k32_m0.001_H2_candidate_path0,development,B_S24:47600006:16,False,True,0.32627835869789124,0.22877299846732058,-0.09750536023057066
U_k32_m0.001_H2_candidate_path0,development,B_S24:47600006:25,True,False,0.1896304488182068,0.17718561625952134,-0.012444832558685448
U_k32_m0.001_H2_candidate_path0,development,B_S24:47600006:38,True,False,0.15985150635242462,0.1495796963426983,-0.010271810009726323
U_k32_m0.001_H2_candidate_path0,development,B_S24:47600006:72,True,False,0.19587059319019318,0.19665962263388792,0.0007890294436947443
U_k32_m0.001_H2_candidate_path0,development,B_S24:47600006:101,True,False,0.2682296633720398,0.23678866732734605,-0.03144099604469375
U_k32_m0.001_H2_candidate_path0,development,B_S24:47600006:132,True,False,0.1438840925693512,0.13275497381255263,-0.011129118756798562
U_k32_m0.001_H2_candidate_path0,development,B_S24:47600006:177,True,False,0.15941739082336426,0.17039312614360824,0.010975735320243984
U_k32_m0.001_H2_candidate_path0,development,B_S24:47600007:4,False,True,0.08051710575819016,0.09457405535431462,0.014056949596124468
U_k32_m0.001_H2_candidate_path0,development,B_S24:47600007:7,False,True,0.095238097012043,0.11527332885816577,0.02003523184612277
U_k32_m0.001_H2_candidate_path0,development,B_S24:47600007:10,False,True,0.16572976112365723,0.13456559566839132,-0.031164165455265902
U_k32_m0.001_H2_candidate_path0,development,B_S24:47600007:17,False,True,0.1427968591451645,0.12086350623576436,-0.021933352909400128
U_k32_m0.001_H2_candidate_path0,development,B_S24:47600007:27,True,False,0.12240776419639587,0.13449325801047962,0.012085493814083748
U_k32_m0.001_H2_candidate_path0,development,B_S24:47600007:28,True,False,0.14361676573753357,0.1476469122535491,0.00403014651601552
U_k32_m0.001_H2_candidate_path0,development,B_S24:47600007:61,True,False,0.21357783675193787,0.19746550978015875,-0.016112326971779112
U_k32_m0.001_H2_candidate_path0,development,B_S24:47600007:66,True,False,0.17460960149765015,0.16263625322608277,-0.011973348271567374
U_k32_m0.001_H2_candidate_path0,development,B_S24:47600007:87,True,False,0.13914091885089874,0.13523874479869846,-0.00390217405220028
U_k32_m0.001_H2_candidate_path0,development,B_S24:47600007:117,True,False,0.13315054774284363,0.12879528421035502,-0.004355263532488607
U_k32_m0.001_H2_candidate_path0,development,B_S24:47600008:6,False,True,0.10149743407964706,0.07664541336998809,-0.024852020709658973
U_k32_m0.001_H2_candidate_path0,development,B_S24:47600008:8,False,True,0.07705400139093399,0.07667683898762334,-0.0003771624033106491
U_k32_m0.001_H2_candidate_path0,development,B_S24:47600008:21,False,True,0.08903466910123825,0.09083642184123164,0.0018017527399933897
U_k32_m0.001_H2_candidate_path0,development,B_S24:47600008:23,True,False,0.09036630392074585,0.07082287209050264,-0.019543431830243208
U_k32_m0.001_H2_candidate_path0,development,B_S24:47600008:49,True,False,0.08093547075986862,0.07693732833286049,-0.003998142427008133
U_k32_m0.001_H2_candidate_path0,development,B_S24:47600008:54,True,False,0.08344591408967972,0.10285972339625005,0.01941380930657033
U_k32_m0.001_H2_candidate_path0,development,B_S24:47600008:61,True,False,0.11031100153923035,0.1292677819437813,0.018956780404550955
U_k32_m0.001_H2_candidate_path0,development,B_S24:47600008:87,True,False,0.13192854821681976,0.12498241402499843,-0.006946134191821329
U_k32_m0.001_H2_candidate_path0,development,B_S24:47600008:101,True,False,0.055675406008958817,0.1142410022803233,0.058565596271364484
U_k32_m0.03_H1_path0,train,B_S24:47500000:1,False,True,0.2764248549938202,0.10182579164393246,-0.17459906334988773
U_k32_m0.03_H1_path0,train,B_S24:47500000:8,False,True,0.2726425528526306,0.15907570900162682,-0.1135668438510038
U_k32_m0.03_H1_path0,train,B_S24:47500000:26,True,True,0.23191595077514648,0.14262861339375377,-0.08928733738139272
U_k32_m0.03_H1_path0,train,B_S24:47500000:39,True,True,0.28649821877479553,0.1867237777914852,-0.09977444098331034
U_k32_m0.03_H1_path0,train,B_S24:47500000:84,True,True,0.2946719229221344,0.12689979269634932,-0.16777213022578508
U_k32_m0.03_H1_path0,train,B_S24:47500000:141,True,True,0.22923175990581512,0.12138001970015466,-0.10785174020566046
U_k32_m0.03_H1_path0,train,B_S24:47500000:144,True,True,0.19859656691551208,0.12941889045760036,-0.06917767645791173
U_k32_m0.03_H1_path0,train,B_S24:47500000:155,True,True,0.27399685978889465,0.17839843512047082,-0.09559842466842383
U_k32_m0.03_H1_path0,train,B_S24:47500000:169,True,True,0.679190993309021,0.18410951597616076,-0.49508147733286023
U_k32_m0.03_H1_path0,train,B_S24:47500000:179,True,True,0.3028055429458618,0.17596144962590188,-0.12684409331995994
U_k32_m0.03_H1_path0,train,B_S24:47500002:2,False,True,0.2293533980846405,0.1509628025814891,-0.07839059550315142
U_k32_m0.03_H1_path0,train,B_S24:47500002:3,False,True,0.2346598207950592,0.16930008120834827,-0.06535973958671093
U_k32_m0.03_H1_path0,train,B_S24:47500002:15,False,True,0.2261960208415985,0.193919615005143,-0.032276405836455524
U_k32_m0.03_H1_path0,train,B_S24:47500002:25,False,True,0.33646461367607117,0.15478862985037267,-0.1816759838256985
U_k32_m0.03_H1_path0,train,B_S24:47500002:33,True,True,0.3294715881347656,0.1750722334254533,-0.15439935470931232
U_k32_m0.03_H1_path0,train,B_S24:47500002:55,True,True,0.28354978561401367,0.17260317166801542,-0.11094661394599825
U_k32_m0.03_H1_path0,train,B_S24:47500002:101,True,True,0.2761281728744507,0.18900877912528813,-0.08711939374916255
U_k32_m0.03_H1_path0,train,B_S24:47500002:114,True,True,0.28341925144195557,0.16605159011669457,-0.117367661325261
U_k32_m0.03_H1_path0,train,B_S24:47500002:152,True,True,0.30828890204429626,0.15047790913376957,-0.1578109929105267
U_k32_m0.03_H1_path0,train,B_S24:47500002:178,True,True,0.2434564083814621,0.15600439970148727,-0.08745200867997482
U_k32_m0.03_H1_path0,train,B_S24:47500003:4,False,True,0.23671148717403412,0.0936823565280065,-0.14302913064602762
U_k32_m0.03_H1_path0,train,B_S24:47500003:16,False,True,0.42834097146987915,0.1457101870328188,-0.28263078443706036
U_k32_m0.03_H1_path0,train,B_S24:47500003:24,False,True,0.24758048355579376,0.1617461759597063,-0.08583430759608746
U_k32_m0.03_H1_path0,train,B_S24:47500003:41,True,True,0.5008905529975891,0.1448606455232948,-0.3560299074742943
U_k32_m0.03_H1_path0,train,B_S24:47500003:46,True,True,0.303580641746521,0.18684548628516495,-0.11673515546135604
U_k32_m0.03_H1_path0,train,B_S24:47500003:80,True,True,0.24935582280158997,0.15200346801429987,-0.0973523547872901
U_k32_m0.03_H1_path0,train,B_S24:47500003:91,True,True,0.24223019182682037,0.17167084175162017,-0.0705593500752002
U_k32_m0.03_H1_path0,train,B_S24:47500003:109,True,True,0.26960286498069763,0.19538133451715112,-0.07422153046354651
U_k32_m0.03_H1_path0,train,B_S24:47500003:149,True,True,0.29749181866645813,0.14567840425297618,-0.15181341441348195
U_k32_m0.03_H1_path0,train,B_S24:47500003:180,True,True,0.3560384511947632,0.16053106845356524,-0.19550738274119794
U_k32_m0.03_H1_path0,train,B_S24:47500005:2,False,True,0.20756380259990692,0.13702382647898048,-0.07053997612092644
U_k32_m0.03_H1_path0,train,B_S24:47500005:6,False,True,0.2495371699333191,0.18142400635406375,-0.06811316357925534
U_k32_m0.03_H1_path0,train,B_S24:47500005:13,False,True,0.34208011627197266,0.133545529039111,-0.20853458723286167
U_k32_m0.03_H1_path0,train,B_S24:47500005:45,True,True,0.23907455801963806,0.1443097407463938,-0.09476481727324426
U_k32_m0.03_H1_path0,train,B_S24:47500005:46,True,True,0.3211859166622162,0.14480054704472423,-0.17638536961749196
U_k32_m0.03_H1_path0,train,B_S24:47500005:67,True,True,0.3466087877750397,0.17747280886396766,-0.16913597891107202
U_k32_m0.03_H1_path0,train,B_S24:47500005:106,True,True,0.3861754834651947,0.16005975008010864,-0.22611573338508606
U_k32_m0.03_H1_path0,train,B_S24:47500005:120,True,True,0.2706676423549652,0.18093670695088804,-0.08973093540407717
U_k32_m0.03_H1_path0,train,B_S24:47500005:170,True,True,0.24026009440422058,0.15688261413015425,-0.08337748027406633
U_k32_m0.03_H1_path0,train,B_S24:47500006:4,False,True,0.30060917139053345,0.16520253545604646,-0.13540663593448699
U_k32_m0.03_H1_path0,train,B_S24:47500006:5,False,True,0.24634462594985962,0.14369789697229862,-0.102646728977561
U_k32_m0.03_H1_path0,train,B_S24:47500006:8,False,True,0.28322696685791016,0.15234206145396456,-0.1308849054039456
U_k32_m0.03_H1_path0,train,B_S24:47500006:10,False,True,0.20519419014453888,0.16181315178982913,-0.043381038354709744
U_k32_m0.03_H1_path0,train,B_S24:47500006:89,True,True,0.6381005048751831,0.18326736520975828,-0.4548331396654248
U_k32_m0.03_H1_path0,train,B_S24:47500006:102,True,True,0.19810530543327332,0.11825875658541918,-0.07984654884785414
U_k32_m0.03_H1_path0,train,B_S24:47500006:118,True,True,0.26859813928604126,0.16571498109260574,-0.10288315819343552
U_k32_m0.03_H1_path0,train,B_S24:47500006:136,True,True,0.2975250482559204,0.19512095348909497,-0.10240409476682544
U_k32_m0.03_H1_path0,train,B_S24:47500006:169,True,True,0.30117690563201904,0.1707793774548918,-0.13039752817712724
U_k32_m0.03_H1_path0,train,B_S24:47500007:4,False,True,0.22909224033355713,0.11981028807349503,-0.1092819522600621
U_k32_m0.03_H1_path0,train,B_S24:47500007:6,False,True,0.2150968611240387,0.14551651198416948,-0.06958034913986921
U_k32_m0.03_H1_path0,train,B_S24:47500007:13,False,True,0.25544819235801697,0.1941983608994633,-0.06124983145855367
U_k32_m0.03_H1_path0,train,B_S24:47500007:36,True,True,0.37446433305740356,0.13015492970589548,-0.24430940335150808
U_k32_m0.03_H1_path0,train,B_S24:47500007:97,True,True,0.2817915081977844,0.15997450868599117,-0.12181699951179326
U_k32_m0.03_H1_path0,train,B_S24:47500007:118,True,True,0.3746061325073242,0.18266696174396202,-0.1919391707633622
U_k32_m0.03_H1_path0,train,B_S24:47500007:134,True,True,0.2679819166660309,0.1795531422831118,-0.08842877438291907
U_k32_m0.03_H1_path0,train,B_S24:47500007:168,True,True,0.26231005787849426,0.18497962097171694,-0.07733043690677732
U_k32_m0.03_H1_path0,train,B_S24:47500008:4,False,True,0.3999791741371155,0.15335126518039033,-0.24662790895672515
U_k32_m0.03_H1_path0,train,B_S24:47500008:10,False,True,0.2434339076280594,0.14666653657332063,-0.09676737105473876
U_k32_m0.03_H1_path0,train,B_S24:47500008:20,False,True,0.22476518154144287,0.12638393696397543,-0.09838124457746744
U_k32_m0.03_H1_path0,train,B_S24:47500008:28,True,True,0.22644352912902832,0.13742578291567042,-0.0890177462133579
U_k32_m0.03_H1_path0,train,B_S24:47500008:34,True,True,0.26515433192253113,0.18819516780786216,-0.07695916411466897
U_k32_m0.03_H1_path0,train,B_S24:47500008:112,True,True,0.22374282777309418,0.13855312834493816,-0.08518969942815602
U_k32_m0.03_H1_path0,train,B_S24:47500008:131,True,True,0.43836918473243713,0.143347708217334,-0.29502147651510313
U_k32_m0.03_H1_path0,train,B_S24:47500008:172,True,True,0.2269577980041504,0.15210219915024936,-0.07485559885390103
U_k32_m0.03_H1_path0,train,B_S24:47500009:6,False,True,0.4036793112754822,0.13100482220761478,-0.2726744890678674
U_k32_m0.03_H1_path0,train,B_S24:47500009:11,False,True,0.48719051480293274,0.15690636518411338,-0.33028414961881936
U_k32_m0.03_H1_path0,train,B_S24:47500009:15,False,True,0.3511512577533722,0.15343894169200212,-0.19771231606137007
U_k32_m0.03_H1_path0,train,B_S24:47500009:20,False,True,0.32812613248825073,0.13290222408249974,-0.195223908405751
U_k32_m0.03_H1_path0,train,B_S24:47500009:26,True,True,0.3265187442302704,0.13778936001472175,-0.18872938421554863
U_k32_m0.03_H1_path0,train,B_S24:47500009:36,True,True,0.34815749526023865,0.17789890756830573,-0.17025858769193292
U_k32_m0.03_H1_path0,train,B_S24:47500009:68,True,True,0.29031646251678467,0.16274878924014047,-0.1275676732766442
U_k32_m0.03_H1_path0,train,B_S24:47500009:142,True,True,0.37249451875686646,0.16634900507051498,-0.20614551368635148
U_k32_m0.03_H1_path0,train,B_S24:47500011:5,False,True,0.2801450490951538,0.19611652829917148,-0.08402852079598233
U_k32_m0.03_H1_path0,train,B_S24:47500011:15,False,True,0.20587758719921112,0.11634470848366618,-0.08953287871554494
U_k32_m0.03_H1_path0,train,B_S24:47500011:26,True,True,0.18596035242080688,0.1397659876383841,-0.04619436478242278
U_k32_m0.03_H1_path0,train,B_S24:47500011:29,True,True,0.29781290888786316,0.10938231472391635,-0.1884305941639468
U_k32_m0.03_H1_path0,train,B_S24:47500011:31,True,True,0.47709038853645325,0.10963085055118427,-0.367459537985269
U_k32_m0.03_H1_path0,train,B_S24:47500011:36,True,True,0.28366196155548096,0.16443546605296433,-0.11922649550251663
U_k32_m0.03_H1_path0,train,B_S24:47500011:49,True,True,0.20852744579315186,0.11231461621355265,-0.0962128295795992
U_k32_m0.03_H1_path0,train,B_S24:47500011:56,True,True,0.2975488007068634,0.14798137260368094,-0.14956742810318246
U_k32_m0.03_H1_path0,train,B_S24:47500011:74,True,True,0.25452595949172974,0.16750956187024713,-0.08701639762148261
U_k32_m0.03_H1_path0,train,B_S24:47500011:167,True,True,0.20590776205062866,0.16173166234511882,-0.04417609970550984
U_k32_m0.03_H1_path0,train,B_S24:47500013:14,False,True,0.46874603629112244,0.19897896493785083,-0.2697670713532716
U_k32_m0.03_H1_path0,train,B_S24:47500013:15,False,True,0.2843242287635803,0.12706273724325,-0.1572614915203303
U_k32_m0.03_H1_path0,train,B_S24:47500013:28,True,True,0.21620453894138336,0.1117112603969872,-0.10449327854439616
U_k32_m0.03_H1_path0,train,B_S24:47500013:32,True,True,0.22561053931713104,0.17525912448763847,-0.05035141482949257
U_k32_m0.03_H1_path0,train,B_S24:47500013:58,True,True,0.31142371892929077,0.21694743679836392,-0.09447628213092685
U_k32_m0.03_H1_path0,train,B_S24:47500013:83,True,True,0.21722303330898285,0.13341880694497377,-0.08380422636400908
U_k32_m0.03_H1_path0,train,B_S24:47500013:119,True,True,0.38770005106925964,0.13741034921258688,-0.25028970185667276
U_k32_m0.03_H1_path0,train,B_S24:47500013:128,True,True,0.28512734174728394,0.12975464877672493,-0.155372692970559
U_k32_m0.03_H1_path0,train,B_S24:47500013:162,True,True,0.2509675621986389,0.14605172091978602,-0.1049158412788529
U_k32_m0.03_H1_path0,train,B_S24:47500013:165,True,True,0.3057215213775635,0.1140935803996399,-0.19162794097792357
U_k32_m0.03_H1_path0,train,B_S24:47500014:9,False,True,0.2998667359352112,0.12374577717855573,-0.17612095875665545
U_k32_m0.03_H1_path0,train,B_S24:47500014:10,False,True,0.18628248572349548,0.1254531496670097,-0.06082933605648577
U_k32_m0.03_H1_path0,train,B_S24:47500014:20,False,True,0.25141093134880066,0.16778313368558884,-0.08362779766321182
U_k32_m0.03_H1_path0,train,B_S24:47500014:43,True,True,0.43859049677848816,0.1377659080317244,-0.30082458874676377
U_k32_m0.03_H1_path0,train,B_S24:47500014:60,True,True,0.2503149211406708,0.17754856939427555,-0.07276635174639523
U_k32_m0.03_H1_path0,train,B_S24:47500014:78,True,True,0.327073872089386,0.10867706756107509,-0.2183968045283109
U_k32_m0.03_H1_path0,train,B_S24:47500014:99,True,True,0.2530253231525421,0.15112511615734547,-0.10190020699519664
U_k32_m0.03_H1_path0,train,B_S24:47500014:134,True,True,0.3309536874294281,0.1534110079810489,-0.1775426794483792
U_k32_m0.03_H1_path0,train,B_S24:47500014:161,True,True,0.2668830156326294,0.1878460336010903,-0.07903698203153908
U_k32_m0.03_H1_path0,train,B_S24:47500014:170,True,True,0.2660018503665924,0.17348344437777996,-0.09251840598881245
U_k32_m0.03_H1_path0,train,B_S24:47500016:4,False,True,0.3301513195037842,0.14260202087461948,-0.1875492986291647
U_k32_m0.03_H1_path0,train,B_S24:47500016:5,False,True,0.5028370022773743,0.12622618800378405,-0.3766108142735902
U_k32_m0.03_H1_path0,train,B_S24:47500016:30,True,True,0.2704567313194275,0.17543092765845358,-0.0950258036609739
U_k32_m0.03_H1_path0,train,B_S24:47500016:42,True,True,0.2548401951789856,0.17022751935292035,-0.08461267582606524
U_k32_m0.03_H1_path0,train,B_S24:47500016:43,True,True,0.3241735100746155,0.1302357682143338,-0.19393774186028168
U_k32_m0.03_H1_path0,train,B_S24:47500016:108,True,True,0.21036596596240997,0.17055115709081292,-0.03981480887159705
U_k32_m0.03_H1_path0,train,B_S24:47500016:129,True,True,0.2867277264595032,0.14353838993702084,-0.14318933652248234
U_k32_m0.03_H1_path0,train,B_S24:47500016:165,True,True,0.3379712998867035,0.16925290710059926,-0.16871839278610423
U_k32_m0.03_H1_path0,train,B_S24:47500016:169,True,True,0.3277372717857361,0.16653886623680592,-0.16119840554893017
U_k32_m0.03_H1_path0,development,B_S24:47600000:3,False,True,0.15766002237796783,0.16977770396624692,0.012117681588279083
U_k32_m0.03_H1_path0,development,B_S24:47600000:14,False,True,0.2673629820346832,0.22579500279971398,-0.04156797923496924
U_k32_m0.03_H1_path0,development,B_S24:47600000:17,False,True,0.18787090480327606,0.17269222429968067,-0.015178680503595388
U_k32_m0.03_H1_path0,development,B_S24:47600000:21,False,True,0.16801640391349792,0.1530375219808775,-0.014978881932620425
U_k32_m0.03_H1_path0,development,B_S24:47600000:29,True,True,0.21667757630348206,0.17102490695469896,-0.04565266934878309
U_k32_m0.03_H1_path0,development,B_S24:47600000:32,True,True,0.1452745795249939,0.1587154565822857,0.0134408770572918
U_k32_m0.03_H1_path0,development,B_S24:47600000:76,True,True,0.21455742418766022,0.17354154861095594,-0.041015875576704275
U_k32_m0.03_H1_path0,development,B_S24:47600000:83,True,True,0.13896697759628296,0.19150727933447342,0.052540301738190465
U_k32_m0.03_H1_path0,development,B_S24:47600000:157,True,True,0.22476698458194733,0.197890512063168,-0.026876472518779337
U_k32_m0.03_H1_path0,development,B_S24:47600002:2,False,True,0.05097818002104759,0.14309446073457366,0.09211628071352607
U_k32_m0.03_H1_path0,development,B_S24:47600002:16,False,True,0.17347528040409088,0.19522923463227926,0.021753954228188377
U_k32_m0.03_H1_path0,development,B_S24:47600002:30,True,True,0.22018389403820038,0.18377548614080297,-0.03640840789739741
U_k32_m0.03_H1_path0,development,B_S24:47600002:36,True,True,0.16579541563987732,0.17082054051934392,0.005025124879466603
U_k32_m0.03_H1_path0,development,B_S24:47600002:68,True,True,0.11747761070728302,0.14235899539926322,0.024881384691980202
U_k32_m0.03_H1_path0,development,B_S24:47600002:76,True,True,0.11617386341094971,0.16025906847789884,0.04408520506694913
U_k32_m0.03_H1_path0,development,B_S24:47600002:79,True,True,0.27804654836654663,0.2531437438301509,-0.024902804536395706
U_k32_m0.03_H1_path0,development,B_S24:47600002:89,True,True,0.09613291174173355,0.10765744648961117,0.011524534747877624
U_k32_m0.03_H1_path0,development,B_S24:47600002:107,True,True,0.12427528947591782,0.109939048285014,-0.01433624119090382
U_k32_m0.03_H1_path0,development,B_S24:47600003:1,False,True,0.17445436120033264,0.14908173456205986,-0.025372626638272777
U_k32_m0.03_H1_path0,development,B_S24:47600003:3,False,True,0.1957571804523468,0.09986076764471363,-0.09589641280763317
U_k32_m0.03_H1_path0,development,B_S24:47600003:4,False,True,0.09629970788955688,0.0996484270435758,0.0033487191540189087
U_k32_m0.03_H1_path0,development,B_S24:47600003:11,False,True,0.15106694400310516,0.18881118501303717,0.03774424100993201
U_k32_m0.03_H1_path0,development,B_S24:47600003:12,False,True,0.24653276801109314,0.1655288979090983,-0.08100387010199483
U_k32_m0.03_H1_path0,development,B_S24:47600003:22,False,True,0.167026549577713,0.17327476375066908,0.006248214172956068
U_k32_m0.03_H1_path0,development,B_S24:47600003:70,True,True,0.15017485618591309,0.169621912369621,0.0194470561837079
U_k32_m0.03_H1_path0,development,B_S24:47600003:90,True,True,0.10181804746389389,0.11681658319139387,0.014998535727499984
U_k32_m0.03_H1_path0,development,B_S24:47600003:112,True,True,0.17360983788967133,0.14278733506216668,-0.03082250282750465
U_k32_m0.03_H1_path0,development,B_S24:47600003:125,True,True,0.20767731964588165,0.1616586334639578,-0.04601868618192384
U_k32_m0.03_H1_path0,development,B_S24:47600004:3,False,True,0.1546102613210678,0.12402474543341668,-0.030585515887651127
U_k32_m0.03_H1_path0,development,B_S24:47600004:8,False,True,0.23705220222473145,0.1274680419883225,-0.10958416023640893
U_k32_m0.03_H1_path0,development,B_S24:47600004:53,True,True,0.10438726097345352,0.10929416180442786,0.004906900830974337
U_k32_m0.03_H1_path0,development,B_S24:47600004:65,True,True,0.15128593146800995,0.11127556413703132,-0.040010367330978625
U_k32_m0.03_H1_path0,development,B_S24:47600004:92,True,True,0.14418311417102814,0.1119959603602183,-0.03218715381080983
U_k32_m0.03_H1_path0,development,B_S24:47600004:109,True,True,0.09422361850738525,0.0911563144181855,-0.0030673040891997516
U_k32_m0.03_H1_path0,development,B_S24:47600004:122,True,True,0.10569938272237778,0.10807029906573007,0.0023709163433522917
U_k32_m0.03_H1_path0,development,B_S24:47600005:2,False,True,0.10518714785575867,0.10448949640704086,-0.0006976514487178065
U_k32_m0.03_H1_path0,development,B_S24:47600005:5,False,True,0.058397483080625534,0.10700479306251509,0.04860730998188956
U_k32_m0.03_H1_path0,development,B_S24:47600005:15,False,True,0.16495096683502197,0.18632819665799616,0.021377229822974186
U_k32_m0.03_H1_path0,development,B_S24:47600005:24,True,True,0.13205257058143616,0.10447606631714734,-0.027576504264288815
U_k32_m0.03_H1_path0,development,B_S24:47600005:33,True,True,0.11100126802921295,0.11196692923840601,0.0009656612091930583
U_k32_m0.03_H1_path0,development,B_S24:47600005:48,True,True,0.12611517310142517,0.15991888368444052,0.033803710583015345
U_k32_m0.03_H1_path0,development,B_S24:47600005:86,True,True,0.11864378303289413,0.1379835004117922,0.019339717378898058
U_k32_m0.03_H1_path0,development,B_S24:47600005:88,True,True,0.09764544665813446,0.14859445727051934,0.05094901061238488
U_k32_m0.03_H1_path0,development,B_S24:47600005:105,True,True,0.11799237132072449,0.14040839271910954,0.022416021398385055
U_k32_m0.03_H1_path0,development,B_S24:47600005:119,True,True,0.10275090485811234,0.1179228015098488,0.01517189665173646
U_k32_m0.03_H1_path0,development,B_S24:47600006:2,False,True,0.1719210296869278,0.1299509621458128,-0.041970067541114986
U_k32_m0.03_H1_path0,development,B_S24:47600006:11,False,True,0.2063142955303192,0.12774536520737456,-0.07856893032294465
U_k32_m0.03_H1_path0,development,B_S24:47600006:13,False,True,0.22225801646709442,0.23270981873065466,0.01045180226356024
U_k32_m0.03_H1_path0,development,B_S24:47600006:16,False,True,0.44344884157180786,0.24523808657249901,-0.19821075499930885
U_k32_m0.03_H1_path0,development,B_S24:47600006:25,True,True,0.15715152025222778,0.10890035006013932,-0.048251170192088466
U_k32_m0.03_H1_path0,development,B_S24:47600006:38,True,True,0.15747858583927155,0.12169299859669991,-0.03578558724257164
U_k32_m0.03_H1_path0,development,B_S24:47600006:72,True,True,0.11393491923809052,0.16668670748913428,0.05275178825104376
U_k32_m0.03_H1_path0,development,B_S24:47600006:101,True,True,0.28985607624053955,0.2076115409072372,-0.08224453533330234
U_k32_m0.03_H1_path0,development,B_S24:47600006:132,True,True,0.10956546664237976,0.12897298469397356,0.019407518051593797
U_k32_m0.03_H1_path0,development,B_S24:47600006:177,True,True,0.26501086354255676,0.15621232008561492,-0.10879854345694184
U_k32_m0.03_H1_path0,development,B_S24:47600007:4,False,True,0.11459684371948242,0.08882838305726182,-0.025768460662220605
U_k32_m0.03_H1_path0,development,B_S24:47600007:7,False,True,0.06035071238875389,0.07587364426217391,0.01552293187342002
U_k32_m0.03_H1_path0,development,B_S24:47600007:10,False,True,0.12187081575393677,0.10120313326478936,-0.02066768248914741
U_k32_m0.03_H1_path0,development,B_S24:47600007:17,False,True,0.11710075289011002,0.11919098261205363,0.002090229721943615
U_k32_m0.03_H1_path0,development,B_S24:47600007:27,True,True,0.07020562887191772,0.0936943627675646,0.023488733895646874
U_k32_m0.03_H1_path0,development,B_S24:47600007:28,True,True,0.11958231776952744,0.1058100978625589,-0.01377221990696853
U_k32_m0.03_H1_path0,development,B_S24:47600007:61,True,True,0.17106851935386658,0.2096589943539584,0.03859047500009183
U_k32_m0.03_H1_path0,development,B_S24:47600007:66,True,True,0.17806774377822876,0.17779549305851106,-0.00027225071971770376
U_k32_m0.03_H1_path0,development,B_S24:47600007:87,True,True,0.14368629455566406,0.1592465169596835,0.015560222404019441
U_k32_m0.03_H1_path0,development,B_S24:47600007:117,True,True,0.13378064334392548,0.14919416655175155,0.015413523207826074
U_k32_m0.03_H1_path0,development,B_S24:47600008:6,False,True,0.029859988018870354,0.0623488287528744,0.03248884073400404
U_k32_m0.03_H1_path0,development,B_S24:47600008:8,False,True,0.06620724499225616,0.05571348373632645,-0.010493761255929712
U_k32_m0.03_H1_path0,development,B_S24:47600008:21,False,True,0.04489598050713539,0.05013524492824217,0.005239264421106782
U_k32_m0.03_H1_path0,development,B_S24:47600008:23,True,True,0.0733189657330513,0.04926122268443578,-0.02405774304861552
U_k32_m0.03_H1_path0,development,B_S24:47600008:49,True,True,0.052811264991760254,0.06476024990115548,0.011948984909395222
U_k32_m0.03_H1_path0,development,B_S24:47600008:54,True,True,0.06581341475248337,0.08668925453093834,0.020875839778454974
U_k32_m0.03_H1_path0,development,B_S24:47600008:61,True,True,0.08820010721683502,0.10539777821759344,0.01719767100075842
U_k32_m0.03_H1_path0,development,B_S24:47600008:87,True,True,0.12183569371700287,0.10710415388894035,-0.014731539828062523
U_k32_m0.03_H1_path0,development,B_S24:47600008:101,True,True,0.06207224354147911,0.09867220660089515,0.03659996305941604
U_k32_m0.03_H2_candidate_path0,train,B_S24:47500000:1,False,True,0.4217626750469208,0.15680824231822044,-0.26495443272870034
U_k32_m0.03_H2_candidate_path0,train,B_S24:47500000:8,False,True,0.2428709715604782,0.13341408316046,-0.10945688840001822
U_k32_m0.03_H2_candidate_path0,train,B_S24:47500000:26,True,False,0.17270733416080475,0.14995276811532676,-0.022754566045477986
U_k32_m0.03_H2_candidate_path0,train,B_S24:47500000:39,True,False,0.21443118155002594,0.20361917093396187,-0.010812010616064072
U_k32_m0.03_H2_candidate_path0,train,B_S24:47500000:84,True,False,0.20429950952529907,0.19133803399745375,-0.012961475527845323
U_k32_m0.03_H2_candidate_path0,train,B_S24:47500000:141,True,False,0.16733784973621368,0.13958196295425296,-0.027755886781960726
U_k32_m0.03_H2_candidate_path0,train,B_S24:47500000:144,True,False,0.16403505206108093,0.13891362014692277,-0.025121431914158165
U_k32_m0.03_H2_candidate_path0,train,B_S24:47500000:155,True,False,0.22440917789936066,0.1996286897920072,-0.02478048810735345
U_k32_m0.03_H2_candidate_path0,train,B_S24:47500000:169,True,False,0.20994669198989868,0.19442281941883266,-0.015523872571066022
U_k32_m0.03_H2_candidate_path0,train,B_S24:47500000:179,True,False,0.20361582934856415,0.18725592410191894,-0.016359905246645212
U_k32_m0.03_H2_candidate_path0,train,B_S24:47500002:2,False,True,0.2763860523700714,0.13127976702526212,-0.1451062853448093
U_k32_m0.03_H2_candidate_path0,train,B_S24:47500002:3,False,True,0.2542312741279602,0.14107032970059663,-0.11316094442736357
U_k32_m0.03_H2_candidate_path0,train,B_S24:47500002:15,False,True,0.405412882566452,0.16362335672602057,-0.24178952584043145
U_k32_m0.03_H2_candidate_path0,train,B_S24:47500002:25,False,True,0.30512306094169617,0.1506346925161779,-0.15448836842551827
U_k32_m0.03_H2_candidate_path0,train,B_S24:47500002:33,True,False,0.17951099574565887,0.187786202179268,0.008275206433609128
U_k32_m0.03_H2_candidate_path0,train,B_S24:47500002:55,True,False,0.19515889883041382,0.17845221725292504,-0.01670668157748878
U_k32_m0.03_H2_candidate_path0,train,B_S24:47500002:101,True,False,0.1970028430223465,0.18562274996656924,-0.011380093055777252
U_k32_m0.03_H2_candidate_path0,train,B_S24:47500002:114,True,False,0.15250766277313232,0.18936575832776725,0.03685809555463493
U_k32_m0.03_H2_candidate_path0,train,B_S24:47500002:152,True,False,0.1634523570537567,0.19154963176697493,0.028097274713218212
U_k32_m0.03_H2_candidate_path0,train,B_S24:47500002:178,True,False,0.1822407990694046,0.17982066120021045,-0.00242013786919415
U_k32_m0.03_H2_candidate_path0,train,B_S24:47500003:4,False,True,0.3033088147640228,0.07168269157409668,-0.23162612318992615
U_k32_m0.03_H2_candidate_path0,train,B_S24:47500003:16,False,True,0.3464292287826538,0.12582414387725294,-0.22060508490540087
U_k32_m0.03_H2_candidate_path0,train,B_S24:47500003:24,False,True,0.24305878579616547,0.13975128903985023,-0.10330749675631523
U_k32_m0.03_H2_candidate_path0,train,B_S24:47500003:41,True,False,0.1907791942358017,0.16669010289479047,-0.024089091341011226
U_k32_m0.03_H2_candidate_path0,train,B_S24:47500003:46,True,False,0.20110028982162476,0.1851415536366403,-0.015958736184984446
U_k32_m0.03_H2_candidate_path0,train,B_S24:47500003:80,True,False,0.14684778451919556,0.153432676801458,0.0065848922822624445
U_k32_m0.03_H2_candidate_path0,train,B_S24:47500003:91,True,False,0.192118301987648,0.20599922072142363,0.013880918733775616
U_k32_m0.03_H2_candidate_path0,train,B_S24:47500003:109,True,False,0.1902773380279541,0.17025379440747201,-0.020023543620482087
U_k32_m0.03_H2_candidate_path0,train,B_S24:47500003:149,True,False,0.18554387986660004,0.17304492951370776,-0.01249895035289228
U_k32_m0.03_H2_candidate_path0,train,B_S24:47500003:180,True,False,0.17675229907035828,0.2188171506859362,0.042064851615577936
U_k32_m0.03_H2_candidate_path0,train,B_S24:47500005:2,False,True,0.25820064544677734,0.1237256278982386,-0.13447501754853874
U_k32_m0.03_H2_candidate_path0,train,B_S24:47500005:6,False,True,0.44387081265449524,0.14352284232154489,-0.30034797033295035
U_k32_m0.03_H2_candidate_path0,train,B_S24:47500005:13,False,True,0.24092388153076172,0.1270881462842226,-0.11383573524653912
U_k32_m0.03_H2_candidate_path0,train,B_S24:47500005:45,True,False,0.2085665762424469,0.16988249449059367,-0.03868408175185323
U_k32_m0.03_H2_candidate_path0,train,B_S24:47500005:46,True,False,0.2292335480451584,0.18473989563062787,-0.044493652414530516
U_k32_m0.03_H2_candidate_path0,train,B_S24:47500005:67,True,False,0.1989610493183136,0.19119458924978971,-0.007766460068523884
U_k32_m0.03_H2_candidate_path0,train,B_S24:47500005:106,True,False,0.20989540219306946,0.18804687418742105,-0.021848528005648404
U_k32_m0.03_H2_candidate_path0,train,B_S24:47500005:120,True,False,0.19930288195610046,0.19762043794617057,-0.0016824440099298954
U_k32_m0.03_H2_candidate_path0,train,B_S24:47500005:170,True,False,0.1738233119249344,0.1844617148162797,0.010638402891345322
U_k32_m0.03_H2_candidate_path0,train,B_S24:47500006:4,False,True,0.5193305015563965,0.15580846124794334,-0.36352204030845314
U_k32_m0.03_H2_candidate_path0,train,B_S24:47500006:5,False,True,0.18365152180194855,0.13042596355080605,-0.0532255582511425
U_k32_m0.03_H2_candidate_path0,train,B_S24:47500006:8,False,True,0.2842734754085541,0.11169593635713682,-0.17257753905141726
U_k32_m0.03_H2_candidate_path0,train,B_S24:47500006:10,False,True,0.2420053482055664,0.11501325224526227,-0.12699209596030414
U_k32_m0.03_H2_candidate_path0,train,B_S24:47500006:89,True,False,0.2066463977098465,0.19083633669652045,-0.01581006101332605
U_k32_m0.03_H2_candidate_path0,train,B_S24:47500006:102,True,False,0.15928401052951813,0.17282536486163735,0.013541354332119226
U_k32_m0.03_H2_candidate_path0,train,B_S24:47500006:118,True,False,0.20061340928077698,0.14281444752123207,-0.05779896175954491
U_k32_m0.03_H2_candidate_path0,train,B_S24:47500006:136,True,False,0.18708758056163788,0.20606120163574815,0.01897362107411027
U_k32_m0.03_H2_candidate_path0,train,B_S24:47500006:169,True,False,0.20784001052379608,0.19291643821634352,-0.01492357230745256
U_k32_m0.03_H2_candidate_path0,train,B_S24:47500007:4,False,True,0.4153490960597992,0.10726640373468399,-0.3080826923251152
U_k32_m0.03_H2_candidate_path0,train,B_S24:47500007:6,False,True,0.376186728477478,0.11399438371881843,-0.2621923447586596
U_k32_m0.03_H2_candidate_path0,train,B_S24:47500007:13,False,True,0.319832444190979,0.1611207507085055,-0.1587116934824735
U_k32_m0.03_H2_candidate_path0,train,B_S24:47500007:36,True,False,0.1947336196899414,0.1735944738611579,-0.021139145828783512
U_k32_m0.03_H2_candidate_path0,train,B_S24:47500007:97,True,False,0.19336755573749542,0.19990977318957448,0.006542217452079058
U_k32_m0.03_H2_candidate_path0,train,B_S24:47500007:118,True,False,0.2054244428873062,0.1825337503105402,-0.022890692576766014
U_k32_m0.03_H2_candidate_path0,train,B_S24:47500007:134,True,False,0.14408329129219055,0.16748436447232962,0.023401073180139065
U_k32_m0.03_H2_candidate_path0,train,B_S24:47500007:168,True,False,0.24246616661548615,0.20407481910660863,-0.038391347508877516
U_k32_m0.03_H2_candidate_path0,train,B_S24:47500008:4,False,True,0.2797146141529083,0.1213859764393419,-0.15832863771356642
U_k32_m0.03_H2_candidate_path0,train,B_S24:47500008:10,False,True,0.2805655002593994,0.1321307246107608,-0.1484347756486386
U_k32_m0.03_H2_candidate_path0,train,B_S24:47500008:20,False,True,0.31813356280326843,0.12158667808398604,-0.1965468847192824
U_k32_m0.03_H2_candidate_path0,train,B_S24:47500008:28,True,False,0.20959556102752686,0.1804659366607666,-0.029129624366760254
U_k32_m0.03_H2_candidate_path0,train,B_S24:47500008:34,True,False,0.2297533005475998,0.17571986641269177,-0.05403343413490802
U_k32_m0.03_H2_candidate_path0,train,B_S24:47500008:112,True,False,0.19003795087337494,0.16450729581993073,-0.025530655053444207
U_k32_m0.03_H2_candidate_path0,train,B_S24:47500008:131,True,False,0.15075895190238953,0.1763205910101533,0.025561639107763767
U_k32_m0.03_H2_candidate_path0,train,B_S24:47500008:172,True,False,0.20878371596336365,0.2002159811090678,-0.00856773485429585
U_k32_m0.03_H2_candidate_path0,train,B_S24:47500009:6,False,True,0.3538316786289215,0.09462658234406263,-0.2592050962848589
U_k32_m0.03_H2_candidate_path0,train,B_S24:47500009:11,False,True,0.3098330795764923,0.16193784913048148,-0.14789523044601083
U_k32_m0.03_H2_candidate_path0,train,B_S24:47500009:15,False,True,0.25121188163757324,0.21331932116299868,-0.037892560474574566
U_k32_m0.03_H2_candidate_path0,train,B_S24:47500009:20,False,True,0.3792303204536438,0.1541341928532347,-0.2250961276004091
U_k32_m0.03_H2_candidate_path0,train,B_S24:47500009:26,True,False,0.18375170230865479,0.1793532787123695,-0.0043984235962852836
U_k32_m0.03_H2_candidate_path0,train,B_S24:47500009:36,True,False,0.18440251052379608,0.1943986788392067,0.009996168315410614
U_k32_m0.03_H2_candidate_path0,train,B_S24:47500009:68,True,False,0.20218726992607117,0.18113199342042208,-0.02105527650564909
U_k32_m0.03_H2_candidate_path0,train,B_S24:47500009:142,True,False,0.18404178321361542,0.17487532540690154,-0.009166457806713879
U_k32_m0.03_H2_candidate_path0,train,B_S24:47500011:5,False,True,0.6978367567062378,0.18418991460930556,-0.5136468420969322
U_k32_m0.03_H2_candidate_path0,train,B_S24:47500011:15,False,True,0.27875518798828125,0.1547891164664179,-0.12396607152186334
U_k32_m0.03_H2_candidate_path0,train,B_S24:47500011:26,True,False,0.15663190186023712,0.16649231780320406,0.009860415942966938
U_k32_m0.03_H2_candidate_path0,train,B_S24:47500011:29,True,False,0.20509979128837585,0.15224941191263497,-0.052850379375740886
U_k32_m0.03_H2_candidate_path0,train,B_S24:47500011:31,True,False,0.19439838826656342,0.17294108925852925,-0.02145729900803417
U_k32_m0.03_H2_candidate_path0,train,B_S24:47500011:36,True,False,0.18581756949424744,0.15358923096209764,-0.03222833853214979
U_k32_m0.03_H2_candidate_path0,train,B_S24:47500011:49,True,False,0.16456127166748047,0.1510687920381315,-0.013492479629348963
U_k32_m0.03_H2_candidate_path0,train,B_S24:47500011:56,True,False,0.16922809183597565,0.16900513146538287,-0.00022296037059277296
U_k32_m0.03_H2_candidate_path0,train,B_S24:47500011:74,True,False,0.17517279088497162,0.17077886033803225,-0.004393930546939373
U_k32_m0.03_H2_candidate_path0,train,B_S24:47500011:167,True,False,0.20976150035858154,0.22178358933888376,0.012022088980302215
U_k32_m0.03_H2_candidate_path0,train,B_S24:47500013:14,False,True,0.4884750247001648,0.1518082731636241,-0.3366667515365407
U_k32_m0.03_H2_candidate_path0,train,B_S24:47500013:15,False,True,0.187495619058609,0.13700457732193172,-0.05049104173667729
U_k32_m0.03_H2_candidate_path0,train,B_S24:47500013:28,True,False,0.20910319685935974,0.16979789873585105,-0.03930529812350869
U_k32_m0.03_H2_candidate_path0,train,B_S24:47500013:32,True,False,0.19947294890880585,0.2389313979074359,0.03945844899863005
U_k32_m0.03_H2_candidate_path0,train,B_S24:47500013:58,True,False,0.1848967969417572,0.19915156019851565,0.014254763256758451
U_k32_m0.03_H2_candidate_path0,train,B_S24:47500013:83,True,False,0.14054298400878906,0.1742872956674546,0.03374431165866554
U_k32_m0.03_H2_candidate_path0,train,B_S24:47500013:119,True,False,0.18223853409290314,0.17897725803777575,-0.0032612760551273823
U_k32_m0.03_H2_candidate_path0,train,B_S24:47500013:128,True,False,0.15229831635951996,0.1362223692703992,-0.016075947089120746
U_k32_m0.03_H2_candidate_path0,train,B_S24:47500013:162,True,False,0.17948925495147705,0.17059313517529517,-0.008896119776181877
U_k32_m0.03_H2_candidate_path0,train,B_S24:47500013:165,True,False,0.16123946011066437,0.20231287158094347,0.0410734114702791
U_k32_m0.03_H2_candidate_path0,train,B_S24:47500014:9,False,True,0.20721200108528137,0.13200848456472158,-0.07520351652055979
U_k32_m0.03_H2_candidate_path0,train,B_S24:47500014:10,False,True,0.31196630001068115,0.12842655344866216,-0.183539746562019
U_k32_m0.03_H2_candidate_path0,train,B_S24:47500014:20,False,True,0.40891212224960327,0.14074174547567964,-0.26817037677392364
U_k32_m0.03_H2_candidate_path0,train,B_S24:47500014:43,True,False,0.20300811529159546,0.16372252092696726,-0.039285594364628196
U_k32_m0.03_H2_candidate_path0,train,B_S24:47500014:60,True,False,0.19485469162464142,0.18013244145549834,-0.01472225016914308
U_k32_m0.03_H2_candidate_path0,train,B_S24:47500014:78,True,False,0.1722862422466278,0.21789248898858204,0.04560624674195424
U_k32_m0.03_H2_candidate_path0,train,B_S24:47500014:99,True,False,0.22720417380332947,0.17698482796549797,-0.0502193458378315
U_k32_m0.03_H2_candidate_path0,train,B_S24:47500014:134,True,False,0.18851155042648315,0.17126851237844676,-0.017243038048036397
U_k32_m0.03_H2_candidate_path0,train,B_S24:47500014:161,True,False,0.2346729189157486,0.17514253430999815,-0.05953038460575044
U_k32_m0.03_H2_candidate_path0,train,B_S24:47500014:170,True,False,0.24034219980239868,0.1866533486172557,-0.053688851185142994
U_k32_m0.03_H2_candidate_path0,train,B_S24:47500016:4,False,True,0.5897995829582214,0.13484039989998564,-0.4549591830582358
U_k32_m0.03_H2_candidate_path0,train,B_S24:47500016:5,False,True,0.39952653646469116,0.10644936226890422,-0.29307717419578694
U_k32_m0.03_H2_candidate_path0,train,B_S24:47500016:30,True,False,0.21144290268421173,0.20158232154790312,-0.00986058113630861
U_k32_m0.03_H2_candidate_path0,train,B_S24:47500016:42,True,False,0.20529881119728088,0.22744825761765242,0.022149446420371532
U_k32_m0.03_H2_candidate_path0,train,B_S24:47500016:43,True,False,0.18262431025505066,0.2345279874280095,0.05190367717295885
U_k32_m0.03_H2_candidate_path0,train,B_S24:47500016:108,True,False,0.20347455143928528,0.19262432446703315,-0.01085022697225213
U_k32_m0.03_H2_candidate_path0,train,B_S24:47500016:129,True,False,0.1821022629737854,0.17891773348674178,-0.003184529487043619
U_k32_m0.03_H2_candidate_path0,train,B_S24:47500016:165,True,False,0.1942070871591568,0.19521593349054456,0.0010088463313877583
U_k32_m0.03_H2_candidate_path0,train,B_S24:47500016:169,True,False,0.18790817260742188,0.20078121428377926,0.012873041676357388
U_k32_m0.03_H2_candidate_path0,development,B_S24:47600000:3,False,True,0.08912923187017441,0.13879170933796559,0.04966247746779118
U_k32_m0.03_H2_candidate_path0,development,B_S24:47600000:14,False,True,0.19172658026218414,0.19398416869080393,0.0022575884286197834
U_k32_m0.03_H2_candidate_path0,development,B_S24:47600000:17,False,True,0.1827569305896759,0.1639642814261606,-0.018792649163515307
U_k32_m0.03_H2_candidate_path0,development,B_S24:47600000:21,False,True,0.13305926322937012,0.14134909653512295,0.008289833305752836
U_k32_m0.03_H2_candidate_path0,development,B_S24:47600000:29,True,False,0.19458793103694916,0.16727831422031159,-0.027309616816637572
U_k32_m0.03_H2_candidate_path0,development,B_S24:47600000:32,True,False,0.15583010017871857,0.13268059823167278,-0.023149501947045792
U_k32_m0.03_H2_candidate_path0,development,B_S24:47600000:76,True,False,0.22587066888809204,0.16703821741975844,-0.0588324514683336
U_k32_m0.03_H2_candidate_path0,development,B_S24:47600000:83,True,False,0.08428935706615448,0.18908021718380041,0.10479086011764593
U_k32_m0.03_H2_candidate_path0,development,B_S24:47600000:157,True,False,0.18320026993751526,0.19709896092535928,0.01389869098784402
U_k32_m0.03_H2_candidate_path0,development,B_S24:47600002:2,False,True,0.04848210886120796,0.1768109914046363,0.12832888254342834
U_k32_m0.03_H2_candidate_path0,development,B_S24:47600002:16,False,True,0.13604691624641418,0.14918282981670927,0.013135913570295088
U_k32_m0.03_H2_candidate_path0,development,B_S24:47600002:30,True,False,0.14455027878284454,0.14821638108696789,0.003666102304123342
U_k32_m0.03_H2_candidate_path0,development,B_S24:47600002:36,True,False,0.20690268278121948,0.17772785719716921,-0.029174825584050268
U_k32_m0.03_H2_candidate_path0,development,B_S24:47600002:68,True,False,0.17606469988822937,0.1640798766820808,-0.011984823206148576
U_k32_m0.03_H2_candidate_path0,development,B_S24:47600002:76,True,False,0.16968247294425964,0.16745999591512373,-0.0022224770291359164
U_k32_m0.03_H2_candidate_path0,development,B_S24:47600002:79,True,False,0.2550757825374603,0.21567868668353185,-0.03939709585392848
U_k32_m0.03_H2_candidate_path0,development,B_S24:47600002:89,True,False,0.12147586047649384,0.1543505547742825,0.032874694297788665
U_k32_m0.03_H2_candidate_path0,development,B_S24:47600002:107,True,False,0.15302516520023346,0.11310512403724715,-0.03992004116298631
U_k32_m0.03_H2_candidate_path0,development,B_S24:47600003:1,False,True,0.21764428913593292,0.19304663828370394,-0.02459765085222898
U_k32_m0.03_H2_candidate_path0,development,B_S24:47600003:3,False,True,0.3102288544178009,0.13508605901006376,-0.17514279540773714
U_k32_m0.03_H2_candidate_path0,development,B_S24:47600003:4,False,True,0.05239318683743477,0.12508068833267316,0.0726875014952384
U_k32_m0.03_H2_candidate_path0,development,B_S24:47600003:11,False,True,0.15439820289611816,0.1341913619908155,-0.02020684090530267
U_k32_m0.03_H2_candidate_path0,development,B_S24:47600003:12,False,True,0.1659441739320755,0.1330081417254405,-0.03293603220663499
U_k32_m0.03_H2_candidate_path0,development,B_S24:47600003:22,False,True,0.11950221657752991,0.1540237845329102,0.034521567955380306
U_k32_m0.03_H2_candidate_path0,development,B_S24:47600003:70,True,False,0.20149272680282593,0.13777734740142478,-0.06371537940140115
U_k32_m0.03_H2_candidate_path0,development,B_S24:47600003:90,True,False,0.17194193601608276,0.16461312570027076,-0.007328810315812007
U_k32_m0.03_H2_candidate_path0,development,B_S24:47600003:112,True,False,0.1772773414850235,0.16651829732290935,-0.01075904416211415
U_k32_m0.03_H2_candidate_path0,development,B_S24:47600003:125,True,False,0.22186750173568726,0.19867568377230782,-0.023191817963379435
U_k32_m0.03_H2_candidate_path0,development,B_S24:47600004:3,False,True,0.21146148443222046,0.12555127070299932,-0.08591021372922114
U_k32_m0.03_H2_candidate_path0,development,B_S24:47600004:8,False,True,0.1649128645658493,0.12341119546545087,-0.04150166910039843
U_k32_m0.03_H2_candidate_path0,development,B_S24:47600004:53,True,False,0.11176284402608871,0.12375905732915271,0.011996213303063996
U_k32_m0.03_H2_candidate_path0,development,B_S24:47600004:65,True,False,0.12149412930011749,0.11188039412081707,-0.00961373517930042
U_k32_m0.03_H2_candidate_path0,development,B_S24:47600004:92,True,False,0.10889166593551636,0.11801907014159951,0.009127404206083156
U_k32_m0.03_H2_candidate_path0,development,B_S24:47600004:109,True,False,0.11568479239940643,0.10680372321803588,-0.008881069181370549
U_k32_m0.03_H2_candidate_path0,development,B_S24:47600004:122,True,False,0.13878299295902252,0.10798179735138547,-0.030801195607637055
U_k32_m0.03_H2_candidate_path0,development,B_S24:47600005:2,False,True,0.1930837780237198,0.10675101343440474,-0.08633276458931505
U_k32_m0.03_H2_candidate_path0,development,B_S24:47600005:5,False,True,0.08372297137975693,0.10543038347532274,0.021707412095565815
U_k32_m0.03_H2_candidate_path0,development,B_S24:47600005:15,False,True,0.19137060642242432,0.14948888499930035,-0.04188172142312396
U_k32_m0.03_H2_candidate_path0,development,B_S24:47600005:24,True,False,0.14786101877689362,0.15576246058481047,0.007901441807916854
U_k32_m0.03_H2_candidate_path0,development,B_S24:47600005:33,True,False,0.1703849583864212,0.1485551801379188,-0.021829778248502407
U_k32_m0.03_H2_candidate_path0,development,B_S24:47600005:48,True,False,0.16459771990776062,0.15168683766387403,-0.01291088224388659
U_k32_m0.03_H2_candidate_path0,development,B_S24:47600005:86,True,False,0.08652883768081665,0.16578329786716495,0.0792544601863483
U_k32_m0.03_H2_candidate_path0,development,B_S24:47600005:88,True,False,0.16683676838874817,0.13946053131803637,-0.027376237070711795
U_k32_m0.03_H2_candidate_path0,development,B_S24:47600005:105,True,False,0.17698876559734344,0.2569946359290043,0.08000587033166084
U_k32_m0.03_H2_candidate_path0,development,B_S24:47600005:119,True,False,0.11251712590456009,0.12493963023734977,0.012422504332789686
U_k32_m0.03_H2_candidate_path0,development,B_S24:47600006:2,False,True,0.12019114196300507,0.13360728982661385,0.013416147863608785
U_k32_m0.03_H2_candidate_path0,development,B_S24:47600006:11,False,True,0.26415592432022095,0.15704191670374712,-0.10711400761647383
U_k32_m0.03_H2_candidate_path0,development,B_S24:47600006:13,False,True,0.27921637892723083,0.30374085942457896,0.024524480497348122
U_k32_m0.03_H2_candidate_path0,development,B_S24:47600006:16,False,True,0.3580958843231201,0.24789662515104283,-0.11019925917207729
U_k32_m0.03_H2_candidate_path0,development,B_S24:47600006:25,True,False,0.15757378935813904,0.16624033432162832,0.008666544963489287
U_k32_m0.03_H2_candidate_path0,development,B_S24:47600006:38,True,False,0.15620997548103333,0.14036415711598238,-0.015845818365050945
U_k32_m0.03_H2_candidate_path0,development,B_S24:47600006:72,True,False,0.20886370539665222,0.19550963955407497,-0.013354065842577256
U_k32_m0.03_H2_candidate_path0,development,B_S24:47600006:101,True,False,0.23826377093791962,0.23459912560065277,-0.0036646453372668475
U_k32_m0.03_H2_candidate_path0,development,B_S24:47600006:132,True,False,0.11820331960916519,0.1292723054830276,0.011068985873862403
U_k32_m0.03_H2_candidate_path0,development,B_S24:47600006:177,True,False,0.16162468492984772,0.16444427592796274,0.002819590998115018
U_k32_m0.03_H2_candidate_path0,development,B_S24:47600007:4,False,True,0.17104652523994446,0.0794680248691293,-0.09157850037081516
U_k32_m0.03_H2_candidate_path0,development,B_S24:47600007:7,False,True,0.05065585672855377,0.07941763265625923,0.028761775927705457
U_k32_m0.03_H2_candidate_path0,development,B_S24:47600007:10,False,True,0.17492987215518951,0.13801258229796076,-0.03691728985722875
U_k32_m0.03_H2_candidate_path0,development,B_S24:47600007:17,False,True,0.1514725536108017,0.08761386451078579,-0.06385868910001591
U_k32_m0.03_H2_candidate_path0,development,B_S24:47600007:27,True,False,0.08439319580793381,0.10242119280519546,0.018027996997261653
U_k32_m0.03_H2_candidate_path0,development,B_S24:47600007:28,True,False,0.09701674431562424,0.11494228396259132,0.01792553964696708
U_k32_m0.03_H2_candidate_path0,development,B_S24:47600007:61,True,False,0.17717450857162476,0.1889487899679807,0.011774281396355946
U_k32_m0.03_H2_candidate_path0,development,B_S24:47600007:66,True,False,0.15160521864891052,0.15425053314538673,0.002645314496476203
U_k32_m0.03_H2_candidate_path0,development,B_S24:47600007:87,True,False,0.16489125788211823,0.13768237263138872,-0.02720888525072951
U_k32_m0.03_H2_candidate_path0,development,B_S24:47600007:117,True,False,0.12185574322938919,0.12621276338177267,0.004357020152383484
U_k32_m0.03_H2_candidate_path0,development,B_S24:47600008:6,False,True,0.03177483752369881,0.055857806859421544,0.024082969335722737
U_k32_m0.03_H2_candidate_path0,development,B_S24:47600008:8,False,True,0.052164286375045776,0.055827814860094804,0.003663528485049028
U_k32_m0.03_H2_candidate_path0,development,B_S24:47600008:21,False,True,0.07956003397703171,0.07972591534780804,0.00016588137077633291
U_k32_m0.03_H2_candidate_path0,development,B_S24:47600008:23,True,False,0.07358845323324203,0.06497857796784956,-0.008609875265392475
U_k32_m0.03_H2_candidate_path0,development,B_S24:47600008:49,True,False,0.06958787143230438,0.07158273978711804,0.0019948683548136614
U_k32_m0.03_H2_candidate_path0,development,B_S24:47600008:54,True,False,0.07444698363542557,0.10068626618885901,0.02623928255343344
U_k32_m0.03_H2_candidate_path0,development,B_S24:47600008:61,True,False,0.11830710619688034,0.13675433288153727,0.018447226684656925
U_k32_m0.03_H2_candidate_path0,development,B_S24:47600008:87,True,False,0.14910873770713806,0.12320848093077075,-0.025900256776367314
U_k32_m0.03_H2_candidate_path0,development,B_S24:47600008:101,True,False,0.07554623484611511,0.11500571396027226,0.03945947911415715
W_k32_m0.01_H1_path0.5,train,B_S24:47500000:1,False,True,0.45742976665496826,0.43490218464285135,-0.02252758201211691
W_k32_m0.01_H1_path0.5,train,B_S24:47500000:8,False,True,0.3192415237426758,0.2944240616634488,-0.02481746207922697
W_k32_m0.01_H1_path0.5,train,B_S24:47500000:26,True,False,0.0118085453286767,0.011885687912581488,7.71425839047879e-05
W_k32_m0.01_H1_path0.5,train,B_S24:47500000:39,True,False,0.013119659386575222,0.010112758696777746,-0.003006900689797476
W_k32_m0.01_H1_path0.5,train,B_S24:47500000:84,True,False,0.022995585575699806,0.01427580846939236,-0.008719777106307447
W_k32_m0.01_H1_path0.5,train,B_S24:47500000:141,True,False,0.008427848108112812,0.011144727657665499,0.0027168795495526865
W_k32_m0.01_H1_path0.5,train,B_S24:47500000:144,True,False,0.010946751572191715,0.014112968521658331,0.003166216949466616
W_k32_m0.01_H1_path0.5,train,B_S24:47500000:155,True,False,0.007463938556611538,0.009385121549712494,0.001921182993100956
W_k32_m0.01_H1_path0.5,train,B_S24:47500000:169,True,False,0.005950874648988247,0.009669637540355325,0.003718762891367078
W_k32_m0.01_H1_path0.5,train,B_S24:47500000:179,True,False,0.008142227306962013,0.008376091456739232,0.0002338641497772187
W_k32_m0.01_H1_path0.5,train,B_S24:47500002:2,False,True,0.44463664293289185,0.42771192360669374,-0.0169247193261981
W_k32_m0.01_H1_path0.5,train,B_S24:47500002:3,False,True,0.43129962682724,0.4134426349774003,-0.017856991849839687
W_k32_m0.01_H1_path0.5,train,B_S24:47500002:15,False,True,0.22612231969833374,0.15149372722953558,-0.07462859246879816
W_k32_m0.01_H1_path0.5,train,B_S24:47500002:25,False,True,0.05796372890472412,0.026551779264991637,-0.031411949639732484
W_k32_m0.01_H1_path0.5,train,B_S24:47500002:33,True,False,0.027773043140769005,0.02799805303220637,0.0002250098914373666
W_k32_m0.01_H1_path0.5,train,B_S24:47500002:55,True,False,0.01304088719189167,0.010293878993252292,-0.002747008198639378
W_k32_m0.01_H1_path0.5,train,B_S24:47500002:101,True,False,0.01675829105079174,0.011920275268494152,-0.004838015782297589
W_k32_m0.01_H1_path0.5,train,B_S24:47500002:114,True,False,0.019070900976657867,0.016266884107608348,-0.0028040168690495193
W_k32_m0.01_H1_path0.5,train,B_S24:47500002:152,True,False,0.016697710379958153,0.014670602307887748,-0.002027108072070405
W_k32_m0.01_H1_path0.5,train,B_S24:47500002:178,True,False,0.008227887563407421,0.007978975787409581,-0.00024891177599783987
W_k32_m0.01_H1_path0.5,train,B_S24:47500003:4,False,True,0.41449296474456787,0.36850285716354847,-0.0459901075810194
W_k32_m0.01_H1_path0.5,train,B_S24:47500003:16,False,True,0.17719554901123047,0.14524703286588192,-0.03194851614534855
W_k32_m0.01_H1_path0.5,train,B_S24:47500003:24,False,True,0.023145372048020363,0.008704314852366224,-0.014441057195654139
W_k32_m0.01_H1_path0.5,train,B_S24:47500003:41,True,False,0.009303523227572441,0.01587470600497909,0.006571182777406648
W_k32_m0.01_H1_path0.5,train,B_S24:47500003:46,True,False,0.01655677892267704,0.017188445839565247,0.0006316669168882072
W_k32_m0.01_H1_path0.5,train,B_S24:47500003:80,True,False,0.04341752827167511,0.026103732525371015,-0.017313795746304095
W_k32_m0.01_H1_path0.5,train,B_S24:47500003:91,True,False,0.023203251883387566,0.019567057897802442,-0.0036361939855851233
W_k32_m0.01_H1_path0.5,train,B_S24:47500003:109,True,False,0.011258687824010849,0.020294123416533694,0.009035435592522845
W_k32_m0.01_H1_path0.5,train,B_S24:47500003:149,True,False,0.005830743350088596,0.008005630123079754,0.002174886772991158
W_k32_m0.01_H1_path0.5,train,B_S24:47500003:180,True,False,0.007539980113506317,0.00824174661829602,0.0007017665047897026
W_k32_m0.01_H1_path0.5,train,B_S24:47500005:2,False,True,0.42841941118240356,0.41173685900866985,-0.01668255217373371
W_k32_m0.01_H1_path0.5,train,B_S24:47500005:6,False,True,0.3476942479610443,0.30529777240008116,-0.042396475560963154
W_k32_m0.01_H1_path0.5,train,B_S24:47500005:13,False,True,0.2089759260416031,0.1678822268731892,-0.04109369916841388
W_k32_m0.01_H1_path0.5,train,B_S24:47500005:45,True,False,0.016657594591379166,0.014487348293187097,-0.002170246298192069
W_k32_m0.01_H1_path0.5,train,B_S24:47500005:46,True,False,0.024053413420915604,0.011775709921494126,-0.012277703499421477
W_k32_m0.01_H1_path0.5,train,B_S24:47500005:67,True,False,0.007478015031665564,0.010741664198576473,0.003263649166910909
W_k32_m0.01_H1_path0.5,train,B_S24:47500005:106,True,False,0.005817192606627941,0.009471835976000875,0.003654643369372934
W_k32_m0.01_H1_path0.5,train,B_S24:47500005:120,True,False,0.04474351182579994,0.050408785755280405,0.005665273929480463
W_k32_m0.01_H1_path0.5,train,B_S24:47500005:170,True,False,0.012150672264397144,0.015283742337487638,0.0031330700730904937
W_k32_m0.01_H1_path0.5,train,B_S24:47500006:4,False,True,0.4121881425380707,0.38061635196208954,-0.03157179057598114
W_k32_m0.01_H1_path0.5,train,B_S24:47500006:5,False,True,0.3989320695400238,0.35715093184262514,-0.04178113769739866
W_k32_m0.01_H1_path0.5,train,B_S24:47500006:8,False,True,0.331297367811203,0.29245235677808523,-0.03884501103311777
W_k32_m0.01_H1_path0.5,train,B_S24:47500006:10,False,True,0.29047340154647827,0.23530347691848874,-0.05516992462798953
W_k32_m0.01_H1_path0.5,train,B_S24:47500006:89,True,False,0.007987515069544315,0.009823283704463392,0.0018357686349190772
W_k32_m0.01_H1_path0.5,train,B_S24:47500006:102,True,False,0.015524039976298809,0.01826028441428207,0.0027362444379832596
W_k32_m0.01_H1_path0.5,train,B_S24:47500006:118,True,False,0.021048767492175102,0.020816895994357765,-0.0002318714978173375
W_k32_m0.01_H1_path0.5,train,B_S24:47500006:136,True,False,0.0244886577129364,0.025080750143388286,0.0005920924304518849
W_k32_m0.01_H1_path0.5,train,B_S24:47500006:169,True,False,0.00743358489125967,0.011462676629889756,0.004029091738630086
W_k32_m0.01_H1_path0.5,train,B_S24:47500007:4,False,True,0.4055899381637573,0.3843246065080166,-0.021265331655740738
W_k32_m0.01_H1_path0.5,train,B_S24:47500007:6,False,True,0.3601928651332855,0.3348391680046916,-0.02535369712859392
W_k32_m0.01_H1_path0.5,train,B_S24:47500007:13,False,True,0.1913529634475708,0.15635019051842391,-0.035002772929146886
W_k32_m0.01_H1_path0.5,train,B_S24:47500007:36,True,False,0.017908092588186264,0.03499975678278133,0.01709166419459507
W_k32_m0.01_H1_path0.5,train,B_S24:47500007:97,True,False,0.018614783883094788,0.016674900747602805,-0.001939883135491982
W_k32_m0.01_H1_path0.5,train,B_S24:47500007:118,True,False,0.012114068493247032,0.011608108383370563,-0.0005059601098764688
W_k32_m0.01_H1_path0.5,train,B_S24:47500007:134,True,False,0.009355232119560242,0.011332325433613732,0.0019770933140534908
W_k32_m0.01_H1_path0.5,train,B_S24:47500007:168,True,False,0.011556432582437992,0.011459692672360688,-9.673991007730365e-05
W_k32_m0.01_H1_path0.5,train,B_S24:47500008:4,False,True,0.3987487852573395,0.3837517136707902,-0.014997071586549282
W_k32_m0.01_H1_path0.5,train,B_S24:47500008:10,False,True,0.2846733629703522,0.22875738004222512,-0.05591598292812705
W_k32_m0.01_H1_path0.5,train,B_S24:47500008:20,False,True,0.04949578270316124,0.0181826047191862,-0.03131317798397504
W_k32_m0.01_H1_path0.5,train,B_S24:47500008:28,True,False,0.005795392207801342,0.007641895310371183,0.0018465031025698408
W_k32_m0.01_H1_path0.5,train,B_S24:47500008:34,True,False,0.010070374235510826,0.01407072861911729,0.004000354383606464
W_k32_m0.01_H1_path0.5,train,B_S24:47500008:112,True,False,0.011046413332223892,0.012150153415859677,0.0011037400836357847
W_k32_m0.01_H1_path0.5,train,B_S24:47500008:131,True,False,0.01319087389856577,0.013015730801271275,-0.0001751430972944945
W_k32_m0.01_H1_path0.5,train,B_S24:47500008:172,True,False,0.01370477769523859,0.017142636119388044,0.0034378584241494536
W_k32_m0.01_H1_path0.5,train,B_S24:47500009:6,False,True,0.379086971282959,0.33410196751356125,-0.044985003769397736
W_k32_m0.01_H1_path0.5,train,B_S24:47500009:11,False,True,0.23458412289619446,0.17024409933947027,-0.06434002355672419
W_k32_m0.01_H1_path0.5,train,B_S24:47500009:15,False,True,0.14808104932308197,0.10676304390653968,-0.04131800541654229
W_k32_m0.01_H1_path0.5,train,B_S24:47500009:20,False,True,0.040835004299879074,0.012008553050691262,-0.028826451249187812
W_k32_m0.01_H1_path0.5,train,B_S24:47500009:26,True,False,0.008941972628235817,0.00851686172245536,-0.00042511090578045696
W_k32_m0.01_H1_path0.5,train,B_S24:47500009:36,True,False,0.009616674855351448,0.008987124267150648,-0.0006295505882008001
W_k32_m0.01_H1_path0.5,train,B_S24:47500009:68,True,False,0.013193666934967041,0.010306927215424366,-0.0028867397195426747
W_k32_m0.01_H1_path0.5,train,B_S24:47500009:142,True,False,0.009497193619608879,0.016173233598237857,0.006676039978628978
W_k32_m0.01_H1_path0.5,train,B_S24:47500011:5,False,True,0.384040892124176,0.3224595948122442,-0.06158129731193185
W_k32_m0.01_H1_path0.5,train,B_S24:47500011:15,False,True,0.13836456835269928,0.09378312260378152,-0.04458144574891776
W_k32_m0.01_H1_path0.5,train,B_S24:47500011:26,True,False,0.01281784102320671,0.01346344871853944,0.0006456076953327283
W_k32_m0.01_H1_path0.5,train,B_S24:47500011:29,True,False,0.011640282347798347,0.011103324839496054,-0.0005369575083022937
W_k32_m0.01_H1_path0.5,train,B_S24:47500011:31,True,False,0.015243045054376125,0.013007517118239775,-0.00223552793613635
W_k32_m0.01_H1_path0.5,train,B_S24:47500011:36,True,False,0.010776425711810589,0.010671964118955657,-0.00010446159285493195
W_k32_m0.01_H1_path0.5,train,B_S24:47500011:49,True,False,0.02275395579636097,0.02028531627729535,-0.0024686395190656185
W_k32_m0.01_H1_path0.5,train,B_S24:47500011:56,True,False,0.015063407830893993,0.016122074710438028,0.0010586668795440346
W_k32_m0.01_H1_path0.5,train,B_S24:47500011:74,True,False,0.014770030975341797,0.013845329289324582,-0.0009247016860172153
W_k32_m0.01_H1_path0.5,train,B_S24:47500011:167,True,False,0.01584499701857567,0.017336908174911514,0.0014919111563358456
W_k32_m0.01_H1_path0.5,train,B_S24:47500013:14,False,True,0.12185336649417877,0.06028512411285192,-0.061568242381326854
W_k32_m0.01_H1_path0.5,train,B_S24:47500013:15,False,True,0.10629542917013168,0.05931442219298333,-0.046981006977148354
W_k32_m0.01_H1_path0.5,train,B_S24:47500013:28,True,False,0.07023628801107407,0.0798734143609181,0.009637126349844038
W_k32_m0.01_H1_path0.5,train,B_S24:47500013:32,True,False,0.039271026849746704,0.029108513990649953,-0.01016251285909675
W_k32_m0.01_H1_path0.5,train,B_S24:47500013:58,True,False,0.03773494064807892,0.04139635502360761,0.003661414375528693
W_k32_m0.01_H1_path0.5,train,B_S24:47500013:83,True,False,0.010405401699244976,0.008492391236359254,-0.0019130104628857225
W_k32_m0.01_H1_path0.5,train,B_S24:47500013:119,True,False,0.05160548537969589,0.03806837589945644,-0.013537109480239451
W_k32_m0.01_H1_path0.5,train,B_S24:47500013:128,True,False,0.0071718995459377766,0.010145734311663546,0.002973834765725769
W_k32_m0.01_H1_path0.5,train,B_S24:47500013:162,True,False,0.013819186948239803,0.015012221861979924,0.0011930349137401208
W_k32_m0.01_H1_path0.5,train,B_S24:47500013:165,True,False,0.011492439545691013,0.026882050762651488,0.015389611216960475
W_k32_m0.01_H1_path0.5,train,B_S24:47500014:9,False,True,0.31385716795921326,0.2911318391561508,-0.02272532880306244
W_k32_m0.01_H1_path0.5,train,B_S24:47500014:10,False,True,0.30190253257751465,0.2719239257276058,-0.02997860684990883
W_k32_m0.01_H1_path0.5,train,B_S24:47500014:20,False,True,0.03262008726596832,0.015035492251627147,-0.017584595014341176
W_k32_m0.01_H1_path0.5,train,B_S24:47500014:43,True,False,0.008586017414927483,0.017346608714433387,0.008760591299505904
W_k32_m0.01_H1_path0.5,train,B_S24:47500014:60,True,False,0.01703510992228985,0.016845893871504813,-0.0001892160507850349
W_k32_m0.01_H1_path0.5,train,B_S24:47500014:78,True,False,0.014681799337267876,0.009554496165947057,-0.005127303171320818
W_k32_m0.01_H1_path0.5,train,B_S24:47500014:99,True,False,0.006975121330469847,0.007689017889788374,0.0007138965593185276
W_k32_m0.01_H1_path0.5,train,B_S24:47500014:134,True,False,0.015888137742877007,0.017370142857544124,0.0014820051146671176
W_k32_m0.01_H1_path0.5,train,B_S24:47500014:161,True,False,0.006359218619763851,0.007085255056153983,0.0007260364363901317
W_k32_m0.01_H1_path0.5,train,B_S24:47500014:170,True,False,0.011400912888348103,0.011356251270626672,-4.466161772143096e-05
W_k32_m0.01_H1_path0.5,train,B_S24:47500016:4,False,True,0.3929004371166229,0.3745734849944711,-0.01832695212215185
W_k32_m0.01_H1_path0.5,train,B_S24:47500016:5,False,True,0.3796021640300751,0.358989673666656,-0.020612490363419056
W_k32_m0.01_H1_path0.5,train,B_S24:47500016:30,True,False,0.006279509048908949,0.011818620972917415,0.005539111924008466
W_k32_m0.01_H1_path0.5,train,B_S24:47500016:42,True,False,0.017695970833301544,0.027476346294861287,0.009780375461559743
W_k32_m0.01_H1_path0.5,train,B_S24:47500016:43,True,False,0.01977788656949997,0.04240865906467661,0.022630772495176643
W_k32_m0.01_H1_path0.5,train,B_S24:47500016:108,True,False,0.01488605048507452,0.011261468229349703,-0.0036245822557248175
W_k32_m0.01_H1_path0.5,train,B_S24:47500016:129,True,False,0.0106509979814291,0.010990736525855027,0.0003397385444259271
W_k32_m0.01_H1_path0.5,train,B_S24:47500016:165,True,False,0.011366160586476326,0.011159335364936851,-0.00020682522153947502
W_k32_m0.01_H1_path0.5,train,B_S24:47500016:169,True,False,0.018066907301545143,0.011887864413438365,-0.006179042888106778
W_k32_m0.01_H1_path0.5,development,B_S24:47600000:3,False,True,0.4327418804168701,0.4111360339447856,-0.021605846472084522
W_k32_m0.01_H1_path0.5,development,B_S24:47600000:14,False,True,0.03896598890423775,0.03564836757686862,-0.0033176213273691246
W_k32_m0.01_H1_path0.5,development,B_S24:47600000:17,False,True,0.01697061024606228,0.02004842447786359,0.0030778142318013124
W_k32_m0.01_H1_path0.5,development,B_S24:47600000:21,False,True,0.01139061525464058,0.012310134174185805,0.0009195189195452258
W_k32_m0.01_H1_path0.5,development,B_S24:47600000:29,True,False,0.01722022332251072,0.016930955029238248,-0.00028926829327247106
W_k32_m0.01_H1_path0.5,development,B_S24:47600000:32,True,False,0.01669101044535637,0.03847489655163372,0.02178388610627735
W_k32_m0.01_H1_path0.5,development,B_S24:47600000:76,True,False,0.011691262945532799,0.022034320845705224,0.010343057900172425
W_k32_m0.01_H1_path0.5,development,B_S24:47600000:83,True,False,0.022745966911315918,0.0189821476196812,-0.003763819291634718
W_k32_m0.01_H1_path0.5,development,B_S24:47600000:157,True,False,0.004455698654055595,0.009602203439499135,0.00514650478544354
W_k32_m0.01_H1_path0.5,development,B_S24:47600002:2,False,True,0.4489816129207611,0.42989037034567446,-0.019091242575086653
W_k32_m0.01_H1_path0.5,development,B_S24:47600002:16,False,True,0.026309585198760033,0.029291272312548244,0.0029816871137882117
W_k32_m0.01_H1_path0.5,development,B_S24:47600002:30,True,False,0.005046043545007706,0.0084653738704219,0.003419330325414194
W_k32_m0.01_H1_path0.5,development,B_S24:47600002:36,True,False,0.01003025658428669,0.011538895128978766,0.0015086385446920758
W_k32_m0.01_H1_path0.5,development,B_S24:47600002:68,True,False,0.007420044392347336,0.007656211511857691,0.0002361671195103554
W_k32_m0.01_H1_path0.5,development,B_S24:47600002:76,True,False,0.00958845391869545,0.006099043092945067,-0.003489410825750383
W_k32_m0.01_H1_path0.5,development,B_S24:47600002:79,True,False,0.015567803755402565,0.02017719955802022,0.004609395802617655
W_k32_m0.01_H1_path0.5,development,B_S24:47600002:89,True,False,0.012020203284919262,0.014785544448386645,0.002765341163467383
W_k32_m0.01_H1_path0.5,development,B_S24:47600002:107,True,False,0.0381535142660141,0.029722499224590138,-0.008431015041423962
W_k32_m0.01_H1_path0.5,development,B_S24:47600003:1,False,True,0.46058788895606995,0.43832399300299585,-0.022263895953074098
W_k32_m0.01_H1_path0.5,development,B_S24:47600003:3,False,True,0.4218605160713196,0.39860380173195153,-0.023256714339368045
W_k32_m0.01_H1_path0.5,development,B_S24:47600003:4,False,True,0.385580450296402,0.35511029919143766,-0.030470151104964316
W_k32_m0.01_H1_path0.5,development,B_S24:47600003:11,False,True,0.11832699924707413,0.05297458928725973,-0.0653524099598144
W_k32_m0.01_H1_path0.5,development,B_S24:47600003:12,False,True,0.03880530595779419,0.07608941079524811,0.037284104837453924
W_k32_m0.01_H1_path0.5,development,B_S24:47600003:22,False,True,0.006109775044023991,0.005852256702382874,-0.0002575183416411164
W_k32_m0.01_H1_path0.5,development,B_S24:47600003:70,True,False,0.01307830959558487,0.013147154573744047,6.884497815917712e-05
W_k32_m0.01_H1_path0.5,development,B_S24:47600003:90,True,False,0.015755023807287216,0.012671382846747292,-0.003083640960539924
W_k32_m0.01_H1_path0.5,development,B_S24:47600003:112,True,False,0.01186000369489193,0.011676137108224793,-0.0001838665866671363
W_k32_m0.01_H1_path0.5,development,B_S24:47600003:125,True,False,0.008303208276629448,0.010051341263533686,0.0017481329869042384
W_k32_m0.01_H1_path0.5,development,B_S24:47600004:3,False,True,0.4213884174823761,0.38688557513523847,-0.03450284234713763
W_k32_m0.01_H1_path0.5,development,B_S24:47600004:8,False,True,0.2864539623260498,0.23061959905317053,-0.05583436327287927
W_k32_m0.01_H1_path0.5,development,B_S24:47600004:53,True,False,0.007465336937457323,0.007652368651179131,0.00018703171372180805
W_k32_m0.01_H1_path0.5,development,B_S24:47600004:65,True,False,0.006647107657045126,0.0067886429405916715,0.00014153528354654554
W_k32_m0.01_H1_path0.5,development,B_S24:47600004:92,True,False,0.005920878145843744,0.007690302745686495,0.0017694245998427505
W_k32_m0.01_H1_path0.5,development,B_S24:47600004:109,True,False,0.006966868881136179,0.007755608704428596,0.000788739823292417
W_k32_m0.01_H1_path0.5,development,B_S24:47600004:122,True,False,0.007752866018563509,0.007606741600284295,-0.0001461244182792143
W_k32_m0.01_H1_path0.5,development,B_S24:47600005:2,False,True,0.44066765904426575,0.42453103291336447,-0.016136626130901277
W_k32_m0.01_H1_path0.5,development,B_S24:47600005:5,False,True,0.3678719699382782,0.3476548515027389,-0.020217118435539305
W_k32_m0.01_H1_path0.5,development,B_S24:47600005:15,False,True,0.023537853732705116,0.013976874142827,-0.009560979589878116
W_k32_m0.01_H1_path0.5,development,B_S24:47600005:24,True,False,0.008439299650490284,0.010652919756466872,0.002213620105976588
W_k32_m0.01_H1_path0.5,development,B_S24:47600005:33,True,False,0.008021280169487,0.010364949564973358,0.0023436693954863586
W_k32_m0.01_H1_path0.5,development,B_S24:47600005:48,True,False,0.019539883360266685,0.017986714397920878,-0.0015531689623458078
W_k32_m0.01_H1_path0.5,development,B_S24:47600005:86,True,False,0.01781722716987133,0.01311286502641451,-0.0047043621434568195
W_k32_m0.01_H1_path0.5,development,B_S24:47600005:88,True,False,0.01320301927626133,0.017175853907247074,0.003972834630985744
W_k32_m0.01_H1_path0.5,development,B_S24:47600005:105,True,False,0.009373452514410019,0.013784635513729881,0.004411182999319863
W_k32_m0.01_H1_path0.5,development,B_S24:47600005:119,True,False,0.010594857856631279,0.015631361195119098,0.005036503338487819
W_k32_m0.01_H1_path0.5,development,B_S24:47600006:2,False,True,0.44207483530044556,0.4244773661484942,-0.017597469151951373
W_k32_m0.01_H1_path0.5,development,B_S24:47600006:11,False,True,0.1517191380262375,0.23382074135588482,0.08210160332964733
W_k32_m0.01_H1_path0.5,development,B_S24:47600006:13,False,True,0.078521728515625,0.10058445690083317,0.022062728385208175
W_k32_m0.01_H1_path0.5,development,B_S24:47600006:16,False,True,0.0496554970741272,0.026978134717865032,-0.022677362356262165
W_k32_m0.01_H1_path0.5,development,B_S24:47600006:25,True,False,0.019793692976236343,0.026780055715789786,0.006986362739553442
W_k32_m0.01_H1_path0.5,development,B_S24:47600006:38,True,False,0.062124479562044144,0.062231171781604644,0.00010669221956050023
W_k32_m0.01_H1_path0.5,development,B_S24:47600006:72,True,False,0.007165390532463789,0.040886373637476936,0.03372098310501315
W_k32_m0.01_H1_path0.5,development,B_S24:47600006:101,True,False,0.029327545315027237,0.02413726574741304,-0.005190279567614198
W_k32_m0.01_H1_path0.5,development,B_S24:47600006:132,True,False,0.01849859580397606,0.01739804688259028,-0.00110054892138578
W_k32_m0.01_H1_path0.5,development,B_S24:47600006:177,True,False,0.00788349099457264,0.012139139584178338,0.004255648589605698
W_k32_m0.01_H1_path0.5,development,B_S24:47600007:4,False,True,0.3750780522823334,0.33581634471192956,-0.039261707570403814
W_k32_m0.01_H1_path0.5,development,B_S24:47600007:7,False,True,0.2650741934776306,0.21626519598066807,-0.04880899749696255
W_k32_m0.01_H1_path0.5,development,B_S24:47600007:10,False,True,0.22866638004779816,0.14324185604345985,-0.08542452400433831
W_k32_m0.01_H1_path0.5,development,B_S24:47600007:17,False,True,0.008081668987870216,0.009456855374082807,0.0013751863862125902
W_k32_m0.01_H1_path0.5,development,B_S24:47600007:27,True,False,0.008055637590587139,0.00871321684189752,0.0006575792513103806
W_k32_m0.01_H1_path0.5,development,B_S24:47600007:28,True,False,0.008173243142664433,0.010567535186055466,0.002394292043391033
W_k32_m0.01_H1_path0.5,development,B_S24:47600007:61,True,False,0.00869281217455864,0.009155787589406827,0.00046297541484818794
W_k32_m0.01_H1_path0.5,development,B_S24:47600007:66,True,False,0.008339401334524155,0.007987955788848922,-0.000351445545675233
W_k32_m0.01_H1_path0.5,development,B_S24:47600007:87,True,False,0.009583176113665104,0.00779414228600217,-0.0017890338276629336
W_k32_m0.01_H1_path0.5,development,B_S24:47600007:117,True,False,0.005267009139060974,0.007413258841552306,0.002146249702491332
W_k32_m0.01_H1_path0.5,development,B_S24:47600008:6,False,True,0.3659217953681946,0.34786197228822857,-0.01805982307996601
W_k32_m0.01_H1_path0.5,development,B_S24:47600008:8,False,True,0.33961912989616394,0.296473192574922,-0.043145937321241945
W_k32_m0.01_H1_path0.5,development,B_S24:47600008:21,False,True,0.025471383705735207,0.0337863184940943,0.008314934788359096
W_k32_m0.01_H1_path0.5,development,B_S24:47600008:23,True,False,0.03798028454184532,0.024867265867214883,-0.013113018674630439
W_k32_m0.01_H1_path0.5,development,B_S24:47600008:49,True,False,0.05814075842499733,0.04001781358238077,-0.018122944842616562
W_k32_m0.01_H1_path0.5,development,B_S24:47600008:54,True,False,0.017845245078206062,0.021806360822665738,0.003961115744459676
W_k32_m0.01_H1_path0.5,development,B_S24:47600008:61,True,False,0.020038431510329247,0.017203105719090672,-0.0028353257912385743
W_k32_m0.01_H1_path0.5,development,B_S24:47600008:87,True,False,0.017993297427892685,0.02004758485054481,0.0020542874226521235
W_k32_m0.01_H1_path0.5,development,B_S24:47600008:101,True,False,0.023613521829247475,0.021539476882026065,-0.0020740449472214095
W_k32_m0.05_H1_path0.5,train,B_S24:47500000:1,False,True,0.9219760298728943,0.8539414219558239,-0.06803460791707039
W_k32_m0.05_H1_path0.5,train,B_S24:47500000:8,False,True,0.5480501651763916,0.4850399363785982,-0.06301022879779339
W_k32_m0.05_H1_path0.5,train,B_S24:47500000:26,True,False,0.011953076347708702,0.013232480399892665,0.0012794040521839634
W_k32_m0.05_H1_path0.5,train,B_S24:47500000:39,True,False,0.018208075314760208,0.012806799175450578,-0.00540127613930963
W_k32_m0.05_H1_path0.5,train,B_S24:47500000:84,True,False,0.0464690662920475,0.028161239897599444,-0.018307826394448057
W_k32_m0.05_H1_path0.5,train,B_S24:47500000:141,True,False,0.006033116485923529,0.010180625336943194,0.004147508851019666
W_k32_m0.05_H1_path0.5,train,B_S24:47500000:144,True,False,0.011518193408846855,0.017440005496609956,0.005921812087763101
W_k32_m0.05_H1_path0.5,train,B_S24:47500000:155,True,False,0.008033365942537785,0.008138718141708523,0.00010535219917073846
W_k32_m0.05_H1_path0.5,train,B_S24:47500000:169,True,False,0.004864554386585951,0.007819896054570563,0.0029553416679846123
W_k32_m0.05_H1_path0.5,train,B_S24:47500000:179,True,False,0.008283446542918682,0.010337969826650806,0.0020545232837321237
W_k32_m0.05_H1_path0.5,train,B_S24:47500002:2,False,True,0.858147382736206,0.7821677327156067,-0.07597965002059937
W_k32_m0.05_H1_path0.5,train,B_S24:47500002:3,False,True,0.7986890077590942,0.7252550814300776,-0.07343392632901669
W_k32_m0.05_H1_path0.5,train,B_S24:47500002:15,False,True,0.20712953805923462,0.1279528511222452,-0.07917668693698943
W_k32_m0.05_H1_path0.5,train,B_S24:47500002:25,False,True,0.08451203256845474,0.018528183449234348,-0.0659838491192204
W_k32_m0.05_H1_path0.5,train,B_S24:47500002:33,True,False,0.015512448735535145,0.016844478173879907,0.0013320294383447617
W_k32_m0.05_H1_path0.5,train,B_S24:47500002:55,True,False,0.011342699639499187,0.009040148492204025,-0.002302551147295162
W_k32_m0.05_H1_path0.5,train,B_S24:47500002:101,True,False,0.026169553399086,0.013290434377267957,-0.012879119021818042
W_k32_m0.05_H1_path0.5,train,B_S24:47500002:114,True,False,0.01827119290828705,0.018415661790641025,0.00014446888235397637
W_k32_m0.05_H1_path0.5,train,B_S24:47500002:152,True,False,0.04012928903102875,0.01511857399600558,-0.025010715035023168
W_k32_m0.05_H1_path0.5,train,B_S24:47500002:178,True,False,0.007708942051976919,0.008153022281476296,0.0004440802294993773
W_k32_m0.05_H1_path0.5,train,B_S24:47500003:4,False,True,0.7460693717002869,0.6747200172394514,-0.07134935446083546
W_k32_m0.05_H1_path0.5,train,B_S24:47500003:16,False,True,0.27382174134254456,0.18699658662080765,-0.08682515472173691
W_k32_m0.05_H1_path0.5,train,B_S24:47500003:24,False,True,0.09481827169656754,0.01984916109358892,-0.07496911060297862
W_k32_m0.05_H1_path0.5,train,B_S24:47500003:41,True,False,0.016572773456573486,0.03304250672226772,0.01646973326569423
W_k32_m0.05_H1_path0.5,train,B_S24:47500003:46,True,False,0.02703763172030449,0.029760959441773593,0.0027233277214691043
W_k32_m0.05_H1_path0.5,train,B_S24:47500003:80,True,False,0.06936726719141006,0.0407491656660568,-0.028618101525353268
W_k32_m0.05_H1_path0.5,train,B_S24:47500003:91,True,False,0.026022279635071754,0.029771140543743968,0.0037488609086722136
W_k32_m0.05_H1_path0.5,train,B_S24:47500003:109,True,False,0.03196200728416443,0.08777999179437757,0.05581798451021314
W_k32_m0.05_H1_path0.5,train,B_S24:47500003:149,True,False,0.006440949160605669,0.006744808022631332,0.00030385886202566326
W_k32_m0.05_H1_path0.5,train,B_S24:47500003:180,True,False,0.004732309374958277,0.0059716721007134765,0.0012393627257551998
W_k32_m0.05_H1_path0.5,train,B_S24:47500005:2,False,True,0.8396288156509399,0.7648086100816727,-0.07482020556926727
W_k32_m0.05_H1_path0.5,train,B_S24:47500005:6,False,True,0.6142595410346985,0.535019719041884,-0.07923982199281454
W_k32_m0.05_H1_path0.5,train,B_S24:47500005:13,False,True,0.2880958318710327,0.20697456481866539,-0.08112126705236733
W_k32_m0.05_H1_path0.5,train,B_S24:47500005:45,True,False,0.035232387483119965,0.028580922342371196,-0.006651465140748769
W_k32_m0.05_H1_path0.5,train,B_S24:47500005:46,True,False,0.026347443461418152,0.025260816502850503,-0.0010866269585676491
W_k32_m0.05_H1_path0.5,train,B_S24:47500005:67,True,False,0.010988113470375538,0.018901704461313784,0.007913590990938246
W_k32_m0.05_H1_path0.5,train,B_S24:47500005:106,True,False,0.007147328462451696,0.015860701678320765,0.008713373215869069
W_k32_m0.05_H1_path0.5,train,B_S24:47500005:120,True,False,0.08220618963241577,0.08532371290493757,0.003117523272521794
W_k32_m0.05_H1_path0.5,train,B_S24:47500005:170,True,False,0.014149919152259827,0.01580289489356801,0.0016529757413081825
W_k32_m0.05_H1_path0.5,train,B_S24:47500006:4,False,True,0.7463390827178955,0.670006737112999,-0.07633234560489655
W_k32_m0.05_H1_path0.5,train,B_S24:47500006:5,False,True,0.6942569613456726,0.6189489308744669,-0.07530803047120571
W_k32_m0.05_H1_path0.5,train,B_S24:47500006:8,False,True,0.548626720905304,0.4799121357500553,-0.06871458515524864
W_k32_m0.05_H1_path0.5,train,B_S24:47500006:10,False,True,0.4500775635242462,0.3691561548039317,-0.0809214087203145
W_k32_m0.05_H1_path0.5,train,B_S24:47500006:89,True,False,0.005848574452102184,0.009538968122797087,0.0036903936706949025
W_k32_m0.05_H1_path0.5,train,B_S24:47500006:102,True,False,0.012037583626806736,0.019342051629791968,0.007304468002985232
W_k32_m0.05_H1_path0.5,train,B_S24:47500006:118,True,False,0.024150654673576355,0.02809396560769528,0.0039433109341189265
W_k32_m0.05_H1_path0.5,train,B_S24:47500006:136,True,False,0.0314452163875103,0.03219489986076951,0.0007496834732592106
W_k32_m0.05_H1_path0.5,train,B_S24:47500006:169,True,False,0.008876522071659565,0.011561966588487849,0.0026854445168282837
W_k32_m0.05_H1_path0.5,train,B_S24:47500007:4,False,True,0.7259278893470764,0.6479564271867275,-0.07797146216034889
W_k32_m0.05_H1_path0.5,train,B_S24:47500007:6,False,True,0.6120644807815552,0.5242831623181701,-0.0877813184633851
W_k32_m0.05_H1_path0.5,train,B_S24:47500007:13,False,True,0.3039040267467499,0.18206885713152587,-0.121835169615224
W_k32_m0.05_H1_path0.5,train,B_S24:47500007:36,True,False,0.01575729437172413,0.02929186454275623,0.013534570171032101
W_k32_m0.05_H1_path0.5,train,B_S24:47500007:97,True,False,0.030157683417201042,0.02083772877813317,-0.009319954639067873
W_k32_m0.05_H1_path0.5,train,B_S24:47500007:118,True,False,0.024154463782906532,0.020188592927297577,-0.003965870855608955
W_k32_m0.05_H1_path0.5,train,B_S24:47500007:134,True,False,0.01138052437454462,0.012297477194806561,0.0009169528202619404
W_k32_m0.05_H1_path0.5,train,B_S24:47500007:168,True,False,0.01180215459316969,0.013906319043599069,0.00210416445042938
W_k32_m0.05_H1_path0.5,train,B_S24:47500008:4,False,True,0.7454463243484497,0.680212227627635,-0.0652340967208147
W_k32_m0.05_H1_path0.5,train,B_S24:47500008:10,False,True,0.4830116331577301,0.38028816413134336,-0.10272346902638674
W_k32_m0.05_H1_path0.5,train,B_S24:47500008:20,False,True,0.11123740673065186,0.03868865955155343,-0.07254874717909843
W_k32_m0.05_H1_path0.5,train,B_S24:47500008:28,True,False,0.014324428513646126,0.020556300412863493,0.006231871899217367
W_k32_m0.05_H1_path0.5,train,B_S24:47500008:34,True,False,0.024394992738962173,0.032963000412564725,0.008568007673602551
W_k32_m0.05_H1_path0.5,train,B_S24:47500008:112,True,False,0.010939231142401695,0.023133170339860953,0.012193939197459258
W_k32_m0.05_H1_path0.5,train,B_S24:47500008:131,True,False,0.018233919516205788,0.017233123682672158,-0.0010007958335336298
W_k32_m0.05_H1_path0.5,train,B_S24:47500008:172,True,False,0.009805685840547085,0.015485321331652813,0.005679635491105728
W_k32_m0.05_H1_path0.5,train,B_S24:47500009:6,False,True,0.643186628818512,0.5689162481576204,-0.07427038066089153
W_k32_m0.05_H1_path0.5,train,B_S24:47500009:11,False,True,0.35419437289237976,0.29501332622021437,-0.059181046672165394
W_k32_m0.05_H1_path0.5,train,B_S24:47500009:15,False,True,0.24547091126441956,0.159044821979478,-0.08642608928494155
W_k32_m0.05_H1_path0.5,train,B_S24:47500009:20,False,True,0.11024291068315506,0.02754802507115528,-0.08269488561199978
W_k32_m0.05_H1_path0.5,train,B_S24:47500009:26,True,False,0.009272725321352482,0.011944391502765939,0.002671666181413457
W_k32_m0.05_H1_path0.5,train,B_S24:47500009:36,True,False,0.014583483338356018,0.012381659980746917,-0.0022018233576091006
W_k32_m0.05_H1_path0.5,train,B_S24:47500009:68,True,False,0.024866478517651558,0.00945002974185627,-0.015416448775795288
W_k32_m0.05_H1_path0.5,train,B_S24:47500009:142,True,False,0.028377322480082512,0.03481995203765109,0.00644262955756858
W_k32_m0.05_H1_path0.5,train,B_S24:47500011:5,False,True,0.6685101985931396,0.5792942438274622,-0.08921595476567745
W_k32_m0.05_H1_path0.5,train,B_S24:47500011:15,False,True,0.129144087433815,0.050974020443391055,-0.07817006699042395
W_k32_m0.05_H1_path0.5,train,B_S24:47500011:26,True,False,0.009356792084872723,0.010400952669442631,0.0010441605845699087
W_k32_m0.05_H1_path0.5,train,B_S24:47500011:29,True,False,0.021328719332814217,0.023158765397965908,0.0018300460651516914
W_k32_m0.05_H1_path0.5,train,B_S24:47500011:31,True,False,0.02453795075416565,0.03141124249668792,0.0068732917425222695
W_k32_m0.05_H1_path0.5,train,B_S24:47500011:36,True,False,0.02208414115011692,0.01794919153326191,-0.00413494961685501
W_k32_m0.05_H1_path0.5,train,B_S24:47500011:49,True,False,0.025313321501016617,0.03440084998146631,0.009087528480449691
W_k32_m0.05_H1_path0.5,train,B_S24:47500011:56,True,False,0.023018216714262962,0.0266810217872262,0.0036628050729632378
W_k32_m0.05_H1_path0.5,train,B_S24:47500011:74,True,False,0.018888814374804497,0.01433746749535203,-0.004551346879452467
W_k32_m0.05_H1_path0.5,train,B_S24:47500011:167,True,False,0.011697561480104923,0.011948179861065,0.00025061838096007705
W_k32_m0.05_H1_path0.5,train,B_S24:47500013:14,False,True,0.23926205933094025,0.1294612621422857,-0.10980079718865454
W_k32_m0.05_H1_path0.5,train,B_S24:47500013:15,False,True,0.2642616033554077,0.12224112055264413,-0.14202048280276358
W_k32_m0.05_H1_path0.5,train,B_S24:47500013:28,True,False,0.06354017555713654,0.08052749978378415,0.016987324226647615
W_k32_m0.05_H1_path0.5,train,B_S24:47500013:32,True,False,0.05703960359096527,0.028381448501022533,-0.02865815508994274
W_k32_m0.05_H1_path0.5,train,B_S24:47500013:58,True,False,0.05563322827219963,0.06211128644645214,0.00647805817425251
W_k32_m0.05_H1_path0.5,train,B_S24:47500013:83,True,False,0.013272512704133987,0.01329991256352514,2.739985939115286e-05
W_k32_m0.05_H1_path0.5,train,B_S24:47500013:119,True,False,0.07156369090080261,0.05511762946844101,-0.016446061432361603
W_k32_m0.05_H1_path0.5,train,B_S24:47500013:128,True,False,0.007712459657341242,0.006888849238748662,-0.0008236104185925797
W_k32_m0.05_H1_path0.5,train,B_S24:47500013:162,True,False,0.019939078018069267,0.03470300945627969,0.01476393143821042
W_k32_m0.05_H1_path0.5,train,B_S24:47500013:165,True,False,0.012326088733971119,0.03480018232949078,0.022474093595519662
W_k32_m0.05_H1_path0.5,train,B_S24:47500014:9,False,True,0.4401692748069763,0.36162147857248783,-0.07854779623448849
W_k32_m0.05_H1_path0.5,train,B_S24:47500014:10,False,True,0.395129531621933,0.3081570975482464,-0.0869724340736866
W_k32_m0.05_H1_path0.5,train,B_S24:47500014:20,False,True,0.05604715272784233,0.017593912096344866,-0.038453240631497465
W_k32_m0.05_H1_path0.5,train,B_S24:47500014:43,True,False,0.007411245722323656,0.020384059505886398,0.012972813783562742
W_k32_m0.05_H1_path0.5,train,B_S24:47500014:60,True,False,0.013535688631236553,0.01556389665347524,0.0020282080222386867
W_k32_m0.05_H1_path0.5,train,B_S24:47500014:78,True,False,0.013350725173950195,0.013456219137879089,0.00010549396392889321
W_k32_m0.05_H1_path0.5,train,B_S24:47500014:99,True,False,0.005221646279096603,0.006244352036446799,0.0010227057573501952
W_k32_m0.05_H1_path0.5,train,B_S24:47500014:134,True,False,0.019319845363497734,0.014091062403167598,-0.005228782960330136
W_k32_m0.05_H1_path0.5,train,B_S24:47500014:161,True,False,0.007714817300438881,0.007294666836969554,-0.0004201504634693265
W_k32_m0.05_H1_path0.5,train,B_S24:47500014:170,True,False,0.006012243684381247,0.007082605778123252,0.0010703620937420055
W_k32_m0.05_H1_path0.5,train,B_S24:47500016:4,False,True,0.736929714679718,0.6610076241195202,-0.07592209056019783
W_k32_m0.05_H1_path0.5,train,B_S24:47500016:5,False,True,0.6811656951904297,0.6107653211802244,-0.07040037401020527
W_k32_m0.05_H1_path0.5,train,B_S24:47500016:30,True,False,0.0050523411482572556,0.009047664076206274,0.003995322927949019
W_k32_m0.05_H1_path0.5,train,B_S24:47500016:42,True,False,0.02851446159183979,0.029917212814325467,0.0014027512224856764
W_k32_m0.05_H1_path0.5,train,B_S24:47500016:43,True,False,0.029539719223976135,0.05612651078263298,0.02658679155865684
W_k32_m0.05_H1_path0.5,train,B_S24:47500016:108,True,False,0.03446229174733162,0.018421252258121967,-0.016041039489209652
W_k32_m0.05_H1_path0.5,train,B_S24:47500016:129,True,False,0.02064540609717369,0.014936642633983865,-0.005708763463189825
W_k32_m0.05_H1_path0.5,train,B_S24:47500016:165,True,False,0.012271350249648094,0.012553860215120949,0.0002825099654728547
W_k32_m0.05_H1_path0.5,train,B_S24:47500016:169,True,False,0.02134152315557003,0.014302821044111624,-0.007038702111458406
W_k32_m0.05_H1_path0.5,development,B_S24:47600000:3,False,True,0.8373380303382874,0.7697868668474257,-0.06755116349086165
W_k32_m0.05_H1_path0.5,development,B_S24:47600000:14,False,True,0.07011541724205017,0.04898352277086815,-0.021131894471182022
W_k32_m0.05_H1_path0.5,development,B_S24:47600000:17,False,True,0.02204727567732334,0.02733208741665294,0.005284811739329598
W_k32_m0.05_H1_path0.5,development,B_S24:47600000:21,False,True,0.011418677866458893,0.010977688152706833,-0.0004409897137520602
W_k32_m0.05_H1_path0.5,development,B_S24:47600000:29,True,False,0.057856637984514236,0.049878699086548295,-0.007977938897965942
W_k32_m0.05_H1_path0.5,development,B_S24:47600000:32,True,False,0.04615774378180504,0.09107183964079013,0.04491409585898509
W_k32_m0.05_H1_path0.5,development,B_S24:47600000:76,True,False,0.017255516722798347,0.02239468941661471,0.005139172693816363
W_k32_m0.05_H1_path0.5,development,B_S24:47600000:83,True,False,0.030473653227090836,0.02997217185111367,-0.0005014813759771641
W_k32_m0.05_H1_path0.5,development,B_S24:47600000:157,True,False,0.00596030056476593,0.009729639137731283,0.003769338572965353
W_k32_m0.05_H1_path0.5,development,B_S24:47600002:2,False,True,0.8532371520996094,0.7865802815649658,-0.06665687053464353
W_k32_m0.05_H1_path0.5,development,B_S24:47600002:16,False,True,0.06572277843952179,0.04181845276252716,-0.02390432567699463
W_k32_m0.05_H1_path0.5,development,B_S24:47600002:30,True,False,0.005703270435333252,0.016025754250222235,0.010322483814888983
W_k32_m0.05_H1_path0.5,development,B_S24:47600002:36,True,False,0.010862472467124462,0.017854057312433724,0.006991584845309262
W_k32_m0.05_H1_path0.5,development,B_S24:47600002:68,True,False,0.004958968609571457,0.006804090328841994,0.0018451217192705371
W_k32_m0.05_H1_path0.5,development,B_S24:47600002:76,True,False,0.00785946473479271,0.007809723978425609,-4.97407563671004e-05
W_k32_m0.05_H1_path0.5,development,B_S24:47600002:79,True,False,0.03899405524134636,0.04489453978931124,0.005900484547964879
W_k32_m0.05_H1_path0.5,development,B_S24:47600002:89,True,False,0.016849178820848465,0.017981689394218847,0.0011325105733703822
W_k32_m0.05_H1_path0.5,development,B_S24:47600002:107,True,False,0.056797247380018234,0.053329958293034,-0.0034672890869842377
W_k32_m0.05_H1_path0.5,development,B_S24:47600003:1,False,True,0.9180286526679993,0.8493134330492467,-0.0687152196187526
W_k32_m0.05_H1_path0.5,development,B_S24:47600003:3,False,True,0.7900311350822449,0.7297123959288001,-0.06031873915344477
W_k32_m0.05_H1_path0.5,development,B_S24:47600003:4,False,True,0.7123365998268127,0.6490224895533174,-0.06331411027349532
W_k32_m0.05_H1_path0.5,development,B_S24:47600003:11,False,True,0.1615857630968094,0.09001055388398527,-0.07157520921282412
W_k32_m0.05_H1_path0.5,development,B_S24:47600003:12,False,True,0.054503463208675385,0.10477691854612203,0.05027345533744665
W_k32_m0.05_H1_path0.5,development,B_S24:47600003:22,False,True,0.00735608721151948,0.009321189514594153,0.001965102303074673
W_k32_m0.05_H1_path0.5,development,B_S24:47600003:70,True,False,0.01845444180071354,0.020197555242702947,0.0017431134419894079
W_k32_m0.05_H1_path0.5,development,B_S24:47600003:90,True,False,0.0285745058208704,0.035199149562686216,0.006624643741815817
W_k32_m0.05_H1_path0.5,development,B_S24:47600003:112,True,False,0.010956176556646824,0.012503087865297857,0.0015469113086510333
W_k32_m0.05_H1_path0.5,development,B_S24:47600003:125,True,False,0.011349641717970371,0.012383288790260849,0.0010336470722904778
W_k32_m0.05_H1_path0.5,development,B_S24:47600004:3,False,True,0.8056684136390686,0.7319290244486183,-0.07373938919045031
W_k32_m0.05_H1_path0.5,development,B_S24:47600004:8,False,True,0.45058879256248474,0.35419952089432627,-0.09638927166815847
W_k32_m0.05_H1_path0.5,development,B_S24:47600004:53,True,False,0.007950985804200172,0.006815697990532499,-0.0011352878136676736
W_k32_m0.05_H1_path0.5,development,B_S24:47600004:65,True,False,0.00684379693120718,0.006262746315769618,-0.0005810506154375616
W_k32_m0.05_H1_path0.5,development,B_S24:47600004:92,True,False,0.004253803286701441,0.009192897121465649,0.004939093834764208
W_k32_m0.05_H1_path0.5,development,B_S24:47600004:109,True,False,0.007803337182849646,0.008887669622708927,0.0010843324398592813
W_k32_m0.05_H1_path0.5,development,B_S24:47600004:122,True,False,0.00964415818452835,0.008658465229018475,-0.000985692955509876
W_k32_m0.05_H1_path0.5,development,B_S24:47600005:2,False,True,0.8559161424636841,0.7843880541622639,-0.07152808830142021
W_k32_m0.05_H1_path0.5,development,B_S24:47600005:5,False,True,0.6184014081954956,0.577541281003505,-0.040860127191990614
W_k32_m0.05_H1_path0.5,development,B_S24:47600005:15,False,True,0.11820100247859955,0.03795207121220301,-0.08024893126639654
W_k32_m0.05_H1_path0.5,development,B_S24:47600005:24,True,False,0.012398805469274521,0.01351057368083275,0.0011117682115582284
W_k32_m0.05_H1_path0.5,development,B_S24:47600005:33,True,False,0.0318012535572052,0.029791893754008925,-0.0020093598031962756
W_k32_m0.05_H1_path0.5,development,B_S24:47600005:48,True,False,0.04070642590522766,0.04095386658991629,0.0002474406846886268
W_k32_m0.05_H1_path0.5,development,B_S24:47600005:86,True,False,0.026637276634573936,0.015663952017348493,-0.010973324617225444
W_k32_m0.05_H1_path0.5,development,B_S24:47600005:88,True,False,0.011213838122785091,0.02014664502348751,0.008932806900702417
W_k32_m0.05_H1_path0.5,development,B_S24:47600005:105,True,False,0.020091896876692772,0.04281468845147174,0.022722791574778967
W_k32_m0.05_H1_path0.5,development,B_S24:47600005:119,True,False,0.011445483192801476,0.01827881396820885,0.006833330775407376
W_k32_m0.05_H1_path0.5,development,B_S24:47600006:2,False,True,0.8360416889190674,0.7905455511063337,-0.04549613781273365
W_k32_m0.05_H1_path0.5,development,B_S24:47600006:11,False,True,0.1901421695947647,0.22397264387109317,0.03383047427632846
W_k32_m0.05_H1_path0.5,development,B_S24:47600006:13,False,True,0.0930979996919632,0.07296256208792329,-0.020135437604039907
W_k32_m0.05_H1_path0.5,development,B_S24:47600006:16,False,True,0.03459518775343895,0.019065207436142373,-0.015529980317296577
W_k32_m0.05_H1_path0.5,development,B_S24:47600006:25,True,False,0.021262692287564278,0.0342860424243554,0.013023350136791123
W_k32_m0.05_H1_path0.5,development,B_S24:47600006:38,True,False,0.10101375728845596,0.048498405718419235,-0.05251535157003673
W_k32_m0.05_H1_path0.5,development,B_S24:47600006:72,True,False,0.007109314668923616,0.05091888619426754,0.04380957152534393
W_k32_m0.05_H1_path0.5,development,B_S24:47600006:101,True,False,0.046781934797763824,0.03619015350705013,-0.010591781290713698
W_k32_m0.05_H1_path0.5,development,B_S24:47600006:132,True,False,0.014910313300788403,0.024018358653847827,0.009108045353059424
W_k32_m0.05_H1_path0.5,development,B_S24:47600006:177,True,False,0.00992016401141882,0.014448193594944314,0.004528029583525495
W_k32_m0.05_H1_path0.5,development,B_S24:47600007:4,False,True,0.6693251132965088,0.5692466627806425,-0.10007845051586628
W_k32_m0.05_H1_path0.5,development,B_S24:47600007:7,False,True,0.4054577648639679,0.31933003262383863,-0.08612773224012926
W_k32_m0.05_H1_path0.5,development,B_S24:47600007:10,False,True,0.3122852146625519,0.15322801006550435,-0.15905720459704753
W_k32_m0.05_H1_path0.5,development,B_S24:47600007:17,False,True,0.007956769317388535,0.009876495299067756,0.0019197259816792211
W_k32_m0.05_H1_path0.5,development,B_S24:47600007:27,True,False,0.01791347749531269,0.01604207869786478,-0.0018713987974479096
W_k32_m0.05_H1_path0.5,development,B_S24:47600007:28,True,False,0.013561682775616646,0.020000704718768247,0.006439021943151602
W_k32_m0.05_H1_path0.5,development,B_S24:47600007:61,True,False,0.007718055509030819,0.007861670464080817,0.00014361495504999766
W_k32_m0.05_H1_path0.5,development,B_S24:47600007:66,True,False,0.005090014543384314,0.005124845688442292,3.4831145057978574e-05
W_k32_m0.05_H1_path0.5,development,B_S24:47600007:87,True,False,0.007248249836266041,0.005674169172380061,-0.0015740806638859794
W_k32_m0.05_H1_path0.5,development,B_S24:47600007:117,True,False,0.004469211678951979,0.006125250914919889,0.00165603923596791
W_k32_m0.05_H1_path0.5,development,B_S24:47600008:6,False,True,0.664764940738678,0.6168614469934255,-0.04790349374525249
W_k32_m0.05_H1_path0.5,development,B_S24:47600008:8,False,True,0.57773357629776,0.5203980668447912,-0.057335509452968836
W_k32_m0.05_H1_path0.5,development,B_S24:47600008:21,False,True,0.03157223388552666,0.04992624140504631,0.018354007519519655
W_k32_m0.05_H1_path0.5,development,B_S24:47600008:23,True,False,0.05779237672686577,0.03808855149145529,-0.019703825235410477
W_k32_m0.05_H1_path0.5,development,B_S24:47600008:49,True,False,0.06115049123764038,0.050646209994738456,-0.010504281242901925
W_k32_m0.05_H1_path0.5,development,B_S24:47600008:54,True,False,0.01625344157218933,0.022463255852926522,0.0062098142807371914
W_k32_m0.05_H1_path0.5,development,B_S24:47600008:61,True,False,0.02069191262125969,0.01635153524148336,-0.004340377379776328
W_k32_m0.05_H1_path0.5,development,B_S24:47600008:87,True,False,0.012538295239210129,0.013414513474344858,0.0008762182351347292
W_k32_m0.05_H1_path0.5,development,B_S24:47600008:101,True,False,0.017423175275325775,0.014064647813938791,-0.003358527461386984
W_k32_m0.1_H1_path0.5,train,B_S24:47500000:1,False,True,0.9204306602478027,0.7963385358452797,-0.12409212440252304
W_k32_m0.1_H1_path0.5,train,B_S24:47500000:8,False,True,0.45007964968681335,0.2865933855064213,-0.16348626418039203
W_k32_m0.1_H1_path0.5,train,B_S24:47500000:26,True,False,0.00465988228097558,0.006555674735864159,0.0018957924548885785
W_k32_m0.1_H1_path0.5,train,B_S24:47500000:39,True,False,0.026884738355875015,0.023101150058209896,-0.003783588297665119
W_k32_m0.1_H1_path0.5,train,B_S24:47500000:84,True,False,0.031150802969932556,0.028904716891702265,-0.0022460860782302916
W_k32_m0.1_H1_path0.5,train,B_S24:47500000:141,True,False,0.006456793285906315,0.013985063560539857,0.007528270274633542
W_k32_m0.1_H1_path0.5,train,B_S24:47500000:144,True,False,0.015414930880069733,0.02369338905555196,0.008278458175482228
W_k32_m0.1_H1_path0.5,train,B_S24:47500000:155,True,False,0.010339364409446716,0.00809789630875457,-0.0022414681006921455
W_k32_m0.1_H1_path0.5,train,B_S24:47500000:169,True,False,0.002930948045104742,0.007845090098271612,0.00491414205316687
W_k32_m0.1_H1_path0.5,train,B_S24:47500000:179,True,False,0.007754932157695293,0.013434568274533376,0.005679636116838083
W_k32_m0.1_H1_path0.5,train,B_S24:47500002:2,False,True,0.840225100517273,0.6942128669470549,-0.1460122335702181
W_k32_m0.1_H1_path0.5,train,B_S24:47500002:3,False,True,0.747289776802063,0.6037649195641279,-0.14352485723793507
W_k32_m0.1_H1_path0.5,train,B_S24:47500002:15,False,True,0.3258889615535736,0.131568314274773,-0.1943206472788006
W_k32_m0.1_H1_path0.5,train,B_S24:47500002:25,False,True,0.24759480357170105,0.03543054205510998,-0.21216426151659107
W_k32_m0.1_H1_path0.5,train,B_S24:47500002:33,True,False,0.013200336135923862,0.028948944091098383,0.01574860795517452
W_k32_m0.1_H1_path0.5,train,B_S24:47500002:55,True,False,0.012366085313260555,0.013364832746447064,0.0009987474331865087
W_k32_m0.1_H1_path0.5,train,B_S24:47500002:101,True,False,0.024479061365127563,0.015165288699790835,-0.009313772665336728
W_k32_m0.1_H1_path0.5,train,B_S24:47500002:114,True,False,0.032590512186288834,0.02126164609217085,-0.011328866094117984
W_k32_m0.1_H1_path0.5,train,B_S24:47500002:152,True,False,0.05904077738523483,0.011015420430339873,-0.04802535695489496
W_k32_m0.1_H1_path0.5,train,B_S24:47500002:178,True,False,0.01144599448889494,0.0067210318593424745,-0.004724962629552465
W_k32_m0.1_H1_path0.5,train,B_S24:47500003:4,False,True,0.6828148365020752,0.5274772793054581,-0.15533755719661713
W_k32_m0.1_H1_path0.5,train,B_S24:47500003:16,False,True,0.336879700422287,0.15281852369662374,-0.18406117672566324
W_k32_m0.1_H1_path0.5,train,B_S24:47500003:24,False,True,0.24294424057006836,0.04766152119555045,-0.1952827193745179
W_k32_m0.1_H1_path0.5,train,B_S24:47500003:41,True,False,0.014581686817109585,0.04301856178790331,0.028436874970793724
W_k32_m0.1_H1_path0.5,train,B_S24:47500003:46,True,False,0.014421219937503338,0.02174795654718764,0.007326736609684303
W_k32_m0.1_H1_path0.5,train,B_S24:47500003:80,True,False,0.13649648427963257,0.05826387819251977,-0.0782326060871128
W_k32_m0.1_H1_path0.5,train,B_S24:47500003:91,True,False,0.013864279724657536,0.023406898573739454,0.009542618849081919
W_k32_m0.1_H1_path0.5,train,B_S24:47500003:109,True,False,0.02704671397805214,0.056367672979831696,0.029320959001779556
W_k32_m0.1_H1_path0.5,train,B_S24:47500003:149,True,False,0.00700509874150157,0.008297399173898157,0.001292300432396587
W_k32_m0.1_H1_path0.5,train,B_S24:47500003:180,True,False,0.007680858951061964,0.008186956081772223,0.0005060971307102591
W_k32_m0.1_H1_path0.5,train,B_S24:47500005:2,False,True,0.8303883671760559,0.6929965745657682,-0.13739179261028767
W_k32_m0.1_H1_path0.5,train,B_S24:47500005:6,False,True,0.48417842388153076,0.3576902407221496,-0.12648818315938115
W_k32_m0.1_H1_path0.5,train,B_S24:47500005:13,False,True,0.28661417961120605,0.14945271858596243,-0.13716146102524363
W_k32_m0.1_H1_path0.5,train,B_S24:47500005:45,True,False,0.009830214083194733,0.018512103910325095,0.008681889827130362
W_k32_m0.1_H1_path0.5,train,B_S24:47500005:46,True,False,0.020489273592829704,0.01990998550900258,-0.000579288083827123
W_k32_m0.1_H1_path0.5,train,B_S24:47500005:67,True,False,0.011116371490061283,0.018854907772038132,0.007738536281976849
W_k32_m0.1_H1_path0.5,train,B_S24:47500005:106,True,False,0.005806139670312405,0.012532534979982302,0.006726395309669897
W_k32_m0.1_H1_path0.5,train,B_S24:47500005:120,True,False,0.07412584125995636,0.09802939801011235,0.023903556750155985
W_k32_m0.1_H1_path0.5,train,B_S24:47500005:170,True,False,0.011918851174414158,0.012608574055775534,0.0006897228813613765
W_k32_m0.1_H1_path0.5,train,B_S24:47500006:4,False,True,0.7104406952857971,0.5338025968521833,-0.17663809843361378
W_k32_m0.1_H1_path0.5,train,B_S24:47500006:5,False,True,0.6139248609542847,0.4643832165747881,-0.14954164437949657
W_k32_m0.1_H1_path0.5,train,B_S24:47500006:8,False,True,0.4837036430835724,0.2963914870051667,-0.18731215607840568
W_k32_m0.1_H1_path0.5,train,B_S24:47500006:10,False,True,0.3972037434577942,0.1776057289680466,-0.21959801448974758
W_k32_m0.1_H1_path0.5,train,B_S24:47500006:89,True,False,0.006101811304688454,0.011482909831102006,0.0053810985264135525
W_k32_m0.1_H1_path0.5,train,B_S24:47500006:102,True,False,0.015334553085267544,0.0302414727921132,0.014906919706845656
W_k32_m0.1_H1_path0.5,train,B_S24:47500006:118,True,False,0.013224813155829906,0.017438928334740922,0.004214115178911015
W_k32_m0.1_H1_path0.5,train,B_S24:47500006:136,True,False,0.04221782088279724,0.03739094245247543,-0.004826878430321813
W_k32_m0.1_H1_path0.5,train,B_S24:47500006:169,True,False,0.007242292165756226,0.0126467700174544,0.005404477851698175
W_k32_m0.1_H1_path0.5,train,B_S24:47500007:4,False,True,0.7165911197662354,0.5361624332144856,-0.1804286865517497
W_k32_m0.1_H1_path0.5,train,B_S24:47500007:6,False,True,0.5134326815605164,0.4041807954199612,-0.10925188614055514
W_k32_m0.1_H1_path0.5,train,B_S24:47500007:13,False,True,0.3432442545890808,0.11026566964574158,-0.23297858494333923
W_k32_m0.1_H1_path0.5,train,B_S24:47500007:36,True,False,0.012485971674323082,0.03240026088315062,0.01991428920882754
W_k32_m0.1_H1_path0.5,train,B_S24:47500007:97,True,False,0.03646311163902283,0.01427273458102718,-0.022190377057995647
W_k32_m0.1_H1_path0.5,train,B_S24:47500007:118,True,False,0.01961955614387989,0.014933177692000754,-0.004686378451879136
W_k32_m0.1_H1_path0.5,train,B_S24:47500007:134,True,False,0.012632779777050018,0.01176958522410132,-0.0008631945529486984
W_k32_m0.1_H1_path0.5,train,B_S24:47500007:168,True,False,0.006155345588922501,0.007546566368546337,0.0013912207796238363
W_k32_m0.1_H1_path0.5,train,B_S24:47500008:4,False,True,0.6651695966720581,0.5538518177345395,-0.1113177789375186
W_k32_m0.1_H1_path0.5,train,B_S24:47500008:10,False,True,0.44179293513298035,0.2467242581769824,-0.19506867695599794
W_k32_m0.1_H1_path0.5,train,B_S24:47500008:20,False,True,0.18844717741012573,0.05427673482336104,-0.1341704425867647
W_k32_m0.1_H1_path0.5,train,B_S24:47500008:28,True,False,0.018762292340397835,0.025403219769941643,0.006640927429543808
W_k32_m0.1_H1_path0.5,train,B_S24:47500008:34,True,False,0.019432740285992622,0.023001663881586865,0.003568923595594242
W_k32_m0.1_H1_path0.5,train,B_S24:47500008:112,True,False,0.01151968166232109,0.03317182496539317,0.02165214330307208
W_k32_m0.1_H1_path0.5,train,B_S24:47500008:131,True,False,0.026900198310613632,0.021891582990065217,-0.005008615320548415
W_k32_m0.1_H1_path0.5,train,B_S24:47500008:172,True,False,0.006610465236008167,0.01578145907842554,0.009170993842417374
W_k32_m0.1_H1_path0.5,train,B_S24:47500009:6,False,True,0.5444116592407227,0.42084998451173306,-0.1235616747289896
W_k32_m0.1_H1_path0.5,train,B_S24:47500009:11,False,True,0.43553799390792847,0.31046301824972034,-0.12507497565820813
W_k32_m0.1_H1_path0.5,train,B_S24:47500009:15,False,True,0.34954699873924255,0.1563149718567729,-0.19323202688246965
W_k32_m0.1_H1_path0.5,train,B_S24:47500009:20,False,True,0.19620876014232635,0.038880307372892275,-0.15732845276943408
W_k32_m0.1_H1_path0.5,train,B_S24:47500009:26,True,False,0.011343308724462986,0.03623450295708608,0.024891194232623093
W_k32_m0.1_H1_path0.5,train,B_S24:47500009:36,True,False,0.014825824648141861,0.017674156100838445,0.002848331452696584
W_k32_m0.1_H1_path0.5,train,B_S24:47500009:68,True,False,0.028054406866431236,0.01120035903295502,-0.016854047833476216
W_k32_m0.1_H1_path0.5,train,B_S24:47500009:142,True,False,0.023600932210683823,0.0334592055878602,0.009858273377176374
W_k32_m0.1_H1_path0.5,train,B_S24:47500011:5,False,True,0.5674607157707214,0.39515830436721444,-0.172302411403507
W_k32_m0.1_H1_path0.5,train,B_S24:47500011:15,False,True,0.26403701305389404,0.07482440036255866,-0.18921261269133538
W_k32_m0.1_H1_path0.5,train,B_S24:47500011:26,True,False,0.008292190730571747,0.011791885539423674,0.0034996948088519275
W_k32_m0.1_H1_path0.5,train,B_S24:47500011:29,True,False,0.026494015008211136,0.028119332026108168,0.0016253170178970322
W_k32_m0.1_H1_path0.5,train,B_S24:47500011:31,True,False,0.023446766659617424,0.0224361713626422,-0.0010105952969752252
W_k32_m0.1_H1_path0.5,train,B_S24:47500011:36,True,False,0.0344666913151741,0.020319481336628087,-0.014147209978546016
W_k32_m0.1_H1_path0.5,train,B_S24:47500011:49,True,False,0.08819765597581863,0.06600705726305023,-0.022190598712768406
W_k32_m0.1_H1_path0.5,train,B_S24:47500011:56,True,False,0.021302388980984688,0.02715445970534347,0.005852070724358782
W_k32_m0.1_H1_path0.5,train,B_S24:47500011:74,True,False,0.015445277094841003,0.012357859595795162,-0.0030874174990458414
W_k32_m0.1_H1_path0.5,train,B_S24:47500011:167,True,False,0.013961473479866982,0.01347273487772327,-0.0004887386021437123
W_k32_m0.1_H1_path0.5,train,B_S24:47500013:14,False,True,0.3309841752052307,0.11231869843322784,-0.21866547677200288
W_k32_m0.1_H1_path0.5,train,B_S24:47500013:15,False,True,0.3025165796279907,0.09982514230068773,-0.202691437327303
W_k32_m0.1_H1_path0.5,train,B_S24:47500013:28,True,False,0.018222665414214134,0.05029580515110865,0.03207313973689452
W_k32_m0.1_H1_path0.5,train,B_S24:47500013:32,True,False,0.043286196887493134,0.02386514758109115,-0.019421049306401983
W_k32_m0.1_H1_path0.5,train,B_S24:47500013:58,True,False,0.0678560808300972,0.10744537971913815,0.03958929888904095
W_k32_m0.1_H1_path0.5,train,B_S24:47500013:83,True,False,0.016866067424416542,0.01867853604198899,0.0018124686175724491
W_k32_m0.1_H1_path0.5,train,B_S24:47500013:119,True,False,0.1386656016111374,0.07518805132713169,-0.0634775502840057
W_k32_m0.1_H1_path0.5,train,B_S24:47500013:128,True,False,0.007370443549007177,0.007689153884712141,0.00031871033570496365
W_k32_m0.1_H1_path0.5,train,B_S24:47500013:162,True,False,0.009111269377171993,0.03395378524874104,0.02484251587156905
W_k32_m0.1_H1_path0.5,train,B_S24:47500013:165,True,False,0.019986819475889206,0.05341758675058372,0.03343076727469452
W_k32_m0.1_H1_path0.5,train,B_S24:47500014:9,False,True,0.4609810709953308,0.27511085174046457,-0.18587021925486624
W_k32_m0.1_H1_path0.5,train,B_S24:47500014:10,False,True,0.4494248926639557,0.19922798970947042,-0.25019690295448527
W_k32_m0.1_H1_path0.5,train,B_S24:47500014:20,False,True,0.1911441683769226,0.04061106377048418,-0.15053310460643843
W_k32_m0.1_H1_path0.5,train,B_S24:47500014:43,True,False,0.007969632744789124,0.028655474918195978,0.020685842173406854
W_k32_m0.1_H1_path0.5,train,B_S24:47500014:60,True,False,0.012178147211670876,0.015088836051290855,0.0029106888396199793
W_k32_m0.1_H1_path0.5,train,B_S24:47500014:78,True,False,0.014499674551188946,0.023564717528643087,0.00906504297745414
W_k32_m0.1_H1_path0.5,train,B_S24:47500014:99,True,False,0.006518471520394087,0.012477280222810805,0.005958808702416718
W_k32_m0.1_H1_path0.5,train,B_S24:47500014:134,True,False,0.026974961161613464,0.021780823677545413,-0.005194137484068051
W_k32_m0.1_H1_path0.5,train,B_S24:47500014:161,True,False,0.026427991688251495,0.01585893840820063,-0.010569053280050866
W_k32_m0.1_H1_path0.5,train,B_S24:47500014:170,True,False,0.007265092339366674,0.011746595933800563,0.004481503594433889
W_k32_m0.1_H1_path0.5,train,B_S24:47500016:4,False,True,0.6824577450752258,0.5366150764748454,-0.14584266860038042
W_k32_m0.1_H1_path0.5,train,B_S24:47500016:5,False,True,0.5753200650215149,0.4592304127290845,-0.1160896522924304
W_k32_m0.1_H1_path0.5,train,B_S24:47500016:30,True,False,0.002946124877780676,0.006861583133286331,0.003915458255505655
W_k32_m0.1_H1_path0.5,train,B_S24:47500016:42,True,False,0.03538772463798523,0.02142658960656263,-0.0139611350314226
W_k32_m0.1_H1_path0.5,train,B_S24:47500016:43,True,False,0.02424408122897148,0.026902875601081178,0.0026587943721096963
W_k32_m0.1_H1_path0.5,train,B_S24:47500016:108,True,False,0.0435507670044899,0.019877582730259746,-0.023673184274230152
W_k32_m0.1_H1_path0.5,train,B_S24:47500016:129,True,False,0.014247303828597069,0.015725192046375014,0.001477888217777945
W_k32_m0.1_H1_path0.5,train,B_S24:47500016:165,True,False,0.00914138462394476,0.010257267684210092,0.0011158830602653325
W_k32_m0.1_H1_path0.5,train,B_S24:47500016:169,True,False,0.013617094606161118,0.00872218850417994,-0.004894906101981178
W_k32_m0.1_H1_path0.5,development,B_S24:47600000:3,False,True,0.7822062373161316,0.6818700802978128,-0.10033615701831877
W_k32_m0.1_H1_path0.5,development,B_S24:47600000:14,False,True,0.021341364830732346,0.015516702368586266,-0.00582466246214608
W_k32_m0.1_H1_path0.5,development,B_S24:47600000:17,False,True,0.0134500153362751,0.015240736011946865,0.0017907206756717642
W_k32_m0.1_H1_path0.5,development,B_S24:47600000:21,False,True,0.009148664772510529,0.0102534201769231,0.0011047554044125718
W_k32_m0.1_H1_path0.5,development,B_S24:47600000:29,True,False,0.06250163167715073,0.04748449589169468,-0.015017135785456048
W_k32_m0.1_H1_path0.5,development,B_S24:47600000:32,True,False,0.0462748222053051,0.10243114336481085,0.05615632115950575
W_k32_m0.1_H1_path0.5,development,B_S24:47600000:76,True,False,0.01730559952557087,0.008415481513111445,-0.008890118012459425
W_k32_m0.1_H1_path0.5,development,B_S24:47600000:83,True,False,0.010449578054249287,0.012945355250849389,0.002495777196600102
W_k32_m0.1_H1_path0.5,development,B_S24:47600000:157,True,False,0.0066076479852199554,0.009670327398453082,0.003062679413233127
W_k32_m0.1_H1_path0.5,development,B_S24:47600002:2,False,True,0.8481625318527222,0.7224978171288967,-0.12566471472382545
W_k32_m0.1_H1_path0.5,development,B_S24:47600002:16,False,True,0.034032728523015976,0.029737630447925767,-0.004295098075090209
W_k32_m0.1_H1_path0.5,development,B_S24:47600002:30,True,False,0.005942192859947681,0.014582827088815975,0.008640634228868294
W_k32_m0.1_H1_path0.5,development,B_S24:47600002:36,True,False,0.016966650262475014,0.013461230926623102,-0.0035054193358519115
W_k32_m0.1_H1_path0.5,development,B_S24:47600002:68,True,False,0.007321929559111595,0.010153416997127351,0.002831487438015756
W_k32_m0.1_H1_path0.5,development,B_S24:47600002:76,True,False,0.012246944010257721,0.0070345594322134275,-0.0052123845780442934
W_k32_m0.1_H1_path0.5,development,B_S24:47600002:79,True,False,0.07884156703948975,0.05572653264243854,-0.023115034397051204
W_k32_m0.1_H1_path0.5,development,B_S24:47600002:89,True,False,0.012856744229793549,0.014716738310198707,0.0018599940804051585
W_k32_m0.1_H1_path0.5,development,B_S24:47600002:107,True,False,0.08870994299650192,0.06202116480926634,-0.026688778187235584
W_k32_m0.1_H1_path0.5,development,B_S24:47600003:1,False,True,0.9320229291915894,0.8330458994023502,-0.09897702978923917
W_k32_m0.1_H1_path0.5,development,B_S24:47600003:3,False,True,0.7536471486091614,0.6409338049124926,-0.11271334369666874
W_k32_m0.1_H1_path0.5,development,B_S24:47600003:4,False,True,0.5812112092971802,0.5158379094209522,-0.06537329987622797
W_k32_m0.1_H1_path0.5,development,B_S24:47600003:11,False,True,0.05126972496509552,0.03520592600489181,-0.016063798960203712
W_k32_m0.1_H1_path0.5,development,B_S24:47600003:12,False,True,0.013646524399518967,0.04508991345119284,0.031443389051673876
W_k32_m0.1_H1_path0.5,development,B_S24:47600003:22,False,True,0.006176006514579058,0.01220025451584661,0.0060242480012675514
W_k32_m0.1_H1_path0.5,development,B_S24:47600003:70,True,False,0.021402085199952126,0.02059989380722982,-0.0008021913927223068
W_k32_m0.1_H1_path0.5,development,B_S24:47600003:90,True,False,0.038748592138290405,0.05553195683751255,0.016783364699222147
W_k32_m0.1_H1_path0.5,development,B_S24:47600003:112,True,False,0.02630191668868065,0.021529833139538823,-0.004772083549141826
W_k32_m0.1_H1_path0.5,development,B_S24:47600003:125,True,False,0.03826313465833664,0.02714314644526894,-0.0111199882130677
W_k32_m0.1_H1_path0.5,development,B_S24:47600004:3,False,True,0.7612400054931641,0.6402214450063184,-0.12101856048684567
W_k32_m0.1_H1_path0.5,development,B_S24:47600004:8,False,True,0.30058756470680237,0.26505491946591064,-0.035532645240891725
W_k32_m0.1_H1_path0.5,development,B_S24:47600004:53,True,False,0.0071944789960980415,0.007267904315085616,7.342531898757443e-05
W_k32_m0.1_H1_path0.5,development,B_S24:47600004:65,True,False,0.0072109452448785305,0.006899779359628155,-0.00031116588525037514
W_k32_m0.1_H1_path0.5,development,B_S24:47600004:92,True,False,0.003644012613222003,0.008527027695890865,0.004883015082668862
W_k32_m0.1_H1_path0.5,development,B_S24:47600004:109,True,False,0.011314286850392818,0.010688924485293683,-0.0006253623650991358
W_k32_m0.1_H1_path0.5,development,B_S24:47600004:122,True,False,0.007584028411656618,0.01097964552900521,0.0033956171173485927
W_k32_m0.1_H1_path0.5,development,B_S24:47600005:2,False,True,0.864611804485321,0.7400656475219876,-0.12454615696333349
W_k32_m0.1_H1_path0.5,development,B_S24:47600005:5,False,True,0.5513216853141785,0.5021868775365874,-0.04913480777759105
W_k32_m0.1_H1_path0.5,development,B_S24:47600005:15,False,True,0.09801362454891205,0.05925412624128512,-0.03875949830762693
W_k32_m0.1_H1_path0.5,development,B_S24:47600005:24,True,False,0.012675931677222252,0.015456360604730435,0.002780428927508183
W_k32_m0.1_H1_path0.5,development,B_S24:47600005:33,True,False,0.04325537383556366,0.059095800806971965,0.015840426971408306
W_k32_m0.1_H1_path0.5,development,B_S24:47600005:48,True,False,0.07879658043384552,0.04829288950713817,-0.03050369092670735
W_k32_m0.1_H1_path0.5,development,B_S24:47600005:86,True,False,0.016235092654824257,0.016979455882392358,0.0007443632275681011
W_k32_m0.1_H1_path0.5,development,B_S24:47600005:88,True,False,0.019041994586586952,0.023465749427487026,0.004423754840900074
W_k32_m0.1_H1_path0.5,development,B_S24:47600005:105,True,False,0.04223967716097832,0.05695467175246449,0.014714994591486175
W_k32_m0.1_H1_path0.5,development,B_S24:47600005:119,True,False,0.010275815613567829,0.01823548713582568,0.00795967152225785
W_k32_m0.1_H1_path0.5,development,B_S24:47600006:2,False,True,0.8341362476348877,0.7421697194222361,-0.09196652821265161
W_k32_m0.1_H1_path0.5,development,B_S24:47600006:11,False,True,0.24652251601219177,0.18531361750683573,-0.061208898505356046
W_k32_m0.1_H1_path0.5,development,B_S24:47600006:13,False,True,0.12361478060483932,0.06392772948765924,-0.05968705111718009
W_k32_m0.1_H1_path0.5,development,B_S24:47600006:16,False,True,0.0348283052444458,0.012161220393863914,-0.022667084850581887
W_k32_m0.1_H1_path0.5,development,B_S24:47600006:25,True,False,0.01418709009885788,0.028300869735176093,0.014113779636318213
W_k32_m0.1_H1_path0.5,development,B_S24:47600006:38,True,False,0.1454324722290039,0.03285555252114136,-0.11257691970786254
W_k32_m0.1_H1_path0.5,development,B_S24:47600006:72,True,False,0.010512293316423893,0.11997585749486461,0.10946356417844072
W_k32_m0.1_H1_path0.5,development,B_S24:47600006:101,True,False,0.07959279417991638,0.04565124446162372,-0.03394154971829266
W_k32_m0.1_H1_path0.5,development,B_S24:47600006:132,True,False,0.01759718358516693,0.026137232558539836,0.008540048973372905
W_k32_m0.1_H1_path0.5,development,B_S24:47600006:177,True,False,0.009450594894587994,0.016258223149634432,0.006807628255046438
W_k32_m0.1_H1_path0.5,development,B_S24:47600007:4,False,True,0.5692509412765503,0.44313245674129575,-0.12611848453525454
W_k32_m0.1_H1_path0.5,development,B_S24:47600007:7,False,True,0.29793524742126465,0.27933428395772353,-0.01860096346354112
W_k32_m0.1_H1_path0.5,development,B_S24:47600007:10,False,True,0.27439212799072266,0.10824958688317565,-0.166142541107547
W_k32_m0.1_H1_path0.5,development,B_S24:47600007:17,False,True,0.00936257466673851,0.012091504110685491,0.0027289294439469813
W_k32_m0.1_H1_path0.5,development,B_S24:47600007:27,True,False,0.018391801044344902,0.025280032563387067,0.006888231519042165
W_k32_m0.1_H1_path0.5,development,B_S24:47600007:28,True,False,0.017776286229491234,0.025461873242420552,0.007685587012929318
W_k32_m0.1_H1_path0.5,development,B_S24:47600007:61,True,False,0.004751626867800951,0.009473532703850651,0.0047219058360497
W_k32_m0.1_H1_path0.5,development,B_S24:47600007:66,True,False,0.005295855458825827,0.004694505664247117,-0.0006013497945787094
W_k32_m0.1_H1_path0.5,development,B_S24:47600007:87,True,False,0.005811886861920357,0.007080672431584389,0.0012687855696640327
W_k32_m0.1_H1_path0.5,development,B_S24:47600007:117,True,False,0.0031608291901648045,0.007064081713906489,0.003903252523741685
W_k32_m0.1_H1_path0.5,development,B_S24:47600008:6,False,True,0.48557886481285095,0.4751295727910474,-0.010449292021803558
W_k32_m0.1_H1_path0.5,development,B_S24:47600008:8,False,True,0.4503019154071808,0.38789192782132886,-0.06240998758585192
W_k32_m0.1_H1_path0.5,development,B_S24:47600008:21,False,True,0.02570715732872486,0.05595146631185344,0.030244308983128576
W_k32_m0.1_H1_path0.5,development,B_S24:47600008:23,True,False,0.07126122713088989,0.04016352034796,-0.03109770678292989
W_k32_m0.1_H1_path0.5,development,B_S24:47600008:49,True,False,0.05945014953613281,0.06799187629621883,0.008541726760086021
W_k32_m0.1_H1_path0.5,development,B_S24:47600008:54,True,False,0.014945331029593945,0.024789344975943095,0.00984401394634915
W_k32_m0.1_H1_path0.5,development,B_S24:47600008:61,True,False,0.020368700847029686,0.011453361479652813,-0.008915339367376873
W_k32_m0.1_H1_path0.5,development,B_S24:47600008:87,True,False,0.00921119749546051,0.009946646739990683,0.000735449244530173
W_k32_m0.1_H1_path0.5,development,B_S24:47600008:101,True,False,0.016198957338929176,0.010630981122631056,-0.0055679762162981206
U_k32_m0.001_H1_path0.5,train,B_S24:47500000:1,False,True,0.3625996708869934,0.23708929121494293,-0.12551037967205048
U_k32_m0.001_H1_path0.5,train,B_S24:47500000:8,False,True,0.20946204662322998,0.1884969426319003,-0.02096510399132967
U_k32_m0.001_H1_path0.5,train,B_S24:47500000:26,True,True,0.1759558767080307,0.16126155946403742,-0.014694317243993282
U_k32_m0.001_H1_path0.5,train,B_S24:47500000:39,True,True,0.1894470453262329,0.18023410765454173,-0.00921293767169118
U_k32_m0.001_H1_path0.5,train,B_S24:47500000:84,True,True,0.21960562467575073,0.19104931224137545,-0.028556312434375286
U_k32_m0.001_H1_path0.5,train,B_S24:47500000:141,True,True,0.18286195397377014,0.17724637920036912,-0.005615574773401022
U_k32_m0.001_H1_path0.5,train,B_S24:47500000:144,True,True,0.18638107180595398,0.17109387111850083,-0.01528720068745315
U_k32_m0.001_H1_path0.5,train,B_S24:47500000:155,True,True,0.18929077684879303,0.17608833452686667,-0.013202442321926355
U_k32_m0.001_H1_path0.5,train,B_S24:47500000:169,True,True,0.21370764076709747,0.18270948948338628,-0.030998151283711195
U_k32_m0.001_H1_path0.5,train,B_S24:47500000:179,True,True,0.20633095502853394,0.18368987133726478,-0.02264108369126916
U_k32_m0.001_H1_path0.5,train,B_S24:47500002:2,False,True,0.260925829410553,0.1863404861651361,-0.07458534324541688
U_k32_m0.001_H1_path0.5,train,B_S24:47500002:3,False,True,0.24903741478919983,0.20253520039841533,-0.0465022143907845
U_k32_m0.001_H1_path0.5,train,B_S24:47500002:15,False,True,0.20298713445663452,0.19190137507393956,-0.01108575938269496
U_k32_m0.001_H1_path0.5,train,B_S24:47500002:25,False,True,0.1793084740638733,0.16573467664420605,-0.013573797419667244
U_k32_m0.001_H1_path0.5,train,B_S24:47500002:33,True,True,0.18251952528953552,0.1677713911049068,-0.014748134184628725
U_k32_m0.001_H1_path0.5,train,B_S24:47500002:55,True,True,0.18288007378578186,0.1658956198953092,-0.01698445389047265
U_k32_m0.001_H1_path0.5,train,B_S24:47500002:101,True,True,0.17990513145923615,0.16746815736405551,-0.01243697409518063
U_k32_m0.001_H1_path0.5,train,B_S24:47500002:114,True,True,0.20138336718082428,0.16704173618927598,-0.0343416309915483
U_k32_m0.001_H1_path0.5,train,B_S24:47500002:152,True,True,0.19639618694782257,0.17097321583423764,-0.025422971113584936
U_k32_m0.001_H1_path0.5,train,B_S24:47500002:178,True,True,0.17593169212341309,0.1620665150694549,-0.013865177053958178
U_k32_m0.001_H1_path0.5,train,B_S24:47500003:4,False,True,0.25051796436309814,0.16869928408414125,-0.08181868027895689
U_k32_m0.001_H1_path0.5,train,B_S24:47500003:16,False,True,0.18461677432060242,0.17258244333788753,-0.012034330982714891
U_k32_m0.001_H1_path0.5,train,B_S24:47500003:24,False,True,0.19615739583969116,0.1770648704841733,-0.019092525355517864
U_k32_m0.001_H1_path0.5,train,B_S24:47500003:41,True,True,0.1756933480501175,0.16997651848942041,-0.005716829560697079
U_k32_m0.001_H1_path0.5,train,B_S24:47500003:46,True,True,0.2118123173713684,0.17244766419753432,-0.039364653173834085
U_k32_m0.001_H1_path0.5,train,B_S24:47500003:80,True,True,0.18126364052295685,0.16821186523884535,-0.0130517752841115
U_k32_m0.001_H1_path0.5,train,B_S24:47500003:91,True,True,0.21128076314926147,0.17757966136559844,-0.033701101783663034
U_k32_m0.001_H1_path0.5,train,B_S24:47500003:109,True,True,0.22832518815994263,0.20618577161803842,-0.02213941654190421
U_k32_m0.001_H1_path0.5,train,B_S24:47500003:149,True,True,0.1970393806695938,0.17785106739029288,-0.019188313279300928
U_k32_m0.001_H1_path0.5,train,B_S24:47500003:180,True,True,0.1889117807149887,0.1786879519931972,-0.010223828721791506
U_k32_m0.001_H1_path0.5,train,B_S24:47500005:2,False,True,0.270480751991272,0.18692626804113388,-0.08355448395013809
U_k32_m0.001_H1_path0.5,train,B_S24:47500005:6,False,True,0.21672911942005157,0.1778731106314808,-0.03885600878857076
U_k32_m0.001_H1_path0.5,train,B_S24:47500005:13,False,True,0.20743654668331146,0.19093186943791807,-0.016504677245393395
U_k32_m0.001_H1_path0.5,train,B_S24:47500005:45,True,True,0.20579642057418823,0.1745597068220377,-0.031236713752150536
U_k32_m0.001_H1_path0.5,train,B_S24:47500005:46,True,True,0.19709740579128265,0.18588904850184917,-0.01120835728943348
U_k32_m0.001_H1_path0.5,train,B_S24:47500005:67,True,True,0.19873906672000885,0.17763102753087878,-0.021108039189130068
U_k32_m0.001_H1_path0.5,train,B_S24:47500005:106,True,True,0.1815670132637024,0.171539994655177,-0.010027018608525395
U_k32_m0.001_H1_path0.5,train,B_S24:47500005:120,True,True,0.1858280897140503,0.1785132559016347,-0.0073148338124156
U_k32_m0.001_H1_path0.5,train,B_S24:47500005:170,True,True,0.16289839148521423,0.14903532387688756,-0.013863067608326674
U_k32_m0.001_H1_path0.5,train,B_S24:47500006:4,False,True,0.2345508486032486,0.21407864335924387,-0.020472205244004726
U_k32_m0.001_H1_path0.5,train,B_S24:47500006:5,False,True,0.23183606564998627,0.2037856513634324,-0.02805041428655386
U_k32_m0.001_H1_path0.5,train,B_S24:47500006:8,False,True,0.2486891746520996,0.19752284104470164,-0.051166333607397974
U_k32_m0.001_H1_path0.5,train,B_S24:47500006:10,False,True,0.21752198040485382,0.19538744166493416,-0.022134538739919662
U_k32_m0.001_H1_path0.5,train,B_S24:47500006:89,True,True,0.19012700021266937,0.1796042788773775,-0.010522721335291862
U_k32_m0.001_H1_path0.5,train,B_S24:47500006:102,True,True,0.18630987405776978,0.16254970827139914,-0.023760165786370635
U_k32_m0.001_H1_path0.5,train,B_S24:47500006:118,True,True,0.18174000084400177,0.17444821842946112,-0.0072917824145406485
U_k32_m0.001_H1_path0.5,train,B_S24:47500006:136,True,True,0.19355373084545135,0.18301363056525588,-0.010540100280195475
U_k32_m0.001_H1_path0.5,train,B_S24:47500006:169,True,True,0.18330463767051697,0.17676503537222743,-0.006539602298289537
U_k32_m0.001_H1_path0.5,train,B_S24:47500007:4,False,True,0.2478940635919571,0.2101294444873929,-0.03776461910456419
U_k32_m0.001_H1_path0.5,train,B_S24:47500007:6,False,True,0.21624000370502472,0.20287720626220107,-0.013362797442823648
U_k32_m0.001_H1_path0.5,train,B_S24:47500007:13,False,True,0.21378067135810852,0.20324709825217724,-0.010533573105931282
U_k32_m0.001_H1_path0.5,train,B_S24:47500007:36,True,True,0.19290365278720856,0.17785559524782002,-0.015048057539388537
U_k32_m0.001_H1_path0.5,train,B_S24:47500007:97,True,True,0.1989579051733017,0.1676390254870057,-0.031318879686295986
U_k32_m0.001_H1_path0.5,train,B_S24:47500007:118,True,True,0.18216775357723236,0.17256289394572377,-0.009604859631508589
U_k32_m0.001_H1_path0.5,train,B_S24:47500007:134,True,True,0.18120548129081726,0.16909470967948437,-0.012110771611332893
U_k32_m0.001_H1_path0.5,train,B_S24:47500007:168,True,True,0.19399958848953247,0.19324814388528466,-0.0007514446042478085
U_k32_m0.001_H1_path0.5,train,B_S24:47500008:4,False,True,0.2290951907634735,0.19735944690182805,-0.03173574386164546
U_k32_m0.001_H1_path0.5,train,B_S24:47500008:10,False,True,0.2134464979171753,0.1965225520543754,-0.016923945862799883
U_k32_m0.001_H1_path0.5,train,B_S24:47500008:20,False,True,0.1771581619977951,0.16507831681519747,-0.012079845182597637
U_k32_m0.001_H1_path0.5,train,B_S24:47500008:28,True,True,0.1953810453414917,0.17832153080962598,-0.017059514531865716
U_k32_m0.001_H1_path0.5,train,B_S24:47500008:34,True,True,0.21808715164661407,0.1995967524126172,-0.018490399233996868
U_k32_m0.001_H1_path0.5,train,B_S24:47500008:112,True,True,0.21430067718029022,0.16045690886676311,-0.05384376831352711
U_k32_m0.001_H1_path0.5,train,B_S24:47500008:131,True,True,0.17792953550815582,0.1671867382247001,-0.01074279728345573
U_k32_m0.001_H1_path0.5,train,B_S24:47500008:172,True,True,0.20683106780052185,0.16676347656175494,-0.04006759123876691
U_k32_m0.001_H1_path0.5,train,B_S24:47500009:6,False,True,0.22614876925945282,0.19121900387108326,-0.03492976538836956
U_k32_m0.001_H1_path0.5,train,B_S24:47500009:11,False,True,0.22014594078063965,0.19477385515347123,-0.025372085627168417
U_k32_m0.001_H1_path0.5,train,B_S24:47500009:15,False,True,0.21146462857723236,0.19060731679201126,-0.0208573117852211
U_k32_m0.001_H1_path0.5,train,B_S24:47500009:20,False,True,0.1886264979839325,0.1756449812091887,-0.012981516774743795
U_k32_m0.001_H1_path0.5,train,B_S24:47500009:26,True,True,0.17430652678012848,0.16586624504998326,-0.008440281730145216
U_k32_m0.001_H1_path0.5,train,B_S24:47500009:36,True,True,0.18357530236244202,0.17843913519755006,-0.005136167164891958
U_k32_m0.001_H1_path0.5,train,B_S24:47500009:68,True,True,0.17761625349521637,0.16474021109752357,-0.0128760423976928
U_k32_m0.001_H1_path0.5,train,B_S24:47500009:142,True,True,0.19206111133098602,0.17736883414909244,-0.014692277181893587
U_k32_m0.001_H1_path0.5,train,B_S24:47500011:5,False,True,0.23080666363239288,0.17784434894565493,-0.052962314686737955
U_k32_m0.001_H1_path0.5,train,B_S24:47500011:15,False,True,0.19707365334033966,0.18065991532057524,-0.016413738019764423
U_k32_m0.001_H1_path0.5,train,B_S24:47500011:26,True,True,0.18965929746627808,0.17199411429464817,-0.017665183171629906
U_k32_m0.001_H1_path0.5,train,B_S24:47500011:29,True,True,0.19168373942375183,0.16025916789658368,-0.031424571527168155
U_k32_m0.001_H1_path0.5,train,B_S24:47500011:31,True,True,0.20232005417346954,0.16578916599974036,-0.03653088817372918
U_k32_m0.001_H1_path0.5,train,B_S24:47500011:36,True,True,0.2162410020828247,0.1861122129485011,-0.030128789134323597
U_k32_m0.001_H1_path0.5,train,B_S24:47500011:49,True,True,0.1891247034072876,0.17077143862843513,-0.018353264778852463
U_k32_m0.001_H1_path0.5,train,B_S24:47500011:56,True,True,0.17536389827728271,0.17141423909924924,-0.003949659178033471
U_k32_m0.001_H1_path0.5,train,B_S24:47500011:74,True,True,0.19117066264152527,0.17495608376339078,-0.01621457887813449
U_k32_m0.001_H1_path0.5,train,B_S24:47500011:167,True,True,0.22267217934131622,0.19395502237603068,-0.02871715696528554
U_k32_m0.001_H1_path0.5,train,B_S24:47500013:14,False,True,0.2297103852033615,0.20160425640642643,-0.02810612879693508
U_k32_m0.001_H1_path0.5,train,B_S24:47500013:15,False,True,0.4302758574485779,0.1856622714549303,-0.24461358599364758
U_k32_m0.001_H1_path0.5,train,B_S24:47500013:28,True,True,0.19112350046634674,0.18308551562950015,-0.00803798483684659
U_k32_m0.001_H1_path0.5,train,B_S24:47500013:32,True,True,0.19696471095085144,0.1744874168653041,-0.022477294085547328
U_k32_m0.001_H1_path0.5,train,B_S24:47500013:58,True,True,0.19065994024276733,0.17656560009345412,-0.014094340149313211
U_k32_m0.001_H1_path0.5,train,B_S24:47500013:83,True,True,0.19215533137321472,0.17340866569429636,-0.01874666567891836
U_k32_m0.001_H1_path0.5,train,B_S24:47500013:119,True,True,0.19306759536266327,0.17519353469833732,-0.017874060664325953
U_k32_m0.001_H1_path0.5,train,B_S24:47500013:128,True,True,0.16800381243228912,0.15438097901642323,-0.013622833415865898
U_k32_m0.001_H1_path0.5,train,B_S24:47500013:162,True,True,0.19868750870227814,0.1796126887202263,-0.01907481998205185
U_k32_m0.001_H1_path0.5,train,B_S24:47500013:165,True,True,0.24333086609840393,0.15698177181184292,-0.08634909428656101
U_k32_m0.001_H1_path0.5,train,B_S24:47500014:9,False,True,0.23509633541107178,0.21448566485196352,-0.020610670559108257
U_k32_m0.001_H1_path0.5,train,B_S24:47500014:10,False,True,0.2339790314435959,0.2090646179858595,-0.024914413457736373
U_k32_m0.001_H1_path0.5,train,B_S24:47500014:20,False,True,0.19775503873825073,0.18100443668663502,-0.016750602051615715
U_k32_m0.001_H1_path0.5,train,B_S24:47500014:43,True,True,0.18016110360622406,0.17106022383086383,-0.009100879775360227
U_k32_m0.001_H1_path0.5,train,B_S24:47500014:60,True,True,0.1912689357995987,0.16773159173317254,-0.023537344066426158
U_k32_m0.001_H1_path0.5,train,B_S24:47500014:78,True,True,0.1875154823064804,0.16725808777846396,-0.020257394528016448
U_k32_m0.001_H1_path0.5,train,B_S24:47500014:99,True,True,0.1813449114561081,0.1708706389181316,-0.010474272537976503
U_k32_m0.001_H1_path0.5,train,B_S24:47500014:134,True,True,0.17959906160831451,0.1796570613514632,5.79997431486845e-05
U_k32_m0.001_H1_path0.5,train,B_S24:47500014:161,True,True,0.20805884897708893,0.1914694639854133,-0.016589384991675615
U_k32_m0.001_H1_path0.5,train,B_S24:47500014:170,True,True,0.1863633692264557,0.18262589816004038,-0.00373747106641531
U_k32_m0.001_H1_path0.5,train,B_S24:47500016:4,False,True,0.22946251928806305,0.20781921315938234,-0.021643306128680706
U_k32_m0.001_H1_path0.5,train,B_S24:47500016:5,False,True,0.2052956372499466,0.19699023035354912,-0.008305406896397471
U_k32_m0.001_H1_path0.5,train,B_S24:47500016:30,True,True,0.20361366868019104,0.1929975003004074,-0.01061616837978363
U_k32_m0.001_H1_path0.5,train,B_S24:47500016:42,True,True,0.20953935384750366,0.19367041159421206,-0.015868942253291607
U_k32_m0.001_H1_path0.5,train,B_S24:47500016:43,True,True,0.20961831510066986,0.18043386028148234,-0.029184454819187522
U_k32_m0.001_H1_path0.5,train,B_S24:47500016:108,True,True,0.18560531735420227,0.18072851095348597,-0.004876806400716305
U_k32_m0.001_H1_path0.5,train,B_S24:47500016:129,True,True,0.1751936972141266,0.16466047917492688,-0.01053321803919971
U_k32_m0.001_H1_path0.5,train,B_S24:47500016:165,True,True,0.1706089824438095,0.16616378352046013,-0.0044451989233493805
U_k32_m0.001_H1_path0.5,train,B_S24:47500016:169,True,True,0.1827160120010376,0.1710176405031234,-0.011698371497914195
U_k32_m0.001_H1_path0.5,development,B_S24:47600000:3,False,True,0.27212414145469666,0.22566457383800298,-0.046459567616693676
U_k32_m0.001_H1_path0.5,development,B_S24:47600000:14,False,True,0.21089765429496765,0.20532744564116,-0.00557020865380764
U_k32_m0.001_H1_path0.5,development,B_S24:47600000:17,False,True,0.2041676789522171,0.20384073953027837,-0.00032693942193873227
U_k32_m0.001_H1_path0.5,development,B_S24:47600000:21,False,True,0.19767606258392334,0.19656549443607219,-0.0011105681478511542
U_k32_m0.001_H1_path0.5,development,B_S24:47600000:29,True,True,0.20477622747421265,0.20118830117280595,-0.0035879263014066964
U_k32_m0.001_H1_path0.5,development,B_S24:47600000:32,True,True,0.19886057078838348,0.1917289888660889,-0.007131581922294572
U_k32_m0.001_H1_path0.5,development,B_S24:47600000:76,True,True,0.16784752905368805,0.15552992577431723,-0.012317603279370815
U_k32_m0.001_H1_path0.5,development,B_S24:47600000:83,True,True,0.16306321322917938,0.1833472660946427,0.02028405286546331
U_k32_m0.001_H1_path0.5,development,B_S24:47600000:157,True,True,0.1911509484052658,0.19140930159483105,0.00025835318956524134
U_k32_m0.001_H1_path0.5,development,B_S24:47600002:2,False,True,0.11668752133846283,0.22161588360904716,0.10492836227058433
U_k32_m0.001_H1_path0.5,development,B_S24:47600002:16,False,True,0.1667177379131317,0.16127217485336587,-0.0054455630597658455
U_k32_m0.001_H1_path0.5,development,B_S24:47600002:30,True,True,0.1967112272977829,0.18528381388750859,-0.011427413410274312
U_k32_m0.001_H1_path0.5,development,B_S24:47600002:36,True,True,0.17769700288772583,0.1716142805380514,-0.006082722349674441
U_k32_m0.001_H1_path0.5,development,B_S24:47600002:68,True,True,0.14209289848804474,0.14987126569030806,0.0077783672022633255
U_k32_m0.001_H1_path0.5,development,B_S24:47600002:76,True,True,0.15504151582717896,0.1801948883512523,0.025153372524073347
U_k32_m0.001_H1_path0.5,development,B_S24:47600002:79,True,True,0.1800108700990677,0.21831326221581548,0.0383023921167478
U_k32_m0.001_H1_path0.5,development,B_S24:47600002:89,True,True,0.15028221905231476,0.14146411154069938,-0.00881810751161538
U_k32_m0.001_H1_path0.5,development,B_S24:47600002:107,True,True,0.1369468867778778,0.13471977319568396,-0.0022271135821938515
U_k32_m0.001_H1_path0.5,development,B_S24:47600003:1,False,True,0.23201335966587067,0.24189047329127789,0.009877113625407219
U_k32_m0.001_H1_path0.5,development,B_S24:47600003:3,False,True,0.19052083790302277,0.16982402084977366,-0.020696817053249106
U_k32_m0.001_H1_path0.5,development,B_S24:47600003:4,False,True,0.17620307207107544,0.14679648680612445,-0.02940658526495099
U_k32_m0.001_H1_path0.5,development,B_S24:47600003:11,False,True,0.18785730004310608,0.20804811600828543,0.020190815965179354
U_k32_m0.001_H1_path0.5,development,B_S24:47600003:12,False,True,0.2170860469341278,0.2036396964394953,-0.013446350494632497
U_k32_m0.001_H1_path0.5,development,B_S24:47600003:22,False,True,0.1951500028371811,0.19580334657803178,0.000653343740850687
U_k32_m0.001_H1_path0.5,development,B_S24:47600003:70,True,True,0.1607576161623001,0.16778336660354398,0.007025750441243872
U_k32_m0.001_H1_path0.5,development,B_S24:47600003:90,True,True,0.1619367003440857,0.18530701959389262,0.023370319249806926
U_k32_m0.001_H1_path0.5,development,B_S24:47600003:112,True,True,0.17780274152755737,0.17330856143962592,-0.004494180087931454
U_k32_m0.001_H1_path0.5,development,B_S24:47600003:125,True,True,0.18370307981967926,0.17370130156632513,-0.010001778253354132
U_k32_m0.001_H1_path0.5,development,B_S24:47600004:3,False,True,0.19239789247512817,0.1605050329817459,-0.031892859493382275
U_k32_m0.001_H1_path0.5,development,B_S24:47600004:8,False,True,0.16569194197654724,0.153372454456985,-0.012319487519562244
U_k32_m0.001_H1_path0.5,development,B_S24:47600004:53,True,True,0.15290512144565582,0.14985837134008761,-0.003046750105568208
U_k32_m0.001_H1_path0.5,development,B_S24:47600004:65,True,True,0.14429917931556702,0.1447871294512879,0.00048795013572089374
U_k32_m0.001_H1_path0.5,development,B_S24:47600004:92,True,True,0.1548406183719635,0.1466881278611254,-0.008152490510838106
U_k32_m0.001_H1_path0.5,development,B_S24:47600004:109,True,True,0.15097276866436005,0.14013857484678738,-0.010834193817572668
U_k32_m0.001_H1_path0.5,development,B_S24:47600004:122,True,True,0.1381889432668686,0.1434459124575369,0.005256969190668315
U_k32_m0.001_H1_path0.5,development,B_S24:47600005:2,False,True,0.2148379236459732,0.230957091844175,0.016119168198201805
U_k32_m0.001_H1_path0.5,development,B_S24:47600005:5,False,True,0.1881600171327591,0.20228405026136898,0.01412403312860988
U_k32_m0.001_H1_path0.5,development,B_S24:47600005:15,False,True,0.20387135446071625,0.21470769538427703,0.010836340923560783
U_k32_m0.001_H1_path0.5,development,B_S24:47600005:24,True,True,0.1735682636499405,0.15991402877261862,-0.01365423487732187
U_k32_m0.001_H1_path0.5,development,B_S24:47600005:33,True,True,0.18743197619915009,0.15883310796925798,-0.028598868229892105
U_k32_m0.001_H1_path0.5,development,B_S24:47600005:48,True,True,0.16426104307174683,0.15947285888250917,-0.004788184189237654
U_k32_m0.001_H1_path0.5,development,B_S24:47600005:86,True,True,0.16658805310726166,0.1702242516039405,0.003636198496678844
U_k32_m0.001_H1_path0.5,development,B_S24:47600005:88,True,True,0.1638525426387787,0.16764479945413768,0.0037922568153589964
U_k32_m0.001_H1_path0.5,development,B_S24:47600005:105,True,True,0.21284528076648712,0.2088700990716461,-0.003975181694841012
U_k32_m0.001_H1_path0.5,development,B_S24:47600005:119,True,True,0.1527622491121292,0.15837215958163142,0.005609910469502211
U_k32_m0.001_H1_path0.5,development,B_S24:47600006:2,False,True,0.2400137186050415,0.21488035048241727,-0.025133368122624233
U_k32_m0.001_H1_path0.5,development,B_S24:47600006:11,False,True,0.24505339562892914,0.1766369629476685,-0.06841643268126063
U_k32_m0.001_H1_path0.5,development,B_S24:47600006:13,False,True,0.24460844695568085,0.2330583210568875,-0.01155012589879334
U_k32_m0.001_H1_path0.5,development,B_S24:47600006:16,False,True,0.2538870573043823,0.22793456193176098,-0.025952495372621343
U_k32_m0.001_H1_path0.5,development,B_S24:47600006:25,True,True,0.18839503824710846,0.1724716870521661,-0.01592335119494237
U_k32_m0.001_H1_path0.5,development,B_S24:47600006:38,True,True,0.16733412444591522,0.15311735309660435,-0.014216771349310875
U_k32_m0.001_H1_path0.5,development,B_S24:47600006:72,True,True,0.1762932538986206,0.18096607457846403,0.004672820679843426
U_k32_m0.001_H1_path0.5,development,B_S24:47600006:101,True,True,0.2321864664554596,0.20558754564262927,-0.02659892081283033
U_k32_m0.001_H1_path0.5,development,B_S24:47600006:132,True,True,0.18780165910720825,0.1708361864584731,-0.016965472648735158
U_k32_m0.001_H1_path0.5,development,B_S24:47600006:177,True,True,0.19110605120658875,0.18930876877857372,-0.0017972824280150235
U_k32_m0.001_H1_path0.5,development,B_S24:47600007:4,False,True,0.1550976186990738,0.14285443592234515,-0.012243182776728645
U_k32_m0.001_H1_path0.5,development,B_S24:47600007:7,False,True,0.13269613683223724,0.15018088735814672,0.017484750525909476
U_k32_m0.001_H1_path0.5,development,B_S24:47600007:10,False,True,0.1683773696422577,0.15641284140292555,-0.01196452823933214
U_k32_m0.001_H1_path0.5,development,B_S24:47600007:17,False,True,0.16038335859775543,0.1364594818733167,-0.023923876724438742
U_k32_m0.001_H1_path0.5,development,B_S24:47600007:27,True,True,0.13390767574310303,0.14218695761519484,0.008279281872091815
U_k32_m0.001_H1_path0.5,development,B_S24:47600007:28,True,True,0.14329794049263,0.14330040047934745,2.459986717440188e-06
U_k32_m0.001_H1_path0.5,development,B_S24:47600007:61,True,True,0.18164293467998505,0.17599811716354452,-0.005644817516440526
U_k32_m0.001_H1_path0.5,development,B_S24:47600007:66,True,True,0.17977184057235718,0.1733338264602935,-0.006438014112063684
U_k32_m0.001_H1_path0.5,development,B_S24:47600007:87,True,True,0.16582250595092773,0.16058669239282608,-0.005235813558101654
U_k32_m0.001_H1_path0.5,development,B_S24:47600007:117,True,True,0.15216417610645294,0.15529562562005594,0.003131449513603002
U_k32_m0.001_H1_path0.5,development,B_S24:47600008:6,False,True,0.16395510733127594,0.15081415316672064,-0.013140954164555296
U_k32_m0.001_H1_path0.5,development,B_S24:47600008:8,False,True,0.13033854961395264,0.13985776214394718,0.009519212529994547
U_k32_m0.001_H1_path0.5,development,B_S24:47600008:21,False,True,0.12787283957004547,0.13027048697404098,0.0023976474039955065
U_k32_m0.001_H1_path0.5,development,B_S24:47600008:23,True,True,0.13330323994159698,0.1229586114641279,-0.010344628477469087
U_k32_m0.001_H1_path0.5,development,B_S24:47600008:49,True,True,0.09694746136665344,0.10111133419559337,0.00416387282893993
U_k32_m0.001_H1_path0.5,development,B_S24:47600008:54,True,True,0.11053600162267685,0.11710465644137003,0.006568654818693176
U_k32_m0.001_H1_path0.5,development,B_S24:47600008:61,True,True,0.1300126016139984,0.12943973141955212,-0.0005728701944462955
U_k32_m0.001_H1_path0.5,development,B_S24:47600008:87,True,True,0.12490169703960419,0.12539892276981845,0.000497225730214268
U_k32_m0.001_H1_path0.5,development,B_S24:47600008:101,True,True,0.10179846733808517,0.11697556280705612,0.015177095468970947
U_k32_m0.03_H1_path0.5,train,B_S24:47500000:1,False,True,0.34610649943351746,0.2466895014513284,-0.09941699798218906
U_k32_m0.03_H1_path0.5,train,B_S24:47500000:8,False,True,0.23036552965641022,0.15463870437815785,-0.07572682527825236
U_k32_m0.03_H1_path0.5,train,B_S24:47500000:26,True,True,0.20712251961231232,0.15438779909163713,-0.05273472052067518
U_k32_m0.03_H1_path0.5,train,B_S24:47500000:39,True,True,0.2576049566268921,0.16870817868039012,-0.08889677794650197
U_k32_m0.03_H1_path0.5,train,B_S24:47500000:84,True,True,0.24903392791748047,0.17574035073630512,-0.07329357718117535
U_k32_m0.03_H1_path0.5,train,B_S24:47500000:141,True,True,0.2116631418466568,0.16098430124111474,-0.050678840605542064
U_k32_m0.03_H1_path0.5,train,B_S24:47500000:144,True,True,0.20995908975601196,0.143090114928782,-0.06686897482722998
U_k32_m0.03_H1_path0.5,train,B_S24:47500000:155,True,True,0.23204363882541656,0.18241938564460725,-0.04962425318080932
U_k32_m0.03_H1_path0.5,train,B_S24:47500000:169,True,True,0.26701754331588745,0.17149849561974406,-0.09551904769614339
U_k32_m0.03_H1_path0.5,train,B_S24:47500000:179,True,True,0.22064049541950226,0.17763842712156475,-0.04300206829793751
U_k32_m0.03_H1_path0.5,train,B_S24:47500002:2,False,True,0.3248342275619507,0.2059631492011249,-0.11887107836082578
U_k32_m0.03_H1_path0.5,train,B_S24:47500002:3,False,True,0.2989085912704468,0.21145084290765226,-0.08745774836279452
U_k32_m0.03_H1_path0.5,train,B_S24:47500002:15,False,True,0.22345833480358124,0.1813288782723248,-0.04212945653125644
U_k32_m0.03_H1_path0.5,train,B_S24:47500002:25,False,True,0.19178934395313263,0.15320342872291803,-0.038585915230214596
U_k32_m0.03_H1_path0.5,train,B_S24:47500002:33,True,True,0.24089501798152924,0.16224852856248617,-0.07864648941904306
U_k32_m0.03_H1_path0.5,train,B_S24:47500002:55,True,True,0.2098580300807953,0.15461778920143843,-0.05524024087935686
U_k32_m0.03_H1_path0.5,train,B_S24:47500002:101,True,True,0.2558794319629669,0.16242533642798662,-0.0934540955349803
U_k32_m0.03_H1_path0.5,train,B_S24:47500002:114,True,True,0.2116049975156784,0.156669061165303,-0.054935936350375414
U_k32_m0.03_H1_path0.5,train,B_S24:47500002:152,True,True,0.20920445024967194,0.16470402898266912,-0.04450042126700282
U_k32_m0.03_H1_path0.5,train,B_S24:47500002:178,True,True,0.20142079889774323,0.16126941598486155,-0.04015138291288167
U_k32_m0.03_H1_path0.5,train,B_S24:47500003:4,False,True,0.2795158624649048,0.17870191182009876,-0.10081395064480603
U_k32_m0.03_H1_path0.5,train,B_S24:47500003:16,False,True,0.23349826037883759,0.1475857498589903,-0.08591251051984727
U_k32_m0.03_H1_path0.5,train,B_S24:47500003:24,False,True,0.25547322630882263,0.18632992915809155,-0.06914329715073109
U_k32_m0.03_H1_path0.5,train,B_S24:47500003:41,True,True,0.24007415771484375,0.16268386878073215,-0.0773902889341116
U_k32_m0.03_H1_path0.5,train,B_S24:47500003:46,True,True,0.21880656480789185,0.18334447545930743,-0.035462089348584414
U_k32_m0.03_H1_path0.5,train,B_S24:47500003:80,True,True,0.23815998435020447,0.16324539529159665,-0.07491458905860782
U_k32_m0.03_H1_path0.5,train,B_S24:47500003:91,True,True,0.2534849941730499,0.2035581439267844,-0.04992685024626553
U_k32_m0.03_H1_path0.5,train,B_S24:47500003:109,True,True,0.2616005539894104,0.1801835484802723,-0.08141700550913811
U_k32_m0.03_H1_path0.5,train,B_S24:47500003:149,True,True,0.20831160247325897,0.1626487635076046,-0.04566283896565437
U_k32_m0.03_H1_path0.5,train,B_S24:47500003:180,True,True,0.19426384568214417,0.1604482438415289,-0.03381560184061527
U_k32_m0.03_H1_path0.5,train,B_S24:47500005:2,False,True,0.3480525612831116,0.22323596919886768,-0.1248165920842439
U_k32_m0.03_H1_path0.5,train,B_S24:47500005:6,False,True,0.24411341547966003,0.17970228800550103,-0.064411127474159
U_k32_m0.03_H1_path0.5,train,B_S24:47500005:13,False,True,0.2079131305217743,0.16857405880000442,-0.03933907172176987
U_k32_m0.03_H1_path0.5,train,B_S24:47500005:45,True,True,0.21542122960090637,0.16543054371140897,-0.0499906858894974
U_k32_m0.03_H1_path0.5,train,B_S24:47500005:46,True,True,0.23869982361793518,0.17407963098958135,-0.06462019262835383
U_k32_m0.03_H1_path0.5,train,B_S24:47500005:67,True,True,0.19390235841274261,0.15271184174343944,-0.04119051666930318
U_k32_m0.03_H1_path0.5,train,B_S24:47500005:106,True,True,0.20542338490486145,0.13997497502714396,-0.0654484098777175
U_k32_m0.03_H1_path0.5,train,B_S24:47500005:120,True,True,0.26970401406288147,0.1761577702127397,-0.09354624385014176
U_k32_m0.03_H1_path0.5,train,B_S24:47500005:170,True,True,0.21689198911190033,0.1558078231755644,-0.06108416593633592
U_k32_m0.03_H1_path0.5,train,B_S24:47500006:4,False,True,0.26025697588920593,0.20804477762430906,-0.05221219826489687
U_k32_m0.03_H1_path0.5,train,B_S24:47500006:5,False,True,0.26119908690452576,0.19304997054859996,-0.0681491163559258
U_k32_m0.03_H1_path0.5,train,B_S24:47500006:8,False,True,0.23936675488948822,0.18974405981134623,-0.04962269507814199
U_k32_m0.03_H1_path0.5,train,B_S24:47500006:10,False,True,0.25244542956352234,0.1715989753138274,-0.08084645424969494
U_k32_m0.03_H1_path0.5,train,B_S24:47500006:89,True,True,0.19080688059329987,0.16961414157412946,-0.021192739019170403
U_k32_m0.03_H1_path0.5,train,B_S24:47500006:102,True,True,0.19143608212471008,0.12514067289885134,-0.06629540922585875
U_k32_m0.03_H1_path0.5,train,B_S24:47500006:118,True,True,0.22579514980316162,0.16822172119282186,-0.05757342861033976
U_k32_m0.03_H1_path0.5,train,B_S24:47500006:136,True,True,0.20425038039684296,0.16700280830264091,-0.03724757209420204
U_k32_m0.03_H1_path0.5,train,B_S24:47500006:169,True,True,0.2372535765171051,0.16213330114260316,-0.07512027537450194
U_k32_m0.03_H1_path0.5,train,B_S24:47500007:4,False,True,0.26932960748672485,0.20080910809338093,-0.06852049939334393
U_k32_m0.03_H1_path0.5,train,B_S24:47500007:6,False,True,0.2662126421928406,0.2052888327743858,-0.060923809418454766
U_k32_m0.03_H1_path0.5,train,B_S24:47500007:13,False,True,0.3320399820804596,0.20824574679136276,-0.12379423528909683
U_k32_m0.03_H1_path0.5,train,B_S24:47500007:36,True,True,0.205500528216362,0.14961517904885113,-0.05588534916751087
U_k32_m0.03_H1_path0.5,train,B_S24:47500007:97,True,True,0.2265377640724182,0.16330837178975344,-0.06322939228266478
U_k32_m0.03_H1_path0.5,train,B_S24:47500007:118,True,True,0.18247877061367035,0.1532956287264824,-0.029183141887187958
U_k32_m0.03_H1_path0.5,train,B_S24:47500007:134,True,True,0.19075967371463776,0.15589677693787962,-0.034862896776758134
U_k32_m0.03_H1_path0.5,train,B_S24:47500007:168,True,True,0.21757419407367706,0.17397661437280476,-0.0435975797008723
U_k32_m0.03_H1_path0.5,train,B_S24:47500008:4,False,True,0.28738924860954285,0.20278350869193673,-0.08460573991760612
U_k32_m0.03_H1_path0.5,train,B_S24:47500008:10,False,True,0.18621018528938293,0.14427482266910374,-0.04193536262027919
U_k32_m0.03_H1_path0.5,train,B_S24:47500008:20,False,True,0.3228459358215332,0.17664030147716403,-0.14620563434436917
U_k32_m0.03_H1_path0.5,train,B_S24:47500008:28,True,True,0.19962754845619202,0.1532931145047769,-0.04633443395141512
U_k32_m0.03_H1_path0.5,train,B_S24:47500008:34,True,True,0.22589705884456635,0.1810514871031046,-0.044845571741461754
U_k32_m0.03_H1_path0.5,train,B_S24:47500008:112,True,True,0.20265400409698486,0.1414338005706668,-0.06122020352631807
U_k32_m0.03_H1_path0.5,train,B_S24:47500008:131,True,True,0.1861574947834015,0.12425160326529294,-0.06190589151810855
U_k32_m0.03_H1_path0.5,train,B_S24:47500008:172,True,True,0.23836305737495422,0.16836327337659895,-0.06999978399835527
U_k32_m0.03_H1_path0.5,train,B_S24:47500009:6,False,True,0.22657370567321777,0.17953240172937512,-0.04704130394384265
U_k32_m0.03_H1_path0.5,train,B_S24:47500009:11,False,True,0.2375122606754303,0.18219860550016165,-0.05531365517526865
U_k32_m0.03_H1_path0.5,train,B_S24:47500009:15,False,True,0.21861736476421356,0.1588928857818246,-0.05972447898238897
U_k32_m0.03_H1_path0.5,train,B_S24:47500009:20,False,True,0.18388882279396057,0.14933081297203898,-0.03455800982192159
U_k32_m0.03_H1_path0.5,train,B_S24:47500009:26,True,True,0.23170948028564453,0.1515183715382591,-0.08019110874738544
U_k32_m0.03_H1_path0.5,train,B_S24:47500009:36,True,True,0.2110338658094406,0.17093883734196424,-0.04009502846747637
U_k32_m0.03_H1_path0.5,train,B_S24:47500009:68,True,True,0.1938912719488144,0.14513693749904633,-0.048754334449768066
U_k32_m0.03_H1_path0.5,train,B_S24:47500009:142,True,True,0.2689930200576782,0.16487158159725368,-0.10412143846042454
U_k32_m0.03_H1_path0.5,train,B_S24:47500011:5,False,True,0.24013672769069672,0.1744171486934647,-0.06571957899723202
U_k32_m0.03_H1_path0.5,train,B_S24:47500011:15,False,True,0.22844882309436798,0.1703520859591663,-0.05809673713520169
U_k32_m0.03_H1_path0.5,train,B_S24:47500011:26,True,True,0.21968849003314972,0.16843040008097887,-0.05125808995217085
U_k32_m0.03_H1_path0.5,train,B_S24:47500011:29,True,True,0.19227629899978638,0.1385175078175962,-0.05375879118219018
U_k32_m0.03_H1_path0.5,train,B_S24:47500011:31,True,True,0.19782577455043793,0.13343732245266438,-0.06438845209777355
U_k32_m0.03_H1_path0.5,train,B_S24:47500011:36,True,True,0.22477354109287262,0.16087293322198093,-0.06390060787089169
U_k32_m0.03_H1_path0.5,train,B_S24:47500011:49,True,True,0.24135640263557434,0.15468277782201767,-0.08667362481355667
U_k32_m0.03_H1_path0.5,train,B_S24:47500011:56,True,True,0.20844906568527222,0.1496862955391407,-0.058762770146131516
U_k32_m0.03_H1_path0.5,train,B_S24:47500011:74,True,True,0.2294377088546753,0.1658184314146638,-0.0636192774400115
U_k32_m0.03_H1_path0.5,train,B_S24:47500011:167,True,True,0.219898521900177,0.1831929401960224,-0.03670558170415461
U_k32_m0.03_H1_path0.5,train,B_S24:47500013:14,False,True,0.33916881680488586,0.19556183367967606,-0.1436069831252098
U_k32_m0.03_H1_path0.5,train,B_S24:47500013:15,False,True,0.4083477258682251,0.15728291869163513,-0.25106480717658997
U_k32_m0.03_H1_path0.5,train,B_S24:47500013:28,True,True,0.1869041621685028,0.14440684369765222,-0.04249731847085059
U_k32_m0.03_H1_path0.5,train,B_S24:47500013:32,True,True,0.21204514801502228,0.1505745064932853,-0.06147064152173698
U_k32_m0.03_H1_path0.5,train,B_S24:47500013:58,True,True,0.35705938935279846,0.18362767016515136,-0.1734317191876471
U_k32_m0.03_H1_path0.5,train,B_S24:47500013:83,True,True,0.18933996558189392,0.15872357075568289,-0.030616394826211035
U_k32_m0.03_H1_path0.5,train,B_S24:47500013:119,True,True,0.1945600062608719,0.16268236539326608,-0.031877640867605805
U_k32_m0.03_H1_path0.5,train,B_S24:47500013:128,True,True,0.2293146848678589,0.16042446345090866,-0.06889022141695023
U_k32_m0.03_H1_path0.5,train,B_S24:47500013:162,True,True,0.21602784097194672,0.1653133414220065,-0.05071449954994023
U_k32_m0.03_H1_path0.5,train,B_S24:47500013:165,True,True,0.2889463007450104,0.14187179249711335,-0.14707450824789703
U_k32_m0.03_H1_path0.5,train,B_S24:47500014:9,False,True,0.2811257839202881,0.19881135784089565,-0.08231442607939243
U_k32_m0.03_H1_path0.5,train,B_S24:47500014:10,False,True,0.2676253914833069,0.17396941455081105,-0.09365597693249583
U_k32_m0.03_H1_path0.5,train,B_S24:47500014:20,False,True,0.21102043986320496,0.16135454061441123,-0.04966589924879372
U_k32_m0.03_H1_path0.5,train,B_S24:47500014:43,True,True,0.18249796330928802,0.1440531787229702,-0.03844478458631784
U_k32_m0.03_H1_path0.5,train,B_S24:47500014:60,True,True,0.2334313541650772,0.16041899099946022,-0.07301236316561699
U_k32_m0.03_H1_path0.5,train,B_S24:47500014:78,True,True,0.206318661570549,0.14818974491208792,-0.058128916658461094
U_k32_m0.03_H1_path0.5,train,B_S24:47500014:99,True,True,0.20576801896095276,0.14963923767209053,-0.05612878128886223
U_k32_m0.03_H1_path0.5,train,B_S24:47500014:134,True,True,0.24122443795204163,0.1570776985026896,-0.08414673944935203
U_k32_m0.03_H1_path0.5,train,B_S24:47500014:161,True,True,0.19856689870357513,0.14958820189349353,-0.0489786968100816
U_k32_m0.03_H1_path0.5,train,B_S24:47500014:170,True,True,0.24077379703521729,0.17058073822408915,-0.07019305881112814
U_k32_m0.03_H1_path0.5,train,B_S24:47500016:4,False,True,0.25081679224967957,0.19214449869468808,-0.058672293554991484
U_k32_m0.03_H1_path0.5,train,B_S24:47500016:5,False,True,0.2501397132873535,0.17646908352617174,-0.07367062976118177
U_k32_m0.03_H1_path0.5,train,B_S24:47500016:30,True,True,0.2261321246623993,0.18520946917124093,-0.040922655491158366
U_k32_m0.03_H1_path0.5,train,B_S24:47500016:42,True,True,0.2889289855957031,0.155552823911421,-0.13337616168428212
U_k32_m0.03_H1_path0.5,train,B_S24:47500016:43,True,True,0.2183457762002945,0.1438940146472305,-0.07445176155306399
U_k32_m0.03_H1_path0.5,train,B_S24:47500016:108,True,True,0.23029270768165588,0.17710524145513773,-0.053187466226518154
U_k32_m0.03_H1_path0.5,train,B_S24:47500016:129,True,True,0.2071266919374466,0.1643339777365327,-0.042792714200913906
U_k32_m0.03_H1_path0.5,train,B_S24:47500016:165,True,True,0.21672648191452026,0.16714716237038374,-0.049579319544136524
U_k32_m0.03_H1_path0.5,train,B_S24:47500016:169,True,True,0.2323715090751648,0.16282209241762757,-0.06954941665753722
U_k32_m0.03_H1_path0.5,development,B_S24:47600000:3,False,True,0.29900112748146057,0.2297747314441949,-0.06922639603726566
U_k32_m0.03_H1_path0.5,development,B_S24:47600000:14,False,True,0.1763426512479782,0.20147483996697702,0.025132188718998805
U_k32_m0.03_H1_path0.5,development,B_S24:47600000:17,False,True,0.19582520425319672,0.18948953575454652,-0.006335668498650193
U_k32_m0.03_H1_path0.5,development,B_S24:47600000:21,False,True,0.18294619023799896,0.1691913915274199,-0.013754798710579053
U_k32_m0.03_H1_path0.5,development,B_S24:47600000:29,True,True,0.16888098418712616,0.16630180075298995,-0.002579183434136212
U_k32_m0.03_H1_path0.5,development,B_S24:47600000:32,True,True,0.16070452332496643,0.16984120513370726,0.009136681808740832
U_k32_m0.03_H1_path0.5,development,B_S24:47600000:76,True,True,0.19009046256542206,0.1633200997748645,-0.026770362790557556
U_k32_m0.03_H1_path0.5,development,B_S24:47600000:83,True,True,0.09707599878311157,0.20115831439034082,0.10408231560722925
U_k32_m0.03_H1_path0.5,development,B_S24:47600000:157,True,True,0.1770736575126648,0.1943785115290666,0.017304854016401805
U_k32_m0.03_H1_path0.5,development,B_S24:47600002:2,False,True,0.12237145006656647,0.22526867318083532,0.10289722311426885
U_k32_m0.03_H1_path0.5,development,B_S24:47600002:16,False,True,0.20765957236289978,0.16097484930651262,-0.046684723056387156
U_k32_m0.03_H1_path0.5,development,B_S24:47600002:30,True,True,0.1762228161096573,0.16349738114513457,-0.01272543496452272
U_k32_m0.03_H1_path0.5,development,B_S24:47600002:36,True,True,0.1951306164264679,0.1549036041542422,-0.04022701227222569
U_k32_m0.03_H1_path0.5,development,B_S24:47600002:68,True,True,0.11757173389196396,0.12376204581960337,0.006190311927639414
U_k32_m0.03_H1_path0.5,development,B_S24:47600002:76,True,True,0.12478798627853394,0.15315035096136853,0.028362364682834595
U_k32_m0.03_H1_path0.5,development,B_S24:47600002:79,True,True,0.18419678509235382,0.21024430569377728,0.026047520601423457
U_k32_m0.03_H1_path0.5,development,B_S24:47600002:89,True,True,0.1179017424583435,0.11432015508762561,-0.003581587370717898
U_k32_m0.03_H1_path0.5,development,B_S24:47600002:107,True,True,0.12918156385421753,0.1194696387683507,-0.009711925085866824
U_k32_m0.03_H1_path0.5,development,B_S24:47600003:1,False,True,0.3534756898880005,0.25162617352907546,-0.10184951635892503
U_k32_m0.03_H1_path0.5,development,B_S24:47600003:3,False,True,0.18699829280376434,0.14919473891495727,-0.03780355388880707
U_k32_m0.03_H1_path0.5,development,B_S24:47600003:4,False,True,0.15945349633693695,0.13617802671797108,-0.02327546961896587
U_k32_m0.03_H1_path0.5,development,B_S24:47600003:11,False,True,0.17133760452270508,0.17531131047871895,0.003973705956013873
U_k32_m0.03_H1_path0.5,development,B_S24:47600003:12,False,True,0.19706973433494568,0.17193147167563438,-0.025138262659311295
U_k32_m0.03_H1_path0.5,development,B_S24:47600003:22,False,True,0.15330980718135834,0.1574452595668845,0.0041354523855261505
U_k32_m0.03_H1_path0.5,development,B_S24:47600003:70,True,True,0.13881807029247284,0.15423086122609675,0.01541279093362391
U_k32_m0.03_H1_path0.5,development,B_S24:47600003:90,True,True,0.15451909601688385,0.18082574231084436,0.02630664629396051
U_k32_m0.03_H1_path0.5,development,B_S24:47600003:112,True,True,0.15727804601192474,0.15930259515880607,0.002024549146881327
U_k32_m0.03_H1_path0.5,development,B_S24:47600003:125,True,True,0.16605041921138763,0.1581364784797188,-0.007913940731668845
U_k32_m0.03_H1_path0.5,development,B_S24:47600004:3,False,True,0.17415834963321686,0.1479288614791585,-0.026229488154058345
U_k32_m0.03_H1_path0.5,development,B_S24:47600004:8,False,True,0.19117999076843262,0.14883777615614235,-0.04234221461229026
U_k32_m0.03_H1_path0.5,development,B_S24:47600004:53,True,True,0.14800983667373657,0.12798741174628958,-0.02002242492744699
U_k32_m0.03_H1_path0.5,development,B_S24:47600004:65,True,True,0.1226169764995575,0.12506114854477346,0.0024441720452159643
U_k32_m0.03_H1_path0.5,development,B_S24:47600004:92,True,True,0.1315234899520874,0.13347467230050825,0.0019511823484208435
U_k32_m0.03_H1_path0.5,development,B_S24:47600004:109,True,True,0.10932449996471405,0.11437400613795035,0.005049506173236296
U_k32_m0.03_H1_path0.5,development,B_S24:47600004:122,True,True,0.12811236083507538,0.1269625494023785,-0.001149811432696879
U_k32_m0.03_H1_path0.5,development,B_S24:47600005:2,False,True,0.2194986492395401,0.19993670460826252,-0.019561944631277584
U_k32_m0.03_H1_path0.5,development,B_S24:47600005:5,False,True,0.12102018296718597,0.1734221209626412,0.05240193799545523
U_k32_m0.03_H1_path0.5,development,B_S24:47600005:15,False,True,0.22032293677330017,0.23409364647523034,0.013770709701930173
U_k32_m0.03_H1_path0.5,development,B_S24:47600005:24,True,True,0.16549508273601532,0.13863872246292885,-0.026856360273086466
U_k32_m0.03_H1_path0.5,development,B_S24:47600005:33,True,True,0.15480367839336395,0.1527132471674122,-0.002090431225951761
U_k32_m0.03_H1_path0.5,development,B_S24:47600005:48,True,True,0.15646186470985413,0.14148396585369483,-0.0149778988561593
U_k32_m0.03_H1_path0.5,development,B_S24:47600005:86,True,True,0.15152879059314728,0.1449016603291966,-0.006627130263950676
U_k32_m0.03_H1_path0.5,development,B_S24:47600005:88,True,True,0.12838704884052277,0.1674257404229138,0.03903869158239104
U_k32_m0.03_H1_path0.5,development,B_S24:47600005:105,True,True,0.15777571499347687,0.17158707286580466,0.01381135787232779
U_k32_m0.03_H1_path0.5,development,B_S24:47600005:119,True,True,0.14197197556495667,0.1433766998234205,0.0014047242584638298
U_k32_m0.03_H1_path0.5,development,B_S24:47600006:2,False,True,0.2739090323448181,0.21100071599357761,-0.0629083163512405
U_k32_m0.03_H1_path0.5,development,B_S24:47600006:11,False,True,0.21945317089557648,0.18887538815033622,-0.030577782745240256
U_k32_m0.03_H1_path0.5,development,B_S24:47600006:13,False,True,0.23142927885055542,0.30511757187196054,0.07368829302140512
U_k32_m0.03_H1_path0.5,development,B_S24:47600006:16,False,True,0.3446887731552124,0.2841146615683101,-0.06057411158690229
U_k32_m0.03_H1_path0.5,development,B_S24:47600006:25,True,True,0.18928787112236023,0.1560840709862532,-0.03320380013610702
U_k32_m0.03_H1_path0.5,development,B_S24:47600006:38,True,True,0.15384696424007416,0.17400349522358738,0.02015653098351322
U_k32_m0.03_H1_path0.5,development,B_S24:47600006:72,True,True,0.171464741230011,0.17783093886100687,0.0063661976309958845
U_k32_m0.03_H1_path0.5,development,B_S24:47600006:101,True,True,0.256693959236145,0.21011744534189347,-0.04657651389425155
U_k32_m0.03_H1_path0.5,development,B_S24:47600006:132,True,True,0.16942180693149567,0.15309833046921995,-0.01632347646227572
U_k32_m0.03_H1_path0.5,development,B_S24:47600006:177,True,True,0.2012459635734558,0.17535599971597549,-0.025889963857480325
U_k32_m0.03_H1_path0.5,development,B_S24:47600007:4,False,True,0.14974956214427948,0.1264830188592896,-0.023266543284989893
U_k32_m0.03_H1_path0.5,development,B_S24:47600007:7,False,True,0.14952361583709717,0.12383742342353798,-0.025686192413559183
U_k32_m0.03_H1_path0.5,development,B_S24:47600007:10,False,True,0.18503479659557343,0.15471059000992682,-0.030324206585646607
U_k32_m0.03_H1_path0.5,development,B_S24:47600007:17,False,True,0.15358966588974,0.1261127860052511,-0.02747687988448888
U_k32_m0.03_H1_path0.5,development,B_S24:47600007:27,True,True,0.08876893669366837,0.10209293151274323,0.01332399481907487
U_k32_m0.03_H1_path0.5,development,B_S24:47600007:28,True,True,0.10357744246721268,0.11449690048902994,0.010919458021817263
U_k32_m0.03_H1_path0.5,development,B_S24:47600007:61,True,True,0.18373282253742218,0.17620462988270447,-0.007528192654717714
U_k32_m0.03_H1_path0.5,development,B_S24:47600007:66,True,True,0.17493291199207306,0.15920148816076107,-0.015731423831311986
U_k32_m0.03_H1_path0.5,development,B_S24:47600007:87,True,True,0.12566271424293518,0.1377598358085379,0.01209712156560272
U_k32_m0.03_H1_path0.5,development,B_S24:47600007:117,True,True,0.12712912261486053,0.12383344728732482,-0.0032956753275357187
U_k32_m0.03_H1_path0.5,development,B_S24:47600008:6,False,True,0.13525371253490448,0.13409920199774206,-0.0011545105371624231
U_k32_m0.03_H1_path0.5,development,B_S24:47600008:8,False,True,0.1390267312526703,0.12431446170376148,-0.014712269548908807
U_k32_m0.03_H1_path0.5,development,B_S24:47600008:21,False,True,0.10244758427143097,0.09653779730433598,-0.005909786967094988
U_k32_m0.03_H1_path0.5,development,B_S24:47600008:23,True,True,0.09897390753030777,0.09220395371085033,-0.006769953819457442
U_k32_m0.03_H1_path0.5,development,B_S24:47600008:49,True,True,0.08120580017566681,0.097173211252084,0.015967411076417193
U_k32_m0.03_H1_path0.5,development,B_S24:47600008:54,True,True,0.09423865377902985,0.10863573680398986,0.014397083024960011
U_k32_m0.03_H1_path0.5,development,B_S24:47600008:61,True,True,0.11357320845127106,0.11557859204185661,0.002005383590585552
U_k32_m0.03_H1_path0.5,development,B_S24:47600008:87,True,True,0.11077626794576645,0.10376941286085639,-0.0070068550849100575
U_k32_m0.03_H1_path0.5,development,B_S24:47600008:101,True,True,0.0747164711356163,0.09919691699906252,0.02448044586344622
W_k128_m0.01_H1_path0,train,B_S24:47500000:1,False,True,0.5131712555885315,0.4751382009126246,-0.0380330546759069
W_k128_m0.01_H1_path0,train,B_S24:47500000:8,False,True,0.4156280755996704,0.1880306813691277,-0.2275973942305427
W_k128_m0.01_H1_path0,train,B_S24:47500000:26,True,False,0.01187221985310316,0.021562321217061253,0.009690101363958092
W_k128_m0.01_H1_path0,train,B_S24:47500000:39,True,False,0.009770183824002743,0.010449905981658958,0.0006797221576562151
W_k128_m0.01_H1_path0,train,B_S24:47500000:84,True,False,0.012137790210545063,0.010870867838093545,-0.0012669223724515177
W_k128_m0.01_H1_path0,train,B_S24:47500000:141,True,False,0.007758222986012697,0.010453137670992874,0.0026949146849801764
W_k128_m0.01_H1_path0,train,B_S24:47500000:144,True,False,0.004801923409104347,0.008267782341135899,0.0034658589320315514
W_k128_m0.01_H1_path0,train,B_S24:47500000:155,True,False,0.004086029715836048,0.004461916706532065,0.00037588699069601716
W_k128_m0.01_H1_path0,train,B_S24:47500000:169,True,False,0.002376540331169963,0.004501525836531073,0.00212498550536111
W_k128_m0.01_H1_path0,train,B_S24:47500000:179,True,False,0.004449387080967426,0.0046519618981619715,0.00020257481719454518
W_k128_m0.01_H1_path0,train,B_S24:47500002:2,False,True,0.5042719841003418,0.4709135815501213,-0.03335840255022049
W_k128_m0.01_H1_path0,train,B_S24:47500002:3,False,True,0.5007774233818054,0.45330457552336156,-0.047472847858443856
W_k128_m0.01_H1_path0,train,B_S24:47500002:15,False,True,0.23085571825504303,0.09154838130052667,-0.13930733695451636
W_k128_m0.01_H1_path0,train,B_S24:47500002:25,False,True,0.1180722713470459,0.027019908227885026,-0.09105236311916087
W_k128_m0.01_H1_path0,train,B_S24:47500002:33,True,False,0.009888693690299988,0.020372842056531226,0.010484148366231238
W_k128_m0.01_H1_path0,train,B_S24:47500002:55,True,False,0.007947161793708801,0.0075006282113463385,-0.00044653358236246277
W_k128_m0.01_H1_path0,train,B_S24:47500002:101,True,False,0.0034051472321152687,0.0055991158451433876,0.002193968613028119
W_k128_m0.01_H1_path0,train,B_S24:47500002:114,True,False,0.009707101620733738,0.010042454399808776,0.0003353527790750377
W_k128_m0.01_H1_path0,train,B_S24:47500002:152,True,False,0.0057288287207484245,0.007092169831594219,0.001363341110845795
W_k128_m0.01_H1_path0,train,B_S24:47500002:178,True,False,0.005546833388507366,0.005740444529692468,0.0001936111411851016
W_k128_m0.01_H1_path0,train,B_S24:47500003:4,False,True,0.48991090059280396,0.392897542566061,-0.09701335802674294
W_k128_m0.01_H1_path0,train,B_S24:47500003:16,False,True,0.22009588778018951,0.09832152679518913,-0.12177436098500038
W_k128_m0.01_H1_path0,train,B_S24:47500003:24,False,True,0.026768455281853676,0.01234984482289292,-0.014418610458960757
W_k128_m0.01_H1_path0,train,B_S24:47500003:41,True,False,0.00499825831502676,0.008088118916930398,0.003089860601903638
W_k128_m0.01_H1_path0,train,B_S24:47500003:46,True,False,0.004380589351058006,0.007354693598244921,0.002974104247186915
W_k128_m0.01_H1_path0,train,B_S24:47500003:80,True,False,0.00896320678293705,0.0048092519436977454,-0.004153954839239304
W_k128_m0.01_H1_path0,train,B_S24:47500003:91,True,False,0.008072836324572563,0.006832416382167139,-0.001240419942405424
W_k128_m0.01_H1_path0,train,B_S24:47500003:109,True,False,0.009181947447359562,0.016979048854409484,0.007797101407049922
W_k128_m0.01_H1_path0,train,B_S24:47500003:149,True,False,0.005478939041495323,0.005614312569377944,0.0001353735278826207
W_k128_m0.01_H1_path0,train,B_S24:47500003:180,True,False,0.00377814588136971,0.009645787087720237,0.005867641206350527
W_k128_m0.01_H1_path0,train,B_S24:47500005:2,False,True,0.5285965800285339,0.4364291972015053,-0.09216738282702863
W_k128_m0.01_H1_path0,train,B_S24:47500005:6,False,True,0.4169459939002991,0.311795262619853,-0.10515073128044605
W_k128_m0.01_H1_path0,train,B_S24:47500005:13,False,True,0.22580881416797638,0.16443014284595847,-0.06137867132201791
W_k128_m0.01_H1_path0,train,B_S24:47500005:45,True,False,0.006859316490590572,0.007994119994691573,0.0011348035041010007
W_k128_m0.01_H1_path0,train,B_S24:47500005:46,True,False,0.0070570060051977634,0.007323613779590232,0.00026660777439246885
W_k128_m0.01_H1_path0,train,B_S24:47500005:67,True,False,0.0030938279815018177,0.006837393460955354,0.0037435654794535367
W_k128_m0.01_H1_path0,train,B_S24:47500005:106,True,False,0.004576018545776606,0.0146434081652842,0.010067389619507594
W_k128_m0.01_H1_path0,train,B_S24:47500005:120,True,False,0.010412676259875298,0.014572600754036102,0.004159924494160805
W_k128_m0.01_H1_path0,train,B_S24:47500005:170,True,False,0.005795422941446304,0.008652582540889853,0.0028571595994435484
W_k128_m0.01_H1_path0,train,B_S24:47500006:4,False,True,0.4629407823085785,0.3790733265923336,-0.08386745571624488
W_k128_m0.01_H1_path0,train,B_S24:47500006:5,False,True,0.4223951995372772,0.34155470167752355,-0.08084049785975367
W_k128_m0.01_H1_path0,train,B_S24:47500006:8,False,True,0.5086991786956787,0.23245813784888014,-0.27624104084679857
W_k128_m0.01_H1_path0,train,B_S24:47500006:10,False,True,0.2430732101202011,0.12069894970045425,-0.12237426041974686
W_k128_m0.01_H1_path0,train,B_S24:47500006:89,True,False,0.01225662138313055,0.010143704534129938,-0.0021129168490006123
W_k128_m0.01_H1_path0,train,B_S24:47500006:102,True,False,0.02322404459118843,0.01840582706790883,-0.0048182175232796
W_k128_m0.01_H1_path0,train,B_S24:47500006:118,True,False,0.006559154484421015,0.006080224442484905,-0.0004789300419361098
W_k128_m0.01_H1_path0,train,B_S24:47500006:136,True,False,0.01152457483112812,0.010239861287118401,-0.001284713544009719
W_k128_m0.01_H1_path0,train,B_S24:47500006:169,True,False,0.0038716448470950127,0.005998843365887296,0.0021271985187922837
W_k128_m0.01_H1_path0,train,B_S24:47500007:4,False,True,0.5302314162254333,0.373309820657596,-0.15692159556783736
W_k128_m0.01_H1_path0,train,B_S24:47500007:6,False,True,0.44250860810279846,0.31890855147503316,-0.1236000566277653
W_k128_m0.01_H1_path0,train,B_S24:47500007:13,False,True,0.2413330078125,0.14202515294891782,-0.09930785486358218
W_k128_m0.01_H1_path0,train,B_S24:47500007:36,True,False,0.011875957250595093,0.01802449814567808,0.006148540895082988
W_k128_m0.01_H1_path0,train,B_S24:47500007:97,True,False,0.012301325798034668,0.009761190682183951,-0.002540135115850717
W_k128_m0.01_H1_path0,train,B_S24:47500007:118,True,False,0.008746430277824402,0.007634790961674298,-0.0011116393161501037
W_k128_m0.01_H1_path0,train,B_S24:47500007:134,True,False,0.006677041295915842,0.006793950269639026,0.00011690897372318432
W_k128_m0.01_H1_path0,train,B_S24:47500007:168,True,False,0.004830501042306423,0.005607251545370673,0.0007767505030642496
W_k128_m0.01_H1_path0,train,B_S24:47500008:4,False,True,0.44191476702690125,0.40777095197699964,-0.034143815049901605
W_k128_m0.01_H1_path0,train,B_S24:47500008:10,False,True,0.2934309244155884,0.21921580709749833,-0.07421511731809005
W_k128_m0.01_H1_path0,train,B_S24:47500008:20,False,True,0.0624830536544323,0.015626652268110774,-0.04685640138632152
W_k128_m0.01_H1_path0,train,B_S24:47500008:28,True,False,0.0072338455356657505,0.007508620405133115,0.0002747748694673646
W_k128_m0.01_H1_path0,train,B_S24:47500008:34,True,False,0.0070501528680324554,0.009853090403339593,0.0028029375353071373
W_k128_m0.01_H1_path0,train,B_S24:47500008:112,True,False,0.006674322299659252,0.005895980737477657,-0.0007783415621815948
W_k128_m0.01_H1_path0,train,B_S24:47500008:131,True,False,0.01830967888236046,0.018195781336544314,-0.00011389754581614397
W_k128_m0.01_H1_path0,train,B_S24:47500008:172,True,False,0.012265433557331562,0.014968190545914695,0.0027027569885831326
W_k128_m0.01_H1_path0,train,B_S24:47500009:6,False,True,0.40430498123168945,0.36577573826070875,-0.038529242970980704
W_k128_m0.01_H1_path0,train,B_S24:47500009:11,False,True,0.3229979872703552,0.204103082724032,-0.11889490454632323
W_k128_m0.01_H1_path0,train,B_S24:47500009:15,False,True,0.20550993084907532,0.1233745931822341,-0.08213533766684122
W_k128_m0.01_H1_path0,train,B_S24:47500009:20,False,True,0.042549505829811096,0.011177984724781709,-0.03137152110502939
W_k128_m0.01_H1_path0,train,B_S24:47500009:26,True,False,0.005434221588075161,0.006376029963576002,0.0009418083755008411
W_k128_m0.01_H1_path0,train,B_S24:47500009:36,True,False,0.007031730376183987,0.006419093246222474,-0.000612637129961513
W_k128_m0.01_H1_path0,train,B_S24:47500009:68,True,False,0.00851870235055685,0.010012554317654576,0.0014938519670977257
W_k128_m0.01_H1_path0,train,B_S24:47500009:142,True,False,0.005143886897712946,0.006249319272683351,0.0011054323749704054
W_k128_m0.01_H1_path0,train,B_S24:47500011:5,False,True,0.41248661279678345,0.3129729216452688,-0.09951369115151465
W_k128_m0.01_H1_path0,train,B_S24:47500011:15,False,True,0.13895876705646515,0.02212141844938742,-0.11683734860707773
W_k128_m0.01_H1_path0,train,B_S24:47500011:26,True,False,0.008710289373993874,0.008598892480222275,-0.00011139689377159812
W_k128_m0.01_H1_path0,train,B_S24:47500011:29,True,False,0.004913561511784792,0.006636263520704233,0.0017227020089194411
W_k128_m0.01_H1_path0,train,B_S24:47500011:31,True,False,0.009505284950137138,0.006766800515833893,-0.0027384844343032455
W_k128_m0.01_H1_path0,train,B_S24:47500011:36,True,False,0.007696386426687241,0.0076651446524920175,-3.1241774195223115e-05
W_k128_m0.01_H1_path0,train,B_S24:47500011:49,True,False,0.008826781064271927,0.015404021643917076,0.006577240579645149
W_k128_m0.01_H1_path0,train,B_S24:47500011:56,True,False,0.005351257044821978,0.012145856544520939,0.006794599499698961
W_k128_m0.01_H1_path0,train,B_S24:47500011:74,True,False,0.010094788856804371,0.008648545412142994,-0.001446243444661377
W_k128_m0.01_H1_path0,train,B_S24:47500011:167,True,False,0.0069749727845191956,0.013969595389426104,0.006994622604906908
W_k128_m0.01_H1_path0,train,B_S24:47500013:14,False,True,0.20736217498779297,0.01788621980813332,-0.18947595517965965
W_k128_m0.01_H1_path0,train,B_S24:47500013:15,False,True,0.18739277124404907,0.017052795803465415,-0.17033997544058366
W_k128_m0.01_H1_path0,train,B_S24:47500013:28,True,False,0.017582928761839867,0.018061571503494633,0.0004786427416547667
W_k128_m0.01_H1_path0,train,B_S24:47500013:32,True,False,0.01244897861033678,0.016499562976605375,0.004050584366268595
W_k128_m0.01_H1_path0,train,B_S24:47500013:58,True,False,0.011069852858781815,0.015432959367899457,0.004363106509117642
W_k128_m0.01_H1_path0,train,B_S24:47500013:83,True,False,0.005688636098057032,0.00588133404016844,0.00019269794211140834
W_k128_m0.01_H1_path0,train,B_S24:47500013:119,True,False,0.019461151212453842,0.015577587932057213,-0.003883563280396629
W_k128_m0.01_H1_path0,train,B_S24:47500013:128,True,False,0.005986835807561874,0.01566076099879865,0.009673925191236776
W_k128_m0.01_H1_path0,train,B_S24:47500013:162,True,False,0.00908522680401802,0.025341267177282134,0.016256040373264113
W_k128_m0.01_H1_path0,train,B_S24:47500013:165,True,False,0.00918965507298708,0.013746961787546752,0.004557306714559672
W_k128_m0.01_H1_path0,train,B_S24:47500014:9,False,True,0.30526450276374817,0.16500248723605182,-0.14026201552769635
W_k128_m0.01_H1_path0,train,B_S24:47500014:10,False,True,0.28906798362731934,0.16303007272654213,-0.1260379109007772
W_k128_m0.01_H1_path0,train,B_S24:47500014:20,False,True,0.05162128806114197,0.01381335388214211,-0.03780793417899986
W_k128_m0.01_H1_path0,train,B_S24:47500014:43,True,False,0.010232961736619473,0.010016128866482177,-0.00021683287013729569
W_k128_m0.01_H1_path0,train,B_S24:47500014:60,True,False,0.003741108113899827,0.005833150218677474,0.002092042104777647
W_k128_m0.01_H1_path0,train,B_S24:47500014:78,True,False,0.005973768886178732,0.004799872547664563,-0.0011738963385141687
W_k128_m0.01_H1_path0,train,B_S24:47500014:99,True,False,0.00351924542337656,0.0061830712111259345,0.0026638257877493743
W_k128_m0.01_H1_path0,train,B_S24:47500014:134,True,False,0.01029651053249836,0.01628597238959628,0.005989461857097922
W_k128_m0.01_H1_path0,train,B_S24:47500014:161,True,False,0.0074964407831430435,0.007195748054073192,-0.00030069272906985134
W_k128_m0.01_H1_path0,train,B_S24:47500014:170,True,False,0.004636011086404324,0.011803489702288061,0.007167478615883738
W_k128_m0.01_H1_path0,train,B_S24:47500016:4,False,True,0.6002524495124817,0.33238800207618624,-0.26786444743629545
W_k128_m0.01_H1_path0,train,B_S24:47500016:5,False,True,0.49044570326805115,0.2908872785628773,-0.19955842470517382
W_k128_m0.01_H1_path0,train,B_S24:47500016:30,True,False,0.005308825056999922,0.011662134103971766,0.0063533090469718445
W_k128_m0.01_H1_path0,train,B_S24:47500016:42,True,False,0.010945145040750504,0.009297014519688673,-0.0016481305210618302
W_k128_m0.01_H1_path0,train,B_S24:47500016:43,True,False,0.010241691954433918,0.011954517100093653,0.0017128251456597354
W_k128_m0.01_H1_path0,train,B_S24:47500016:108,True,False,0.006900098640471697,0.0068455763157544425,-5.452232471725438e-05
W_k128_m0.01_H1_path0,train,B_S24:47500016:129,True,False,0.006197041366249323,0.005827276097988943,-0.00036976526826038025
W_k128_m0.01_H1_path0,train,B_S24:47500016:165,True,False,0.010060286149382591,0.0048731307142588776,-0.005187155435123714
W_k128_m0.01_H1_path0,train,B_S24:47500016:169,True,False,0.004856509156525135,0.004759692383231595,-9.681677329353988e-05
W_k128_m0.01_H1_path0,development,B_S24:47600000:3,False,True,0.3977125883102417,0.4313575405976735,0.033644952287431806
W_k128_m0.01_H1_path0,development,B_S24:47600000:14,False,True,0.0344189777970314,0.0305606174388231,-0.0038583603582083015
W_k128_m0.01_H1_path0,development,B_S24:47600000:17,False,True,0.016395771875977516,0.015538588197159697,-0.0008571836788178189
W_k128_m0.01_H1_path0,development,B_S24:47600000:21,False,True,0.00906542781740427,0.008596996070991736,-0.00046843174641253427
W_k128_m0.01_H1_path0,development,B_S24:47600000:29,True,False,0.011642190627753735,0.013725129110753187,0.0020829384829994524
W_k128_m0.01_H1_path0,development,B_S24:47600000:32,True,False,0.0089394086971879,0.02264293228108727,0.013703523583899369
W_k128_m0.01_H1_path0,development,B_S24:47600000:76,True,False,0.0068577867932617664,0.007357100854278542,0.0004993140610167757
W_k128_m0.01_H1_path0,development,B_S24:47600000:83,True,False,0.003534292336553335,0.004408633774801274,0.0008743414382479386
W_k128_m0.01_H1_path0,development,B_S24:47600000:157,True,False,0.003419124521315098,0.0051891884504584596,0.0017700639291433617
W_k128_m0.01_H1_path0,development,B_S24:47600002:2,False,True,0.425812304019928,0.4616623444017023,0.035850040381774306
W_k128_m0.01_H1_path0,development,B_S24:47600002:16,False,True,0.01760026626288891,0.017687187375486246,8.692111259733792e-05
W_k128_m0.01_H1_path0,development,B_S24:47600002:30,True,False,0.007412403356283903,0.008503450870193774,0.0010910475139098708
W_k128_m0.01_H1_path0,development,B_S24:47600002:36,True,False,0.008284442126750946,0.012728926199088164,0.004444484072337218
W_k128_m0.01_H1_path0,development,B_S24:47600002:68,True,False,0.007597603369504213,0.010582552637060871,0.002984949267556658
W_k128_m0.01_H1_path0,development,B_S24:47600002:76,True,False,0.015114635229110718,0.010352954839618178,-0.00476168038949254
W_k128_m0.01_H1_path0,development,B_S24:47600002:79,True,False,0.017934033647179604,0.01871228816889925,0.0007782545217196457
W_k128_m0.01_H1_path0,development,B_S24:47600002:89,True,False,0.014650501310825348,0.02033580138140678,0.005685300070581434
W_k128_m0.01_H1_path0,development,B_S24:47600002:107,True,False,0.05791763216257095,0.04157886540360778,-0.016338766758963175
W_k128_m0.01_H1_path0,development,B_S24:47600003:1,False,True,0.5454174876213074,0.47733605769462883,-0.06808142992667854
W_k128_m0.01_H1_path0,development,B_S24:47600003:3,False,True,0.5366683602333069,0.4850944899953902,-0.05157387023791671
W_k128_m0.01_H1_path0,development,B_S24:47600003:4,False,True,0.4239683151245117,0.4508253576932475,0.02685704256873578
W_k128_m0.01_H1_path0,development,B_S24:47600003:11,False,True,0.05390974506735802,0.05590585142999771,0.0019961063626396935
W_k128_m0.01_H1_path0,development,B_S24:47600003:12,False,True,0.030650777742266655,0.051884309792512795,0.02123353205024614
W_k128_m0.01_H1_path0,development,B_S24:47600003:22,False,True,0.01733158528804779,0.009974373045224638,-0.007357212242823152
W_k128_m0.01_H1_path0,development,B_S24:47600003:70,True,False,0.010052995756268501,0.011432160001277225,0.0013791642450087238
W_k128_m0.01_H1_path0,development,B_S24:47600003:90,True,False,0.00878354161977768,0.007359568382980797,-0.0014239732367968827
W_k128_m0.01_H1_path0,development,B_S24:47600003:112,True,False,0.003512060735374689,0.005699447629922361,0.0021873868945476715
W_k128_m0.01_H1_path0,development,B_S24:47600003:125,True,False,0.010184202343225479,0.008208974223634868,-0.0019752281195906107
W_k128_m0.01_H1_path0,development,B_S24:47600004:3,False,True,0.4829201400279999,0.42774189996998757,-0.05517824005801231
W_k128_m0.01_H1_path0,development,B_S24:47600004:8,False,True,0.3341215252876282,0.16066729598969687,-0.1734542292979313
W_k128_m0.01_H1_path0,development,B_S24:47600004:53,True,False,0.008157121017575264,0.008222173747981287,6.505273040602333e-05
W_k128_m0.01_H1_path0,development,B_S24:47600004:65,True,False,0.0063699232414364815,0.0070005801289880765,0.000630656887551595
W_k128_m0.01_H1_path0,development,B_S24:47600004:92,True,False,0.004678828176110983,0.009061779406692949,0.004382951230581966
W_k128_m0.01_H1_path0,development,B_S24:47600004:109,True,False,0.007015043403953314,0.00828489147079381,0.0012698480668404954
W_k128_m0.01_H1_path0,development,B_S24:47600004:122,True,False,0.0057635679841041565,0.008992215512989787,0.003228647528885631
W_k128_m0.01_H1_path0,development,B_S24:47600005:2,False,True,0.45142030715942383,0.4301315541379154,-0.021288753021508455
W_k128_m0.01_H1_path0,development,B_S24:47600005:5,False,True,0.38528937101364136,0.3524956720066257,-0.032793699007015675
W_k128_m0.01_H1_path0,development,B_S24:47600005:15,False,True,0.013386172242462635,0.00873917229091603,-0.004646999951546604
W_k128_m0.01_H1_path0,development,B_S24:47600005:24,True,False,0.009546062909066677,0.009203357615660934,-0.00034270529340574285
W_k128_m0.01_H1_path0,development,B_S24:47600005:33,True,False,0.006134192459285259,0.007461045174750325,0.0013268527154650656
W_k128_m0.01_H1_path0,development,B_S24:47600005:48,True,False,0.010475212708115578,0.004994253839868179,-0.005480958868247399
W_k128_m0.01_H1_path0,development,B_S24:47600005:86,True,False,0.006481823977082968,0.0074606638354453025,0.0009788398583623348
W_k128_m0.01_H1_path0,development,B_S24:47600005:88,True,False,0.005085204262286425,0.008025864050068776,0.0029406597877823515
W_k128_m0.01_H1_path0,development,B_S24:47600005:105,True,False,0.01430314127355814,0.0075850527100556064,-0.006718088563502533
W_k128_m0.01_H1_path0,development,B_S24:47600005:119,True,False,0.007125981617718935,0.013137996970726817,0.006012015353007882
W_k128_m0.01_H1_path0,development,B_S24:47600006:2,False,True,0.42621931433677673,0.4418554670410231,0.015636152704246342
W_k128_m0.01_H1_path0,development,B_S24:47600006:11,False,True,0.030753614380955696,0.0777404106229369,0.04698679624198121
W_k128_m0.01_H1_path0,development,B_S24:47600006:13,False,True,0.01559163723140955,0.02147994626466243,0.005888309033252881
W_k128_m0.01_H1_path0,development,B_S24:47600006:16,False,True,0.028132881969213486,0.01885898225737037,-0.009273899711843114
W_k128_m0.01_H1_path0,development,B_S24:47600006:25,True,False,0.007163460366427898,0.010584291630948428,0.0034208312645205297
W_k128_m0.01_H1_path0,development,B_S24:47600006:38,True,False,0.01334367971867323,0.022269262425652414,0.008925582706979185
W_k128_m0.01_H1_path0,development,B_S24:47600006:72,True,False,0.003798971651121974,0.011050661539229623,0.007251689888107649
W_k128_m0.01_H1_path0,development,B_S24:47600006:101,True,False,0.00821948703378439,0.007221770531941729,-0.0009977165018426604
W_k128_m0.01_H1_path0,development,B_S24:47600006:132,True,False,0.008256359957158566,0.01304418739346147,0.004787827436302905
W_k128_m0.01_H1_path0,development,B_S24:47600006:177,True,False,0.004989411681890488,0.012131862211390398,0.007142450529499911
W_k128_m0.01_H1_path0,development,B_S24:47600007:4,False,True,0.5327509641647339,0.35278292116709054,-0.17996804299764335
W_k128_m0.01_H1_path0,development,B_S24:47600007:7,False,True,0.21243010461330414,0.15534155464411015,-0.05708854996919399
W_k128_m0.01_H1_path0,development,B_S24:47600007:10,False,True,0.21549773216247559,0.08624695159232942,-0.12925078057014616
W_k128_m0.01_H1_path0,development,B_S24:47600007:17,False,True,0.017443940043449402,0.009496389443938824,-0.007947550599510578
W_k128_m0.01_H1_path0,development,B_S24:47600007:27,True,False,0.006045971531420946,0.0087985514724096,0.002752579940988653
W_k128_m0.01_H1_path0,development,B_S24:47600007:28,True,False,0.005736791994422674,0.0161350326225147,0.010398240628092026
W_k128_m0.01_H1_path0,development,B_S24:47600007:61,True,False,0.005185396876186132,0.00901115683154785,0.0038257599553617183
W_k128_m0.01_H1_path0,development,B_S24:47600007:66,True,False,0.004793995060026646,0.006862864660433843,0.002068869600407197
W_k128_m0.01_H1_path0,development,B_S24:47600007:87,True,False,0.007295587565749884,0.008119972633721773,0.0008243850679718889
W_k128_m0.01_H1_path0,development,B_S24:47600007:117,True,False,0.007992926985025406,0.0064446579963259865,-0.0015482689886994194
W_k128_m0.01_H1_path0,development,B_S24:47600008:6,False,True,0.29292789101600647,0.2910047025361564,-0.0019231884798500687
W_k128_m0.01_H1_path0,development,B_S24:47600008:8,False,True,0.2540746033191681,0.23263228272844572,-0.021442320590722375
W_k128_m0.01_H1_path0,development,B_S24:47600008:21,False,True,0.02493457868695259,0.01821458910671936,-0.006719989580233232
W_k128_m0.01_H1_path0,development,B_S24:47600008:23,True,False,0.05269385501742363,0.012903395410830854,-0.039790459606592776
W_k128_m0.01_H1_path0,development,B_S24:47600008:49,True,False,0.02143404632806778,0.018612850797580904,-0.002821195530486875
W_k128_m0.01_H1_path0,development,B_S24:47600008:54,True,False,0.008118348196148872,0.008400945895118639,0.0002825976989697665
W_k128_m0.01_H1_path0,development,B_S24:47600008:61,True,False,0.008522279560565948,0.004721251111732272,-0.0038010284488336765
W_k128_m0.01_H1_path0,development,B_S24:47600008:87,True,False,0.0030746329575777054,0.00406572894553392,0.0009910959879562142
W_k128_m0.01_H1_path0,development,B_S24:47600008:101,True,False,0.00448465533554554,0.004197849882984883,-0.0002868054525606567
W_k128_m0.05_H1_path0,train,B_S24:47500000:1,False,True,0.5134021043777466,0.34087144071236253,-0.17253066366538405
W_k128_m0.05_H1_path0,train,B_S24:47500000:8,False,True,0.3621158301830292,0.16612409558729269,-0.1959917345957365
W_k128_m0.05_H1_path0,train,B_S24:47500000:26,True,False,0.011790819466114044,0.009390641007485101,-0.002400178458628943
W_k128_m0.05_H1_path0,train,B_S24:47500000:39,True,False,0.015619246289134026,0.015455554119398585,-0.00016369216973544098
W_k128_m0.05_H1_path0,train,B_S24:47500000:84,True,False,0.011883770115673542,0.015528923308011144,0.0036451531923376024
W_k128_m0.05_H1_path0,train,B_S24:47500000:141,True,False,0.01211844477802515,0.016334340747562237,0.004215895969537087
W_k128_m0.05_H1_path0,train,B_S24:47500000:144,True,False,0.01035840529948473,0.01974988354049856,0.009391478241013829
W_k128_m0.05_H1_path0,train,B_S24:47500000:155,True,False,0.01266393531113863,0.011530196194144082,-0.0011337391169945477
W_k128_m0.05_H1_path0,train,B_S24:47500000:169,True,False,0.029291894286870956,0.013213794150942704,-0.016078100135928253
W_k128_m0.05_H1_path0,train,B_S24:47500000:179,True,False,0.019600505009293556,0.010738337517977925,-0.008862167491315631
W_k128_m0.05_H1_path0,train,B_S24:47500002:2,False,True,0.49845653772354126,0.3804495034273714,-0.11800703429616988
W_k128_m0.05_H1_path0,train,B_S24:47500002:3,False,True,0.44578322768211365,0.37174525344744325,-0.0740379742346704
W_k128_m0.05_H1_path0,train,B_S24:47500002:15,False,True,0.36450305581092834,0.10198982518340927,-0.2625132306275191
W_k128_m0.05_H1_path0,train,B_S24:47500002:25,False,True,0.2065906971693039,0.046875776304659666,-0.15971492086464423
W_k128_m0.05_H1_path0,train,B_S24:47500002:33,True,False,0.010542124509811401,0.05091248640746926,0.04037036189765786
W_k128_m0.05_H1_path0,train,B_S24:47500002:55,True,False,0.008196537382900715,0.01162068572739372,0.0034241483444930054
W_k128_m0.05_H1_path0,train,B_S24:47500002:101,True,False,0.014537225477397442,0.014395012323802803,-0.00014221315359463915
W_k128_m0.05_H1_path0,train,B_S24:47500002:114,True,False,0.0246333759278059,0.018876277859817492,-0.005757098067988409
W_k128_m0.05_H1_path0,train,B_S24:47500002:152,True,False,0.026756197214126587,0.015703065570050967,-0.01105313164407562
W_k128_m0.05_H1_path0,train,B_S24:47500002:178,True,False,0.017250187695026398,0.008997799501230475,-0.008252388193795923
W_k128_m0.05_H1_path0,train,B_S24:47500003:4,False,True,0.4245704114437103,0.32233150233514607,-0.10223890910856426
W_k128_m0.05_H1_path0,train,B_S24:47500003:16,False,True,0.2599819600582123,0.1063320831162855,-0.15364987694192678
W_k128_m0.05_H1_path0,train,B_S24:47500003:24,False,True,0.11076150834560394,0.024272549329907633,-0.08648895901569631
W_k128_m0.05_H1_path0,train,B_S24:47500003:41,True,False,0.021289866417646408,0.019725572172319517,-0.0015642942453268915
W_k128_m0.05_H1_path0,train,B_S24:47500003:46,True,False,0.01990753784775734,0.01628106138377916,-0.003626476463978179
W_k128_m0.05_H1_path0,train,B_S24:47500003:80,True,False,0.035301774740219116,0.016892442832613597,-0.01840933190760552
W_k128_m0.05_H1_path0,train,B_S24:47500003:91,True,False,0.022936582565307617,0.017906962435517926,-0.005029620129789691
W_k128_m0.05_H1_path0,train,B_S24:47500003:109,True,False,0.031134193763136864,0.032720610357500846,0.0015864165943639819
W_k128_m0.05_H1_path0,train,B_S24:47500003:149,True,False,0.024659980088472366,0.009998180308684823,-0.014661799779787543
W_k128_m0.05_H1_path0,train,B_S24:47500003:180,True,False,0.0057265665382146835,0.012164090996520827,0.006437524458306143
W_k128_m0.05_H1_path0,train,B_S24:47500005:2,False,True,0.40148022770881653,0.3323773490265012,-0.06910287868231535
W_k128_m0.05_H1_path0,train,B_S24:47500005:6,False,True,0.4420698583126068,0.2973673342494294,-0.1447025240631774
W_k128_m0.05_H1_path0,train,B_S24:47500005:13,False,True,0.23227830231189728,0.08534550223703263,-0.14693280007486464
W_k128_m0.05_H1_path0,train,B_S24:47500005:45,True,False,0.00832211971282959,0.008961792304035043,0.0006396725912054535
W_k128_m0.05_H1_path0,train,B_S24:47500005:46,True,False,0.006830042693763971,0.009607789277652046,0.0027777465838880744
W_k128_m0.05_H1_path0,train,B_S24:47500005:67,True,False,0.0058157616294920444,0.010456059893840575,0.00464029826434853
W_k128_m0.05_H1_path0,train,B_S24:47500005:106,True,False,0.005312549881637096,0.010701535858970601,0.005388985977333505
W_k128_m0.05_H1_path0,train,B_S24:47500005:120,True,False,0.021911030635237694,0.03352303308201954,0.011612002446781844
W_k128_m0.05_H1_path0,train,B_S24:47500005:170,True,False,0.012657064013183117,0.011505528600537218,-0.0011515354126458988
W_k128_m0.05_H1_path0,train,B_S24:47500006:4,False,True,0.47820615768432617,0.30798821852658875,-0.17021793915773742
W_k128_m0.05_H1_path0,train,B_S24:47500006:5,False,True,0.38433393836021423,0.28227190347388387,-0.10206203488633037
W_k128_m0.05_H1_path0,train,B_S24:47500006:8,False,True,0.39826545119285583,0.1876516737320344,-0.21061377746082144
W_k128_m0.05_H1_path0,train,B_S24:47500006:10,False,True,0.34214258193969727,0.08825862115918426,-0.253883960780513
W_k128_m0.05_H1_path0,train,B_S24:47500006:89,True,False,0.005749812815338373,0.008240440682129702,0.0024906278667913284
W_k128_m0.05_H1_path0,train,B_S24:47500006:102,True,False,0.008545935153961182,0.026788616847625235,0.018242681693664053
W_k128_m0.05_H1_path0,train,B_S24:47500006:118,True,False,0.011155354790389538,0.009397424697453971,-0.0017579300929355668
W_k128_m0.05_H1_path0,train,B_S24:47500006:136,True,False,0.014562173746526241,0.01314795946382219,-0.0014142142827040516
W_k128_m0.05_H1_path0,train,B_S24:47500006:169,True,False,0.009768011048436165,0.011633785010417341,0.0018657739619811764
W_k128_m0.05_H1_path0,train,B_S24:47500007:4,False,True,0.47142553329467773,0.3571836823830381,-0.11424185091163963
W_k128_m0.05_H1_path0,train,B_S24:47500007:6,False,True,0.546267032623291,0.2879853806225583,-0.2582816520007327
W_k128_m0.05_H1_path0,train,B_S24:47500007:13,False,True,0.23698332905769348,0.07602600767131662,-0.16095732138637686
W_k128_m0.05_H1_path0,train,B_S24:47500007:36,True,False,0.013202977366745472,0.029659618056030013,0.01645664068928454
W_k128_m0.05_H1_path0,train,B_S24:47500007:97,True,False,0.0231123398989439,0.03224734159448417,0.009135001695540268
W_k128_m0.05_H1_path0,train,B_S24:47500007:118,True,False,0.03239241614937782,0.022164844562212238,-0.010227571587165585
W_k128_m0.05_H1_path0,train,B_S24:47500007:134,True,False,0.015494371764361858,0.018986987253811094,0.0034926154894492356
W_k128_m0.05_H1_path0,train,B_S24:47500007:168,True,False,0.007415523286908865,0.012374530615488766,0.004959007328579901
W_k128_m0.05_H1_path0,train,B_S24:47500008:4,False,True,0.37848615646362305,0.3232975887367502,-0.05518856772687286
W_k128_m0.05_H1_path0,train,B_S24:47500008:10,False,True,0.2963142991065979,0.1911281782668084,-0.10518612083978951
W_k128_m0.05_H1_path0,train,B_S24:47500008:20,False,True,0.1265190690755844,0.027542847805307247,-0.09897622127027716
W_k128_m0.05_H1_path0,train,B_S24:47500008:28,True,False,0.01611553318798542,0.02280069268454099,0.0066851594965555705
W_k128_m0.05_H1_path0,train,B_S24:47500008:34,True,False,0.02283606119453907,0.025448856125876773,0.002612794931337703
W_k128_m0.05_H1_path0,train,B_S24:47500008:112,True,False,0.008092375472187996,0.015988443676178576,0.00789606820399058
W_k128_m0.05_H1_path0,train,B_S24:47500008:131,True,False,0.016718581318855286,0.020933638275892008,0.0042150569570367225
W_k128_m0.05_H1_path0,train,B_S24:47500008:172,True,False,0.010229741223156452,0.0154771705128951,0.005247429289738648
W_k128_m0.05_H1_path0,train,B_S24:47500009:6,False,True,0.6892718076705933,0.17375799681758508,-0.5155138108530082
W_k128_m0.05_H1_path0,train,B_S24:47500009:11,False,True,0.3104054033756256,0.10459983894543257,-0.20580556443019304
W_k128_m0.05_H1_path0,train,B_S24:47500009:15,False,True,0.2126646488904953,0.05304622914263746,-0.15961841974785784
W_k128_m0.05_H1_path0,train,B_S24:47500009:20,False,True,0.14090897142887115,0.015234072285238653,-0.1256748991436325
W_k128_m0.05_H1_path0,train,B_S24:47500009:26,True,False,0.008791794069111347,0.010137330998986727,0.0013455369298753794
W_k128_m0.05_H1_path0,train,B_S24:47500009:36,True,False,0.009576099924743176,0.009647043600125471,7.094367538229562e-05
W_k128_m0.05_H1_path0,train,B_S24:47500009:68,True,False,0.016730664297938347,0.012323493097937899,-0.004407171200000448
W_k128_m0.05_H1_path0,train,B_S24:47500009:142,True,False,0.011239451356232166,0.013625649604364298,0.002386198248132132
W_k128_m0.05_H1_path0,train,B_S24:47500011:5,False,True,0.4450654983520508,0.1971602882258594,-0.24790521012619138
W_k128_m0.05_H1_path0,train,B_S24:47500011:15,False,True,0.19352269172668457,0.03310876213799929,-0.16041392958868528
W_k128_m0.05_H1_path0,train,B_S24:47500011:26,True,False,0.013077466748654842,0.006174826183269033,-0.006902640565385809
W_k128_m0.05_H1_path0,train,B_S24:47500011:29,True,False,0.0047180489636957645,0.010353799236327177,0.005635750272631412
W_k128_m0.05_H1_path0,train,B_S24:47500011:31,True,False,0.01535565685480833,0.011335703200529679,-0.004019953654278652
W_k128_m0.05_H1_path0,train,B_S24:47500011:36,True,False,0.018946968019008636,0.011373172674211673,-0.007573795344796963
W_k128_m0.05_H1_path0,train,B_S24:47500011:49,True,False,0.0154977235943079,0.02010363137742388,0.004605907783115981
W_k128_m0.05_H1_path0,train,B_S24:47500011:56,True,False,0.015098962932825089,0.012394087338179816,-0.002704875594645273
W_k128_m0.05_H1_path0,train,B_S24:47500011:74,True,False,0.021138468757271767,0.019147806378896348,-0.0019906623783754185
W_k128_m0.05_H1_path0,train,B_S24:47500011:167,True,False,0.016647731885313988,0.01443524524802342,-0.002212486637290567
W_k128_m0.05_H1_path0,train,B_S24:47500013:14,False,True,0.3646927773952484,0.06990515759389382,-0.2947876198013546
W_k128_m0.05_H1_path0,train,B_S24:47500013:15,False,True,0.16907931864261627,0.02026850804395508,-0.1488108105986612
W_k128_m0.05_H1_path0,train,B_S24:47500013:28,True,False,0.02675163932144642,0.04673616287254845,0.01998452355110203
W_k128_m0.05_H1_path0,train,B_S24:47500013:32,True,False,0.015267170034348965,0.017631392960538506,0.002364222926189541
W_k128_m0.05_H1_path0,train,B_S24:47500013:58,True,False,0.027814486995339394,0.029081257445795927,0.0012667704504565336
W_k128_m0.05_H1_path0,train,B_S24:47500013:83,True,False,0.009758795611560345,0.013396821384958457,0.0036380257733981125
W_k128_m0.05_H1_path0,train,B_S24:47500013:119,True,False,0.06620670109987259,0.02869479393484653,-0.03751190716502606
W_k128_m0.05_H1_path0,train,B_S24:47500013:128,True,False,0.010034537874162197,0.015082636218721746,0.005048098344559548
W_k128_m0.05_H1_path0,train,B_S24:47500013:162,True,False,0.01176148746162653,0.027245568391663255,0.015484080930036725
W_k128_m0.05_H1_path0,train,B_S24:47500013:165,True,False,0.008850676007568836,0.028899284170620376,0.02004860816305154
W_k128_m0.05_H1_path0,train,B_S24:47500014:9,False,True,0.3595375120639801,0.18728858439135365,-0.17224892767262645
W_k128_m0.05_H1_path0,train,B_S24:47500014:10,False,True,0.6617799997329712,0.1174065711456933,-0.5443734285872779
W_k128_m0.05_H1_path0,train,B_S24:47500014:20,False,True,0.0854489877820015,0.01551698504772503,-0.06993200273427647
W_k128_m0.05_H1_path0,train,B_S24:47500014:43,True,False,0.014043785631656647,0.018953682727442356,0.004909897095785709
W_k128_m0.05_H1_path0,train,B_S24:47500014:60,True,False,0.008808157406747341,0.01713208960791235,0.008323932201165007
W_k128_m0.05_H1_path0,train,B_S24:47500014:78,True,False,0.011283040046691895,0.012176885433291318,0.0008938453865994234
W_k128_m0.05_H1_path0,train,B_S24:47500014:99,True,False,0.007762607652693987,0.012578965226566652,0.004816357573872665
W_k128_m0.05_H1_path0,train,B_S24:47500014:134,True,False,0.008683855645358562,0.018257545827509603,0.00957369018215104
W_k128_m0.05_H1_path0,train,B_S24:47500014:161,True,False,0.009889683686196804,0.010740392515799613,0.0008507088296028087
W_k128_m0.05_H1_path0,train,B_S24:47500014:170,True,False,0.009924097917973995,0.007877801566792186,-0.002046296351181809
W_k128_m0.05_H1_path0,train,B_S24:47500016:4,False,True,0.5979886651039124,0.31211976963095367,-0.2858688954729587
W_k128_m0.05_H1_path0,train,B_S24:47500016:5,False,True,0.42039546370506287,0.27941716089844704,-0.14097830280661583
W_k128_m0.05_H1_path0,train,B_S24:47500016:30,True,False,0.008969765156507492,0.028581475773535203,0.01961171061702771
W_k128_m0.05_H1_path0,train,B_S24:47500016:42,True,False,0.012788394466042519,0.011862774372275453,-0.0009256200937670656
W_k128_m0.05_H1_path0,train,B_S24:47500016:43,True,False,0.009413741528987885,0.014035755328222876,0.004622013799234992
W_k128_m0.05_H1_path0,train,B_S24:47500016:108,True,False,0.02484450675547123,0.014459504796832334,-0.010385001958638895
W_k128_m0.05_H1_path0,train,B_S24:47500016:129,True,False,0.01064534205943346,0.012929565247759456,0.0022842231883259956
W_k128_m0.05_H1_path0,train,B_S24:47500016:165,True,False,0.007515762001276016,0.009476376242673723,0.001960614241397707
W_k128_m0.05_H1_path0,train,B_S24:47500016:169,True,False,0.012542634271085262,0.010585104904748732,-0.00195752936633653
W_k128_m0.05_H1_path0,development,B_S24:47600000:3,False,True,0.295339971780777,0.3357468743342906,0.040406902553513646
W_k128_m0.05_H1_path0,development,B_S24:47600000:14,False,True,0.05647103488445282,0.04972514038126974,-0.006745894503183081
W_k128_m0.05_H1_path0,development,B_S24:47600000:17,False,True,0.03943159058690071,0.03875328106005327,-0.0006783095268474426
W_k128_m0.05_H1_path0,development,B_S24:47600000:21,False,True,0.014098831452429295,0.015878552203503205,0.00177972075107391
W_k128_m0.05_H1_path0,development,B_S24:47600000:29,True,False,0.05652856081724167,0.037222864557406865,-0.019305696259834804
W_k128_m0.05_H1_path0,development,B_S24:47600000:32,True,False,0.03338263928890228,0.05749781531631015,0.02411517602740787
W_k128_m0.05_H1_path0,development,B_S24:47600000:76,True,False,0.017843706533312798,0.01260043941783806,-0.005243267115474737
W_k128_m0.05_H1_path0,development,B_S24:47600000:83,True,False,0.014942361041903496,0.009904443153573084,-0.005037917888330412
W_k128_m0.05_H1_path0,development,B_S24:47600000:157,True,False,0.004571231547743082,0.008823402542475378,0.004252170994732296
W_k128_m0.05_H1_path0,development,B_S24:47600002:2,False,True,0.3735445737838745,0.43479632085654885,0.061251747072674334
W_k128_m0.05_H1_path0,development,B_S24:47600002:16,False,True,0.013760668225586414,0.03742483060887025,0.023664162383283838
W_k128_m0.05_H1_path0,development,B_S24:47600002:30,True,False,0.007552885916084051,0.012350490397693648,0.004797604481609596
W_k128_m0.05_H1_path0,development,B_S24:47600002:36,True,False,0.006906712427735329,0.01498392574103491,0.00807721331329958
W_k128_m0.05_H1_path0,development,B_S24:47600002:68,True,False,0.005930852610617876,0.015086603847521474,0.009155751236903598
W_k128_m0.05_H1_path0,development,B_S24:47600002:76,True,False,0.01428101398050785,0.014645241977632395,0.00036422799712454434
W_k128_m0.05_H1_path0,development,B_S24:47600002:79,True,False,0.041487161070108414,0.03677953905571485,-0.004707622014393564
W_k128_m0.05_H1_path0,development,B_S24:47600002:89,True,False,0.011290016584098339,0.01920491787859646,0.007914901294498122
W_k128_m0.05_H1_path0,development,B_S24:47600002:107,True,False,0.07923051714897156,0.06564587004322675,-0.013584647105744807
W_k128_m0.05_H1_path0,development,B_S24:47600003:1,False,True,0.40628182888031006,0.3679598137969151,-0.038322015083394945
W_k128_m0.05_H1_path0,development,B_S24:47600003:3,False,True,0.45326822996139526,0.3369093498913571,-0.11635888007003814
W_k128_m0.05_H1_path0,development,B_S24:47600003:4,False,True,0.23891283571720123,0.2957342076697387,0.05682137195253745
W_k128_m0.05_H1_path0,development,B_S24:47600003:11,False,True,0.04928600788116455,0.07175335634747171,0.022467348466307158
W_k128_m0.05_H1_path0,development,B_S24:47600003:12,False,True,0.04433448985219002,0.0603284244043607,0.015993934552170685
W_k128_m0.05_H1_path0,development,B_S24:47600003:22,False,True,0.013801535591483116,0.01649003130842175,0.0026884957169386325
W_k128_m0.05_H1_path0,development,B_S24:47600003:70,True,False,0.017897017300128937,0.021400980125690694,0.003503962825561757
W_k128_m0.05_H1_path0,development,B_S24:47600003:90,True,False,0.010404901579022408,0.015136209602133022,0.004731308023110614
W_k128_m0.05_H1_path0,development,B_S24:47600003:112,True,False,0.010597879067063332,0.010337334640098561,-0.00026054442696477054
W_k128_m0.05_H1_path0,development,B_S24:47600003:125,True,False,0.02602383866906166,0.01168430912639451,-0.014339529542667151
W_k128_m0.05_H1_path0,development,B_S24:47600004:3,False,True,0.40520572662353516,0.3517008977360092,-0.053504828887525946
W_k128_m0.05_H1_path0,development,B_S24:47600004:8,False,True,0.27434074878692627,0.17803155674482696,-0.09630919204209931
W_k128_m0.05_H1_path0,development,B_S24:47600004:53,True,False,0.042048294097185135,0.019190801018339698,-0.022857493078845437
W_k128_m0.05_H1_path0,development,B_S24:47600004:65,True,False,0.019822977483272552,0.018214907257060986,-0.0016080702262115665
W_k128_m0.05_H1_path0,development,B_S24:47600004:92,True,False,0.011273469775915146,0.020902578140521655,0.009629108364606509
W_k128_m0.05_H1_path0,development,B_S24:47600004:109,True,False,0.022067178040742874,0.022654963342574774,0.0005877853018319001
W_k128_m0.05_H1_path0,development,B_S24:47600004:122,True,False,0.012850989587605,0.02166127316195343,0.008810283574348432
W_k128_m0.05_H1_path0,development,B_S24:47600005:2,False,True,0.4581755995750427,0.40800231898901984,-0.050173280586022884
W_k128_m0.05_H1_path0,development,B_S24:47600005:5,False,True,0.30859053134918213,0.2648146174615249,-0.043775913887657225
W_k128_m0.05_H1_path0,development,B_S24:47600005:15,False,True,0.06778034567832947,0.02139867401092488,-0.04638167166740459
W_k128_m0.05_H1_path0,development,B_S24:47600005:24,True,False,0.009577949531376362,0.011290280088360305,0.001712330556983943
W_k128_m0.05_H1_path0,development,B_S24:47600005:33,True,False,0.015032190829515457,0.020948661785951117,0.00591647095643566
W_k128_m0.05_H1_path0,development,B_S24:47600005:48,True,False,0.03201333060860634,0.019225064312195173,-0.012788266296411166
W_k128_m0.05_H1_path0,development,B_S24:47600005:86,True,False,0.02241641655564308,0.009288289689720841,-0.01312812686592224
W_k128_m0.05_H1_path0,development,B_S24:47600005:88,True,False,0.00816428754478693,0.008829113691717794,0.0006648261469308636
W_k128_m0.05_H1_path0,development,B_S24:47600005:105,True,False,0.015433303080499172,0.013540275838749949,-0.0018930272417492233
W_k128_m0.05_H1_path0,development,B_S24:47600005:119,True,False,0.004206025041639805,0.010948831331916153,0.006742806290276349
W_k128_m0.05_H1_path0,development,B_S24:47600006:2,False,True,0.30967551469802856,0.3280388854909688,0.01836337079294026
W_k128_m0.05_H1_path0,development,B_S24:47600006:11,False,True,0.05041554197669029,0.06755674747910234,0.01714120550241205
W_k128_m0.05_H1_path0,development,B_S24:47600006:13,False,True,0.014765318483114243,0.01729250726293685,0.002527188779822609
W_k128_m0.05_H1_path0,development,B_S24:47600006:16,False,True,0.030340947210788727,0.01268177166548412,-0.017659175545304606
W_k128_m0.05_H1_path0,development,B_S24:47600006:25,True,False,0.009705538861453533,0.013597676903373213,0.0038921380419196794
W_k128_m0.05_H1_path0,development,B_S24:47600006:38,True,False,0.019417446106672287,0.018537739504608908,-0.0008797066020633793
W_k128_m0.05_H1_path0,development,B_S24:47600006:72,True,False,0.008137756958603859,0.0281629504988814,0.02002519354027754
W_k128_m0.05_H1_path0,development,B_S24:47600006:101,True,False,0.015723370015621185,0.014031734821401187,-0.001691635194219998
W_k128_m0.05_H1_path0,development,B_S24:47600006:132,True,False,0.009939942508935928,0.017310515151621075,0.007370572642685147
W_k128_m0.05_H1_path0,development,B_S24:47600006:177,True,False,0.009812490083277225,0.015892926625383552,0.006080436542106327
W_k128_m0.05_H1_path0,development,B_S24:47600007:4,False,True,0.34415557980537415,0.29114850438782014,-0.053007075417554006
W_k128_m0.05_H1_path0,development,B_S24:47600007:7,False,True,0.11317027360200882,0.10451023644418456,-0.008660037157824263
W_k128_m0.05_H1_path0,development,B_S24:47600007:10,False,True,0.10575198382139206,0.029608251245008432,-0.07614373257638363
W_k128_m0.05_H1_path0,development,B_S24:47600007:17,False,True,0.024909555912017822,0.01393525068397139,-0.010974305228046433
W_k128_m0.05_H1_path0,development,B_S24:47600007:27,True,False,0.0055702682584524155,0.00899674977426912,0.003426481515816704
W_k128_m0.05_H1_path0,development,B_S24:47600007:28,True,False,0.004125451203435659,0.008359743222172256,0.004234292018736596
W_k128_m0.05_H1_path0,development,B_S24:47600007:61,True,False,0.007167554926127195,0.007875787598095485,0.0007082326719682897
W_k128_m0.05_H1_path0,development,B_S24:47600007:66,True,False,0.003992634825408459,0.008308601818498573,0.0043159669930901146
W_k128_m0.05_H1_path0,development,B_S24:47600007:87,True,False,0.008045744150876999,0.009048561546478595,0.0010028173956015962
W_k128_m0.05_H1_path0,development,B_S24:47600007:117,True,False,0.007292601745575666,0.007446323270414723,0.00015372152483905666
W_k128_m0.05_H1_path0,development,B_S24:47600008:6,False,True,0.16100674867630005,0.2755181475367863,0.11451139886048622
W_k128_m0.05_H1_path0,development,B_S24:47600008:8,False,True,0.20207811892032623,0.18256811393075623,-0.019510004989570007
W_k128_m0.05_H1_path0,development,B_S24:47600008:21,False,True,0.014512093737721443,0.019138885657412175,0.0046267919196907314
W_k128_m0.05_H1_path0,development,B_S24:47600008:23,True,False,0.06882483512163162,0.02187166020303266,-0.04695317491859896
W_k128_m0.05_H1_path0,development,B_S24:47600008:49,True,False,0.03015325963497162,0.03449651089977124,0.004343251264799619
W_k128_m0.05_H1_path0,development,B_S24:47600008:54,True,False,0.011898484081029892,0.018095643859851407,0.006197159778821515
W_k128_m0.05_H1_path0,development,B_S24:47600008:61,True,False,0.016243906691670418,0.01155039305012906,-0.004693513641541358
W_k128_m0.05_H1_path0,development,B_S24:47600008:87,True,False,0.010826855897903442,0.01185036797869543,0.0010235120807919884
W_k128_m0.05_H1_path0,development,B_S24:47600008:101,True,False,0.015149669721722603,0.016953963031483,0.0018042933097603964
W_k128_m0.1_H1_path0,train,B_S24:47500000:1,False,True,0.656437873840332,0.4542556209489703,-0.2021822528913617
W_k128_m0.1_H1_path0,train,B_S24:47500000:8,False,True,0.5870883464813232,0.25394228300865507,-0.3331460634726682
W_k128_m0.1_H1_path0,train,B_S24:47500000:26,True,False,0.014095352031290531,0.01609306787213427,0.001997715840843739
W_k128_m0.1_H1_path0,train,B_S24:47500000:39,True,False,0.034621190279722214,0.018906824592704652,-0.015714365687017562
W_k128_m0.1_H1_path0,train,B_S24:47500000:84,True,False,0.02054402604699135,0.03928704309510067,0.018743017048109323
W_k128_m0.1_H1_path0,train,B_S24:47500000:141,True,False,0.011316527612507343,0.01685454656762886,0.005538018955121515
W_k128_m0.1_H1_path0,train,B_S24:47500000:144,True,False,0.012982693500816822,0.02155655658862088,0.008573863087804057
W_k128_m0.1_H1_path0,train,B_S24:47500000:155,True,False,0.01519932970404625,0.01975258124002721,0.004553251535980962
W_k128_m0.1_H1_path0,train,B_S24:47500000:169,True,False,0.01894957944750786,0.019648388039058773,0.0006988085915509146
W_k128_m0.1_H1_path0,train,B_S24:47500000:179,True,False,0.02352519892156124,0.015705132642324315,-0.007820066279236926
W_k128_m0.1_H1_path0,train,B_S24:47500002:2,False,True,0.6027013063430786,0.48964226769749075,-0.11305903864558786
W_k128_m0.1_H1_path0,train,B_S24:47500002:3,False,True,0.7679736018180847,0.43891532195266336,-0.32905827986542135
W_k128_m0.1_H1_path0,train,B_S24:47500002:15,False,True,0.5226069688796997,0.08207359362859279,-0.4405333752511069
W_k128_m0.1_H1_path0,train,B_S24:47500002:25,False,True,0.5186352729797363,0.039439837950340007,-0.4791954350293963
W_k128_m0.1_H1_path0,train,B_S24:47500002:33,True,False,0.009776686318218708,0.041932117645046674,0.032155431326827966
W_k128_m0.1_H1_path0,train,B_S24:47500002:55,True,False,0.007203203625977039,0.01424759702058509,0.007044393394608051
W_k128_m0.1_H1_path0,train,B_S24:47500002:101,True,False,0.013734095729887486,0.017555231912410818,0.0038211361825233325
W_k128_m0.1_H1_path0,train,B_S24:47500002:114,True,False,0.021956035867333412,0.022297374900517752,0.0003413390331843402
W_k128_m0.1_H1_path0,train,B_S24:47500002:152,True,False,0.04640607163310051,0.02442644075563294,-0.02197963087746757
W_k128_m0.1_H1_path0,train,B_S24:47500002:178,True,False,0.05038614571094513,0.02071879227878526,-0.02966735343215987
W_k128_m0.1_H1_path0,train,B_S24:47500003:4,False,True,0.5822606086730957,0.3279146176064387,-0.254345991066657
W_k128_m0.1_H1_path0,train,B_S24:47500003:16,False,True,0.4601838290691376,0.15811759702046402,-0.30206623204867356
W_k128_m0.1_H1_path0,train,B_S24:47500003:24,False,True,0.8294243812561035,0.20369553330237977,-0.6257288479537237
W_k128_m0.1_H1_path0,train,B_S24:47500003:41,True,False,0.019467322155833244,0.022049219522159547,0.0025818973663263023
W_k128_m0.1_H1_path0,train,B_S24:47500003:46,True,False,0.01420875359326601,0.01809490454979823,0.0038861509565322194
W_k128_m0.1_H1_path0,train,B_S24:47500003:80,True,False,0.062162164598703384,0.024668393467436545,-0.03749377113126684
W_k128_m0.1_H1_path0,train,B_S24:47500003:91,True,False,0.009810923598706722,0.01071581384530873,0.0009048902466020081
W_k128_m0.1_H1_path0,train,B_S24:47500003:109,True,False,0.03768976405262947,0.06279364568035817,0.025103881627728697
W_k128_m0.1_H1_path0,train,B_S24:47500003:149,True,False,0.04157094284892082,0.021592377925117034,-0.019978564923803788
W_k128_m0.1_H1_path0,train,B_S24:47500003:180,True,False,0.00922865979373455,0.018883816221205052,0.009655156427470502
W_k128_m0.1_H1_path0,train,B_S24:47500005:2,False,True,0.7399101257324219,0.4440278497640975,-0.2958822759683244
W_k128_m0.1_H1_path0,train,B_S24:47500005:6,False,True,0.6495819687843323,0.3793636443442665,-0.27021832444006577
W_k128_m0.1_H1_path0,train,B_S24:47500005:13,False,True,0.5463918447494507,0.08885186318366323,-0.45753998156578746
W_k128_m0.1_H1_path0,train,B_S24:47500005:45,True,False,0.01272082794457674,0.011626211620750837,-0.0010946163238259032
W_k128_m0.1_H1_path0,train,B_S24:47500005:46,True,False,0.008275095373392105,0.01248236492756405,0.004207269554171944
W_k128_m0.1_H1_path0,train,B_S24:47500005:67,True,False,0.009348485618829727,0.01895825841711485,0.009609772798285121
W_k128_m0.1_H1_path0,train,B_S24:47500005:106,True,False,0.009759675711393356,0.017349512407236034,0.007589836695842678
W_k128_m0.1_H1_path0,train,B_S24:47500005:120,True,False,0.016733771190047264,0.035976799721538555,0.01924302853149129
W_k128_m0.1_H1_path0,train,B_S24:47500005:170,True,False,0.009692320600152016,0.013116174330207286,0.0034238537300552707
W_k128_m0.1_H1_path0,train,B_S24:47500006:4,False,True,0.805317223072052,0.5310596649069339,-0.2742575581651181
W_k128_m0.1_H1_path0,train,B_S24:47500006:5,False,True,0.6508159637451172,0.47933108297002036,-0.17148488077509683
W_k128_m0.1_H1_path0,train,B_S24:47500006:8,False,True,0.7160181403160095,0.34202335341251455,-0.37399478690349497
W_k128_m0.1_H1_path0,train,B_S24:47500006:10,False,True,0.8438929319381714,0.18619777142157545,-0.6576951605165959
W_k128_m0.1_H1_path0,train,B_S24:47500006:89,True,False,0.008173985406756401,0.010493001020222437,0.0023190156134660356
W_k128_m0.1_H1_path0,train,B_S24:47500006:102,True,False,0.025220787152647972,0.04034607030189363,0.01512528314924566
W_k128_m0.1_H1_path0,train,B_S24:47500006:118,True,False,0.009396477602422237,0.01232345115931821,0.002926973556895973
W_k128_m0.1_H1_path0,train,B_S24:47500006:136,True,False,0.008450064808130264,0.009562278984958539,0.0011122141768282745
W_k128_m0.1_H1_path0,train,B_S24:47500006:169,True,False,0.013225940056145191,0.017885599456349155,0.004659659400203964
W_k128_m0.1_H1_path0,train,B_S24:47500007:4,False,True,0.6801318526268005,0.450734632962849,-0.22939721966395155
W_k128_m0.1_H1_path0,train,B_S24:47500007:6,False,True,0.6834903359413147,0.33884163288166746,-0.34464870305964723
W_k128_m0.1_H1_path0,train,B_S24:47500007:13,False,True,0.44529661536216736,0.11342282842088025,-0.3318737869412871
W_k128_m0.1_H1_path0,train,B_S24:47500007:36,True,False,0.024925565347075462,0.030178522451024037,0.0052529571039485745
W_k128_m0.1_H1_path0,train,B_S24:47500007:97,True,False,0.029112515971064568,0.034440059378539445,0.005327543407474877
W_k128_m0.1_H1_path0,train,B_S24:47500007:118,True,False,0.021931417286396027,0.019602294658398023,-0.0023291226279980037
W_k128_m0.1_H1_path0,train,B_S24:47500007:134,True,False,0.011419905349612236,0.015789338453032542,0.004369433103420306
W_k128_m0.1_H1_path0,train,B_S24:47500007:168,True,False,0.006019971799105406,0.01266146010675584,0.006641488307650434
W_k128_m0.1_H1_path0,train,B_S24:47500008:4,False,True,0.7134872078895569,0.41351644549285993,-0.29997076239669695
W_k128_m0.1_H1_path0,train,B_S24:47500008:10,False,True,0.4615615904331207,0.2198607539467048,-0.24170083648641594
W_k128_m0.1_H1_path0,train,B_S24:47500008:20,False,True,0.3925359547138214,0.05028025805950165,-0.34225569665431976
W_k128_m0.1_H1_path0,train,B_S24:47500008:28,True,False,0.010100685060024261,0.019025664827495348,0.008924979767471086
W_k128_m0.1_H1_path0,train,B_S24:47500008:34,True,False,0.017794543877243996,0.022282438963884488,0.004487895086640492
W_k128_m0.1_H1_path0,train,B_S24:47500008:112,True,False,0.014647472649812698,0.05329116105349385,0.03864368840368115
W_k128_m0.1_H1_path0,train,B_S24:47500008:131,True,False,0.03334261104464531,0.027057396895543206,-0.006285214149102103
W_k128_m0.1_H1_path0,train,B_S24:47500008:172,True,False,0.017576035112142563,0.03083306722328416,0.013257032111141598
W_k128_m0.1_H1_path0,train,B_S24:47500009:6,False,True,0.8357334733009338,0.42091468814760447,-0.4148187851533294
W_k128_m0.1_H1_path0,train,B_S24:47500009:11,False,True,0.47781163454055786,0.22368436893157195,-0.2541272656089859
W_k128_m0.1_H1_path0,train,B_S24:47500009:15,False,True,0.47568392753601074,0.13779757244628854,-0.3378863550897222
W_k128_m0.1_H1_path0,train,B_S24:47500009:20,False,True,0.3508354127407074,0.05927005409466801,-0.2915653586460394
W_k128_m0.1_H1_path0,train,B_S24:47500009:26,True,False,0.03658858314156532,0.03391181707411306,-0.002676766067452263
W_k128_m0.1_H1_path0,train,B_S24:47500009:36,True,False,0.052334949374198914,0.03828681846425752,-0.014048130909941392
W_k128_m0.1_H1_path0,train,B_S24:47500009:68,True,False,0.02732134982943535,0.017251041208510287,-0.010070308620925061
W_k128_m0.1_H1_path0,train,B_S24:47500009:142,True,False,0.024507591500878334,0.015880843333434314,-0.00862674816744402
W_k128_m0.1_H1_path0,train,B_S24:47500011:5,False,True,0.6908197402954102,0.42446576978545636,-0.2663539705099538
W_k128_m0.1_H1_path0,train,B_S24:47500011:15,False,True,0.22496186196804047,0.05098152127175126,-0.1739803406962892
W_k128_m0.1_H1_path0,train,B_S24:47500011:26,True,False,0.013381658121943474,0.014919407454726752,0.001537749332783278
W_k128_m0.1_H1_path0,train,B_S24:47500011:29,True,False,0.011120397597551346,0.017297635327850003,0.006177237730298657
W_k128_m0.1_H1_path0,train,B_S24:47500011:31,True,False,0.015523383393883705,0.013927621665061451,-0.0015957617288222536
W_k128_m0.1_H1_path0,train,B_S24:47500011:36,True,False,0.026729220524430275,0.03143221989739686,0.0047029993729665875
W_k128_m0.1_H1_path0,train,B_S24:47500011:49,True,False,0.04929212108254433,0.043897805036976933,-0.005394316045567393
W_k128_m0.1_H1_path0,train,B_S24:47500011:56,True,False,0.014194108545780182,0.015257875915267505,0.0010637673694873229
W_k128_m0.1_H1_path0,train,B_S24:47500011:74,True,False,0.03646747022867203,0.035335000458871946,-0.0011324697698000818
W_k128_m0.1_H1_path0,train,B_S24:47500011:167,True,False,0.04545200616121292,0.032680053351214156,-0.012771952809998766
W_k128_m0.1_H1_path0,train,B_S24:47500013:14,False,True,0.8512659668922424,0.2305782680559787,-0.6206876988362637
W_k128_m0.1_H1_path0,train,B_S24:47500013:15,False,True,0.9442769289016724,0.08261332909751218,-0.8616635998041602
W_k128_m0.1_H1_path0,train,B_S24:47500013:28,True,False,0.040976382791996,0.10258483510551741,0.06160845231352141
W_k128_m0.1_H1_path0,train,B_S24:47500013:32,True,False,0.04241446033120155,0.08651736180036096,0.044102901469159406
W_k128_m0.1_H1_path0,train,B_S24:47500013:58,True,False,0.03692454472184181,0.0399835198695655,0.003058975147723686
W_k128_m0.1_H1_path0,train,B_S24:47500013:83,True,False,0.03836670517921448,0.045154698411352,0.006787993232137524
W_k128_m0.1_H1_path0,train,B_S24:47500013:119,True,False,0.09051461517810822,0.040531290280341636,-0.04998332489776658
W_k128_m0.1_H1_path0,train,B_S24:47500013:128,True,False,0.04666109383106232,0.05986159128224244,0.013200497451180127
W_k128_m0.1_H1_path0,train,B_S24:47500013:162,True,False,0.024738479405641556,0.05843865946371807,0.03370018005807651
W_k128_m0.1_H1_path0,train,B_S24:47500013:165,True,False,0.043773699551820755,0.027954068063991144,-0.01581963148782961
W_k128_m0.1_H1_path0,train,B_S24:47500014:9,False,True,0.7833459973335266,0.44970270711928606,-0.33364329021424055
W_k128_m0.1_H1_path0,train,B_S24:47500014:10,False,True,0.920779287815094,0.35819254392845323,-0.5625867438866408
W_k128_m0.1_H1_path0,train,B_S24:47500014:20,False,True,0.40514451265335083,0.06454852960450808,-0.34059598304884275
W_k128_m0.1_H1_path0,train,B_S24:47500014:43,True,False,0.020212436094880104,0.02197624439941137,0.001763808304531267
W_k128_m0.1_H1_path0,train,B_S24:47500014:60,True,False,0.010556956753134727,0.026012732785602566,0.015455776032467838
W_k128_m0.1_H1_path0,train,B_S24:47500014:78,True,False,0.03044097125530243,0.03069581509771524,0.00025484384241281077
W_k128_m0.1_H1_path0,train,B_S24:47500014:99,True,False,0.01368405856192112,0.020743139411933953,0.007059080850012833
W_k128_m0.1_H1_path0,train,B_S24:47500014:134,True,False,0.0128311887383461,0.030886499051121064,0.018055310312774964
W_k128_m0.1_H1_path0,train,B_S24:47500014:161,True,False,0.012782267294824123,0.01726318428700324,0.004480916992179118
W_k128_m0.1_H1_path0,train,B_S24:47500014:170,True,False,0.024514658376574516,0.02878740993401152,0.0042727515574370045
W_k128_m0.1_H1_path0,train,B_S24:47500016:4,False,True,0.8732512593269348,0.49144626630004495,-0.38180499302688986
W_k128_m0.1_H1_path0,train,B_S24:47500016:5,False,True,0.8039394617080688,0.39161108079133555,-0.4123283809167333
W_k128_m0.1_H1_path0,train,B_S24:47500016:30,True,False,0.02671368420124054,0.05639733657881152,0.02968365237757098
W_k128_m0.1_H1_path0,train,B_S24:47500016:42,True,False,0.03503943979740143,0.02180421439697966,-0.013235225400421768
W_k128_m0.1_H1_path0,train,B_S24:47500016:43,True,False,0.021625204011797905,0.025463316655077506,0.003838112643279601
W_k128_m0.1_H1_path0,train,B_S24:47500016:108,True,False,0.0321815051138401,0.015216983134450857,-0.016964521979389247
W_k128_m0.1_H1_path0,train,B_S24:47500016:129,True,False,0.008044766262173653,0.012924600265250774,0.0048798340030771215
W_k128_m0.1_H1_path0,train,B_S24:47500016:165,True,False,0.007955703884363174,0.011838838185212808,0.0038831343008496333
W_k128_m0.1_H1_path0,train,B_S24:47500016:169,True,False,0.014702266082167625,0.011628900911091478,-0.003073365171076148
W_k128_m0.1_H1_path0,development,B_S24:47600000:3,False,True,0.35526859760284424,0.4329055240668822,0.07763692646403797
W_k128_m0.1_H1_path0,development,B_S24:47600000:14,False,True,0.05823998525738716,0.053850901136684115,-0.004389084120703046
W_k128_m0.1_H1_path0,development,B_S24:47600000:17,False,True,0.028271155431866646,0.03729056544761988,0.009019410015753238
W_k128_m0.1_H1_path0,development,B_S24:47600000:21,False,True,0.021252380684018135,0.017611068906262517,-0.003641311777755618
W_k128_m0.1_H1_path0,development,B_S24:47600000:29,True,False,0.08268436044454575,0.06001966084295418,-0.022664699601591565
W_k128_m0.1_H1_path0,development,B_S24:47600000:32,True,False,0.08246379345655441,0.08776372806460131,0.005299934608046897
W_k128_m0.1_H1_path0,development,B_S24:47600000:76,True,False,0.018497241660952568,0.020543292372167343,0.0020460507112147752
W_k128_m0.1_H1_path0,development,B_S24:47600000:83,True,False,0.014716502279043198,0.01266431008662039,-0.002052192192422808
W_k128_m0.1_H1_path0,development,B_S24:47600000:157,True,False,0.007911448366940022,0.01456283458537655,0.006651386218436528
W_k128_m0.1_H1_path0,development,B_S24:47600002:2,False,True,0.4515269100666046,0.5564255423378199,0.10489863227121532
W_k128_m0.1_H1_path0,development,B_S24:47600002:16,False,True,0.09241363406181335,0.09526103489770321,0.0028474008358898573
W_k128_m0.1_H1_path0,development,B_S24:47600002:30,True,False,0.05186136066913605,0.06175460429585655,0.009893243626720505
W_k128_m0.1_H1_path0,development,B_S24:47600002:36,True,False,0.019151395186781883,0.0374743074298749,0.018322912243093015
W_k128_m0.1_H1_path0,development,B_S24:47600002:68,True,False,0.008899679407477379,0.021028930350439623,0.012129250942962244
W_k128_m0.1_H1_path0,development,B_S24:47600002:76,True,False,0.01612168923020363,0.02338215162308188,0.007260462392878253
W_k128_m0.1_H1_path0,development,B_S24:47600002:79,True,False,0.10095085203647614,0.09297215898550348,-0.007978693050972652
W_k128_m0.1_H1_path0,development,B_S24:47600002:89,True,False,0.039968352764844894,0.04540075840850477,0.005432405643659877
W_k128_m0.1_H1_path0,development,B_S24:47600002:107,True,False,0.17165566980838776,0.12613377368870715,-0.045521896119680605
W_k128_m0.1_H1_path0,development,B_S24:47600003:1,False,True,0.6212135553359985,0.545708992285654,-0.07550456305034459
W_k128_m0.1_H1_path0,development,B_S24:47600003:3,False,True,0.6665657162666321,0.5178955093433615,-0.1486702069232706
W_k128_m0.1_H1_path0,development,B_S24:47600003:4,False,True,0.24833102524280548,0.5483993214438669,0.30006829620106146
W_k128_m0.1_H1_path0,development,B_S24:47600003:11,False,True,0.09711100906133652,0.15076238456822466,0.053651375506888144
W_k128_m0.1_H1_path0,development,B_S24:47600003:12,False,True,0.10032651573419571,0.11496053146765917,0.014634015733463457
W_k128_m0.1_H1_path0,development,B_S24:47600003:22,False,True,0.1214040070772171,0.12255651773011778,0.0011525106529006734
W_k128_m0.1_H1_path0,development,B_S24:47600003:70,True,False,0.02085896208882332,0.02865152476806543,0.00779256267924211
W_k128_m0.1_H1_path0,development,B_S24:47600003:90,True,False,0.02176118642091751,0.02763923501697718,0.005878048596059671
W_k128_m0.1_H1_path0,development,B_S24:47600003:112,True,False,0.020435262471437454,0.01946562023476872,-0.000969642236668733
W_k128_m0.1_H1_path0,development,B_S24:47600003:125,True,False,0.02620735578238964,0.025339494977743016,-0.0008678608046466252
W_k128_m0.1_H1_path0,development,B_S24:47600004:3,False,True,0.6070137023925781,0.5614901294466108,-0.04552357294596732
W_k128_m0.1_H1_path0,development,B_S24:47600004:8,False,True,0.31930625438690186,0.21780315145588247,-0.10150310293101938
W_k128_m0.1_H1_path0,development,B_S24:47600004:53,True,False,0.055906955152750015,0.02308820123289479,-0.032818753919855226
W_k128_m0.1_H1_path0,development,B_S24:47600004:65,True,False,0.022365286946296692,0.028744358103722334,0.006379071157425642
W_k128_m0.1_H1_path0,development,B_S24:47600004:92,True,False,0.01047839131206274,0.03288821084606752,0.022409819534004782
W_k128_m0.1_H1_path0,development,B_S24:47600004:109,True,False,0.028030933812260628,0.03257753301295452,0.0045465992006938905
W_k128_m0.1_H1_path0,development,B_S24:47600004:122,True,False,0.010658236220479012,0.026271910133800702,0.01561367391332169
W_k128_m0.1_H1_path0,development,B_S24:47600005:2,False,True,0.6389777064323425,0.5106513136997819,-0.12832639273256063
W_k128_m0.1_H1_path0,development,B_S24:47600005:5,False,True,0.4146263003349304,0.3377501490758732,-0.07687615125905722
W_k128_m0.1_H1_path0,development,B_S24:47600005:15,False,True,0.12418827414512634,0.06470611422628281,-0.059482159918843536
W_k128_m0.1_H1_path0,development,B_S24:47600005:24,True,False,0.02944006212055683,0.02905441447364865,-0.00038564764690818265
W_k128_m0.1_H1_path0,development,B_S24:47600005:33,True,False,0.02022760733962059,0.04451506317127496,0.02428745583165437
W_k128_m0.1_H1_path0,development,B_S24:47600005:48,True,False,0.041766371577978134,0.033922314976734924,-0.00784405660124321
W_k128_m0.1_H1_path0,development,B_S24:47600005:86,True,False,0.019395943731069565,0.018435027081068256,-0.0009609166500013089
W_k128_m0.1_H1_path0,development,B_S24:47600005:88,True,False,0.015153711661696434,0.017792656861274736,0.002638945199578302
W_k128_m0.1_H1_path0,development,B_S24:47600005:105,True,False,0.04433915764093399,0.020318677885370562,-0.02402047975556343
W_k128_m0.1_H1_path0,development,B_S24:47600005:119,True,False,0.01135973259806633,0.019057445259022643,0.007697712660956313
W_k128_m0.1_H1_path0,development,B_S24:47600006:2,False,True,0.4865182042121887,0.5080496055306867,0.021531401318497956
W_k128_m0.1_H1_path0,development,B_S24:47600006:11,False,True,0.07529313117265701,0.0699939264504792,-0.005299204722177819
W_k128_m0.1_H1_path0,development,B_S24:47600006:13,False,True,0.029713213443756104,0.026484494999749586,-0.0032287184440065175
W_k128_m0.1_H1_path0,development,B_S24:47600006:16,False,True,0.04719971492886543,0.017490961217845324,-0.02970875371102011
W_k128_m0.1_H1_path0,development,B_S24:47600006:25,True,False,0.015053944662213326,0.016448962333015515,0.00139501767080219
W_k128_m0.1_H1_path0,development,B_S24:47600006:38,True,False,0.03934080898761749,0.027635792896035127,-0.011705016091582365
W_k128_m0.1_H1_path0,development,B_S24:47600006:72,True,False,0.026542115956544876,0.05563936601538444,0.029097250058839563
W_k128_m0.1_H1_path0,development,B_S24:47600006:101,True,False,0.03552376478910446,0.031565150726237334,-0.003958614062867127
W_k128_m0.1_H1_path0,development,B_S24:47600006:132,True,False,0.01663866452872753,0.021573589561739936,0.004934925033012405
W_k128_m0.1_H1_path0,development,B_S24:47600006:177,True,False,0.03050999343395233,0.036848208133960725,0.006338214700008393
W_k128_m0.1_H1_path0,development,B_S24:47600007:4,False,True,0.6698781847953796,0.5409625071042683,-0.12891567769111134
W_k128_m0.1_H1_path0,development,B_S24:47600007:7,False,True,0.205480694770813,0.20442570785235148,-0.001054986918461509
W_k128_m0.1_H1_path0,development,B_S24:47600007:10,False,True,0.29035744071006775,0.07685632793436525,-0.2135011127757025
W_k128_m0.1_H1_path0,development,B_S24:47600007:17,False,True,0.07328639179468155,0.03153258314887353,-0.04175380864580802
W_k128_m0.1_H1_path0,development,B_S24:47600007:27,True,False,0.01853432133793831,0.041441734674663167,0.022907413336724858
W_k128_m0.1_H1_path0,development,B_S24:47600007:28,True,False,0.01615932211279869,0.03132776516213198,0.015168443049333291
W_k128_m0.1_H1_path0,development,B_S24:47600007:61,True,False,0.011761964298784733,0.019848793435812695,0.008086829137027962
W_k128_m0.1_H1_path0,development,B_S24:47600007:66,True,False,0.0086237583309412,0.01757363688557234,0.008949878554631141
W_k128_m0.1_H1_path0,development,B_S24:47600007:87,True,False,0.012038633227348328,0.011811635000412934,-0.00022699822693539318
W_k128_m0.1_H1_path0,development,B_S24:47600007:117,True,False,0.010509228333830833,0.01218004860857036,0.0016708202747395262
W_k128_m0.1_H1_path0,development,B_S24:47600008:6,False,True,0.20526280999183655,0.40775262148235925,0.2024898114905227
W_k128_m0.1_H1_path0,development,B_S24:47600008:8,False,True,0.21653077006340027,0.3010317200096324,0.08450094994623214
W_k128_m0.1_H1_path0,development,B_S24:47600008:21,False,True,0.030636224895715714,0.030580391368857818,-5.583352685789578e-05
W_k128_m0.1_H1_path0,development,B_S24:47600008:23,True,False,0.07512281090021133,0.04055482968396973,-0.034567981216241606
W_k128_m0.1_H1_path0,development,B_S24:47600008:49,True,False,0.05530905723571777,0.045398807342280634,-0.00991024989343714
W_k128_m0.1_H1_path0,development,B_S24:47600008:54,True,False,0.019125603139400482,0.023346060490439413,0.004220457351038931
W_k128_m0.1_H1_path0,development,B_S24:47600008:61,True,False,0.02094271034002304,0.0130140755463799,-0.007928634793643141
W_k128_m0.1_H1_path0,development,B_S24:47600008:87,True,False,0.008401891216635704,0.011943119834540994,0.00354122861790529
W_k128_m0.1_H1_path0,development,B_S24:47600008:101,True,False,0.009592218324542046,0.015580812916596187,0.005988594592054142
U_k128_m0.001_H1_path0,train,B_S24:47500000:1,False,True,0.2575269341468811,0.1477159814821789,-0.1098109526647022
U_k128_m0.001_H1_path0,train,B_S24:47500000:8,False,True,0.25686201453208923,0.14046400329243625,-0.11639801123965299
U_k128_m0.001_H1_path0,train,B_S24:47500000:26,True,True,0.18183313310146332,0.14599024801282212,-0.035842885088641196
U_k128_m0.001_H1_path0,train,B_S24:47500000:39,True,True,0.22693026065826416,0.18778296788514126,-0.0391472927731229
U_k128_m0.001_H1_path0,train,B_S24:47500000:84,True,True,0.22949033975601196,0.1635652738987119,-0.06592506585730007
U_k128_m0.001_H1_path0,train,B_S24:47500000:141,True,True,0.18619881570339203,0.1536350673850393,-0.03256374831835274
U_k128_m0.001_H1_path0,train,B_S24:47500000:144,True,True,0.18034841120243073,0.13999969438737025,-0.04034871681506047
U_k128_m0.001_H1_path0,train,B_S24:47500000:155,True,True,0.2297348529100418,0.18629067673464306,-0.04344417617539875
U_k128_m0.001_H1_path0,train,B_S24:47500000:169,True,True,0.24865815043449402,0.19671273886342533,-0.05194541157106869
U_k128_m0.001_H1_path0,train,B_S24:47500000:179,True,True,0.23669016361236572,0.17524382763076574,-0.06144633598159999
U_k128_m0.001_H1_path0,train,B_S24:47500002:2,False,True,0.2053331881761551,0.14411319469945738,-0.06121999347669771
U_k128_m0.001_H1_path0,train,B_S24:47500002:3,False,True,0.21298913657665253,0.15449628009810112,-0.0584928564785514
U_k128_m0.001_H1_path0,train,B_S24:47500002:15,False,True,0.23779281973838806,0.20631708862492815,-0.031475731113459915
U_k128_m0.001_H1_path0,train,B_S24:47500002:25,False,True,0.2285236120223999,0.1523879110609414,-0.0761357009614585
U_k128_m0.001_H1_path0,train,B_S24:47500002:33,True,True,0.23888513445854187,0.17221757236984558,-0.06666756208869629
U_k128_m0.001_H1_path0,train,B_S24:47500002:55,True,True,0.22943007946014404,0.18150063484790735,-0.047929444612236694
U_k128_m0.001_H1_path0,train,B_S24:47500002:101,True,True,0.2584179639816284,0.19364579222747125,-0.06477217175415717
U_k128_m0.001_H1_path0,train,B_S24:47500002:114,True,True,0.21047809720039368,0.18022316797578242,-0.03025492922461126
U_k128_m0.001_H1_path0,train,B_S24:47500002:152,True,True,0.21450559794902802,0.18219328623672482,-0.0323123117123032
U_k128_m0.001_H1_path0,train,B_S24:47500002:178,True,True,0.18945877254009247,0.17318288175738417,-0.016275890782708302
U_k128_m0.001_H1_path0,train,B_S24:47500003:4,False,True,0.22079913318157196,0.09833146636083256,-0.1224676668207394
U_k128_m0.001_H1_path0,train,B_S24:47500003:16,False,True,0.2554126977920532,0.1560617991926847,-0.09935089859936852
U_k128_m0.001_H1_path0,train,B_S24:47500003:24,False,True,0.2250235229730606,0.17074363319261465,-0.054279889780445956
U_k128_m0.001_H1_path0,train,B_S24:47500003:41,True,True,0.20098693668842316,0.16715897143876646,-0.0338279652496567
U_k128_m0.001_H1_path0,train,B_S24:47500003:46,True,True,0.22236324846744537,0.1929521881538676,-0.029411060313577764
U_k128_m0.001_H1_path0,train,B_S24:47500003:80,True,True,0.24011541903018951,0.15998671092529548,-0.08012870810489403
U_k128_m0.001_H1_path0,train,B_S24:47500003:91,True,True,0.20845092833042145,0.19291197518759873,-0.01553895314282272
U_k128_m0.001_H1_path0,train,B_S24:47500003:109,True,True,0.21351221203804016,0.19235912805015687,-0.021153083987883292
U_k128_m0.001_H1_path0,train,B_S24:47500003:149,True,True,0.20682916045188904,0.17529964903951623,-0.03152951141237281
U_k128_m0.001_H1_path0,train,B_S24:47500003:180,True,True,0.23124802112579346,0.1782163856405532,-0.05303163548524026
U_k128_m0.001_H1_path0,train,B_S24:47500005:2,False,True,0.23551782965660095,0.12897159937710967,-0.10654623027949128
U_k128_m0.001_H1_path0,train,B_S24:47500005:6,False,True,0.263650506734848,0.15500860425527208,-0.10864190247957595
U_k128_m0.001_H1_path0,train,B_S24:47500005:13,False,True,0.2605641782283783,0.16594563784019556,-0.09461854038818274
U_k128_m0.001_H1_path0,train,B_S24:47500005:45,True,True,0.2184174805879593,0.1484561146789929,-0.0699613659089664
U_k128_m0.001_H1_path0,train,B_S24:47500005:46,True,True,0.24567246437072754,0.15380858608114067,-0.09186387828958686
U_k128_m0.001_H1_path0,train,B_S24:47500005:67,True,True,0.2221284955739975,0.1912096366431797,-0.030918858930817805
U_k128_m0.001_H1_path0,train,B_S24:47500005:106,True,True,0.2667727470397949,0.17308385770593304,-0.09368888933386188
U_k128_m0.001_H1_path0,train,B_S24:47500005:120,True,True,0.2527570426464081,0.17704790038987994,-0.07570914225652814
U_k128_m0.001_H1_path0,train,B_S24:47500005:170,True,True,0.20674268901348114,0.16076671540213283,-0.04597597361134831
U_k128_m0.001_H1_path0,train,B_S24:47500006:4,False,True,0.25870561599731445,0.16289711178978905,-0.0958085042075254
U_k128_m0.001_H1_path0,train,B_S24:47500006:5,False,True,0.20806516706943512,0.15214787443983369,-0.055917292629601434
U_k128_m0.001_H1_path0,train,B_S24:47500006:8,False,True,0.21118950843811035,0.14272889607673278,-0.06846061236137757
U_k128_m0.001_H1_path0,train,B_S24:47500006:10,False,True,0.23397822678089142,0.1401019694749266,-0.09387625730596483
U_k128_m0.001_H1_path0,train,B_S24:47500006:89,True,True,0.24920141696929932,0.1871955993847223,-0.06200581758457702
U_k128_m0.001_H1_path0,train,B_S24:47500006:102,True,True,0.18253116309642792,0.143234504153952,-0.039296658942475915
U_k128_m0.001_H1_path0,train,B_S24:47500006:118,True,True,0.26874762773513794,0.15286191181803588,-0.11588571591710206
U_k128_m0.001_H1_path0,train,B_S24:47500006:136,True,True,0.21875791251659393,0.1910840688215103,-0.027673843695083633
U_k128_m0.001_H1_path0,train,B_S24:47500006:169,True,True,0.26840293407440186,0.18505174020538107,-0.08335119386902079
U_k128_m0.001_H1_path0,train,B_S24:47500007:4,False,True,0.21252791583538055,0.13179152212978806,-0.08073639370559249
U_k128_m0.001_H1_path0,train,B_S24:47500007:6,False,True,0.2266702950000763,0.14618276263354346,-0.08048753236653283
U_k128_m0.001_H1_path0,train,B_S24:47500007:13,False,True,0.2555670738220215,0.17285747636924498,-0.0827095974527765
U_k128_m0.001_H1_path0,train,B_S24:47500007:36,True,True,0.2174382209777832,0.1759875470015686,-0.0414506739762146
U_k128_m0.001_H1_path0,train,B_S24:47500007:97,True,True,0.20929205417633057,0.1624208260618616,-0.04687122811446898
U_k128_m0.001_H1_path0,train,B_S24:47500007:118,True,True,0.24671021103858948,0.18880322622135282,-0.05790698481723666
U_k128_m0.001_H1_path0,train,B_S24:47500007:134,True,True,0.2100849747657776,0.16235060846520355,-0.04773436630057404
U_k128_m0.001_H1_path0,train,B_S24:47500007:168,True,True,0.27762937545776367,0.19076662450970616,-0.08686275094805751
U_k128_m0.001_H1_path0,train,B_S24:47500008:4,False,True,0.2217399626970291,0.15651807628455572,-0.0652218864124734
U_k128_m0.001_H1_path0,train,B_S24:47500008:10,False,True,0.21362286806106567,0.13520920231530908,-0.07841366574575659
U_k128_m0.001_H1_path0,train,B_S24:47500008:20,False,True,0.2047855406999588,0.1634454739614739,-0.04134006673848489
U_k128_m0.001_H1_path0,train,B_S24:47500008:28,True,True,0.21550491452217102,0.12650773532368476,-0.08899717919848626
U_k128_m0.001_H1_path0,train,B_S24:47500008:34,True,True,0.22526417672634125,0.17808280780445784,-0.047181368921883404
U_k128_m0.001_H1_path0,train,B_S24:47500008:112,True,True,0.22810953855514526,0.14771977784403134,-0.08038976071111392
U_k128_m0.001_H1_path0,train,B_S24:47500008:131,True,True,0.18761031329631805,0.1515702809629147,-0.03604003233340336
U_k128_m0.001_H1_path0,train,B_S24:47500008:172,True,True,0.20339423418045044,0.1845488152175676,-0.01884541896288283
U_k128_m0.001_H1_path0,train,B_S24:47500009:6,False,True,0.23704703152179718,0.16983697580872104,-0.06721005571307614
U_k128_m0.001_H1_path0,train,B_S24:47500009:11,False,True,0.23669110238552094,0.16480101211345755,-0.07189009027206339
U_k128_m0.001_H1_path0,train,B_S24:47500009:15,False,True,0.22541019320487976,0.1596745933056809,-0.06573559989919886
U_k128_m0.001_H1_path0,train,B_S24:47500009:20,False,True,0.21604764461517334,0.16682238988869358,-0.04922525472647976
U_k128_m0.001_H1_path0,train,B_S24:47500009:26,True,True,0.22562283277511597,0.18896869337186217,-0.036654139403253794
U_k128_m0.001_H1_path0,train,B_S24:47500009:36,True,True,0.23084375262260437,0.17178953271650244,-0.059054219906101935
U_k128_m0.001_H1_path0,train,B_S24:47500009:68,True,True,0.23229873180389404,0.165967581429868,-0.06633115037402604
U_k128_m0.001_H1_path0,train,B_S24:47500009:142,True,True,0.23583002388477325,0.17787769719143398,-0.05795232669333927
U_k128_m0.001_H1_path0,train,B_S24:47500011:5,False,True,0.2198985517024994,0.12846592014102498,-0.09143263156147441
U_k128_m0.001_H1_path0,train,B_S24:47500011:15,False,True,0.1932605504989624,0.16750945782405324,-0.02575109267490916
U_k128_m0.001_H1_path0,train,B_S24:47500011:26,True,True,0.21661092340946198,0.16276289976667613,-0.05384802364278585
U_k128_m0.001_H1_path0,train,B_S24:47500011:29,True,True,0.20321379601955414,0.16370167774584843,-0.03951211827370571
U_k128_m0.001_H1_path0,train,B_S24:47500011:31,True,True,0.20958173274993896,0.15767069303547032,-0.05191103971446864
U_k128_m0.001_H1_path0,train,B_S24:47500011:36,True,True,0.24770812690258026,0.18164730854914524,-0.06606081835343502
U_k128_m0.001_H1_path0,train,B_S24:47500011:49,True,True,0.22063782811164856,0.14595434138027485,-0.0746834867313737
U_k128_m0.001_H1_path0,train,B_S24:47500011:56,True,True,0.2608693242073059,0.19284433722350514,-0.06802498698380077
U_k128_m0.001_H1_path0,train,B_S24:47500011:74,True,True,0.20784097909927368,0.17756605170143303,-0.030274927397840656
U_k128_m0.001_H1_path0,train,B_S24:47500011:167,True,True,0.2655332088470459,0.18889541447424563,-0.07663779437280027
U_k128_m0.001_H1_path0,train,B_S24:47500013:14,False,True,0.25389179587364197,0.189176591578871,-0.06471520429477096
U_k128_m0.001_H1_path0,train,B_S24:47500013:15,False,True,0.2662172019481659,0.16283956042025238,-0.10337764152791351
U_k128_m0.001_H1_path0,train,B_S24:47500013:28,True,True,0.21709859371185303,0.1446008863276802,-0.07249770738417283
U_k128_m0.001_H1_path0,train,B_S24:47500013:32,True,True,0.24860011041164398,0.17917332699289545,-0.06942678341874853
U_k128_m0.001_H1_path0,train,B_S24:47500013:58,True,True,0.24857786297798157,0.17757757670187857,-0.071000286276103
U_k128_m0.001_H1_path0,train,B_S24:47500013:83,True,True,0.1984637975692749,0.17474581285205204,-0.023717984717222862
U_k128_m0.001_H1_path0,train,B_S24:47500013:119,True,True,0.19386112689971924,0.17614299614797346,-0.017718130751745775
U_k128_m0.001_H1_path0,train,B_S24:47500013:128,True,True,0.19557537138462067,0.13361104625073494,-0.06196432513388572
U_k128_m0.001_H1_path0,train,B_S24:47500013:162,True,True,0.23893894255161285,0.168535329416045,-0.07040361313556787
U_k128_m0.001_H1_path0,train,B_S24:47500013:165,True,True,0.2618592381477356,0.12378796021948801,-0.13807127792824758
U_k128_m0.001_H1_path0,train,B_S24:47500014:9,False,True,0.20802462100982666,0.16838553197158035,-0.03963908903824631
U_k128_m0.001_H1_path0,train,B_S24:47500014:10,False,True,0.19127731025218964,0.16802170732262312,-0.02325560292956652
U_k128_m0.001_H1_path0,train,B_S24:47500014:20,False,True,0.2374153733253479,0.1730595247427118,-0.0643558485826361
U_k128_m0.001_H1_path0,train,B_S24:47500014:43,True,True,0.20137088000774384,0.17616354784695432,-0.02520733216078952
U_k128_m0.001_H1_path0,train,B_S24:47500014:60,True,True,0.23125727474689484,0.18068441963987425,-0.05057285510702059
U_k128_m0.001_H1_path0,train,B_S24:47500014:78,True,True,0.20392800867557526,0.16571261447825236,-0.038215394197322894
U_k128_m0.001_H1_path0,train,B_S24:47500014:99,True,True,0.21203917264938354,0.15529354209866142,-0.056745630550722126
U_k128_m0.001_H1_path0,train,B_S24:47500014:134,True,True,0.22604183852672577,0.1690106149035273,-0.05703122362319846
U_k128_m0.001_H1_path0,train,B_S24:47500014:161,True,True,0.225868359208107,0.18898550810990855,-0.036882851098198444
U_k128_m0.001_H1_path0,train,B_S24:47500014:170,True,True,0.26758095622062683,0.18140779648092575,-0.08617315973970108
U_k128_m0.001_H1_path0,train,B_S24:47500016:4,False,True,0.200150266289711,0.17601630692661274,-0.024133959363098256
U_k128_m0.001_H1_path0,train,B_S24:47500016:5,False,True,0.24188314378261566,0.1667279921748559,-0.07515515160775976
U_k128_m0.001_H1_path0,train,B_S24:47500016:30,True,True,0.2815838158130646,0.18695558392209932,-0.09462823189096525
U_k128_m0.001_H1_path0,train,B_S24:47500016:42,True,True,0.247920960187912,0.15814094705274329,-0.0897800131351687
U_k128_m0.001_H1_path0,train,B_S24:47500016:43,True,True,0.1700015813112259,0.14367695694090798,-0.026324624370317906
U_k128_m0.001_H1_path0,train,B_S24:47500016:108,True,True,0.23124532401561737,0.19176679957308806,-0.039478524442529306
U_k128_m0.001_H1_path0,train,B_S24:47500016:129,True,True,0.2200869470834732,0.1760507097496884,-0.04403623733378481
U_k128_m0.001_H1_path0,train,B_S24:47500016:165,True,True,0.23859286308288574,0.17843431092478568,-0.060158552158100065
U_k128_m0.001_H1_path0,train,B_S24:47500016:169,True,True,0.2242044359445572,0.18624320628441637,-0.037961229660140816
U_k128_m0.001_H1_path0,development,B_S24:47600000:3,False,True,0.19235491752624512,0.18804146842012415,-0.00431344910612097
U_k128_m0.001_H1_path0,development,B_S24:47600000:14,False,True,0.21706147491931915,0.15695282397791743,-0.06010865094140172
U_k128_m0.001_H1_path0,development,B_S24:47600000:17,False,True,0.1773853600025177,0.1871602545688802,0.009774894566362491
U_k128_m0.001_H1_path0,development,B_S24:47600000:21,False,True,0.15419207513332367,0.14357293933062465,-0.01061913580269902
U_k128_m0.001_H1_path0,development,B_S24:47600000:29,True,True,0.1774360090494156,0.16016389536162023,-0.017272113687795354
U_k128_m0.001_H1_path0,development,B_S24:47600000:32,True,True,0.17619091272354126,0.15059915339952568,-0.025591759324015584
U_k128_m0.001_H1_path0,development,B_S24:47600000:76,True,True,0.2087123841047287,0.15938240682589822,-0.049329977278830484
U_k128_m0.001_H1_path0,development,B_S24:47600000:83,True,True,0.1331884264945984,0.1903572752053151,0.0571688487107167
U_k128_m0.001_H1_path0,development,B_S24:47600000:157,True,True,0.18761053681373596,0.2176516392501071,0.030041102436371148
U_k128_m0.001_H1_path0,development,B_S24:47600002:2,False,True,0.03073623776435852,0.16082893116617925,0.13009269340182072
U_k128_m0.001_H1_path0,development,B_S24:47600002:16,False,True,0.14591974020004272,0.14900572170881787,0.0030859815087751485
U_k128_m0.001_H1_path0,development,B_S24:47600002:30,True,True,0.18222010135650635,0.1692448590802087,-0.01297524227629765
U_k128_m0.001_H1_path0,development,B_S24:47600002:36,True,True,0.21230889856815338,0.16610631224830286,-0.046202586319850525
U_k128_m0.001_H1_path0,development,B_S24:47600002:68,True,True,0.13884373009204865,0.15502600061154226,0.016182270519493613
U_k128_m0.001_H1_path0,development,B_S24:47600002:76,True,True,0.1274130642414093,0.1607309339888161,0.0333178697474068
U_k128_m0.001_H1_path0,development,B_S24:47600002:79,True,True,0.17949537932872772,0.221328590043413,0.041833210714685265
U_k128_m0.001_H1_path0,development,B_S24:47600002:89,True,True,0.12696576118469238,0.12078404191925074,-0.006181719265441643
U_k128_m0.001_H1_path0,development,B_S24:47600002:107,True,True,0.11533497273921967,0.1069145253241004,-0.00842044741511927
U_k128_m0.001_H1_path0,development,B_S24:47600003:1,False,True,0.10824553668498993,0.18457784636848373,0.0763323096834938
U_k128_m0.001_H1_path0,development,B_S24:47600003:3,False,True,0.1964907944202423,0.09431092604791047,-0.10217986837233184
U_k128_m0.001_H1_path0,development,B_S24:47600003:4,False,True,0.07747475057840347,0.08530649918247946,0.007831748604075983
U_k128_m0.001_H1_path0,development,B_S24:47600003:11,False,True,0.18551330268383026,0.19408988321447396,0.008576580530643696
U_k128_m0.001_H1_path0,development,B_S24:47600003:12,False,True,0.2455616444349289,0.2096340548741864,-0.03592758956074249
U_k128_m0.001_H1_path0,development,B_S24:47600003:22,False,True,0.14672835171222687,0.19080797886272194,0.04407962715049507
U_k128_m0.001_H1_path0,development,B_S24:47600003:70,True,True,0.15307378768920898,0.1510807119848323,-0.001993075704376679
U_k128_m0.001_H1_path0,development,B_S24:47600003:90,True,True,0.1500450223684311,0.13191220156659256,-0.018132820801838534
U_k128_m0.001_H1_path0,development,B_S24:47600003:112,True,True,0.17949071526527405,0.15994978625531076,-0.019540929009963293
U_k128_m0.001_H1_path0,development,B_S24:47600003:125,True,True,0.17781871557235718,0.16340763573316508,-0.014411079839192098
U_k128_m0.001_H1_path0,development,B_S24:47600004:3,False,True,0.15239094197750092,0.09801727238664171,-0.05437366959085921
U_k128_m0.001_H1_path0,development,B_S24:47600004:8,False,True,0.1493295282125473,0.13040009116957663,-0.018929437042970676
U_k128_m0.001_H1_path0,development,B_S24:47600004:53,True,True,0.12891966104507446,0.12328234459346277,-0.005637316451611696
U_k128_m0.001_H1_path0,development,B_S24:47600004:65,True,True,0.1264534294605255,0.11237957538105547,-0.014073854079470038
U_k128_m0.001_H1_path0,development,B_S24:47600004:92,True,True,0.12301987409591675,0.11015986155689461,-0.012860012539022136
U_k128_m0.001_H1_path0,development,B_S24:47600004:109,True,True,0.11692488938570023,0.10360427232808433,-0.013320617057615891
U_k128_m0.001_H1_path0,development,B_S24:47600004:122,True,True,0.10396379977464676,0.10546856540895533,0.0015047656343085691
U_k128_m0.001_H1_path0,development,B_S24:47600005:2,False,True,0.08538856357336044,0.1247628818055091,0.03937431823214865
U_k128_m0.001_H1_path0,development,B_S24:47600005:5,False,True,0.10064706206321716,0.11809483885008376,0.017447776786866598
U_k128_m0.001_H1_path0,development,B_S24:47600005:15,False,True,0.19575800001621246,0.19192182036931626,-0.0038361796468961984
U_k128_m0.001_H1_path0,development,B_S24:47600005:24,True,True,0.16758520901203156,0.15813461557263508,-0.00945059343939647
U_k128_m0.001_H1_path0,development,B_S24:47600005:33,True,True,0.21924522519111633,0.16574527793272864,-0.05349994725838769
U_k128_m0.001_H1_path0,development,B_S24:47600005:48,True,True,0.15417350828647614,0.16264222074096324,0.008468712454487104
U_k128_m0.001_H1_path0,development,B_S24:47600005:86,True,True,0.15118472278118134,0.1718286814793828,0.02064395869820146
U_k128_m0.001_H1_path0,development,B_S24:47600005:88,True,True,0.17436890304088593,0.15304309792554704,-0.02132580511533888
U_k128_m0.001_H1_path0,development,B_S24:47600005:105,True,True,0.17126405239105225,0.2187615166330943,0.04749746424204204
U_k128_m0.001_H1_path0,development,B_S24:47600005:119,True,True,0.13643613457679749,0.14328673492491362,0.0068506003481161315
U_k128_m0.001_H1_path0,development,B_S24:47600006:2,False,True,0.1751052290201187,0.12350135610176949,-0.051603872918349225
U_k128_m0.001_H1_path0,development,B_S24:47600006:11,False,True,0.23757274448871613,0.1568253722616646,-0.08074737222705153
U_k128_m0.001_H1_path0,development,B_S24:47600006:13,False,True,0.2591119110584259,0.3006202259930433,0.041508314934617374
U_k128_m0.001_H1_path0,development,B_S24:47600006:16,False,True,0.34395405650138855,0.22464920276979683,-0.11930485373159172
U_k128_m0.001_H1_path0,development,B_S24:47600006:25,True,True,0.20183144509792328,0.15470568871387513,-0.047125756384048145
U_k128_m0.001_H1_path0,development,B_S24:47600006:38,True,True,0.137495756149292,0.13525005504561705,-0.0022457011036749464
U_k128_m0.001_H1_path0,development,B_S24:47600006:72,True,True,0.1585661619901657,0.15320527374569792,-0.0053608882444677874
U_k128_m0.001_H1_path0,development,B_S24:47600006:101,True,True,0.32335129380226135,0.2456976255416521,-0.07765366826060927
U_k128_m0.001_H1_path0,development,B_S24:47600006:132,True,True,0.16027307510375977,0.1384688376347185,-0.021804237469041254
U_k128_m0.001_H1_path0,development,B_S24:47600006:177,True,True,0.21742211282253265,0.19798918209562544,-0.019432930726907216
U_k128_m0.001_H1_path0,development,B_S24:47600007:4,False,True,0.07290896028280258,0.06392061490987544,-0.008988345372927142
U_k128_m0.001_H1_path0,development,B_S24:47600007:7,False,True,0.07572849839925766,0.09346176335384371,0.017733264954586048
U_k128_m0.001_H1_path0,development,B_S24:47600007:10,False,True,0.13398845493793488,0.12627595815138193,-0.007712496786552947
U_k128_m0.001_H1_path0,development,B_S24:47600007:17,False,True,0.16489841043949127,0.11381346175039653,-0.051084948689094745
U_k128_m0.001_H1_path0,development,B_S24:47600007:27,True,True,0.09556658565998077,0.11799137676280225,0.022424791102821473
U_k128_m0.001_H1_path0,development,B_S24:47600007:28,True,True,0.13213549554347992,0.13535415789010585,0.0032186623466259334
U_k128_m0.001_H1_path0,development,B_S24:47600007:61,True,True,0.2085348665714264,0.19257841166836442,-0.015956454903061967
U_k128_m0.001_H1_path0,development,B_S24:47600007:66,True,True,0.20498807728290558,0.17291121133530396,-0.03207686594760162
U_k128_m0.001_H1_path0,development,B_S24:47600007:87,True,True,0.14486344158649445,0.1400812214706093,-0.0047822201158851385
U_k128_m0.001_H1_path0,development,B_S24:47600007:117,True,True,0.13434788584709167,0.13494869132046006,0.0006008054733683821
U_k128_m0.001_H1_path0,development,B_S24:47600008:6,False,True,0.08084774762392044,0.09199108208849793,0.011143334464577492
U_k128_m0.001_H1_path0,development,B_S24:47600008:8,False,True,0.07842462509870529,0.08474647533148527,0.00632185023277998
U_k128_m0.001_H1_path0,development,B_S24:47600008:21,False,True,0.08002690225839615,0.0777783900484792,-0.002248512209916953
U_k128_m0.001_H1_path0,development,B_S24:47600008:23,True,True,0.0762791559100151,0.06637328220676864,-0.00990587370324647
U_k128_m0.001_H1_path0,development,B_S24:47600008:49,True,True,0.07728000730276108,0.08228158356359927,0.005001576260838192
U_k128_m0.001_H1_path0,development,B_S24:47600008:54,True,True,0.08632376044988632,0.10087537253275514,0.014551612082868814
U_k128_m0.001_H1_path0,development,B_S24:47600008:61,True,True,0.10601691901683807,0.11134980331553379,0.005332884298695717
U_k128_m0.001_H1_path0,development,B_S24:47600008:87,True,True,0.12389976531267166,0.10736570828885306,-0.016534057023818605
U_k128_m0.001_H1_path0,development,B_S24:47600008:101,True,True,0.0468435063958168,0.1017649849090958,0.054921478513279
U_k128_m0.001_H2_candidate_path0,train,B_S24:47500000:1,False,True,0.7695781588554382,0.35675395687576383,-0.4128242019796744
U_k128_m0.001_H2_candidate_path0,train,B_S24:47500000:8,False,True,0.3284136652946472,0.17090559062489774,-0.15750807466974948
U_k128_m0.001_H2_candidate_path0,train,B_S24:47500000:26,True,False,0.2551058828830719,0.23199249735625926,-0.023113385526812635
U_k128_m0.001_H2_candidate_path0,train,B_S24:47500000:39,True,False,0.36561253666877747,0.2562598287477158,-0.10935270792106166
U_k128_m0.001_H2_candidate_path0,train,B_S24:47500000:84,True,False,0.16194716095924377,0.11930707522697048,-0.04264008573227329
U_k128_m0.001_H2_candidate_path0,train,B_S24:47500000:141,True,False,0.24185340106487274,0.15820436259673443,-0.08364903846813831
U_k128_m0.001_H2_candidate_path0,train,B_S24:47500000:144,True,False,0.1785990595817566,0.1026536372010014,-0.07594542238075519
U_k128_m0.001_H2_candidate_path0,train,B_S24:47500000:155,True,False,0.21898478269577026,0.18513286170491483,-0.03385192099085543
U_k128_m0.001_H2_candidate_path0,train,B_S24:47500000:169,True,False,0.08858203142881393,0.19814226664311718,0.10956023521430325
U_k128_m0.001_H2_candidate_path0,train,B_S24:47500000:179,True,False,0.1959020048379898,0.13726842988398857,-0.05863357495400123
U_k128_m0.001_H2_candidate_path0,train,B_S24:47500002:2,False,True,0.800560474395752,0.3022131796751637,-0.49834729472058825
U_k128_m0.001_H2_candidate_path0,train,B_S24:47500002:3,False,True,0.40522950887680054,0.2106948762520915,-0.19453463262470905
U_k128_m0.001_H2_candidate_path0,train,B_S24:47500002:15,False,True,0.6942621469497681,0.18940676025522407,-0.504855386694544
U_k128_m0.001_H2_candidate_path0,train,B_S24:47500002:25,False,True,0.7272331118583679,0.16277820089453598,-0.5644549109638319
U_k128_m0.001_H2_candidate_path0,train,B_S24:47500002:33,True,False,0.12861225008964539,0.2581271219532937,0.1295148718636483
U_k128_m0.001_H2_candidate_path0,train,B_S24:47500002:55,True,False,0.09642212837934494,0.19917986713699065,0.10275773875764571
U_k128_m0.001_H2_candidate_path0,train,B_S24:47500002:101,True,False,0.08800502866506577,0.22677464188018348,0.13876961321511772
U_k128_m0.001_H2_candidate_path0,train,B_S24:47500002:114,True,False,0.3424454629421234,0.23278198152547702,-0.10966348141664639
U_k128_m0.001_H2_candidate_path0,train,B_S24:47500002:152,True,False,0.23968344926834106,0.20246561715612188,-0.037217832112219185
U_k128_m0.001_H2_candidate_path0,train,B_S24:47500002:178,True,False,0.287230521440506,0.1616829579725163,-0.12554756346798968
U_k128_m0.001_H2_candidate_path0,train,B_S24:47500003:4,False,True,0.3093482553958893,0.24827951680344995,-0.06106873859243933
U_k128_m0.001_H2_candidate_path0,train,B_S24:47500003:16,False,True,0.27382850646972656,0.16992704971926287,-0.1039014567504637
U_k128_m0.001_H2_candidate_path0,train,B_S24:47500003:24,False,True,0.6447806358337402,0.2562334186513908,-0.3885472171823494
U_k128_m0.001_H2_candidate_path0,train,B_S24:47500003:41,True,False,0.28149306774139404,0.20793073088862002,-0.07356233685277402
U_k128_m0.001_H2_candidate_path0,train,B_S24:47500003:46,True,False,0.19083410501480103,0.26344068702019285,0.07260658200539183
U_k128_m0.001_H2_candidate_path0,train,B_S24:47500003:80,True,False,0.1653231531381607,0.11443264487024862,-0.05089050826791208
U_k128_m0.001_H2_candidate_path0,train,B_S24:47500003:91,True,False,0.23616236448287964,0.2772287980769761,0.04106643359409645
U_k128_m0.001_H2_candidate_path0,train,B_S24:47500003:109,True,False,0.19348900020122528,0.13944243467994966,-0.054046565521275625
U_k128_m0.001_H2_candidate_path0,train,B_S24:47500003:149,True,False,0.0993272215127945,0.1072842800131184,0.00795705850032391
U_k128_m0.001_H2_candidate_path0,train,B_S24:47500003:180,True,False,0.15701165795326233,0.18299203575588763,0.0259803778026253
U_k128_m0.001_H2_candidate_path0,train,B_S24:47500005:2,False,True,0.420005738735199,0.3487932971911505,-0.07121244154404849
U_k128_m0.001_H2_candidate_path0,train,B_S24:47500005:6,False,True,0.9471735954284668,0.2700261319114361,-0.6771474635170307
U_k128_m0.001_H2_candidate_path0,train,B_S24:47500005:13,False,True,0.5491655468940735,0.13720452263078187,-0.4119610242632916
U_k128_m0.001_H2_candidate_path0,train,B_S24:47500005:45,True,False,0.10710030049085617,0.12000347787397914,0.012903177383122966
U_k128_m0.001_H2_candidate_path0,train,B_S24:47500005:46,True,False,0.20667240023612976,0.18425139899773058,-0.022421001238399185
U_k128_m0.001_H2_candidate_path0,train,B_S24:47500005:67,True,False,0.20721788704395294,0.11997172296105418,-0.08724616408289876
U_k128_m0.001_H2_candidate_path0,train,B_S24:47500005:106,True,False,0.16805431246757507,0.20869176677661017,0.04063745430903509
U_k128_m0.001_H2_candidate_path0,train,B_S24:47500005:120,True,False,0.13191182911396027,0.19074592886317987,0.058834099749219604
U_k128_m0.001_H2_candidate_path0,train,B_S24:47500005:170,True,False,0.0737597718834877,0.114752792273066,0.040993020389578305
U_k128_m0.001_H2_candidate_path0,train,B_S24:47500006:4,False,True,0.9466374516487122,0.3094325708661927,-0.6372048807825195
U_k128_m0.001_H2_candidate_path0,train,B_S24:47500006:5,False,True,0.3139013350009918,0.2664172626391519,-0.047484072361839935
U_k128_m0.001_H2_candidate_path0,train,B_S24:47500006:8,False,True,0.3681614100933075,0.16295590451045427,-0.20520550558285322
U_k128_m0.001_H2_candidate_path0,train,B_S24:47500006:10,False,True,0.8847786784172058,0.10883325288887136,-0.7759454255283345
U_k128_m0.001_H2_candidate_path0,train,B_S24:47500006:89,True,False,0.12315584719181061,0.15318820070388028,0.030032353512069676
U_k128_m0.001_H2_candidate_path0,train,B_S24:47500006:102,True,False,0.10421889275312424,0.23767654836410657,0.13345765561098233
U_k128_m0.001_H2_candidate_path0,train,B_S24:47500006:118,True,False,0.19226938486099243,0.13818984967656434,-0.054079535184428096
U_k128_m0.001_H2_candidate_path0,train,B_S24:47500006:136,True,False,0.11744418740272522,0.18028388244420057,0.06283969504147535
U_k128_m0.001_H2_candidate_path0,train,B_S24:47500006:169,True,False,0.23532035946846008,0.19388018535391893,-0.04144017411454115
U_k128_m0.001_H2_candidate_path0,train,B_S24:47500007:4,False,True,0.8876634836196899,0.25222239713184536,-0.6354410864878446
U_k128_m0.001_H2_candidate_path0,train,B_S24:47500007:6,False,True,0.7856723070144653,0.1691443823510781,-0.6165279246633872
U_k128_m0.001_H2_candidate_path0,train,B_S24:47500007:13,False,True,0.25725841522216797,0.16178625552129233,-0.09547215970087564
U_k128_m0.001_H2_candidate_path0,train,B_S24:47500007:36,True,False,0.25367552042007446,0.204472230077954,-0.049203290342120454
U_k128_m0.001_H2_candidate_path0,train,B_S24:47500007:97,True,False,0.13287904858589172,0.12561506946804002,-0.007263979117851704
U_k128_m0.001_H2_candidate_path0,train,B_S24:47500007:118,True,False,0.19579944014549255,0.14162558455427643,-0.054173855591216125
U_k128_m0.001_H2_candidate_path0,train,B_S24:47500007:134,True,False,0.17750924825668335,0.19689120606926735,0.019381957812584005
U_k128_m0.001_H2_candidate_path0,train,B_S24:47500007:168,True,False,0.32526469230651855,0.2042617948827683,-0.12100289742375026
U_k128_m0.001_H2_candidate_path0,train,B_S24:47500008:4,False,True,0.42222222685813904,0.21066367157618515,-0.2115585552819539
U_k128_m0.001_H2_candidate_path0,train,B_S24:47500008:10,False,True,0.8847565650939941,0.1269460880139377,-0.7578104770800564
U_k128_m0.001_H2_candidate_path0,train,B_S24:47500008:20,False,True,0.3219464421272278,0.22332375617406797,-0.09862268595315982
U_k128_m0.001_H2_candidate_path0,train,B_S24:47500008:28,True,False,0.1637030988931656,0.19197018459090032,0.02826708569773473
U_k128_m0.001_H2_candidate_path0,train,B_S24:47500008:34,True,False,0.1590273082256317,0.19029156030592276,0.031264252080291044
U_k128_m0.001_H2_candidate_path0,train,B_S24:47500008:112,True,False,0.15792539715766907,0.17390829857322387,0.015982901415554807
U_k128_m0.001_H2_candidate_path0,train,B_S24:47500008:131,True,False,0.34907400608062744,0.21130575569986831,-0.13776825038075913
U_k128_m0.001_H2_candidate_path0,train,B_S24:47500008:172,True,False,0.244108647108078,0.21578398256679066,-0.028324664541287348
U_k128_m0.001_H2_candidate_path0,train,B_S24:47500009:6,False,True,0.21945615112781525,0.16060513848788105,-0.0588510126399342
U_k128_m0.001_H2_candidate_path0,train,B_S24:47500009:11,False,True,0.6691259741783142,0.22217268223903375,-0.44695329193928046
U_k128_m0.001_H2_candidate_path0,train,B_S24:47500009:15,False,True,0.856370210647583,0.13910938457411248,-0.7172608260734705
U_k128_m0.001_H2_candidate_path0,train,B_S24:47500009:20,False,True,0.35299181938171387,0.14560352795524523,-0.20738829142646864
U_k128_m0.001_H2_candidate_path0,train,B_S24:47500009:26,True,False,0.16641931235790253,0.179243243066594,0.012823930708691478
U_k128_m0.001_H2_candidate_path0,train,B_S24:47500009:36,True,False,0.14298324286937714,0.17090353073581355,0.02792028786643641
U_k128_m0.001_H2_candidate_path0,train,B_S24:47500009:68,True,False,0.2607581615447998,0.1781764517945703,-0.08258170975022949
U_k128_m0.001_H2_candidate_path0,train,B_S24:47500009:142,True,False,0.22855408489704132,0.1950213417512714,-0.03353274314576993
U_k128_m0.001_H2_candidate_path0,train,B_S24:47500011:5,False,True,0.3790937066078186,0.27079309191321954,-0.10830061469459906
U_k128_m0.001_H2_candidate_path0,train,B_S24:47500011:15,False,True,0.6501211524009705,0.179904132251977,-0.47021702014899347
U_k128_m0.001_H2_candidate_path0,train,B_S24:47500011:26,True,False,0.21497076749801636,0.16597954026656225,-0.048991227231454104
U_k128_m0.001_H2_candidate_path0,train,B_S24:47500011:29,True,False,0.07601011544466019,0.10574705716862809,0.029736941723967902
U_k128_m0.001_H2_candidate_path0,train,B_S24:47500011:31,True,False,0.1335921734571457,0.14837013014766853,0.014777956690522842
U_k128_m0.001_H2_candidate_path0,train,B_S24:47500011:36,True,False,0.16584976017475128,0.11043887283449294,-0.05541088734025834
U_k128_m0.001_H2_candidate_path0,train,B_S24:47500011:49,True,False,0.2982572317123413,0.18223551721166587,-0.11602171450067544
U_k128_m0.001_H2_candidate_path0,train,B_S24:47500011:56,True,False,0.3210415840148926,0.20329049496649532,-0.11775108904839726
U_k128_m0.001_H2_candidate_path0,train,B_S24:47500011:74,True,False,0.21233120560646057,0.17588343506213278,-0.036447770544327796
U_k128_m0.001_H2_candidate_path0,train,B_S24:47500011:167,True,False,0.21364018321037292,0.21210265909030568,-0.0015375241200672463
U_k128_m0.001_H2_candidate_path0,train,B_S24:47500013:14,False,True,0.9326218366622925,0.2375704004225554,-0.6950514362397371
U_k128_m0.001_H2_candidate_path0,train,B_S24:47500013:15,False,True,0.40166929364204407,0.15610985676175915,-0.24555943688028492
U_k128_m0.001_H2_candidate_path0,train,B_S24:47500013:28,True,False,0.1354987770318985,0.16586021712282673,0.030361440090928227
U_k128_m0.001_H2_candidate_path0,train,B_S24:47500013:32,True,False,0.10689297318458557,0.28377183798875194,0.17687886480416637
U_k128_m0.001_H2_candidate_path0,train,B_S24:47500013:58,True,False,0.22344215214252472,0.3323376626649406,0.10889551052241586
U_k128_m0.001_H2_candidate_path0,train,B_S24:47500013:83,True,False,0.36418449878692627,0.34085581031104084,-0.02332868847588543
U_k128_m0.001_H2_candidate_path0,train,B_S24:47500013:119,True,False,0.32413750886917114,0.17695420735981315,-0.147183301509358
U_k128_m0.001_H2_candidate_path0,train,B_S24:47500013:128,True,False,0.2309718132019043,0.37014593118510675,0.13917411798320245
U_k128_m0.001_H2_candidate_path0,train,B_S24:47500013:162,True,False,0.20023669302463531,0.248311326286057,0.048074633261421695
U_k128_m0.001_H2_candidate_path0,train,B_S24:47500013:165,True,False,0.14286409318447113,0.28731570155650843,0.1444516083720373
U_k128_m0.001_H2_candidate_path0,train,B_S24:47500014:9,False,True,0.44409751892089844,0.19163159692107,-0.2524659219998284
U_k128_m0.001_H2_candidate_path0,train,B_S24:47500014:10,False,True,0.4795105755329132,0.1562639083713293,-0.3232466671615839
U_k128_m0.001_H2_candidate_path0,train,B_S24:47500014:20,False,True,0.873002827167511,0.14246232938603498,-0.730540497781476
U_k128_m0.001_H2_candidate_path0,train,B_S24:47500014:43,True,False,0.06569097191095352,0.2057721075398149,0.14008113562886138
U_k128_m0.001_H2_candidate_path0,train,B_S24:47500014:60,True,False,0.09000661224126816,0.1206619122531265,0.030655300011858344
U_k128_m0.001_H2_candidate_path0,train,B_S24:47500014:78,True,False,0.32805415987968445,0.3194858204224147,-0.008568339457269758
U_k128_m0.001_H2_candidate_path0,train,B_S24:47500014:99,True,False,0.17929014563560486,0.16928010087576695,-0.01001004475983791
U_k128_m0.001_H2_candidate_path0,train,B_S24:47500014:134,True,False,0.07673687487840652,0.1613279642915586,0.08459108941315208
U_k128_m0.001_H2_candidate_path0,train,B_S24:47500014:161,True,False,0.26073190569877625,0.157449424470542,-0.10328248122823425
U_k128_m0.001_H2_candidate_path0,train,B_S24:47500014:170,True,False,0.12323907762765884,0.1593514138876344,0.036112336259975564
U_k128_m0.001_H2_candidate_path0,train,B_S24:47500016:4,False,True,0.6161173582077026,0.3036550284305122,-0.31246232977719046
U_k128_m0.001_H2_candidate_path0,train,B_S24:47500016:5,False,True,0.31745728850364685,0.22731577082595322,-0.09014151767769363
U_k128_m0.001_H2_candidate_path0,train,B_S24:47500016:30,True,False,0.07262568920850754,0.2515579965838697,0.17893230737536214
U_k128_m0.001_H2_candidate_path0,train,B_S24:47500016:42,True,False,0.38876497745513916,0.2091612419753801,-0.17960373547975905
U_k128_m0.001_H2_candidate_path0,train,B_S24:47500016:43,True,False,0.23591561615467072,0.16376778067206033,-0.07214783548261039
U_k128_m0.001_H2_candidate_path0,train,B_S24:47500016:108,True,False,0.11712180078029633,0.1732297714042943,0.05610797062399797
U_k128_m0.001_H2_candidate_path0,train,B_S24:47500016:129,True,False,0.10416499525308609,0.17442455813579727,0.07025956288271118
U_k128_m0.001_H2_candidate_path0,train,B_S24:47500016:165,True,False,0.048981308937072754,0.21637428050598828,0.16739297156891553
U_k128_m0.001_H2_candidate_path0,train,B_S24:47500016:169,True,False,0.17755910754203796,0.24874942503811326,0.0711903174960753
U_k128_m0.001_H2_candidate_path0,development,B_S24:47600000:3,False,True,0.23580732941627502,0.2503525662395987,0.014545236823323648
U_k128_m0.001_H2_candidate_path0,development,B_S24:47600000:14,False,True,0.23536045849323273,0.13188376697144122,-0.10347669152179151
U_k128_m0.001_H2_candidate_path0,development,B_S24:47600000:17,False,True,0.09279008209705353,0.11728705462155631,0.02449697252450278
U_k128_m0.001_H2_candidate_path0,development,B_S24:47600000:21,False,True,0.07319128513336182,0.08780585755448556,0.01461457242112374
U_k128_m0.001_H2_candidate_path0,development,B_S24:47600000:29,True,False,0.24531783163547516,0.1640012689640571,-0.08131656267141807
U_k128_m0.001_H2_candidate_path0,development,B_S24:47600000:32,True,False,0.22873133420944214,0.17846573981660185,-0.050265594392840285
U_k128_m0.001_H2_candidate_path0,development,B_S24:47600000:76,True,False,0.2974368631839752,0.19699849771131994,-0.10043836547265528
U_k128_m0.001_H2_candidate_path0,development,B_S24:47600000:83,True,False,0.03568575531244278,0.12087844103734824,0.08519268572490546
U_k128_m0.001_H2_candidate_path0,development,B_S24:47600000:157,True,False,0.053760528564453125,0.11132966060540639,0.057569132040953264
U_k128_m0.001_H2_candidate_path0,development,B_S24:47600002:2,False,True,0.1343621164560318,0.4021212491497863,0.2677591326937545
U_k128_m0.001_H2_candidate_path0,development,B_S24:47600002:16,False,True,0.10279301553964615,0.190711279232346,0.08791826369269984
U_k128_m0.001_H2_candidate_path0,development,B_S24:47600002:30,True,False,0.15935280919075012,0.23113979198387824,0.07178698279312812
U_k128_m0.001_H2_candidate_path0,development,B_S24:47600002:36,True,False,0.1619982123374939,0.15283019673734088,-0.009168015600153012
U_k128_m0.001_H2_candidate_path0,development,B_S24:47600002:68,True,False,0.08797387033700943,0.17954203270346625,0.09156816236645682
U_k128_m0.001_H2_candidate_path0,development,B_S24:47600002:76,True,False,0.20321685075759888,0.26782821698725456,0.06461136622965569
U_k128_m0.001_H2_candidate_path0,development,B_S24:47600002:79,True,False,0.6600035429000854,0.34741466368723195,-0.3125888792128535
U_k128_m0.001_H2_candidate_path0,development,B_S24:47600002:89,True,False,0.18072135746479034,0.14184134088282008,-0.03888001658197027
U_k128_m0.001_H2_candidate_path0,development,B_S24:47600002:107,True,False,0.07012646645307541,0.07497830897409585,0.004851842521020444
U_k128_m0.001_H2_candidate_path0,development,B_S24:47600003:1,False,True,0.28179261088371277,0.3684879114589421,0.08669530057522934
U_k128_m0.001_H2_candidate_path0,development,B_S24:47600003:3,False,True,0.48516884446144104,0.21486775115408818,-0.27030109330735286
U_k128_m0.001_H2_candidate_path0,development,B_S24:47600003:4,False,True,0.07598068565130234,0.26365241006715223,0.1876717244158499
U_k128_m0.001_H2_candidate_path0,development,B_S24:47600003:11,False,True,0.1768198013305664,0.14420137596607674,-0.03261842536448967
U_k128_m0.001_H2_candidate_path0,development,B_S24:47600003:12,False,True,0.13904066383838654,0.15644334289390827,0.01740267905552173
U_k128_m0.001_H2_candidate_path0,development,B_S24:47600003:22,False,True,0.09442061185836792,0.1357536873765639,0.04133307551819598
U_k128_m0.001_H2_candidate_path0,development,B_S24:47600003:70,True,False,0.41579750180244446,0.11996082911355188,-0.2958366726888926
U_k128_m0.001_H2_candidate_path0,development,B_S24:47600003:90,True,False,0.3229546546936035,0.2784823741603759,-0.044472280533227604
U_k128_m0.001_H2_candidate_path0,development,B_S24:47600003:112,True,False,0.1230757087469101,0.1287929135178274,0.005717204770917306
U_k128_m0.001_H2_candidate_path0,development,B_S24:47600003:125,True,False,0.16669265925884247,0.13884321754449047,-0.027849441714351997
U_k128_m0.001_H2_candidate_path0,development,B_S24:47600004:3,False,True,0.22102151811122894,0.28216821951355087,0.061146701402321924
U_k128_m0.001_H2_candidate_path0,development,B_S24:47600004:8,False,True,0.3170369565486908,0.16213996986698476,-0.15489698668170604
U_k128_m0.001_H2_candidate_path0,development,B_S24:47600004:53,True,False,0.15592996776103973,0.12092833754286403,-0.035001630218175706
U_k128_m0.001_H2_candidate_path0,development,B_S24:47600004:65,True,False,0.0628918781876564,0.10598810195369879,0.043096223766042385
U_k128_m0.001_H2_candidate_path0,development,B_S24:47600004:92,True,False,0.08546724915504456,0.101216327988368,0.015749078833323438
U_k128_m0.001_H2_candidate_path0,development,B_S24:47600004:109,True,False,0.10274605453014374,0.08602353248716099,-0.016722522042982746
U_k128_m0.001_H2_candidate_path0,development,B_S24:47600004:122,True,False,0.045674849301576614,0.09410684085014509,0.048431991548568476
U_k128_m0.001_H2_candidate_path0,development,B_S24:47600005:2,False,True,0.5186367034912109,0.2717974074621452,-0.24683929602906574
U_k128_m0.001_H2_candidate_path0,development,B_S24:47600005:5,False,True,0.16596780717372894,0.20751903637574287,0.04155122920201393
U_k128_m0.001_H2_candidate_path0,development,B_S24:47600005:15,False,True,0.12913282215595245,0.11412921410010313,-0.015003608055849327
U_k128_m0.001_H2_candidate_path0,development,B_S24:47600005:24,True,False,0.07296156138181686,0.12064512767028646,0.04768356628846959
U_k128_m0.001_H2_candidate_path0,development,B_S24:47600005:33,True,False,0.1718740314245224,0.2253552155161742,0.05348118409165181
U_k128_m0.001_H2_candidate_path0,development,B_S24:47600005:48,True,False,0.14736776053905487,0.10597726738342317,-0.0413904931556317
U_k128_m0.001_H2_candidate_path0,development,B_S24:47600005:86,True,False,0.07841187715530396,0.1254879924672423,0.04707611531193834
U_k128_m0.001_H2_candidate_path0,development,B_S24:47600005:88,True,False,0.08565731346607208,0.1298808722567628,0.04422355879069073
U_k128_m0.001_H2_candidate_path0,development,B_S24:47600005:105,True,False,0.06256099045276642,0.28338984155561775,0.22082885110285133
U_k128_m0.001_H2_candidate_path0,development,B_S24:47600005:119,True,False,0.10582666844129562,0.09965363106311997,-0.00617303737817565
U_k128_m0.001_H2_candidate_path0,development,B_S24:47600006:2,False,True,0.19071336090564728,0.3155982040625531,0.12488484315690584
U_k128_m0.001_H2_candidate_path0,development,B_S24:47600006:11,False,True,0.3879770338535309,0.14976372184901265,-0.23821331200451823
U_k128_m0.001_H2_candidate_path0,development,B_S24:47600006:13,False,True,0.2580426037311554,0.2808232166134985,0.02278061288234312
U_k128_m0.001_H2_candidate_path0,development,B_S24:47600006:16,False,True,0.7161792516708374,0.2611403443006566,-0.4550389073701808
U_k128_m0.001_H2_candidate_path0,development,B_S24:47600006:25,True,False,0.0806465744972229,0.1811153845883382,0.1004688100911153
U_k128_m0.001_H2_candidate_path0,development,B_S24:47600006:38,True,False,0.0953788310289383,0.14702203503838973,0.05164320400945144
U_k128_m0.001_H2_candidate_path0,development,B_S24:47600006:72,True,False,0.22261682152748108,0.3243569894839311,0.10174016795645002
U_k128_m0.001_H2_candidate_path0,development,B_S24:47600006:101,True,False,0.42444324493408203,0.3890446040968527,-0.03539864083722932
U_k128_m0.001_H2_candidate_path0,development,B_S24:47600006:132,True,False,0.0870271697640419,0.14068291020521428,0.053655740441172384
U_k128_m0.001_H2_candidate_path0,development,B_S24:47600006:177,True,False,0.051638904958963394,0.09457490367640276,0.04293599871743936
U_k128_m0.001_H2_candidate_path0,development,B_S24:47600007:4,False,True,0.43307918310165405,0.27135563425690634,-0.1617235488447477
U_k128_m0.001_H2_candidate_path0,development,B_S24:47600007:7,False,True,0.053215038031339645,0.11340484850734356,0.06018981047600391
U_k128_m0.001_H2_candidate_path0,development,B_S24:47600007:10,False,True,0.08805091679096222,0.18367819528793916,0.09562727849697694
U_k128_m0.001_H2_candidate_path0,development,B_S24:47600007:17,False,True,0.23521162569522858,0.14639777826232603,-0.08881384743290255
U_k128_m0.001_H2_candidate_path0,development,B_S24:47600007:27,True,False,0.0598665289580822,0.13892544583359268,0.07905891687551048
U_k128_m0.001_H2_candidate_path0,development,B_S24:47600007:28,True,False,0.06545522063970566,0.1324452677035879,0.06699004706388223
U_k128_m0.001_H2_candidate_path0,development,B_S24:47600007:61,True,False,0.09556394815444946,0.2717644046715577,0.17620045651710825
U_k128_m0.001_H2_candidate_path0,development,B_S24:47600007:66,True,False,0.08813128620386124,0.1814770564014907,0.09334577019762946
U_k128_m0.001_H2_candidate_path0,development,B_S24:47600007:87,True,False,0.15307198464870453,0.11732951849990059,-0.03574246614880394
U_k128_m0.001_H2_candidate_path0,development,B_S24:47600007:117,True,False,0.1407526284456253,0.1226625532945036,-0.01809007515112171
U_k128_m0.001_H2_candidate_path0,development,B_S24:47600008:6,False,True,0.019957993179559708,0.0792762298915477,0.05931823671198799
U_k128_m0.001_H2_candidate_path0,development,B_S24:47600008:8,False,True,0.07010139524936676,0.061139371995523106,-0.008962023253843654
U_k128_m0.001_H2_candidate_path0,development,B_S24:47600008:21,False,True,0.06868232786655426,0.08471116515283938,0.016028837286285125
U_k128_m0.001_H2_candidate_path0,development,B_S24:47600008:23,True,False,0.0891513079404831,0.05442359784137807,-0.034727710099105025
U_k128_m0.001_H2_candidate_path0,development,B_S24:47600008:49,True,False,0.15811143815517426,0.09421006054617465,-0.06390137760899961
U_k128_m0.001_H2_candidate_path0,development,B_S24:47600008:54,True,False,0.11983393132686615,0.12228772048547398,0.002453789158607833
U_k128_m0.001_H2_candidate_path0,development,B_S24:47600008:61,True,False,0.16363020241260529,0.1272762325606891,-0.03635396985191619
U_k128_m0.001_H2_candidate_path0,development,B_S24:47600008:87,True,False,0.045359209179878235,0.07411578188111889,0.028756572701240657
U_k128_m0.001_H2_candidate_path0,development,B_S24:47600008:101,True,False,0.02615995518863201,0.0853118815975904,0.05915192640895839
U_k128_m0.03_H1_path0,train,B_S24:47500000:1,False,True,0.3143203854560852,0.15950673952465877,-0.15481364593142644
U_k128_m0.03_H1_path0,train,B_S24:47500000:8,False,True,0.24227076768875122,0.1443289881281089,-0.09794177956064232
U_k128_m0.03_H1_path0,train,B_S24:47500000:26,True,True,0.23644231259822845,0.14011492562713102,-0.09632738697109744
U_k128_m0.03_H1_path0,train,B_S24:47500000:39,True,True,0.2973864674568176,0.17325017549592303,-0.1241362919608946
U_k128_m0.03_H1_path0,train,B_S24:47500000:84,True,True,0.2352074533700943,0.15132956769957673,-0.08387788567051757
U_k128_m0.03_H1_path0,train,B_S24:47500000:141,True,True,0.2149852216243744,0.15179701455053873,-0.06318820707383566
U_k128_m0.03_H1_path0,train,B_S24:47500000:144,True,True,0.20599232614040375,0.13919440901372582,-0.06679791712667793
U_k128_m0.03_H1_path0,train,B_S24:47500000:155,True,True,0.24832114577293396,0.17880681649694452,-0.06951432927598944
U_k128_m0.03_H1_path0,train,B_S24:47500000:169,True,True,0.2736019492149353,0.18978844213415869,-0.08381350708077662
U_k128_m0.03_H1_path0,train,B_S24:47500000:179,True,True,0.24440394341945648,0.17835652104986366,-0.06604742236959282
U_k128_m0.03_H1_path0,train,B_S24:47500002:2,False,True,0.20868301391601562,0.14661687237094156,-0.06206614154507406
U_k128_m0.03_H1_path0,train,B_S24:47500002:3,False,True,0.2059488296508789,0.15694384041125886,-0.049004989239620045
U_k128_m0.03_H1_path0,train,B_S24:47500002:15,False,True,0.2551731467247009,0.1872776666423306,-0.06789548008237034
U_k128_m0.03_H1_path0,train,B_S24:47500002:25,False,True,0.22578810155391693,0.15318889952322934,-0.07259920203068759
U_k128_m0.03_H1_path0,train,B_S24:47500002:33,True,True,0.2800472676753998,0.16774149792036042,-0.11230576975503936
U_k128_m0.03_H1_path0,train,B_S24:47500002:55,True,True,0.24366940557956696,0.17008993224590085,-0.0735794733336661
U_k128_m0.03_H1_path0,train,B_S24:47500002:101,True,True,0.27559423446655273,0.19199428289721254,-0.08359995156934019
U_k128_m0.03_H1_path0,train,B_S24:47500002:114,True,True,0.24847066402435303,0.1653033511247486,-0.08316731289960444
U_k128_m0.03_H1_path0,train,B_S24:47500002:152,True,True,0.216730996966362,0.1711057193315355,-0.04562527763482649
U_k128_m0.03_H1_path0,train,B_S24:47500002:178,True,True,0.2947671711444855,0.16828820143564371,-0.12647896970884176
U_k128_m0.03_H1_path0,train,B_S24:47500003:4,False,True,0.20650142431259155,0.10539902381424326,-0.10110240049834829
U_k128_m0.03_H1_path0,train,B_S24:47500003:16,False,True,0.244636669754982,0.14462324243504554,-0.10001342731993645
U_k128_m0.03_H1_path0,train,B_S24:47500003:24,False,True,0.2278127819299698,0.14876210892543895,-0.07905067300453084
U_k128_m0.03_H1_path0,train,B_S24:47500003:41,True,True,0.2796647548675537,0.14452663902193308,-0.13513811584562063
U_k128_m0.03_H1_path0,train,B_S24:47500003:46,True,True,0.27979332208633423,0.1718629540555412,-0.10793036803079303
U_k128_m0.03_H1_path0,train,B_S24:47500003:80,True,True,0.24158337712287903,0.15207850604201667,-0.08950487108086236
U_k128_m0.03_H1_path0,train,B_S24:47500003:91,True,True,0.2864093780517578,0.1920935913512949,-0.09431578670046292
U_k128_m0.03_H1_path0,train,B_S24:47500003:109,True,True,0.22443552315235138,0.189113841712242,-0.03532168144010939
U_k128_m0.03_H1_path0,train,B_S24:47500003:149,True,True,0.2190396934747696,0.16433969906211132,-0.05469999441265827
U_k128_m0.03_H1_path0,train,B_S24:47500003:180,True,True,0.2900561988353729,0.17363840102916583,-0.11641779780620709
U_k128_m0.03_H1_path0,train,B_S24:47500005:2,False,True,0.22008924186229706,0.1314196886960417,-0.08866955316625535
U_k128_m0.03_H1_path0,train,B_S24:47500005:6,False,True,0.24592381715774536,0.16192124494409654,-0.08400257221364882
U_k128_m0.03_H1_path0,train,B_S24:47500005:13,False,True,0.25047391653060913,0.15400115765805822,-0.09647275887255091
U_k128_m0.03_H1_path0,train,B_S24:47500005:45,True,True,0.251127690076828,0.16342032187094446,-0.08770736820588354
U_k128_m0.03_H1_path0,train,B_S24:47500005:46,True,True,0.2611639201641083,0.16445658936572727,-0.09670733079838101
U_k128_m0.03_H1_path0,train,B_S24:47500005:67,True,True,0.24112293124198914,0.181152091579861,-0.05997083966212813
U_k128_m0.03_H1_path0,train,B_S24:47500005:106,True,True,0.27231907844543457,0.17527930514188483,-0.09703977330354974
U_k128_m0.03_H1_path0,train,B_S24:47500005:120,True,True,0.2688805162906647,0.1537078735709656,-0.11517264271969907
U_k128_m0.03_H1_path0,train,B_S24:47500005:170,True,True,0.26389098167419434,0.1510155829382711,-0.11287539873592323
U_k128_m0.03_H1_path0,train,B_S24:47500006:4,False,True,0.2782232463359833,0.14452405527117662,-0.13369919106480666
U_k128_m0.03_H1_path0,train,B_S24:47500006:5,False,True,0.19574588537216187,0.14288871191092767,-0.0528571734612342
U_k128_m0.03_H1_path0,train,B_S24:47500006:8,False,True,0.22575917840003967,0.15725872459006496,-0.06850045380997472
U_k128_m0.03_H1_path0,train,B_S24:47500006:10,False,True,0.23892202973365784,0.15364832372870296,-0.08527370600495487
U_k128_m0.03_H1_path0,train,B_S24:47500006:89,True,True,0.27091217041015625,0.18078391212475253,-0.09012825828540372
U_k128_m0.03_H1_path0,train,B_S24:47500006:102,True,True,0.19298389554023743,0.12472834810614586,-0.06825554743409157
U_k128_m0.03_H1_path0,train,B_S24:47500006:118,True,True,0.2937295138835907,0.18107811485242564,-0.11265139903116506
U_k128_m0.03_H1_path0,train,B_S24:47500006:136,True,True,0.25837573409080505,0.1813669394759927,-0.07700879461481236
U_k128_m0.03_H1_path0,train,B_S24:47500006:169,True,True,0.2560883164405823,0.19736679772904608,-0.05872151871153619
U_k128_m0.03_H1_path0,train,B_S24:47500007:4,False,True,0.2128141075372696,0.12801297382975463,-0.08480113370751496
U_k128_m0.03_H1_path0,train,B_S24:47500007:6,False,True,0.23832756280899048,0.1491162108432036,-0.08921135196578689
U_k128_m0.03_H1_path0,train,B_S24:47500007:13,False,True,0.31645438075065613,0.1735133313050028,-0.14294104944565333
U_k128_m0.03_H1_path0,train,B_S24:47500007:36,True,True,0.2332729697227478,0.16717581101693213,-0.06609715870581567
U_k128_m0.03_H1_path0,train,B_S24:47500007:97,True,True,0.271884560585022,0.1669593412661925,-0.10492521931882948
U_k128_m0.03_H1_path0,train,B_S24:47500007:118,True,True,0.25341561436653137,0.18070976810122374,-0.07270584626530763
U_k128_m0.03_H1_path0,train,B_S24:47500007:134,True,True,0.2601270377635956,0.17967534929630347,-0.08045168846729212
U_k128_m0.03_H1_path0,train,B_S24:47500007:168,True,True,0.2834746241569519,0.17981041521125007,-0.10366420894570183
U_k128_m0.03_H1_path0,train,B_S24:47500008:4,False,True,0.22689218819141388,0.15558971474820282,-0.07130247344321106
U_k128_m0.03_H1_path0,train,B_S24:47500008:10,False,True,0.23131076991558075,0.15029533067718148,-0.08101543923839927
U_k128_m0.03_H1_path0,train,B_S24:47500008:20,False,True,0.22562040388584137,0.13002780580427498,-0.0955925980815664
U_k128_m0.03_H1_path0,train,B_S24:47500008:28,True,True,0.21539698541164398,0.1430138536670711,-0.07238313174457289
U_k128_m0.03_H1_path0,train,B_S24:47500008:34,True,True,0.24548691511154175,0.18221175264625344,-0.0632751624652883
U_k128_m0.03_H1_path0,train,B_S24:47500008:112,True,True,0.227990984916687,0.1546391233569011,-0.0733518615597859
U_k128_m0.03_H1_path0,train,B_S24:47500008:131,True,True,0.21303069591522217,0.14482493744435487,-0.0682057584708673
U_k128_m0.03_H1_path0,train,B_S24:47500008:172,True,True,0.2285851240158081,0.18324782338459045,-0.04533730063121766
U_k128_m0.03_H1_path0,train,B_S24:47500009:6,False,True,0.2517918348312378,0.13836906990036368,-0.11342276493087411
U_k128_m0.03_H1_path0,train,B_S24:47500009:11,False,True,0.22169823944568634,0.15974915644619614,-0.0619490829994902
U_k128_m0.03_H1_path0,train,B_S24:47500009:15,False,True,0.2807783782482147,0.14791075445828028,-0.13286762378993444
U_k128_m0.03_H1_path0,train,B_S24:47500009:20,False,True,0.22573955357074738,0.16095588957250584,-0.06478366399824154
U_k128_m0.03_H1_path0,train,B_S24:47500009:26,True,True,0.2645094394683838,0.15980336205393542,-0.10470607741444837
U_k128_m0.03_H1_path0,train,B_S24:47500009:36,True,True,0.2562064826488495,0.16588743928878102,-0.09031904336006846
U_k128_m0.03_H1_path0,train,B_S24:47500009:68,True,True,0.20937572419643402,0.1642516111023724,-0.04512411309406161
U_k128_m0.03_H1_path0,train,B_S24:47500009:142,True,True,0.3484632670879364,0.1674266703048488,-0.1810365967830876
U_k128_m0.03_H1_path0,train,B_S24:47500011:5,False,True,0.21568787097930908,0.13545888940279838,-0.0802289815765107
U_k128_m0.03_H1_path0,train,B_S24:47500011:15,False,True,0.2400529980659485,0.1367286215099739,-0.1033243765559746
U_k128_m0.03_H1_path0,train,B_S24:47500011:26,True,True,0.1909617781639099,0.14860686593601713,-0.04235491222789278
U_k128_m0.03_H1_path0,train,B_S24:47500011:29,True,True,0.264438271522522,0.12317735543911112,-0.14126091608341085
U_k128_m0.03_H1_path0,train,B_S24:47500011:31,True,True,0.3246445953845978,0.12235788302496076,-0.20228671235963702
U_k128_m0.03_H1_path0,train,B_S24:47500011:36,True,True,0.25296640396118164,0.16709428375179414,-0.0858721202093875
U_k128_m0.03_H1_path0,train,B_S24:47500011:49,True,True,0.20420829951763153,0.1285729829396587,-0.07563531657797284
U_k128_m0.03_H1_path0,train,B_S24:47500011:56,True,True,0.2445971816778183,0.15996563051157864,-0.08463155116623966
U_k128_m0.03_H1_path0,train,B_S24:47500011:74,True,True,0.26689669489860535,0.1659715822970611,-0.10092511260154424
U_k128_m0.03_H1_path0,train,B_S24:47500011:167,True,True,0.3167513608932495,0.181673522820347,-0.13507783807290252
U_k128_m0.03_H1_path0,train,B_S24:47500013:14,False,True,0.29765138030052185,0.18031495035393164,-0.11733642994659021
U_k128_m0.03_H1_path0,train,B_S24:47500013:15,False,True,0.3220919370651245,0.13323441593092866,-0.18885752113419585
U_k128_m0.03_H1_path0,train,B_S24:47500013:28,True,True,0.22760984301567078,0.1440047183423303,-0.08360512467334047
U_k128_m0.03_H1_path0,train,B_S24:47500013:32,True,True,0.2618706524372101,0.17042870247678366,-0.09144194996042643
U_k128_m0.03_H1_path0,train,B_S24:47500013:58,True,True,0.2658020853996277,0.17042946185392793,-0.09537262354569975
U_k128_m0.03_H1_path0,train,B_S24:47500013:83,True,True,0.20546989142894745,0.13828623878362123,-0.06718365264532622
U_k128_m0.03_H1_path0,train,B_S24:47500013:119,True,True,0.1943700909614563,0.15730124941910617,-0.03706884154235013
U_k128_m0.03_H1_path0,train,B_S24:47500013:128,True,True,0.2578197121620178,0.12105717897065915,-0.13676253319135867
U_k128_m0.03_H1_path0,train,B_S24:47500013:162,True,True,0.3076915442943573,0.1648037008708343,-0.142887843423523
U_k128_m0.03_H1_path0,train,B_S24:47500013:165,True,True,0.2447904348373413,0.13491173421789426,-0.10987870061944705
U_k128_m0.03_H1_path0,train,B_S24:47500014:9,False,True,0.21533846855163574,0.14343547202588525,-0.0719029965257505
U_k128_m0.03_H1_path0,train,B_S24:47500014:10,False,True,0.19891205430030823,0.14595458401890937,-0.052957470281398855
U_k128_m0.03_H1_path0,train,B_S24:47500014:20,False,True,0.2848951518535614,0.15529496366070816,-0.12960018819285324
U_k128_m0.03_H1_path0,train,B_S24:47500014:43,True,True,0.5130040645599365,0.1389168835885357,-0.3740871809714008
U_k128_m0.03_H1_path0,train,B_S24:47500014:60,True,True,0.2883279025554657,0.17265147029684158,-0.11567643225862412
U_k128_m0.03_H1_path0,train,B_S24:47500014:78,True,True,0.2120722085237503,0.13270958646171493,-0.07936262206203537
U_k128_m0.03_H1_path0,train,B_S24:47500014:99,True,True,0.2302834689617157,0.15714367831969867,-0.07313979064201703
U_k128_m0.03_H1_path0,train,B_S24:47500014:134,True,True,0.2690872251987457,0.16554142830136698,-0.10354579689737875
U_k128_m0.03_H1_path0,train,B_S24:47500014:161,True,True,0.24838726222515106,0.18723045283695683,-0.06115680938819423
U_k128_m0.03_H1_path0,train,B_S24:47500014:170,True,True,0.24822743237018585,0.1739269326790236,-0.07430049969116226
U_k128_m0.03_H1_path0,train,B_S24:47500016:4,False,True,0.26118823885917664,0.14006173569941893,-0.1211265031597577
U_k128_m0.03_H1_path0,train,B_S24:47500016:5,False,True,0.3688710331916809,0.1298633617698215,-0.2390076714218594
U_k128_m0.03_H1_path0,train,B_S24:47500016:30,True,True,0.26285797357559204,0.19011372142267646,-0.07274425215291558
U_k128_m0.03_H1_path0,train,B_S24:47500016:42,True,True,0.21981394290924072,0.1510751948080724,-0.06873874810116831
U_k128_m0.03_H1_path0,train,B_S24:47500016:43,True,True,0.2154637575149536,0.134802571250475,-0.0806611862644786
U_k128_m0.03_H1_path0,train,B_S24:47500016:108,True,True,0.2953394055366516,0.19006749379332177,-0.10527191174332984
U_k128_m0.03_H1_path0,train,B_S24:47500016:129,True,True,0.2871752679347992,0.16942169282992836,-0.11775357510487083
U_k128_m0.03_H1_path0,train,B_S24:47500016:165,True,True,0.2676774263381958,0.1697051791343256,-0.09797224720387021
U_k128_m0.03_H1_path0,train,B_S24:47500016:169,True,True,0.2650792598724365,0.17697759009024594,-0.08810166978219058
U_k128_m0.03_H1_path0,development,B_S24:47600000:3,False,True,0.15679088234901428,0.15641713569493731,-0.0003737466540769674
U_k128_m0.03_H1_path0,development,B_S24:47600000:14,False,True,0.21138422191143036,0.18676280980798765,-0.024621412103442708
U_k128_m0.03_H1_path0,development,B_S24:47600000:17,False,True,0.1842971295118332,0.18200982613052474,-0.0022873033813084476
U_k128_m0.03_H1_path0,development,B_S24:47600000:21,False,True,0.17097340524196625,0.1587157298636157,-0.012257675378350541
U_k128_m0.03_H1_path0,development,B_S24:47600000:29,True,True,0.16219280660152435,0.17453823207324604,0.012345425471721683
U_k128_m0.03_H1_path0,development,B_S24:47600000:32,True,True,0.159837543964386,0.13853896485670703,-0.02129857910767896
U_k128_m0.03_H1_path0,development,B_S24:47600000:76,True,True,0.21236440539360046,0.15031453816845897,-0.0620498672251415
U_k128_m0.03_H1_path0,development,B_S24:47600000:83,True,True,0.13991641998291016,0.2022239361249376,0.06230751614202745
U_k128_m0.03_H1_path0,development,B_S24:47600000:157,True,True,0.17866496741771698,0.2113684213036322,0.032703453885915224
U_k128_m0.03_H1_path0,development,B_S24:47600002:2,False,True,0.046654071658849716,0.1513852825810318,0.10473121092218207
U_k128_m0.03_H1_path0,development,B_S24:47600002:16,False,True,0.13899901509284973,0.1573554736096412,0.018356458516791463
U_k128_m0.03_H1_path0,development,B_S24:47600002:30,True,True,0.2095441222190857,0.17926372941292357,-0.030280392806162126
U_k128_m0.03_H1_path0,development,B_S24:47600002:36,True,True,0.2169966995716095,0.18978686581976945,-0.02720983375184005
U_k128_m0.03_H1_path0,development,B_S24:47600002:68,True,True,0.1524723768234253,0.14282598521458567,-0.009646391608839622
U_k128_m0.03_H1_path0,development,B_S24:47600002:76,True,True,0.11506699025630951,0.1615125705502578,0.046445580293948296
U_k128_m0.03_H1_path0,development,B_S24:47600002:79,True,True,0.1933341771364212,0.22919228904356714,0.03585811190714594
U_k128_m0.03_H1_path0,development,B_S24:47600002:89,True,True,0.11885598301887512,0.11864945382330916,-0.00020652919556596316
U_k128_m0.03_H1_path0,development,B_S24:47600002:107,True,True,0.13702450692653656,0.1040725251659751,-0.032951981760561466
U_k128_m0.03_H1_path0,development,B_S24:47600003:1,False,True,0.19082458317279816,0.15364391377443098,-0.03718066939836717
U_k128_m0.03_H1_path0,development,B_S24:47600003:3,False,True,0.16375190019607544,0.08465662559683551,-0.07909527459923993
U_k128_m0.03_H1_path0,development,B_S24:47600003:4,False,True,0.05410337075591087,0.08206744298149715,0.02796407222558628
U_k128_m0.03_H1_path0,development,B_S24:47600003:11,False,True,0.15194520354270935,0.14824036135905772,-0.0037048421836516354
U_k128_m0.03_H1_path0,development,B_S24:47600003:12,False,True,0.17367716133594513,0.15453417396201985,-0.01914298737392528
U_k128_m0.03_H1_path0,development,B_S24:47600003:22,False,True,0.17179100215435028,0.18688683318032417,0.015095831025973894
U_k128_m0.03_H1_path0,development,B_S24:47600003:70,True,True,0.15478411316871643,0.17037684004026232,0.015592726871545892
U_k128_m0.03_H1_path0,development,B_S24:47600003:90,True,True,0.13398544490337372,0.10827923026226927,-0.025706214641104452
U_k128_m0.03_H1_path0,development,B_S24:47600003:112,True,True,0.14734457433223724,0.14146418104792247,-0.005880393284314778
U_k128_m0.03_H1_path0,development,B_S24:47600003:125,True,True,0.17086860537528992,0.15211257169721648,-0.018756033678073436
U_k128_m0.03_H1_path0,development,B_S24:47600004:3,False,True,0.15776273608207703,0.1062033180060098,-0.05155941807606723
U_k128_m0.03_H1_path0,development,B_S24:47600004:8,False,True,0.1461474746465683,0.13038893932389328,-0.015758535322675016
U_k128_m0.03_H1_path0,development,B_S24:47600004:53,True,True,0.1336565911769867,0.12039865128826932,-0.013257939888717374
U_k128_m0.03_H1_path0,development,B_S24:47600004:65,True,True,0.14605766534805298,0.11768007118371315,-0.028377594164339826
U_k128_m0.03_H1_path0,development,B_S24:47600004:92,True,True,0.11965617537498474,0.11825945881719235,-0.001396716557792388
U_k128_m0.03_H1_path0,development,B_S24:47600004:109,True,True,0.110301174223423,0.10482924990355968,-0.005471924319863319
U_k128_m0.03_H1_path0,development,B_S24:47600004:122,True,True,0.09984494745731354,0.1155983760872914,0.01575342862997786
U_k128_m0.03_H1_path0,development,B_S24:47600005:2,False,True,0.0903894305229187,0.1067208604872576,0.016331429964338895
U_k128_m0.03_H1_path0,development,B_S24:47600005:5,False,True,0.056764569133520126,0.10621853278280469,0.04945396364928456
U_k128_m0.03_H1_path0,development,B_S24:47600005:15,False,True,0.16549335420131683,0.16720722646277864,0.0017138722614618018
U_k128_m0.03_H1_path0,development,B_S24:47600005:24,True,True,0.17283980548381805,0.12603292392304866,-0.0468068815607694
U_k128_m0.03_H1_path0,development,B_S24:47600005:33,True,True,0.14909325540065765,0.1298027799493866,-0.01929047545127105
U_k128_m0.03_H1_path0,development,B_S24:47600005:48,True,True,0.15077203512191772,0.13969305998762138,-0.011078975134296343
U_k128_m0.03_H1_path0,development,B_S24:47600005:86,True,True,0.14675050973892212,0.1529614837418194,0.006210974002897274
U_k128_m0.03_H1_path0,development,B_S24:47600005:88,True,True,0.15207305550575256,0.16756916192389326,0.015496106418140698
U_k128_m0.03_H1_path0,development,B_S24:47600005:105,True,True,0.12528768181800842,0.17096399093134096,0.045676309113332536
U_k128_m0.03_H1_path0,development,B_S24:47600005:119,True,True,0.11046436429023743,0.13579407322686166,0.02532970893662423
U_k128_m0.03_H1_path0,development,B_S24:47600006:2,False,True,0.15334466099739075,0.11933836360549321,-0.03400629739189753
U_k128_m0.03_H1_path0,development,B_S24:47600006:11,False,True,0.21356101334095,0.1320138669834705,-0.0815471463574795
U_k128_m0.03_H1_path0,development,B_S24:47600006:13,False,True,0.21744763851165771,0.2405141842427838,0.023066545731126098
U_k128_m0.03_H1_path0,development,B_S24:47600006:16,False,True,0.3002435266971588,0.22317225779261207,-0.07707126890454674
U_k128_m0.03_H1_path0,development,B_S24:47600006:25,True,True,0.19515247642993927,0.1633398996309552,-0.03181257679898408
U_k128_m0.03_H1_path0,development,B_S24:47600006:38,True,True,0.1516704112291336,0.13725608235836262,-0.014414328870770987
U_k128_m0.03_H1_path0,development,B_S24:47600006:72,True,True,0.1656157672405243,0.16087185304786544,-0.004743914192658849
U_k128_m0.03_H1_path0,development,B_S24:47600006:101,True,True,0.3074971139431,0.2144140009477269,-0.09308311299537309
U_k128_m0.03_H1_path0,development,B_S24:47600006:132,True,True,0.13830815255641937,0.14392053639312508,0.005612383836705703
U_k128_m0.03_H1_path0,development,B_S24:47600006:177,True,True,0.204195037484169,0.15398212906438857,-0.05021290841978043
U_k128_m0.03_H1_path0,development,B_S24:47600007:4,False,True,0.09838554263114929,0.06915772444335744,-0.029227818187791854
U_k128_m0.03_H1_path0,development,B_S24:47600007:7,False,True,0.10387073457241058,0.08178149151717662,-0.022089243055233965
U_k128_m0.03_H1_path0,development,B_S24:47600007:10,False,True,0.12158846110105515,0.10827039617288392,-0.013318064928171225
U_k128_m0.03_H1_path0,development,B_S24:47600007:17,False,True,0.17410629987716675,0.11723689506834489,-0.056869404808821855
U_k128_m0.03_H1_path0,development,B_S24:47600007:27,True,True,0.10098859667778015,0.10688159716664813,0.005893000488867983
U_k128_m0.03_H1_path0,development,B_S24:47600007:28,True,True,0.12194377928972244,0.12043102826282848,-0.001512751026893966
U_k128_m0.03_H1_path0,development,B_S24:47600007:61,True,True,0.20653164386749268,0.18661400181008503,-0.019917642057407647
U_k128_m0.03_H1_path0,development,B_S24:47600007:66,True,True,0.1803087294101715,0.16787503238083445,-0.012433697029337054
U_k128_m0.03_H1_path0,development,B_S24:47600007:87,True,True,0.14233234524726868,0.14698464456159854,0.004652299314329866
U_k128_m0.03_H1_path0,development,B_S24:47600007:117,True,True,0.13815908133983612,0.13662873200519243,-0.001530349334643688
U_k128_m0.03_H1_path0,development,B_S24:47600008:6,False,True,0.07946768403053284,0.08274187879214878,0.003274194761615945
U_k128_m0.03_H1_path0,development,B_S24:47600008:8,False,True,0.09710933268070221,0.07618414950411534,-0.02092518317658687
U_k128_m0.03_H1_path0,development,B_S24:47600008:21,False,True,0.06487875431776047,0.0645398234919412,-0.00033893082581926137
U_k128_m0.03_H1_path0,development,B_S24:47600008:23,True,True,0.08791844546794891,0.06307064211432589,-0.02484780335362302
U_k128_m0.03_H1_path0,development,B_S24:47600008:49,True,True,0.05249873176217079,0.06392800530738896,0.011429273545218166
U_k128_m0.03_H1_path0,development,B_S24:47600008:54,True,True,0.06846697628498077,0.08783841943659354,0.019371443151612766
U_k128_m0.03_H1_path0,development,B_S24:47600008:61,True,True,0.11076626181602478,0.10742581422891817,-0.0033404475871066097
U_k128_m0.03_H1_path0,development,B_S24:47600008:87,True,True,0.12278220802545547,0.1049903878083569,-0.017791820217098575
U_k128_m0.03_H1_path0,development,B_S24:47600008:101,True,True,0.061072081327438354,0.09509963132222765,0.0340275499947893
U_k128_m0.03_H2_candidate_path0,train,B_S24:47500000:1,False,True,0.3932294547557831,0.19563538080547005,-0.19759407395031303
U_k128_m0.03_H2_candidate_path0,train,B_S24:47500000:8,False,True,0.3710812032222748,0.09742929223284591,-0.27365191098942887
U_k128_m0.03_H2_candidate_path0,train,B_S24:47500000:26,True,False,0.14856846630573273,0.1534597933641635,0.004891327058430761
U_k128_m0.03_H2_candidate_path0,train,B_S24:47500000:39,True,False,0.22118480503559113,0.1948580962489359,-0.026326708786655217
U_k128_m0.03_H2_candidate_path0,train,B_S24:47500000:84,True,False,0.21783128380775452,0.19857313204556704,-0.01925815176218748
U_k128_m0.03_H2_candidate_path0,train,B_S24:47500000:141,True,False,0.19285142421722412,0.14237747959850822,-0.050473944618715905
U_k128_m0.03_H2_candidate_path0,train,B_S24:47500000:144,True,False,0.15838834643363953,0.1265622292557964,-0.031826117177843116
U_k128_m0.03_H2_candidate_path0,train,B_S24:47500000:155,True,False,0.22961772978305817,0.19903248675109353,-0.030585243031964637
U_k128_m0.03_H2_candidate_path0,train,B_S24:47500000:169,True,False,0.22907939553260803,0.1892908013833221,-0.03978859414928593
U_k128_m0.03_H2_candidate_path0,train,B_S24:47500000:179,True,False,0.19077566266059875,0.17768375793821178,-0.013091904722386971
U_k128_m0.03_H2_candidate_path0,train,B_S24:47500002:2,False,True,0.2727821171283722,0.13151849039422814,-0.14126362673414405
U_k128_m0.03_H2_candidate_path0,train,B_S24:47500002:3,False,True,0.2726239860057831,0.12133808096405119,-0.1512859050417319
U_k128_m0.03_H2_candidate_path0,train,B_S24:47500002:15,False,True,0.39918994903564453,0.18009768665069714,-0.2190922623849474
U_k128_m0.03_H2_candidate_path0,train,B_S24:47500002:25,False,True,0.3562301695346832,0.15320791100384668,-0.20302225853083655
U_k128_m0.03_H2_candidate_path0,train,B_S24:47500002:33,True,False,0.1753743439912796,0.19387023273156956,0.018495888740289956
U_k128_m0.03_H2_candidate_path0,train,B_S24:47500002:55,True,False,0.19119395315647125,0.17295447751530446,-0.01823947564116679
U_k128_m0.03_H2_candidate_path0,train,B_S24:47500002:101,True,False,0.19659538567066193,0.1953401663195109,-0.0012552193511510268
U_k128_m0.03_H2_candidate_path0,train,B_S24:47500002:114,True,False,0.1592094600200653,0.18505054304841906,0.02584108302835375
U_k128_m0.03_H2_candidate_path0,train,B_S24:47500002:152,True,False,0.13883070647716522,0.1806884543475462,0.04185774787038099
U_k128_m0.03_H2_candidate_path0,train,B_S24:47500002:178,True,False,0.19063690304756165,0.16448531790229026,-0.026151585145271383
U_k128_m0.03_H2_candidate_path0,train,B_S24:47500003:4,False,True,0.3052767813205719,0.09864610072690994,-0.20663068059366196
U_k128_m0.03_H2_candidate_path0,train,B_S24:47500003:16,False,True,0.3330284357070923,0.12663044939108659,-0.2063979863160057
U_k128_m0.03_H2_candidate_path0,train,B_S24:47500003:24,False,True,0.26791858673095703,0.13988344867539126,-0.12803513805556577
U_k128_m0.03_H2_candidate_path0,train,B_S24:47500003:41,True,False,0.20066429674625397,0.16509992809733376,-0.03556436864892021
U_k128_m0.03_H2_candidate_path0,train,B_S24:47500003:46,True,False,0.18029865622520447,0.1743413910298841,-0.00595726519532036
U_k128_m0.03_H2_candidate_path0,train,B_S24:47500003:80,True,False,0.13815505802631378,0.14408884166914504,0.0059337836428312585
U_k128_m0.03_H2_candidate_path0,train,B_S24:47500003:91,True,False,0.18175777792930603,0.20089001435553655,0.01913223642623052
U_k128_m0.03_H2_candidate_path0,train,B_S24:47500003:109,True,False,0.1768338531255722,0.16382348180923145,-0.013010371316340752
U_k128_m0.03_H2_candidate_path0,train,B_S24:47500003:149,True,False,0.17845012247562408,0.1629173182300292,-0.015532804245594889
U_k128_m0.03_H2_candidate_path0,train,B_S24:47500003:180,True,False,0.17555919289588928,0.20335781294852495,0.02779862005263567
U_k128_m0.03_H2_candidate_path0,train,B_S24:47500005:2,False,True,0.46012115478515625,0.13575243052036967,-0.3243687242647866
U_k128_m0.03_H2_candidate_path0,train,B_S24:47500005:6,False,True,0.807877242565155,0.17019964080827776,-0.6376776017568773
U_k128_m0.03_H2_candidate_path0,train,B_S24:47500005:13,False,True,0.19884367287158966,0.12210442975629121,-0.07673924311529845
U_k128_m0.03_H2_candidate_path0,train,B_S24:47500005:45,True,False,0.16660478711128235,0.1547581091581378,-0.011846677953144535
U_k128_m0.03_H2_candidate_path0,train,B_S24:47500005:46,True,False,0.20299573242664337,0.1723983460396994,-0.03059738638694398
U_k128_m0.03_H2_candidate_path0,train,B_S24:47500005:67,True,False,0.23566341400146484,0.1759892042755382,-0.05967420972592663
U_k128_m0.03_H2_candidate_path0,train,B_S24:47500005:106,True,False,0.18571405112743378,0.1820599967322778,-0.003654054395155981
U_k128_m0.03_H2_candidate_path0,train,B_S24:47500005:120,True,False,0.18973486125469208,0.19858826775453053,0.008853406499838457
U_k128_m0.03_H2_candidate_path0,train,B_S24:47500005:170,True,False,0.1846780776977539,0.17996850014606025,-0.0047095775516936556
U_k128_m0.03_H2_candidate_path0,train,B_S24:47500006:4,False,True,0.6800055503845215,0.1663005095324479,-0.5137050408520736
U_k128_m0.03_H2_candidate_path0,train,B_S24:47500006:5,False,True,0.34771162271499634,0.13909611862618476,-0.20861550408881158
U_k128_m0.03_H2_candidate_path0,train,B_S24:47500006:8,False,True,0.2791312634944916,0.11549895076313987,-0.1636323127313517
U_k128_m0.03_H2_candidate_path0,train,B_S24:47500006:10,False,True,0.24638283252716064,0.12143742802436464,-0.12494540450279601
U_k128_m0.03_H2_candidate_path0,train,B_S24:47500006:89,True,False,0.19571110606193542,0.1826151508721523,-0.013095955189783126
U_k128_m0.03_H2_candidate_path0,train,B_S24:47500006:102,True,False,0.15290115773677826,0.19882543286075816,0.045924275123979896
U_k128_m0.03_H2_candidate_path0,train,B_S24:47500006:118,True,False,0.1848416030406952,0.13885821493749972,-0.045983388103195466
U_k128_m0.03_H2_candidate_path0,train,B_S24:47500006:136,True,False,0.19732676446437836,0.19933497515739873,0.0020082106930203736
U_k128_m0.03_H2_candidate_path0,train,B_S24:47500006:169,True,False,0.2024579793214798,0.19331828303984366,-0.009139696281636134
U_k128_m0.03_H2_candidate_path0,train,B_S24:47500007:4,False,True,0.3917649984359741,0.13476231100503355,-0.25700268743094057
U_k128_m0.03_H2_candidate_path0,train,B_S24:47500007:6,False,True,0.30912962555885315,0.13058307135361247,-0.17854655420524068
U_k128_m0.03_H2_candidate_path0,train,B_S24:47500007:13,False,True,0.3609790503978729,0.1709822636184981,-0.18999678677937482
U_k128_m0.03_H2_candidate_path0,train,B_S24:47500007:36,True,False,0.19896309077739716,0.20859593994100578,0.009632849163608626
U_k128_m0.03_H2_candidate_path0,train,B_S24:47500007:97,True,False,0.19047655165195465,0.18765009034541436,-0.0028264613065402955
U_k128_m0.03_H2_candidate_path0,train,B_S24:47500007:118,True,False,0.20122893154621124,0.18216369225410745,-0.019065239292103797
U_k128_m0.03_H2_candidate_path0,train,B_S24:47500007:134,True,False,0.14810574054718018,0.1712787660653703,0.023173025518190116
U_k128_m0.03_H2_candidate_path0,train,B_S24:47500007:168,True,False,0.22978708148002625,0.21106698655057698,-0.01872009492944926
U_k128_m0.03_H2_candidate_path0,train,B_S24:47500008:4,False,True,0.27350133657455444,0.10524777228420135,-0.1682535642903531
U_k128_m0.03_H2_candidate_path0,train,B_S24:47500008:10,False,True,0.2653486132621765,0.13949518965091556,-0.12585342361126095
U_k128_m0.03_H2_candidate_path0,train,B_S24:47500008:20,False,True,0.2118111550807953,0.14374724759545643,-0.06806390748533886
U_k128_m0.03_H2_candidate_path0,train,B_S24:47500008:28,True,False,0.21345458924770355,0.19528751008328982,-0.018167079164413735
U_k128_m0.03_H2_candidate_path0,train,B_S24:47500008:34,True,False,0.24244503676891327,0.19125302269821987,-0.051192014070693403
U_k128_m0.03_H2_candidate_path0,train,B_S24:47500008:112,True,False,0.19375987350940704,0.17807509283011314,-0.015684780679293908
U_k128_m0.03_H2_candidate_path0,train,B_S24:47500008:131,True,False,0.14122577011585236,0.1610388095214148,0.01981303940556245
U_k128_m0.03_H2_candidate_path0,train,B_S24:47500008:172,True,False,0.20059499144554138,0.19028194685233757,-0.010313044593203813
U_k128_m0.03_H2_candidate_path0,train,B_S24:47500009:6,False,True,0.31236425042152405,0.11061901584616862,-0.20174523457535543
U_k128_m0.03_H2_candidate_path0,train,B_S24:47500009:11,False,True,0.36059314012527466,0.13509954167238902,-0.22549359845288564
U_k128_m0.03_H2_candidate_path0,train,B_S24:47500009:15,False,True,0.3581141531467438,0.15332085598492995,-0.20479329716181383
U_k128_m0.03_H2_candidate_path0,train,B_S24:47500009:20,False,True,0.46874794363975525,0.1436902801215183,-0.32505766351823695
U_k128_m0.03_H2_candidate_path0,train,B_S24:47500009:26,True,False,0.15755687654018402,0.1561563369759824,-0.0014005395642016083
U_k128_m0.03_H2_candidate_path0,train,B_S24:47500009:36,True,False,0.18875977396965027,0.18097107746871188,-0.007788696500938386
U_k128_m0.03_H2_candidate_path0,train,B_S24:47500009:68,True,False,0.19751954078674316,0.18182084351428784,-0.01569869727245532
U_k128_m0.03_H2_candidate_path0,train,B_S24:47500009:142,True,False,0.16560059785842896,0.17532390846463386,0.009723310606204905
U_k128_m0.03_H2_candidate_path0,train,B_S24:47500011:5,False,True,0.5821961164474487,0.15907081286422908,-0.42312530358321965
U_k128_m0.03_H2_candidate_path0,train,B_S24:47500011:15,False,True,0.3088112473487854,0.15667676756856963,-0.15213447978021577
U_k128_m0.03_H2_candidate_path0,train,B_S24:47500011:26,True,False,0.18781979382038116,0.18650143075501546,-0.001318363065365702
U_k128_m0.03_H2_candidate_path0,train,B_S24:47500011:29,True,False,0.20442962646484375,0.16154220432508737,-0.04288742213975638
U_k128_m0.03_H2_candidate_path0,train,B_S24:47500011:31,True,False,0.20104733109474182,0.16682784547447227,-0.03421948562026955
U_k128_m0.03_H2_candidate_path0,train,B_S24:47500011:36,True,False,0.19679419696331024,0.15474347496638075,-0.042050721996929497
U_k128_m0.03_H2_candidate_path0,train,B_S24:47500011:49,True,False,0.17435085773468018,0.16730606666533276,-0.007044791069347411
U_k128_m0.03_H2_candidate_path0,train,B_S24:47500011:56,True,False,0.18766503036022186,0.17267116666334914,-0.014993863696872722
U_k128_m0.03_H2_candidate_path0,train,B_S24:47500011:74,True,False,0.1663988083600998,0.17153731218422763,0.005138503824127838
U_k128_m0.03_H2_candidate_path0,train,B_S24:47500011:167,True,False,0.20736102759838104,0.21848772501107305,0.01112669741269201
U_k128_m0.03_H2_candidate_path0,train,B_S24:47500013:14,False,True,0.4125821888446808,0.16514563557575457,-0.24743655326892622
U_k128_m0.03_H2_candidate_path0,train,B_S24:47500013:15,False,True,0.20509247481822968,0.13216986462066416,-0.07292261019756552
U_k128_m0.03_H2_candidate_path0,train,B_S24:47500013:28,True,False,0.19318518042564392,0.16980228532338515,-0.02338289510225877
U_k128_m0.03_H2_candidate_path0,train,B_S24:47500013:32,True,False,0.1693228781223297,0.22717946345801465,0.05785658533568494
U_k128_m0.03_H2_candidate_path0,train,B_S24:47500013:58,True,False,0.1950526088476181,0.18939634956768714,-0.005656259279930964
U_k128_m0.03_H2_candidate_path0,train,B_S24:47500013:83,True,False,0.14309296011924744,0.17399576099705882,0.030902800877811387
U_k128_m0.03_H2_candidate_path0,train,B_S24:47500013:119,True,False,0.1806626170873642,0.1747269515763037,-0.005935665511060506
U_k128_m0.03_H2_candidate_path0,train,B_S24:47500013:128,True,False,0.1503414809703827,0.13261830242845463,-0.017723178541928064
U_k128_m0.03_H2_candidate_path0,train,B_S24:47500013:162,True,False,0.19286231696605682,0.17207928633433767,-0.020783030631719157
U_k128_m0.03_H2_candidate_path0,train,B_S24:47500013:165,True,False,0.1499023139476776,0.21183077024761587,0.06192845629993826
U_k128_m0.03_H2_candidate_path0,train,B_S24:47500014:9,False,True,0.2318490445613861,0.12929848035855684,-0.10255056420282926
U_k128_m0.03_H2_candidate_path0,train,B_S24:47500014:10,False,True,0.2867770493030548,0.1338318168418482,-0.15294523246120661
U_k128_m0.03_H2_candidate_path0,train,B_S24:47500014:20,False,True,0.6460942029953003,0.15990376281843055,-0.48619044017686974
U_k128_m0.03_H2_candidate_path0,train,B_S24:47500014:43,True,False,0.20170602202415466,0.16544456536939833,-0.03626145665475633
U_k128_m0.03_H2_candidate_path0,train,B_S24:47500014:60,True,False,0.19886992871761322,0.1723582990525756,-0.026511629665037617
U_k128_m0.03_H2_candidate_path0,train,B_S24:47500014:78,True,False,0.1777520328760147,0.21810299280332401,0.040350959927309304
U_k128_m0.03_H2_candidate_path0,train,B_S24:47500014:99,True,False,0.21228374540805817,0.16475545428693295,-0.04752829112112522
U_k128_m0.03_H2_candidate_path0,train,B_S24:47500014:134,True,False,0.18136480450630188,0.17387429039808922,-0.007490514108212665
U_k128_m0.03_H2_candidate_path0,train,B_S24:47500014:161,True,False,0.23814153671264648,0.18638121776166372,-0.051760318950982764
U_k128_m0.03_H2_candidate_path0,train,B_S24:47500014:170,True,False,0.24459503591060638,0.18688174641283695,-0.05771328949776944
U_k128_m0.03_H2_candidate_path0,train,B_S24:47500016:4,False,True,0.6232852339744568,0.16298815411573742,-0.46029707985871937
U_k128_m0.03_H2_candidate_path0,train,B_S24:47500016:5,False,True,0.2617242634296417,0.13820237684558379,-0.12352188658405794
U_k128_m0.03_H2_candidate_path0,train,B_S24:47500016:30,True,False,0.23061254620552063,0.24078214324254077,0.01016959703702014
U_k128_m0.03_H2_candidate_path0,train,B_S24:47500016:42,True,False,0.22001226246356964,0.22172221090295352,0.0017099484393838793
U_k128_m0.03_H2_candidate_path0,train,B_S24:47500016:43,True,False,0.17871206998825073,0.2028265632397961,0.024114493251545355
U_k128_m0.03_H2_candidate_path0,train,B_S24:47500016:108,True,False,0.18120786547660828,0.19072338567639235,0.009515520199784078
U_k128_m0.03_H2_candidate_path0,train,B_S24:47500016:129,True,False,0.1827215999364853,0.19004290745942853,0.007321307522943243
U_k128_m0.03_H2_candidate_path0,train,B_S24:47500016:165,True,False,0.18860261142253876,0.19347385881701484,0.004871247394476086
U_k128_m0.03_H2_candidate_path0,train,B_S24:47500016:169,True,False,0.1853955239057541,0.20269663371436764,0.017301109808613546
U_k128_m0.03_H2_candidate_path0,development,B_S24:47600000:3,False,True,0.09705996513366699,0.1548422019041027,0.0577822367704357
U_k128_m0.03_H2_candidate_path0,development,B_S24:47600000:14,False,True,0.205947145819664,0.1820709433304728,-0.0238762024891912
U_k128_m0.03_H2_candidate_path0,development,B_S24:47600000:17,False,True,0.17572037875652313,0.1541320006872411,-0.021588378069282044
U_k128_m0.03_H2_candidate_path0,development,B_S24:47600000:21,False,True,0.13698497414588928,0.12526527064983384,-0.011719703496055445
U_k128_m0.03_H2_candidate_path0,development,B_S24:47600000:29,True,False,0.1814865916967392,0.1453159502343624,-0.03617064146237681
U_k128_m0.03_H2_candidate_path0,development,B_S24:47600000:32,True,False,0.1471620798110962,0.12257814792974386,-0.024583931881352328
U_k128_m0.03_H2_candidate_path0,development,B_S24:47600000:76,True,False,0.2421846240758896,0.16971912427106872,-0.07246549980482087
U_k128_m0.03_H2_candidate_path0,development,B_S24:47600000:83,True,False,0.11677591502666473,0.1698102568552713,0.05303434182860656
U_k128_m0.03_H2_candidate_path0,development,B_S24:47600000:157,True,False,0.1736302673816681,0.20904547898680903,0.03541521160514094
U_k128_m0.03_H2_candidate_path0,development,B_S24:47600002:2,False,True,0.055692318826913834,0.1992458730819635,0.14355355425504968
U_k128_m0.03_H2_candidate_path0,development,B_S24:47600002:16,False,True,0.1457521915435791,0.14504551712889224,-0.0007066744146868587
U_k128_m0.03_H2_candidate_path0,development,B_S24:47600002:30,True,False,0.15352950990200043,0.14265107588289538,-0.010878434019105043
U_k128_m0.03_H2_candidate_path0,development,B_S24:47600002:36,True,False,0.21269522607326508,0.1643588059087051,-0.04833642016455997
U_k128_m0.03_H2_candidate_path0,development,B_S24:47600002:68,True,False,0.1635393351316452,0.1475149346733815,-0.0160244004582637
U_k128_m0.03_H2_candidate_path0,development,B_S24:47600002:76,True,False,0.16751502454280853,0.17052059059642488,0.0030055660536163487
U_k128_m0.03_H2_candidate_path0,development,B_S24:47600002:79,True,False,0.22866354882717133,0.23285468114045216,0.004191132313280832
U_k128_m0.03_H2_candidate_path0,development,B_S24:47600002:89,True,False,0.09834170341491699,0.12097345245274482,0.02263174903782783
U_k128_m0.03_H2_candidate_path0,development,B_S24:47600002:107,True,False,0.1303369253873825,0.08852385855061584,-0.041813066836766666
U_k128_m0.03_H2_candidate_path0,development,B_S24:47600003:1,False,True,0.2512017786502838,0.234626637713518,-0.01657514093676582
U_k128_m0.03_H2_candidate_path0,development,B_S24:47600003:3,False,True,0.3384643793106079,0.1627549776894739,-0.17570940162113402
U_k128_m0.03_H2_candidate_path0,development,B_S24:47600003:4,False,True,0.07103042304515839,0.16995589956786716,0.09892547652270878
U_k128_m0.03_H2_candidate_path0,development,B_S24:47600003:11,False,True,0.17558318376541138,0.1577631783511606,-0.017820005414250772
U_k128_m0.03_H2_candidate_path0,development,B_S24:47600003:12,False,True,0.2109198272228241,0.14862498114234768,-0.06229484608047642
U_k128_m0.03_H2_candidate_path0,development,B_S24:47600003:22,False,True,0.1248701959848404,0.17270795430522412,0.04783775832038373
U_k128_m0.03_H2_candidate_path0,development,B_S24:47600003:70,True,False,0.19521740078926086,0.1411425532423891,-0.05407484754687175
U_k128_m0.03_H2_candidate_path0,development,B_S24:47600003:90,True,False,0.1512201726436615,0.1456640128235449,-0.005556159820116591
U_k128_m0.03_H2_candidate_path0,development,B_S24:47600003:112,True,False,0.1631893664598465,0.14468638291873503,-0.018502983541111462
U_k128_m0.03_H2_candidate_path0,development,B_S24:47600003:125,True,False,0.19554178416728973,0.17477512317418586,-0.02076666099310387
U_k128_m0.03_H2_candidate_path0,development,B_S24:47600004:3,False,True,0.16103099286556244,0.1449706167622935,-0.016060376103268936
U_k128_m0.03_H2_candidate_path0,development,B_S24:47600004:8,False,True,0.17086026072502136,0.11896561174580711,-0.05189464897921425
U_k128_m0.03_H2_candidate_path0,development,B_S24:47600004:53,True,False,0.10420949757099152,0.10906914051156491,0.004859642940573394
U_k128_m0.03_H2_candidate_path0,development,B_S24:47600004:65,True,False,0.12459069490432739,0.10104772838531062,-0.023542966519016773
U_k128_m0.03_H2_candidate_path0,development,B_S24:47600004:92,True,False,0.11262781918048859,0.10768066119635478,-0.00494715798413381
U_k128_m0.03_H2_candidate_path0,development,B_S24:47600004:109,True,False,0.1100025624036789,0.10238307156396331,-0.007619490839715581
U_k128_m0.03_H2_candidate_path0,development,B_S24:47600004:122,True,False,0.13349297642707825,0.10168417181557743,-0.03180880461150082
U_k128_m0.03_H2_candidate_path0,development,B_S24:47600005:2,False,True,0.16920408606529236,0.10754298872052459,-0.06166109734476777
U_k128_m0.03_H2_candidate_path0,development,B_S24:47600005:5,False,True,0.062357038259506226,0.07844678899709834,0.016089750737592112
U_k128_m0.03_H2_candidate_path0,development,B_S24:47600005:15,False,True,0.15545256435871124,0.15068371282541193,-0.004768851533299312
U_k128_m0.03_H2_candidate_path0,development,B_S24:47600005:24,True,False,0.13666227459907532,0.15399315734248376,0.017330882743408438
U_k128_m0.03_H2_candidate_path0,development,B_S24:47600005:33,True,False,0.14567743241786957,0.14801783157599857,0.002340399158129003
U_k128_m0.03_H2_candidate_path0,development,B_S24:47600005:48,True,False,0.15859930217266083,0.13586204494640697,-0.02273725722625386
U_k128_m0.03_H2_candidate_path0,development,B_S24:47600005:86,True,False,0.08597647398710251,0.15975629613240017,0.07377982214529766
U_k128_m0.03_H2_candidate_path0,development,B_S24:47600005:88,True,False,0.1657244712114334,0.16012845766817918,-0.00559601354325423
U_k128_m0.03_H2_candidate_path0,development,B_S24:47600005:105,True,False,0.14615890383720398,0.2550256103495485,0.10886670651234454
U_k128_m0.03_H2_candidate_path0,development,B_S24:47600005:119,True,False,0.11893133819103241,0.11323970215016743,-0.005691636040864978
U_k128_m0.03_H2_candidate_path0,development,B_S24:47600006:2,False,True,0.1685028076171875,0.14786491529957857,-0.02063789231760893
U_k128_m0.03_H2_candidate_path0,development,B_S24:47600006:11,False,True,0.2386970818042755,0.14790569012984633,-0.09079139167442918
U_k128_m0.03_H2_candidate_path0,development,B_S24:47600006:13,False,True,0.2525367736816406,0.26538853828969877,0.012851764608058147
U_k128_m0.03_H2_candidate_path0,development,B_S24:47600006:16,False,True,0.33959120512008667,0.23127302086504642,-0.10831818425504025
U_k128_m0.03_H2_candidate_path0,development,B_S24:47600006:25,True,False,0.18160071969032288,0.1683533667892334,-0.01324735290108947
U_k128_m0.03_H2_candidate_path0,development,B_S24:47600006:38,True,False,0.14007841050624847,0.14472944755107164,0.00465103704482317
U_k128_m0.03_H2_candidate_path0,development,B_S24:47600006:72,True,False,0.2166455239057541,0.19260284234769642,-0.024042681558057666
U_k128_m0.03_H2_candidate_path0,development,B_S24:47600006:101,True,False,0.25243937969207764,0.2248542375600664,-0.027585142132011242
U_k128_m0.03_H2_candidate_path0,development,B_S24:47600006:132,True,False,0.116147480905056,0.1350195450722822,0.0188720641672262
U_k128_m0.03_H2_candidate_path0,development,B_S24:47600006:177,True,False,0.16768376529216766,0.18087739511975087,0.013193629827583209
U_k128_m0.03_H2_candidate_path0,development,B_S24:47600007:4,False,True,0.18249355256557465,0.095711398505955,-0.08678215405961964
U_k128_m0.03_H2_candidate_path0,development,B_S24:47600007:7,False,True,0.06070036441087723,0.08705306522824685,0.026352700817369623
U_k128_m0.03_H2_candidate_path0,development,B_S24:47600007:10,False,True,0.17068356275558472,0.14080121654842515,-0.02988234620715957
U_k128_m0.03_H2_candidate_path0,development,B_S24:47600007:17,False,True,0.1569419652223587,0.08879889192758128,-0.06814307329477742
U_k128_m0.03_H2_candidate_path0,development,B_S24:47600007:27,True,False,0.07975248992443085,0.09667490240826737,0.016922412483836524
U_k128_m0.03_H2_candidate_path0,development,B_S24:47600007:28,True,False,0.09642109274864197,0.11713453416450648,0.02071344141586451
U_k128_m0.03_H2_candidate_path0,development,B_S24:47600007:61,True,False,0.18710066378116608,0.18942698978935368,0.002326326008187607
U_k128_m0.03_H2_candidate_path0,development,B_S24:47600007:66,True,False,0.16126348078250885,0.1527044278846006,-0.00855905289790826
U_k128_m0.03_H2_candidate_path0,development,B_S24:47600007:87,True,False,0.17245540022850037,0.1324265432631364,-0.04002885696536396
U_k128_m0.03_H2_candidate_path0,development,B_S24:47600007:117,True,False,0.10847623646259308,0.12669152772286907,0.01821529126027599
U_k128_m0.03_H2_candidate_path0,development,B_S24:47600008:6,False,True,0.03661426529288292,0.05821107583324192,0.021596810540359
U_k128_m0.03_H2_candidate_path0,development,B_S24:47600008:8,False,True,0.05212704837322235,0.05813479270727839,0.006007744334056042
U_k128_m0.03_H2_candidate_path0,development,B_S24:47600008:21,False,True,0.07678942382335663,0.0779532326196204,0.0011638087962637655
U_k128_m0.03_H2_candidate_path0,development,B_S24:47600008:23,True,False,0.07786394655704498,0.06598463361297036,-0.011879312944074627
U_k128_m0.03_H2_candidate_path0,development,B_S24:47600008:49,True,False,0.07897848635911942,0.07330258420552127,-0.005675902153598145
U_k128_m0.03_H2_candidate_path0,development,B_S24:47600008:54,True,False,0.07081010192632675,0.10278149116493296,0.03197138923860621
U_k128_m0.03_H2_candidate_path0,development,B_S24:47600008:61,True,False,0.11846916377544403,0.12730033441039268,0.008831170634948649
U_k128_m0.03_H2_candidate_path0,development,B_S24:47600008:87,True,False,0.13583245873451233,0.11180612570024095,-0.024026333034271374
U_k128_m0.03_H2_candidate_path0,development,B_S24:47600008:101,True,False,0.050970301032066345,0.1049949204098084,0.054024619377742056
