candidate,fit_index,partition,seed,reset_seed,preview,M_MIN_candidate,N_returns,drift_pass,delta_margin_pass,region_gate_pass,transition_soundness_pass,event_source_pass,count_pass,certificate_pass,failure_reason,min_budget_margin,n_region_outside_states,formal_certificate
A,0,train,121000001,121000000,delta_zero,1,2,True,False,False,False,True,True,False,"[""DELTA_MARGIN_FAIL"", ""REGION_GATE_FAIL"", ""TRANSITION_SOUNDNESS_FAIL""]",-0.034390380382537895,0,
A,0,train,121000001,121000000,delta_zero,2,2,True,False,False,False,True,True,False,"[""DELTA_MARGIN_FAIL"", ""REGION_GATE_FAIL"", ""TRANSITION_SOUNDNESS_FAIL""]",-0.034390380382537895,0,
A,0,train,121000001,121000000,delta_zero,3,2,True,False,False,False,True,False,False,"[""DELTA_MARGIN_FAIL"", ""REGION_GATE_FAIL"", ""TRANSITION_SOUNDNESS_FAIL"", ""INSUFFICIENT_EVENTS""]",-0.034390380382537895,0,
A,0,train,121000001,121000000,delta_zero,4,2,True,False,False,False,True,False,False,"[""DELTA_MARGIN_FAIL"", ""REGION_GATE_FAIL"", ""TRANSITION_SOUNDNESS_FAIL"", ""INSUFFICIENT_EVENTS""]",-0.034390380382537895,0,
A,0,train,121000001,121000000,delta_zero,5,2,True,False,False,False,True,False,False,"[""DELTA_MARGIN_FAIL"", ""REGION_GATE_FAIL"", ""TRANSITION_SOUNDNESS_FAIL"", ""INSUFFICIENT_EVENTS""]",-0.034390380382537895,0,
A,0,train,121000001,121000000,delta_zero,6,2,True,False,False,False,True,False,False,"[""DELTA_MARGIN_FAIL"", ""REGION_GATE_FAIL"", ""TRANSITION_SOUNDNESS_FAIL"", ""INSUFFICIENT_EVENTS""]",-0.034390380382537895,0,
A,0,train,121000001,121000000,delta_zero,7,2,True,False,False,False,True,False,False,"[""DELTA_MARGIN_FAIL"", ""REGION_GATE_FAIL"", ""TRANSITION_SOUNDNESS_FAIL"", ""INSUFFICIENT_EVENTS""]",-0.034390380382537895,0,
A,0,train,121000001,121000000,delta_zero,8,2,True,False,False,False,True,False,False,"[""DELTA_MARGIN_FAIL"", ""REGION_GATE_FAIL"", ""TRANSITION_SOUNDNESS_FAIL"", ""INSUFFICIENT_EVENTS""]",-0.034390380382537895,0,
A,0,train,121000001,121000000,delta_zero,9,2,True,False,False,False,True,False,False,"[""DELTA_MARGIN_FAIL"", ""REGION_GATE_FAIL"", ""TRANSITION_SOUNDNESS_FAIL"", ""INSUFFICIENT_EVENTS""]",-0.034390380382537895,0,
A,0,train,121000001,121000000,delta_fit,1,2,True,True,True,True,True,True,True,[],0.3361203694343564,0,
A,0,train,121000001,121000000,delta_fit,2,2,True,True,True,True,True,True,True,[],0.3361203694343564,0,
A,0,train,121000001,121000000,delta_fit,3,2,True,True,True,True,True,False,False,"[""INSUFFICIENT_EVENTS""]",0.3361203694343564,0,
A,0,train,121000001,121000000,delta_fit,4,2,True,True,True,True,True,False,False,"[""INSUFFICIENT_EVENTS""]",0.3361203694343564,0,
A,0,train,121000001,121000000,delta_fit,5,2,True,True,True,True,True,False,False,"[""INSUFFICIENT_EVENTS""]",0.3361203694343564,0,
A,0,train,121000001,121000000,delta_fit,6,2,True,True,True,True,True,False,False,"[""INSUFFICIENT_EVENTS""]",0.3361203694343564,0,
A,0,train,121000001,121000000,delta_fit,7,2,True,True,True,True,True,False,False,"[""INSUFFICIENT_EVENTS""]",0.3361203694343564,0,
A,0,train,121000001,121000000,delta_fit,8,2,True,True,True,True,True,False,False,"[""INSUFFICIENT_EVENTS""]",0.3361203694343564,0,
A,0,train,121000001,121000000,delta_fit,9,2,True,True,True,True,True,False,False,"[""INSUFFICIENT_EVENTS""]",0.3361203694343564,0,
A,0,train,121000001,121000000,constant_H_eta,1,2,True,True,True,True,True,True,True,[],0.46000000000001995,0,
A,0,train,121000001,121000000,constant_H_eta,2,2,True,True,True,True,True,True,True,[],0.46000000000001995,0,
A,0,train,121000001,121000000,constant_H_eta,3,2,True,True,True,True,True,False,False,"[""INSUFFICIENT_EVENTS""]",0.46000000000001995,0,
A,0,train,121000001,121000000,constant_H_eta,4,2,True,True,True,True,True,False,False,"[""INSUFFICIENT_EVENTS""]",0.46000000000001995,0,
A,0,train,121000001,121000000,constant_H_eta,5,2,True,True,True,True,True,False,False,"[""INSUFFICIENT_EVENTS""]",0.46000000000001995,0,
A,0,train,121000001,121000000,constant_H_eta,6,2,True,True,True,True,True,False,False,"[""INSUFFICIENT_EVENTS""]",0.46000000000001995,0,
A,0,train,121000001,121000000,constant_H_eta,7,2,True,True,True,True,True,False,False,"[""INSUFFICIENT_EVENTS""]",0.46000000000001995,0,
A,0,train,121000001,121000000,constant_H_eta,8,2,True,True,True,True,True,False,False,"[""INSUFFICIENT_EVENTS""]",0.46000000000001995,0,
A,0,train,121000001,121000000,constant_H_eta,9,2,True,True,True,True,True,False,False,"[""INSUFFICIENT_EVENTS""]",0.46000000000001995,0,
A,1,train,121000005,121000004,delta_zero,1,5,True,False,False,False,True,True,False,"[""DELTA_MARGIN_FAIL"", ""REGION_GATE_FAIL"", ""TRANSITION_SOUNDNESS_FAIL""]",-0.16936887741088963,0,
A,1,train,121000005,121000004,delta_zero,2,5,True,False,False,False,True,True,False,"[""DELTA_MARGIN_FAIL"", ""REGION_GATE_FAIL"", ""TRANSITION_SOUNDNESS_FAIL""]",-0.16936887741088963,0,
A,1,train,121000005,121000004,delta_zero,3,5,True,False,False,False,True,True,False,"[""DELTA_MARGIN_FAIL"", ""REGION_GATE_FAIL"", ""TRANSITION_SOUNDNESS_FAIL""]",-0.16936887741088963,0,
A,1,train,121000005,121000004,delta_zero,4,5,True,False,False,False,True,True,False,"[""DELTA_MARGIN_FAIL"", ""REGION_GATE_FAIL"", ""TRANSITION_SOUNDNESS_FAIL""]",-0.16936887741088963,0,
A,1,train,121000005,121000004,delta_zero,5,5,True,False,False,False,True,True,False,"[""DELTA_MARGIN_FAIL"", ""REGION_GATE_FAIL"", ""TRANSITION_SOUNDNESS_FAIL""]",-0.16936887741088963,0,
A,1,train,121000005,121000004,delta_zero,6,5,True,False,False,False,True,False,False,"[""DELTA_MARGIN_FAIL"", ""REGION_GATE_FAIL"", ""TRANSITION_SOUNDNESS_FAIL"", ""INSUFFICIENT_EVENTS""]",-0.16936887741088963,0,
A,1,train,121000005,121000004,delta_zero,7,5,True,False,False,False,True,False,False,"[""DELTA_MARGIN_FAIL"", ""REGION_GATE_FAIL"", ""TRANSITION_SOUNDNESS_FAIL"", ""INSUFFICIENT_EVENTS""]",-0.16936887741088963,0,
A,1,train,121000005,121000004,delta_zero,8,5,True,False,False,False,True,False,False,"[""DELTA_MARGIN_FAIL"", ""REGION_GATE_FAIL"", ""TRANSITION_SOUNDNESS_FAIL"", ""INSUFFICIENT_EVENTS""]",-0.16936887741088963,0,
A,1,train,121000005,121000004,delta_zero,9,5,True,False,False,False,True,False,False,"[""DELTA_MARGIN_FAIL"", ""REGION_GATE_FAIL"", ""TRANSITION_SOUNDNESS_FAIL"", ""INSUFFICIENT_EVENTS""]",-0.16936887741088963,0,
A,1,train,121000005,121000004,delta_fit,1,5,True,True,True,True,True,True,True,[],0.20114187240600456,0,
A,1,train,121000005,121000004,delta_fit,2,5,True,True,True,True,True,True,True,[],0.20114187240600456,0,
A,1,train,121000005,121000004,delta_fit,3,5,True,True,True,True,True,True,True,[],0.20114187240600456,0,
A,1,train,121000005,121000004,delta_fit,4,5,True,True,True,True,True,True,True,[],0.20114187240600456,0,
A,1,train,121000005,121000004,delta_fit,5,5,True,True,True,True,True,True,True,[],0.20114187240600456,0,
A,1,train,121000005,121000004,delta_fit,6,5,True,True,True,True,True,False,False,"[""INSUFFICIENT_EVENTS""]",0.20114187240600456,0,
A,1,train,121000005,121000004,delta_fit,7,5,True,True,True,True,True,False,False,"[""INSUFFICIENT_EVENTS""]",0.20114187240600456,0,
A,1,train,121000005,121000004,delta_fit,8,5,True,True,True,True,True,False,False,"[""INSUFFICIENT_EVENTS""]",0.20114187240600456,0,
A,1,train,121000005,121000004,delta_fit,9,5,True,True,True,True,True,False,False,"[""INSUFFICIENT_EVENTS""]",0.20114187240600456,0,
A,1,train,121000005,121000004,constant_H_eta,1,5,True,True,True,True,True,True,True,[],1.610000000000021,0,
A,1,train,121000005,121000004,constant_H_eta,2,5,True,True,True,True,True,True,True,[],1.610000000000021,0,
A,1,train,121000005,121000004,constant_H_eta,3,5,True,True,True,True,True,True,True,[],1.610000000000021,0,
A,1,train,121000005,121000004,constant_H_eta,4,5,True,True,True,True,True,True,True,[],1.610000000000021,0,
A,1,train,121000005,121000004,constant_H_eta,5,5,True,True,True,True,True,True,True,[],1.610000000000021,0,
A,1,train,121000005,121000004,constant_H_eta,6,5,True,True,True,True,True,False,False,"[""INSUFFICIENT_EVENTS""]",1.610000000000021,0,
A,1,train,121000005,121000004,constant_H_eta,7,5,True,True,True,True,True,False,False,"[""INSUFFICIENT_EVENTS""]",1.610000000000021,0,
A,1,train,121000005,121000004,constant_H_eta,8,5,True,True,True,True,True,False,False,"[""INSUFFICIENT_EVENTS""]",1.610000000000021,0,
A,1,train,121000005,121000004,constant_H_eta,9,5,True,True,True,True,True,False,False,"[""INSUFFICIENT_EVENTS""]",1.610000000000021,0,
A,2,train,121000009,121000008,delta_zero,1,3,True,False,False,False,True,True,False,"[""DELTA_MARGIN_FAIL"", ""REGION_GATE_FAIL"", ""TRANSITION_SOUNDNESS_FAIL""]",-0.1442324566841126,0,
A,2,train,121000009,121000008,delta_zero,2,3,True,False,False,False,True,True,False,"[""DELTA_MARGIN_FAIL"", ""REGION_GATE_FAIL"", ""TRANSITION_SOUNDNESS_FAIL""]",-0.1442324566841126,0,
A,2,train,121000009,121000008,delta_zero,3,3,True,False,False,False,True,True,False,"[""DELTA_MARGIN_FAIL"", ""REGION_GATE_FAIL"", ""TRANSITION_SOUNDNESS_FAIL""]",-0.1442324566841126,0,
A,2,train,121000009,121000008,delta_zero,4,3,True,False,False,False,True,False,False,"[""DELTA_MARGIN_FAIL"", ""REGION_GATE_FAIL"", ""TRANSITION_SOUNDNESS_FAIL"", ""INSUFFICIENT_EVENTS""]",-0.1442324566841126,0,
A,2,train,121000009,121000008,delta_zero,5,3,True,False,False,False,True,False,False,"[""DELTA_MARGIN_FAIL"", ""REGION_GATE_FAIL"", ""TRANSITION_SOUNDNESS_FAIL"", ""INSUFFICIENT_EVENTS""]",-0.1442324566841126,0,
A,2,train,121000009,121000008,delta_zero,6,3,True,False,False,False,True,False,False,"[""DELTA_MARGIN_FAIL"", ""REGION_GATE_FAIL"", ""TRANSITION_SOUNDNESS_FAIL"", ""INSUFFICIENT_EVENTS""]",-0.1442324566841126,0,
A,2,train,121000009,121000008,delta_zero,7,3,True,False,False,False,True,False,False,"[""DELTA_MARGIN_FAIL"", ""REGION_GATE_FAIL"", ""TRANSITION_SOUNDNESS_FAIL"", ""INSUFFICIENT_EVENTS""]",-0.1442324566841126,0,
A,2,train,121000009,121000008,delta_zero,8,3,True,False,False,False,True,False,False,"[""DELTA_MARGIN_FAIL"", ""REGION_GATE_FAIL"", ""TRANSITION_SOUNDNESS_FAIL"", ""INSUFFICIENT_EVENTS""]",-0.1442324566841126,0,
A,2,train,121000009,121000008,delta_zero,9,3,True,False,False,False,True,False,False,"[""DELTA_MARGIN_FAIL"", ""REGION_GATE_FAIL"", ""TRANSITION_SOUNDNESS_FAIL"", ""INSUFFICIENT_EVENTS""]",-0.1442324566841126,0,
A,2,train,121000009,121000008,delta_fit,1,3,True,True,True,True,True,True,True,[],0.22627829313278158,0,
A,2,train,121000009,121000008,delta_fit,2,3,True,True,True,True,True,True,True,[],0.22627829313278158,0,
A,2,train,121000009,121000008,delta_fit,3,3,True,True,True,True,True,True,True,[],0.22627829313278158,0,
A,2,train,121000009,121000008,delta_fit,4,3,True,True,True,True,True,False,False,"[""INSUFFICIENT_EVENTS""]",0.22627829313278158,0,
A,2,train,121000009,121000008,delta_fit,5,3,True,True,True,True,True,False,False,"[""INSUFFICIENT_EVENTS""]",0.22627829313278158,0,
A,2,train,121000009,121000008,delta_fit,6,3,True,True,True,True,True,False,False,"[""INSUFFICIENT_EVENTS""]",0.22627829313278158,0,
A,2,train,121000009,121000008,delta_fit,7,3,True,True,True,True,True,False,False,"[""INSUFFICIENT_EVENTS""]",0.22627829313278158,0,
A,2,train,121000009,121000008,delta_fit,8,3,True,True,True,True,True,False,False,"[""INSUFFICIENT_EVENTS""]",0.22627829313278158,0,
A,2,train,121000009,121000008,delta_fit,9,3,True,True,True,True,True,False,False,"[""INSUFFICIENT_EVENTS""]",0.22627829313278158,0,
A,2,train,121000009,121000008,constant_H_eta,1,3,True,True,True,True,True,True,True,[],1.5100000000000209,0,
A,2,train,121000009,121000008,constant_H_eta,2,3,True,True,True,True,True,True,True,[],1.5100000000000209,0,
A,2,train,121000009,121000008,constant_H_eta,3,3,True,True,True,True,True,True,True,[],1.5100000000000209,0,
A,2,train,121000009,121000008,constant_H_eta,4,3,True,True,True,True,True,False,False,"[""INSUFFICIENT_EVENTS""]",1.5100000000000209,0,
A,2,train,121000009,121000008,constant_H_eta,5,3,True,True,True,True,True,False,False,"[""INSUFFICIENT_EVENTS""]",1.5100000000000209,0,
A,2,train,121000009,121000008,constant_H_eta,6,3,True,True,True,True,True,False,False,"[""INSUFFICIENT_EVENTS""]",1.5100000000000209,0,
A,2,train,121000009,121000008,constant_H_eta,7,3,True,True,True,True,True,False,False,"[""INSUFFICIENT_EVENTS""]",1.5100000000000209,0,
A,2,train,121000009,121000008,constant_H_eta,8,3,True,True,True,True,True,False,False,"[""INSUFFICIENT_EVENTS""]",1.5100000000000209,0,
A,2,train,121000009,121000008,constant_H_eta,9,3,True,True,True,True,True,False,False,"[""INSUFFICIENT_EVENTS""]",1.5100000000000209,0,
A,3,train,121000015,121000014,delta_zero,1,5,True,False,False,False,True,True,False,"[""DELTA_MARGIN_FAIL"", ""REGION_GATE_FAIL"", ""TRANSITION_SOUNDNESS_FAIL""]",-0.08856975078582763,0,
A,3,train,121000015,121000014,delta_zero,2,5,True,False,False,False,True,True,False,"[""DELTA_MARGIN_FAIL"", ""REGION_GATE_FAIL"", ""TRANSITION_SOUNDNESS_FAIL""]",-0.08856975078582763,0,
A,3,train,121000015,121000014,delta_zero,3,5,True,False,False,False,True,True,False,"[""DELTA_MARGIN_FAIL"", ""REGION_GATE_FAIL"", ""TRANSITION_SOUNDNESS_FAIL""]",-0.08856975078582763,0,
A,3,train,121000015,121000014,delta_zero,4,5,True,False,False,False,True,True,False,"[""DELTA_MARGIN_FAIL"", ""REGION_GATE_FAIL"", ""TRANSITION_SOUNDNESS_FAIL""]",-0.08856975078582763,0,
A,3,train,121000015,121000014,delta_zero,5,5,True,False,False,False,True,True,False,"[""DELTA_MARGIN_FAIL"", ""REGION_GATE_FAIL"", ""TRANSITION_SOUNDNESS_FAIL""]",-0.08856975078582763,0,
A,3,train,121000015,121000014,delta_zero,6,5,True,False,False,False,True,False,False,"[""DELTA_MARGIN_FAIL"", ""REGION_GATE_FAIL"", ""TRANSITION_SOUNDNESS_FAIL"", ""INSUFFICIENT_EVENTS""]",-0.08856975078582763,0,
A,3,train,121000015,121000014,delta_zero,7,5,True,False,False,False,True,False,False,"[""DELTA_MARGIN_FAIL"", ""REGION_GATE_FAIL"", ""TRANSITION_SOUNDNESS_FAIL"", ""INSUFFICIENT_EVENTS""]",-0.08856975078582763,0,
A,3,train,121000015,121000014,delta_zero,8,5,True,False,False,False,True,False,False,"[""DELTA_MARGIN_FAIL"", ""REGION_GATE_FAIL"", ""TRANSITION_SOUNDNESS_FAIL"", ""INSUFFICIENT_EVENTS""]",-0.08856975078582763,0,
A,3,train,121000015,121000014,delta_zero,9,5,True,False,False,False,True,False,False,"[""DELTA_MARGIN_FAIL"", ""REGION_GATE_FAIL"", ""TRANSITION_SOUNDNESS_FAIL"", ""INSUFFICIENT_EVENTS""]",-0.08856975078582763,0,
A,3,train,121000015,121000014,delta_fit,1,5,True,True,True,True,True,True,True,[],0.2819409990310666,0,
A,3,train,121000015,121000014,delta_fit,2,5,True,True,True,True,True,True,True,[],0.2819409990310666,0,
A,3,train,121000015,121000014,delta_fit,3,5,True,True,True,True,True,True,True,[],0.2819409990310666,0,
A,3,train,121000015,121000014,delta_fit,4,5,True,True,True,True,True,True,True,[],0.2819409990310666,0,
A,3,train,121000015,121000014,delta_fit,5,5,True,True,True,True,True,True,True,[],0.2819409990310666,0,
A,3,train,121000015,121000014,delta_fit,6,5,True,True,True,True,True,False,False,"[""INSUFFICIENT_EVENTS""]",0.2819409990310666,0,
A,3,train,121000015,121000014,delta_fit,7,5,True,True,True,True,True,False,False,"[""INSUFFICIENT_EVENTS""]",0.2819409990310666,0,
A,3,train,121000015,121000014,delta_fit,8,5,True,True,True,True,True,False,False,"[""INSUFFICIENT_EVENTS""]",0.2819409990310666,0,
A,3,train,121000015,121000014,delta_fit,9,5,True,True,True,True,True,False,False,"[""INSUFFICIENT_EVENTS""]",0.2819409990310666,0,
A,3,train,121000015,121000014,constant_H_eta,1,5,True,True,True,True,True,True,True,[],1.7800000000000211,0,
A,3,train,121000015,121000014,constant_H_eta,2,5,True,True,True,True,True,True,True,[],1.7800000000000211,0,
A,3,train,121000015,121000014,constant_H_eta,3,5,True,True,True,True,True,True,True,[],1.7800000000000211,0,
A,3,train,121000015,121000014,constant_H_eta,4,5,True,True,True,True,True,True,True,[],1.7800000000000211,0,
A,3,train,121000015,121000014,constant_H_eta,5,5,True,True,True,True,True,True,True,[],1.7800000000000211,0,
A,3,train,121000015,121000014,constant_H_eta,6,5,True,True,True,True,True,False,False,"[""INSUFFICIENT_EVENTS""]",1.7800000000000211,0,
A,3,train,121000015,121000014,constant_H_eta,7,5,True,True,True,True,True,False,False,"[""INSUFFICIENT_EVENTS""]",1.7800000000000211,0,
A,3,train,121000015,121000014,constant_H_eta,8,5,True,True,True,True,True,False,False,"[""INSUFFICIENT_EVENTS""]",1.7800000000000211,0,
A,3,train,121000015,121000014,constant_H_eta,9,5,True,True,True,True,True,False,False,"[""INSUFFICIENT_EVENTS""]",1.7800000000000211,0,
A,4,train,121000017,121000016,delta_zero,1,5,True,False,False,False,True,True,False,"[""DELTA_MARGIN_FAIL"", ""REGION_GATE_FAIL"", ""TRANSITION_SOUNDNESS_FAIL""]",-0.07878268003463763,0,
A,4,train,121000017,121000016,delta_zero,2,5,True,False,False,False,True,True,False,"[""DELTA_MARGIN_FAIL"", ""REGION_GATE_FAIL"", ""TRANSITION_SOUNDNESS_FAIL""]",-0.07878268003463763,0,
A,4,train,121000017,121000016,delta_zero,3,5,True,False,False,False,True,True,False,"[""DELTA_MARGIN_FAIL"", ""REGION_GATE_FAIL"", ""TRANSITION_SOUNDNESS_FAIL""]",-0.07878268003463763,0,
A,4,train,121000017,121000016,delta_zero,4,5,True,False,False,False,True,True,False,"[""DELTA_MARGIN_FAIL"", ""REGION_GATE_FAIL"", ""TRANSITION_SOUNDNESS_FAIL""]",-0.07878268003463763,0,
A,4,train,121000017,121000016,delta_zero,5,5,True,False,False,False,True,True,False,"[""DELTA_MARGIN_FAIL"", ""REGION_GATE_FAIL"", ""TRANSITION_SOUNDNESS_FAIL""]",-0.07878268003463763,0,
A,4,train,121000017,121000016,delta_zero,6,5,True,False,False,False,True,False,False,"[""DELTA_MARGIN_FAIL"", ""REGION_GATE_FAIL"", ""TRANSITION_SOUNDNESS_FAIL"", ""INSUFFICIENT_EVENTS""]",-0.07878268003463763,0,
A,4,train,121000017,121000016,delta_zero,7,5,True,False,False,False,True,False,False,"[""DELTA_MARGIN_FAIL"", ""REGION_GATE_FAIL"", ""TRANSITION_SOUNDNESS_FAIL"", ""INSUFFICIENT_EVENTS""]",-0.07878268003463763,0,
A,4,train,121000017,121000016,delta_zero,8,5,True,False,False,False,True,False,False,"[""DELTA_MARGIN_FAIL"", ""REGION_GATE_FAIL"", ""TRANSITION_SOUNDNESS_FAIL"", ""INSUFFICIENT_EVENTS""]",-0.07878268003463763,0,
A,4,train,121000017,121000016,delta_zero,9,5,True,False,False,False,True,False,False,"[""DELTA_MARGIN_FAIL"", ""REGION_GATE_FAIL"", ""TRANSITION_SOUNDNESS_FAIL"", ""INSUFFICIENT_EVENTS""]",-0.07878268003463763,0,
A,4,train,121000017,121000016,delta_fit,1,5,True,True,True,True,True,True,True,[],0.2917280697822566,0,
A,4,train,121000017,121000016,delta_fit,2,5,True,True,True,True,True,True,True,[],0.2917280697822566,0,
A,4,train,121000017,121000016,delta_fit,3,5,True,True,True,True,True,True,True,[],0.2917280697822566,0,
A,4,train,121000017,121000016,delta_fit,4,5,True,True,True,True,True,True,True,[],0.2917280697822566,0,
A,4,train,121000017,121000016,delta_fit,5,5,True,True,True,True,True,True,True,[],0.2917280697822566,0,
A,4,train,121000017,121000016,delta_fit,6,5,True,True,True,True,True,False,False,"[""INSUFFICIENT_EVENTS""]",0.2917280697822566,0,
A,4,train,121000017,121000016,delta_fit,7,5,True,True,True,True,True,False,False,"[""INSUFFICIENT_EVENTS""]",0.2917280697822566,0,
A,4,train,121000017,121000016,delta_fit,8,5,True,True,True,True,True,False,False,"[""INSUFFICIENT_EVENTS""]",0.2917280697822566,0,
A,4,train,121000017,121000016,delta_fit,9,5,True,True,True,True,True,False,False,"[""INSUFFICIENT_EVENTS""]",0.2917280697822566,0,
A,4,train,121000017,121000016,constant_H_eta,1,5,True,True,True,True,True,True,True,[],1.540000000000021,0,
A,4,train,121000017,121000016,constant_H_eta,2,5,True,True,True,True,True,True,True,[],1.540000000000021,0,
A,4,train,121000017,121000016,constant_H_eta,3,5,True,True,True,True,True,True,True,[],1.540000000000021,0,
A,4,train,121000017,121000016,constant_H_eta,4,5,True,True,True,True,True,True,True,[],1.540000000000021,0,
A,4,train,121000017,121000016,constant_H_eta,5,5,True,True,True,True,True,True,True,[],1.540000000000021,0,
A,4,train,121000017,121000016,constant_H_eta,6,5,True,True,True,True,True,False,False,"[""INSUFFICIENT_EVENTS""]",1.540000000000021,0,
A,4,train,121000017,121000016,constant_H_eta,7,5,True,True,True,True,True,False,False,"[""INSUFFICIENT_EVENTS""]",1.540000000000021,0,
A,4,train,121000017,121000016,constant_H_eta,8,5,True,True,True,True,True,False,False,"[""INSUFFICIENT_EVENTS""]",1.540000000000021,0,
A,4,train,121000017,121000016,constant_H_eta,9,5,True,True,True,True,True,False,False,"[""INSUFFICIENT_EVENTS""]",1.540000000000021,0,
A,5,train,121000019,121000018,delta_zero,1,1,True,False,False,False,True,True,False,"[""DELTA_MARGIN_FAIL"", ""REGION_GATE_FAIL"", ""TRANSITION_SOUNDNESS_FAIL""]",-0.07917665839195266,0,
A,5,train,121000019,121000018,delta_zero,2,1,True,False,False,False,True,False,False,"[""DELTA_MARGIN_FAIL"", ""REGION_GATE_FAIL"", ""TRANSITION_SOUNDNESS_FAIL"", ""INSUFFICIENT_EVENTS""]",-0.07917665839195266,0,
A,5,train,121000019,121000018,delta_zero,3,1,True,False,False,False,True,False,False,"[""DELTA_MARGIN_FAIL"", ""REGION_GATE_FAIL"", ""TRANSITION_SOUNDNESS_FAIL"", ""INSUFFICIENT_EVENTS""]",-0.07917665839195266,0,
A,5,train,121000019,121000018,delta_zero,4,1,True,False,False,False,True,False,False,"[""DELTA_MARGIN_FAIL"", ""REGION_GATE_FAIL"", ""TRANSITION_SOUNDNESS_FAIL"", ""INSUFFICIENT_EVENTS""]",-0.07917665839195266,0,
A,5,train,121000019,121000018,delta_zero,5,1,True,False,False,False,True,False,False,"[""DELTA_MARGIN_FAIL"", ""REGION_GATE_FAIL"", ""TRANSITION_SOUNDNESS_FAIL"", ""INSUFFICIENT_EVENTS""]",-0.07917665839195266,0,
A,5,train,121000019,121000018,delta_zero,6,1,True,False,False,False,True,False,False,"[""DELTA_MARGIN_FAIL"", ""REGION_GATE_FAIL"", ""TRANSITION_SOUNDNESS_FAIL"", ""INSUFFICIENT_EVENTS""]",-0.07917665839195266,0,
A,5,train,121000019,121000018,delta_zero,7,1,True,False,False,False,True,False,False,"[""DELTA_MARGIN_FAIL"", ""REGION_GATE_FAIL"", ""TRANSITION_SOUNDNESS_FAIL"", ""INSUFFICIENT_EVENTS""]",-0.07917665839195266,0,
A,5,train,121000019,121000018,delta_zero,8,1,True,False,False,False,True,False,False,"[""DELTA_MARGIN_FAIL"", ""REGION_GATE_FAIL"", ""TRANSITION_SOUNDNESS_FAIL"", ""INSUFFICIENT_EVENTS""]",-0.07917665839195266,0,
A,5,train,121000019,121000018,delta_zero,9,1,True,False,False,False,True,False,False,"[""DELTA_MARGIN_FAIL"", ""REGION_GATE_FAIL"", ""TRANSITION_SOUNDNESS_FAIL"", ""INSUFFICIENT_EVENTS""]",-0.07917665839195266,0,
A,5,train,121000019,121000018,delta_fit,1,1,True,True,True,True,True,True,True,[],0.2913340914249416,0,
A,5,train,121000019,121000018,delta_fit,2,1,True,True,True,True,True,False,False,"[""INSUFFICIENT_EVENTS""]",0.2913340914249416,0,
A,5,train,121000019,121000018,delta_fit,3,1,True,True,True,True,True,False,False,"[""INSUFFICIENT_EVENTS""]",0.2913340914249416,0,
A,5,train,121000019,121000018,delta_fit,4,1,True,True,True,True,True,False,False,"[""INSUFFICIENT_EVENTS""]",0.2913340914249416,0,
A,5,train,121000019,121000018,delta_fit,5,1,True,True,True,True,True,False,False,"[""INSUFFICIENT_EVENTS""]",0.2913340914249416,0,
A,5,train,121000019,121000018,delta_fit,6,1,True,True,True,True,True,False,False,"[""INSUFFICIENT_EVENTS""]",0.2913340914249416,0,
A,5,train,121000019,121000018,delta_fit,7,1,True,True,True,True,True,False,False,"[""INSUFFICIENT_EVENTS""]",0.2913340914249416,0,
A,5,train,121000019,121000018,delta_fit,8,1,True,True,True,True,True,False,False,"[""INSUFFICIENT_EVENTS""]",0.2913340914249416,0,
A,5,train,121000019,121000018,delta_fit,9,1,True,True,True,True,True,False,False,"[""INSUFFICIENT_EVENTS""]",0.2913340914249416,0,
A,5,train,121000019,121000018,constant_H_eta,1,1,True,True,True,True,True,True,True,[],0.4000000000000199,0,
A,5,train,121000019,121000018,constant_H_eta,2,1,True,True,True,True,True,False,False,"[""INSUFFICIENT_EVENTS""]",0.4000000000000199,0,
A,5,train,121000019,121000018,constant_H_eta,3,1,True,True,True,True,True,False,False,"[""INSUFFICIENT_EVENTS""]",0.4000000000000199,0,
A,5,train,121000019,121000018,constant_H_eta,4,1,True,True,True,True,True,False,False,"[""INSUFFICIENT_EVENTS""]",0.4000000000000199,0,
A,5,train,121000019,121000018,constant_H_eta,5,1,True,True,True,True,True,False,False,"[""INSUFFICIENT_EVENTS""]",0.4000000000000199,0,
A,5,train,121000019,121000018,constant_H_eta,6,1,True,True,True,True,True,False,False,"[""INSUFFICIENT_EVENTS""]",0.4000000000000199,0,
A,5,train,121000019,121000018,constant_H_eta,7,1,True,True,True,True,True,False,False,"[""INSUFFICIENT_EVENTS""]",0.4000000000000199,0,
A,5,train,121000019,121000018,constant_H_eta,8,1,True,True,True,True,True,False,False,"[""INSUFFICIENT_EVENTS""]",0.4000000000000199,0,
A,5,train,121000019,121000018,constant_H_eta,9,1,True,True,True,True,True,False,False,"[""INSUFFICIENT_EVENTS""]",0.4000000000000199,0,
A,6,train,121000025,121000024,delta_zero,1,5,True,False,False,False,True,True,False,"[""DELTA_MARGIN_FAIL"", ""REGION_GATE_FAIL"", ""TRANSITION_SOUNDNESS_FAIL""]",-0.14881455183029185,0,
A,6,train,121000025,121000024,delta_zero,2,5,True,False,False,False,True,True,False,"[""DELTA_MARGIN_FAIL"", ""REGION_GATE_FAIL"", ""TRANSITION_SOUNDNESS_FAIL""]",-0.14881455183029185,0,
A,6,train,121000025,121000024,delta_zero,3,5,True,False,False,False,True,True,False,"[""DELTA_MARGIN_FAIL"", ""REGION_GATE_FAIL"", ""TRANSITION_SOUNDNESS_FAIL""]",-0.14881455183029185,0,
A,6,train,121000025,121000024,delta_zero,4,5,True,False,False,False,True,True,False,"[""DELTA_MARGIN_FAIL"", ""REGION_GATE_FAIL"", ""TRANSITION_SOUNDNESS_FAIL""]",-0.14881455183029185,0,
A,6,train,121000025,121000024,delta_zero,5,5,True,False,False,False,True,True,False,"[""DELTA_MARGIN_FAIL"", ""REGION_GATE_FAIL"", ""TRANSITION_SOUNDNESS_FAIL""]",-0.14881455183029185,0,
A,6,train,121000025,121000024,delta_zero,6,5,True,False,False,False,True,False,False,"[""DELTA_MARGIN_FAIL"", ""REGION_GATE_FAIL"", ""TRANSITION_SOUNDNESS_FAIL"", ""INSUFFICIENT_EVENTS""]",-0.14881455183029185,0,
A,6,train,121000025,121000024,delta_zero,7,5,True,False,False,False,True,False,False,"[""DELTA_MARGIN_FAIL"", ""REGION_GATE_FAIL"", ""TRANSITION_SOUNDNESS_FAIL"", ""INSUFFICIENT_EVENTS""]",-0.14881455183029185,0,
A,6,train,121000025,121000024,delta_zero,8,5,True,False,False,False,True,False,False,"[""DELTA_MARGIN_FAIL"", ""REGION_GATE_FAIL"", ""TRANSITION_SOUNDNESS_FAIL"", ""INSUFFICIENT_EVENTS""]",-0.14881455183029185,0,
A,6,train,121000025,121000024,delta_zero,9,5,True,False,False,False,True,False,False,"[""DELTA_MARGIN_FAIL"", ""REGION_GATE_FAIL"", ""TRANSITION_SOUNDNESS_FAIL"", ""INSUFFICIENT_EVENTS""]",-0.14881455183029185,0,
A,6,train,121000025,121000024,delta_fit,1,5,True,True,True,True,True,True,True,[],0.22169619798660234,0,
A,6,train,121000025,121000024,delta_fit,2,5,True,True,True,True,True,True,True,[],0.22169619798660234,0,
A,6,train,121000025,121000024,delta_fit,3,5,True,True,True,True,True,True,True,[],0.22169619798660234,0,
A,6,train,121000025,121000024,delta_fit,4,5,True,True,True,True,True,True,True,[],0.22169619798660234,0,
A,6,train,121000025,121000024,delta_fit,5,5,True,True,True,True,True,True,True,[],0.22169619798660234,0,
A,6,train,121000025,121000024,delta_fit,6,5,True,True,True,True,True,False,False,"[""INSUFFICIENT_EVENTS""]",0.22169619798660234,0,
A,6,train,121000025,121000024,delta_fit,7,5,True,True,True,True,True,False,False,"[""INSUFFICIENT_EVENTS""]",0.22169619798660234,0,
A,6,train,121000025,121000024,delta_fit,8,5,True,True,True,True,True,False,False,"[""INSUFFICIENT_EVENTS""]",0.22169619798660234,0,
A,6,train,121000025,121000024,delta_fit,9,5,True,True,True,True,True,False,False,"[""INSUFFICIENT_EVENTS""]",0.22169619798660234,0,
A,6,train,121000025,121000024,constant_H_eta,1,5,True,True,True,True,True,True,True,[],2.100000000000019,0,
A,6,train,121000025,121000024,constant_H_eta,2,5,True,True,True,True,True,True,True,[],2.100000000000019,0,
A,6,train,121000025,121000024,constant_H_eta,3,5,True,True,True,True,True,True,True,[],2.100000000000019,0,
A,6,train,121000025,121000024,constant_H_eta,4,5,True,True,True,True,True,True,True,[],2.100000000000019,0,
A,6,train,121000025,121000024,constant_H_eta,5,5,True,True,True,True,True,True,True,[],2.100000000000019,0,
A,6,train,121000025,121000024,constant_H_eta,6,5,True,True,True,True,True,False,False,"[""INSUFFICIENT_EVENTS""]",2.100000000000019,0,
A,6,train,121000025,121000024,constant_H_eta,7,5,True,True,True,True,True,False,False,"[""INSUFFICIENT_EVENTS""]",2.100000000000019,0,
A,6,train,121000025,121000024,constant_H_eta,8,5,True,True,True,True,True,False,False,"[""INSUFFICIENT_EVENTS""]",2.100000000000019,0,
A,6,train,121000025,121000024,constant_H_eta,9,5,True,True,True,True,True,False,False,"[""INSUFFICIENT_EVENTS""]",2.100000000000019,0,
A,7,train,121000029,121000028,delta_zero,1,6,True,False,False,False,True,True,False,"[""DELTA_MARGIN_FAIL"", ""REGION_GATE_FAIL"", ""TRANSITION_SOUNDNESS_FAIL""]",-0.1412955808639535,0,
A,7,train,121000029,121000028,delta_zero,2,6,True,False,False,False,True,True,False,"[""DELTA_MARGIN_FAIL"", ""REGION_GATE_FAIL"", ""TRANSITION_SOUNDNESS_FAIL""]",-0.1412955808639535,0,
A,7,train,121000029,121000028,delta_zero,3,6,True,False,False,False,True,True,False,"[""DELTA_MARGIN_FAIL"", ""REGION_GATE_FAIL"", ""TRANSITION_SOUNDNESS_FAIL""]",-0.1412955808639535,0,
A,7,train,121000029,121000028,delta_zero,4,6,True,False,False,False,True,True,False,"[""DELTA_MARGIN_FAIL"", ""REGION_GATE_FAIL"", ""TRANSITION_SOUNDNESS_FAIL""]",-0.1412955808639535,0,
A,7,train,121000029,121000028,delta_zero,5,6,True,False,False,False,True,True,False,"[""DELTA_MARGIN_FAIL"", ""REGION_GATE_FAIL"", ""TRANSITION_SOUNDNESS_FAIL""]",-0.1412955808639535,0,
A,7,train,121000029,121000028,delta_zero,6,6,True,False,False,False,True,True,False,"[""DELTA_MARGIN_FAIL"", ""REGION_GATE_FAIL"", ""TRANSITION_SOUNDNESS_FAIL""]",-0.1412955808639535,0,
A,7,train,121000029,121000028,delta_zero,7,6,True,False,False,False,True,False,False,"[""DELTA_MARGIN_FAIL"", ""REGION_GATE_FAIL"", ""TRANSITION_SOUNDNESS_FAIL"", ""INSUFFICIENT_EVENTS""]",-0.1412955808639535,0,
A,7,train,121000029,121000028,delta_zero,8,6,True,False,False,False,True,False,False,"[""DELTA_MARGIN_FAIL"", ""REGION_GATE_FAIL"", ""TRANSITION_SOUNDNESS_FAIL"", ""INSUFFICIENT_EVENTS""]",-0.1412955808639535,0,
A,7,train,121000029,121000028,delta_zero,9,6,True,False,False,False,True,False,False,"[""DELTA_MARGIN_FAIL"", ""REGION_GATE_FAIL"", ""TRANSITION_SOUNDNESS_FAIL"", ""INSUFFICIENT_EVENTS""]",-0.1412955808639535,0,
A,7,train,121000029,121000028,delta_fit,1,6,True,True,True,True,True,True,True,[],0.2292151689529407,0,
A,7,train,121000029,121000028,delta_fit,2,6,True,True,True,True,True,True,True,[],0.2292151689529407,0,
A,7,train,121000029,121000028,delta_fit,3,6,True,True,True,True,True,True,True,[],0.2292151689529407,0,
A,7,train,121000029,121000028,delta_fit,4,6,True,True,True,True,True,True,True,[],0.2292151689529407,0,
A,7,train,121000029,121000028,delta_fit,5,6,True,True,True,True,True,True,True,[],0.2292151689529407,0,
A,7,train,121000029,121000028,delta_fit,6,6,True,True,True,True,True,True,True,[],0.2292151689529407,0,
A,7,train,121000029,121000028,delta_fit,7,6,True,True,True,True,True,False,False,"[""INSUFFICIENT_EVENTS""]",0.2292151689529407,0,
A,7,train,121000029,121000028,delta_fit,8,6,True,True,True,True,True,False,False,"[""INSUFFICIENT_EVENTS""]",0.2292151689529407,0,
A,7,train,121000029,121000028,delta_fit,9,6,True,True,True,True,True,False,False,"[""INSUFFICIENT_EVENTS""]",0.2292151689529407,0,
A,7,train,121000029,121000028,constant_H_eta,1,6,True,True,True,True,True,True,True,[],1.720000000000021,0,
A,7,train,121000029,121000028,constant_H_eta,2,6,True,True,True,True,True,True,True,[],1.720000000000021,0,
A,7,train,121000029,121000028,constant_H_eta,3,6,True,True,True,True,True,True,True,[],1.720000000000021,0,
A,7,train,121000029,121000028,constant_H_eta,4,6,True,True,True,True,True,True,True,[],1.720000000000021,0,
A,7,train,121000029,121000028,constant_H_eta,5,6,True,True,True,True,True,True,True,[],1.720000000000021,0,
A,7,train,121000029,121000028,constant_H_eta,6,6,True,True,True,True,True,True,True,[],1.720000000000021,0,
A,7,train,121000029,121000028,constant_H_eta,7,6,True,True,True,True,True,False,False,"[""INSUFFICIENT_EVENTS""]",1.720000000000021,0,
A,7,train,121000029,121000028,constant_H_eta,8,6,True,True,True,True,True,False,False,"[""INSUFFICIENT_EVENTS""]",1.720000000000021,0,
A,7,train,121000029,121000028,constant_H_eta,9,6,True,True,True,True,True,False,False,"[""INSUFFICIENT_EVENTS""]",1.720000000000021,0,
A,8,train,121000031,121000030,delta_zero,1,3,True,False,False,False,True,True,False,"[""DELTA_MARGIN_FAIL"", ""REGION_GATE_FAIL"", ""TRANSITION_SOUNDNESS_FAIL""]",-0.37051074981689597,0,
A,8,train,121000031,121000030,delta_zero,2,3,True,False,False,False,True,True,False,"[""DELTA_MARGIN_FAIL"", ""REGION_GATE_FAIL"", ""TRANSITION_SOUNDNESS_FAIL""]",-0.37051074981689597,0,
A,8,train,121000031,121000030,delta_zero,3,3,True,False,False,False,True,True,False,"[""DELTA_MARGIN_FAIL"", ""REGION_GATE_FAIL"", ""TRANSITION_SOUNDNESS_FAIL""]",-0.37051074981689597,0,
A,8,train,121000031,121000030,delta_zero,4,3,True,False,False,False,True,False,False,"[""DELTA_MARGIN_FAIL"", ""REGION_GATE_FAIL"", ""TRANSITION_SOUNDNESS_FAIL"", ""INSUFFICIENT_EVENTS""]",-0.37051074981689597,0,
A,8,train,121000031,121000030,delta_zero,5,3,True,False,False,False,True,False,False,"[""DELTA_MARGIN_FAIL"", ""REGION_GATE_FAIL"", ""TRANSITION_SOUNDNESS_FAIL"", ""INSUFFICIENT_EVENTS""]",-0.37051074981689597,0,
A,8,train,121000031,121000030,delta_zero,6,3,True,False,False,False,True,False,False,"[""DELTA_MARGIN_FAIL"", ""REGION_GATE_FAIL"", ""TRANSITION_SOUNDNESS_FAIL"", ""INSUFFICIENT_EVENTS""]",-0.37051074981689597,0,
A,8,train,121000031,121000030,delta_zero,7,3,True,False,False,False,True,False,False,"[""DELTA_MARGIN_FAIL"", ""REGION_GATE_FAIL"", ""TRANSITION_SOUNDNESS_FAIL"", ""INSUFFICIENT_EVENTS""]",-0.37051074981689597,0,
A,8,train,121000031,121000030,delta_zero,8,3,True,False,False,False,True,False,False,"[""DELTA_MARGIN_FAIL"", ""REGION_GATE_FAIL"", ""TRANSITION_SOUNDNESS_FAIL"", ""INSUFFICIENT_EVENTS""]",-0.37051074981689597,0,
A,8,train,121000031,121000030,delta_zero,9,3,True,False,False,False,True,False,False,"[""DELTA_MARGIN_FAIL"", ""REGION_GATE_FAIL"", ""TRANSITION_SOUNDNESS_FAIL"", ""INSUFFICIENT_EVENTS""]",-0.37051074981689597,0,
A,8,train,121000031,121000030,delta_fit,1,3,True,True,True,True,True,True,True,[],-1.6410484082740595e-15,0,
A,8,train,121000031,121000030,delta_fit,2,3,True,True,True,True,True,True,True,[],-1.6410484082740595e-15,0,
A,8,train,121000031,121000030,delta_fit,3,3,True,True,True,True,True,True,True,[],-1.6410484082740595e-15,0,
A,8,train,121000031,121000030,delta_fit,4,3,True,True,True,True,True,False,False,"[""INSUFFICIENT_EVENTS""]",-1.6410484082740595e-15,0,
A,8,train,121000031,121000030,delta_fit,5,3,True,True,True,True,True,False,False,"[""INSUFFICIENT_EVENTS""]",-1.6410484082740595e-15,0,
A,8,train,121000031,121000030,delta_fit,6,3,True,True,True,True,True,False,False,"[""INSUFFICIENT_EVENTS""]",-1.6410484082740595e-15,0,
A,8,train,121000031,121000030,delta_fit,7,3,True,True,True,True,True,False,False,"[""INSUFFICIENT_EVENTS""]",-1.6410484082740595e-15,0,
A,8,train,121000031,121000030,delta_fit,8,3,True,True,True,True,True,False,False,"[""INSUFFICIENT_EVENTS""]",-1.6410484082740595e-15,0,
A,8,train,121000031,121000030,delta_fit,9,3,True,True,True,True,True,False,False,"[""INSUFFICIENT_EVENTS""]",-1.6410484082740595e-15,0,
A,8,train,121000031,121000030,constant_H_eta,1,3,True,True,True,True,True,True,True,[],1.0700000000000205,0,
A,8,train,121000031,121000030,constant_H_eta,2,3,True,True,True,True,True,True,True,[],1.0700000000000205,0,
A,8,train,121000031,121000030,constant_H_eta,3,3,True,True,True,True,True,True,True,[],1.0700000000000205,0,
A,8,train,121000031,121000030,constant_H_eta,4,3,True,True,True,True,True,False,False,"[""INSUFFICIENT_EVENTS""]",1.0700000000000205,0,
A,8,train,121000031,121000030,constant_H_eta,5,3,True,True,True,True,True,False,False,"[""INSUFFICIENT_EVENTS""]",1.0700000000000205,0,
A,8,train,121000031,121000030,constant_H_eta,6,3,True,True,True,True,True,False,False,"[""INSUFFICIENT_EVENTS""]",1.0700000000000205,0,
A,8,train,121000031,121000030,constant_H_eta,7,3,True,True,True,True,True,False,False,"[""INSUFFICIENT_EVENTS""]",1.0700000000000205,0,
A,8,train,121000031,121000030,constant_H_eta,8,3,True,True,True,True,True,False,False,"[""INSUFFICIENT_EVENTS""]",1.0700000000000205,0,
A,8,train,121000031,121000030,constant_H_eta,9,3,True,True,True,True,True,False,False,"[""INSUFFICIENT_EVENTS""]",1.0700000000000205,0,
A,9,train,121000035,121000034,delta_zero,1,8,True,False,False,False,True,True,False,"[""DELTA_MARGIN_FAIL"", ""REGION_GATE_FAIL"", ""TRANSITION_SOUNDNESS_FAIL""]",-0.10887620031833653,0,
A,9,train,121000035,121000034,delta_zero,2,8,True,False,False,False,True,True,False,"[""DELTA_MARGIN_FAIL"", ""REGION_GATE_FAIL"", ""TRANSITION_SOUNDNESS_FAIL""]",-0.10887620031833653,0,
A,9,train,121000035,121000034,delta_zero,3,8,True,False,False,False,True,True,False,"[""DELTA_MARGIN_FAIL"", ""REGION_GATE_FAIL"", ""TRANSITION_SOUNDNESS_FAIL""]",-0.10887620031833653,0,
A,9,train,121000035,121000034,delta_zero,4,8,True,False,False,False,True,True,False,"[""DELTA_MARGIN_FAIL"", ""REGION_GATE_FAIL"", ""TRANSITION_SOUNDNESS_FAIL""]",-0.10887620031833653,0,
A,9,train,121000035,121000034,delta_zero,5,8,True,False,False,False,True,True,False,"[""DELTA_MARGIN_FAIL"", ""REGION_GATE_FAIL"", ""TRANSITION_SOUNDNESS_FAIL""]",-0.10887620031833653,0,
A,9,train,121000035,121000034,delta_zero,6,8,True,False,False,False,True,True,False,"[""DELTA_MARGIN_FAIL"", ""REGION_GATE_FAIL"", ""TRANSITION_SOUNDNESS_FAIL""]",-0.10887620031833653,0,
A,9,train,121000035,121000034,delta_zero,7,8,True,False,False,False,True,True,False,"[""DELTA_MARGIN_FAIL"", ""REGION_GATE_FAIL"", ""TRANSITION_SOUNDNESS_FAIL""]",-0.10887620031833653,0,
A,9,train,121000035,121000034,delta_zero,8,8,True,False,False,False,True,True,False,"[""DELTA_MARGIN_FAIL"", ""REGION_GATE_FAIL"", ""TRANSITION_SOUNDNESS_FAIL""]",-0.10887620031833653,0,
A,9,train,121000035,121000034,delta_zero,9,8,True,False,False,False,True,False,False,"[""DELTA_MARGIN_FAIL"", ""REGION_GATE_FAIL"", ""TRANSITION_SOUNDNESS_FAIL"", ""INSUFFICIENT_EVENTS""]",-0.10887620031833653,0,
A,9,train,121000035,121000034,delta_fit,1,8,True,True,True,True,True,True,True,[],0.2616345494985577,0,
A,9,train,121000035,121000034,delta_fit,2,8,True,True,True,True,True,True,True,[],0.2616345494985577,0,
A,9,train,121000035,121000034,delta_fit,3,8,True,True,True,True,True,True,True,[],0.2616345494985577,0,
A,9,train,121000035,121000034,delta_fit,4,8,True,True,True,True,True,True,True,[],0.2616345494985577,0,
A,9,train,121000035,121000034,delta_fit,5,8,True,True,True,True,True,True,True,[],0.2616345494985577,0,
A,9,train,121000035,121000034,delta_fit,6,8,True,True,True,True,True,True,True,[],0.2616345494985577,0,
A,9,train,121000035,121000034,delta_fit,7,8,True,True,True,True,True,True,True,[],0.2616345494985577,0,
A,9,train,121000035,121000034,delta_fit,8,8,True,True,True,True,True,True,True,[],0.2616345494985577,0,
A,9,train,121000035,121000034,delta_fit,9,8,True,True,True,True,True,False,False,"[""INSUFFICIENT_EVENTS""]",0.2616345494985577,0,
A,9,train,121000035,121000034,constant_H_eta,1,8,True,True,True,True,True,True,True,[],2.3300000000000143,0,
A,9,train,121000035,121000034,constant_H_eta,2,8,True,True,True,True,True,True,True,[],2.3300000000000143,0,
A,9,train,121000035,121000034,constant_H_eta,3,8,True,True,True,True,True,True,True,[],2.3300000000000143,0,
A,9,train,121000035,121000034,constant_H_eta,4,8,True,True,True,True,True,True,True,[],2.3300000000000143,0,
A,9,train,121000035,121000034,constant_H_eta,5,8,True,True,True,True,True,True,True,[],2.3300000000000143,0,
A,9,train,121000035,121000034,constant_H_eta,6,8,True,True,True,True,True,True,True,[],2.3300000000000143,0,
A,9,train,121000035,121000034,constant_H_eta,7,8,True,True,True,True,True,True,True,[],2.3300000000000143,0,
A,9,train,121000035,121000034,constant_H_eta,8,8,True,True,True,True,True,True,True,[],2.3300000000000143,0,
A,9,train,121000035,121000034,constant_H_eta,9,8,True,True,True,True,True,False,False,"[""INSUFFICIENT_EVENTS""]",2.3300000000000143,0,
A,10,train,121000039,121000038,delta_zero,1,4,True,False,False,False,True,True,False,"[""DELTA_MARGIN_FAIL"", ""REGION_GATE_FAIL"", ""TRANSITION_SOUNDNESS_FAIL""]",-0.12522607326507645,0,
A,10,train,121000039,121000038,delta_zero,2,4,True,False,False,False,True,True,False,"[""DELTA_MARGIN_FAIL"", ""REGION_GATE_FAIL"", ""TRANSITION_SOUNDNESS_FAIL""]",-0.12522607326507645,0,
A,10,train,121000039,121000038,delta_zero,3,4,True,False,False,False,True,True,False,"[""DELTA_MARGIN_FAIL"", ""REGION_GATE_FAIL"", ""TRANSITION_SOUNDNESS_FAIL""]",-0.12522607326507645,0,
A,10,train,121000039,121000038,delta_zero,4,4,True,False,False,False,True,True,False,"[""DELTA_MARGIN_FAIL"", ""REGION_GATE_FAIL"", ""TRANSITION_SOUNDNESS_FAIL""]",-0.12522607326507645,0,
A,10,train,121000039,121000038,delta_zero,5,4,True,False,False,False,True,False,False,"[""DELTA_MARGIN_FAIL"", ""REGION_GATE_FAIL"", ""TRANSITION_SOUNDNESS_FAIL"", ""INSUFFICIENT_EVENTS""]",-0.12522607326507645,0,
A,10,train,121000039,121000038,delta_zero,6,4,True,False,False,False,True,False,False,"[""DELTA_MARGIN_FAIL"", ""REGION_GATE_FAIL"", ""TRANSITION_SOUNDNESS_FAIL"", ""INSUFFICIENT_EVENTS""]",-0.12522607326507645,0,
A,10,train,121000039,121000038,delta_zero,7,4,True,False,False,False,True,False,False,"[""DELTA_MARGIN_FAIL"", ""REGION_GATE_FAIL"", ""TRANSITION_SOUNDNESS_FAIL"", ""INSUFFICIENT_EVENTS""]",-0.12522607326507645,0,
A,10,train,121000039,121000038,delta_zero,8,4,True,False,False,False,True,False,False,"[""DELTA_MARGIN_FAIL"", ""REGION_GATE_FAIL"", ""TRANSITION_SOUNDNESS_FAIL"", ""INSUFFICIENT_EVENTS""]",-0.12522607326507645,0,
A,10,train,121000039,121000038,delta_zero,9,4,True,False,False,False,True,False,False,"[""DELTA_MARGIN_FAIL"", ""REGION_GATE_FAIL"", ""TRANSITION_SOUNDNESS_FAIL"", ""INSUFFICIENT_EVENTS""]",-0.12522607326507645,0,
A,10,train,121000039,121000038,delta_fit,1,4,True,True,True,True,True,True,True,[],0.24528467655181774,0,
A,10,train,121000039,121000038,delta_fit,2,4,True,True,True,True,True,True,True,[],0.24528467655181774,0,
A,10,train,121000039,121000038,delta_fit,3,4,True,True,True,True,True,True,True,[],0.24528467655181774,0,
A,10,train,121000039,121000038,delta_fit,4,4,True,True,True,True,True,True,True,[],0.24528467655181774,0,
A,10,train,121000039,121000038,delta_fit,5,4,True,True,True,True,True,False,False,"[""INSUFFICIENT_EVENTS""]",0.24528467655181774,0,
A,10,train,121000039,121000038,delta_fit,6,4,True,True,True,True,True,False,False,"[""INSUFFICIENT_EVENTS""]",0.24528467655181774,0,
A,10,train,121000039,121000038,delta_fit,7,4,True,True,True,True,True,False,False,"[""INSUFFICIENT_EVENTS""]",0.24528467655181774,0,
A,10,train,121000039,121000038,delta_fit,8,4,True,True,True,True,True,False,False,"[""INSUFFICIENT_EVENTS""]",0.24528467655181774,0,
A,10,train,121000039,121000038,delta_fit,9,4,True,True,True,True,True,False,False,"[""INSUFFICIENT_EVENTS""]",0.24528467655181774,0,
A,10,train,121000039,121000038,constant_H_eta,1,4,True,True,True,True,True,True,True,[],1.8200000000000212,0,
A,10,train,121000039,121000038,constant_H_eta,2,4,True,True,True,True,True,True,True,[],1.8200000000000212,0,
A,10,train,121000039,121000038,constant_H_eta,3,4,True,True,True,True,True,True,True,[],1.8200000000000212,0,
A,10,train,121000039,121000038,constant_H_eta,4,4,True,True,True,True,True,True,True,[],1.8200000000000212,0,
A,10,train,121000039,121000038,constant_H_eta,5,4,True,True,True,True,True,False,False,"[""INSUFFICIENT_EVENTS""]",1.8200000000000212,0,
A,10,train,121000039,121000038,constant_H_eta,6,4,True,True,True,True,True,False,False,"[""INSUFFICIENT_EVENTS""]",1.8200000000000212,0,
A,10,train,121000039,121000038,constant_H_eta,7,4,True,True,True,True,True,False,False,"[""INSUFFICIENT_EVENTS""]",1.8200000000000212,0,
A,10,train,121000039,121000038,constant_H_eta,8,4,True,True,True,True,True,False,False,"[""INSUFFICIENT_EVENTS""]",1.8200000000000212,0,
A,10,train,121000039,121000038,constant_H_eta,9,4,True,True,True,True,True,False,False,"[""INSUFFICIENT_EVENTS""]",1.8200000000000212,0,
A,11,train,121000043,121000042,delta_zero,1,7,True,False,False,False,True,True,False,"[""DELTA_MARGIN_FAIL"", ""REGION_GATE_FAIL"", ""TRANSITION_SOUNDNESS_FAIL""]",-0.16914407253265423,0,
A,11,train,121000043,121000042,delta_zero,2,7,True,False,False,False,True,True,False,"[""DELTA_MARGIN_FAIL"", ""REGION_GATE_FAIL"", ""TRANSITION_SOUNDNESS_FAIL""]",-0.16914407253265423,0,
A,11,train,121000043,121000042,delta_zero,3,7,True,False,False,False,True,True,False,"[""DELTA_MARGIN_FAIL"", ""REGION_GATE_FAIL"", ""TRANSITION_SOUNDNESS_FAIL""]",-0.16914407253265423,0,
A,11,train,121000043,121000042,delta_zero,4,7,True,False,False,False,True,True,False,"[""DELTA_MARGIN_FAIL"", ""REGION_GATE_FAIL"", ""TRANSITION_SOUNDNESS_FAIL""]",-0.16914407253265423,0,
A,11,train,121000043,121000042,delta_zero,5,7,True,False,False,False,True,True,False,"[""DELTA_MARGIN_FAIL"", ""REGION_GATE_FAIL"", ""TRANSITION_SOUNDNESS_FAIL""]",-0.16914407253265423,0,
A,11,train,121000043,121000042,delta_zero,6,7,True,False,False,False,True,True,False,"[""DELTA_MARGIN_FAIL"", ""REGION_GATE_FAIL"", ""TRANSITION_SOUNDNESS_FAIL""]",-0.16914407253265423,0,
A,11,train,121000043,121000042,delta_zero,7,7,True,False,False,False,True,True,False,"[""DELTA_MARGIN_FAIL"", ""REGION_GATE_FAIL"", ""TRANSITION_SOUNDNESS_FAIL""]",-0.16914407253265423,0,
A,11,train,121000043,121000042,delta_zero,8,7,True,False,False,False,True,False,False,"[""DELTA_MARGIN_FAIL"", ""REGION_GATE_FAIL"", ""TRANSITION_SOUNDNESS_FAIL"", ""INSUFFICIENT_EVENTS""]",-0.16914407253265423,0,
A,11,train,121000043,121000042,delta_zero,9,7,True,False,False,False,True,False,False,"[""DELTA_MARGIN_FAIL"", ""REGION_GATE_FAIL"", ""TRANSITION_SOUNDNESS_FAIL"", ""INSUFFICIENT_EVENTS""]",-0.16914407253265423,0,
A,11,train,121000043,121000042,delta_fit,1,7,True,True,True,True,True,True,True,[],0.20136667728423996,0,
A,11,train,121000043,121000042,delta_fit,2,7,True,True,True,True,True,True,True,[],0.20136667728423996,0,
A,11,train,121000043,121000042,delta_fit,3,7,True,True,True,True,True,True,True,[],0.20136667728423996,0,
A,11,train,121000043,121000042,delta_fit,4,7,True,True,True,True,True,True,True,[],0.20136667728423996,0,
A,11,train,121000043,121000042,delta_fit,5,7,True,True,True,True,True,True,True,[],0.20136667728423996,0,
A,11,train,121000043,121000042,delta_fit,6,7,True,True,True,True,True,True,True,[],0.20136667728423996,0,
A,11,train,121000043,121000042,delta_fit,7,7,True,True,True,True,True,True,True,[],0.20136667728423996,0,
A,11,train,121000043,121000042,delta_fit,8,7,True,True,True,True,True,False,False,"[""INSUFFICIENT_EVENTS""]",0.20136667728423996,0,
A,11,train,121000043,121000042,delta_fit,9,7,True,True,True,True,True,False,False,"[""INSUFFICIENT_EVENTS""]",0.20136667728423996,0,
A,11,train,121000043,121000042,constant_H_eta,1,7,True,True,True,True,True,True,True,[],2.210000000000017,0,
A,11,train,121000043,121000042,constant_H_eta,2,7,True,True,True,True,True,True,True,[],2.210000000000017,0,
A,11,train,121000043,121000042,constant_H_eta,3,7,True,True,True,True,True,True,True,[],2.210000000000017,0,
A,11,train,121000043,121000042,constant_H_eta,4,7,True,True,True,True,True,True,True,[],2.210000000000017,0,
A,11,train,121000043,121000042,constant_H_eta,5,7,True,True,True,True,True,True,True,[],2.210000000000017,0,
A,11,train,121000043,121000042,constant_H_eta,6,7,True,True,True,True,True,True,True,[],2.210000000000017,0,
A,11,train,121000043,121000042,constant_H_eta,7,7,True,True,True,True,True,True,True,[],2.210000000000017,0,
A,11,train,121000043,121000042,constant_H_eta,8,7,True,True,True,True,True,False,False,"[""INSUFFICIENT_EVENTS""]",2.210000000000017,0,
A,11,train,121000043,121000042,constant_H_eta,9,7,True,True,True,True,True,False,False,"[""INSUFFICIENT_EVENTS""]",2.210000000000017,0,
A,12,internal_check,121000045,121000044,delta_zero,1,5,True,False,False,False,True,True,False,"[""DELTA_MARGIN_FAIL"", ""REGION_GATE_FAIL"", ""TRANSITION_SOUNDNESS_FAIL""]",-0.8457559835910805,0,
A,12,internal_check,121000045,121000044,delta_zero,2,5,True,False,False,False,True,True,False,"[""DELTA_MARGIN_FAIL"", ""REGION_GATE_FAIL"", ""TRANSITION_SOUNDNESS_FAIL""]",-0.8457559835910805,0,
A,12,internal_check,121000045,121000044,delta_zero,3,5,True,False,False,False,True,True,False,"[""DELTA_MARGIN_FAIL"", ""REGION_GATE_FAIL"", ""TRANSITION_SOUNDNESS_FAIL""]",-0.8457559835910805,0,
A,12,internal_check,121000045,121000044,delta_zero,4,5,True,False,False,False,True,True,False,"[""DELTA_MARGIN_FAIL"", ""REGION_GATE_FAIL"", ""TRANSITION_SOUNDNESS_FAIL""]",-0.8457559835910805,0,
A,12,internal_check,121000045,121000044,delta_zero,5,5,True,False,False,False,True,True,False,"[""DELTA_MARGIN_FAIL"", ""REGION_GATE_FAIL"", ""TRANSITION_SOUNDNESS_FAIL""]",-0.8457559835910805,0,
A,12,internal_check,121000045,121000044,delta_zero,6,5,True,False,False,False,True,False,False,"[""DELTA_MARGIN_FAIL"", ""REGION_GATE_FAIL"", ""TRANSITION_SOUNDNESS_FAIL"", ""INSUFFICIENT_EVENTS""]",-0.8457559835910805,0,
A,12,internal_check,121000045,121000044,delta_zero,7,5,True,False,False,False,True,False,False,"[""DELTA_MARGIN_FAIL"", ""REGION_GATE_FAIL"", ""TRANSITION_SOUNDNESS_FAIL"", ""INSUFFICIENT_EVENTS""]",-0.8457559835910805,0,
A,12,internal_check,121000045,121000044,delta_zero,8,5,True,False,False,False,True,False,False,"[""DELTA_MARGIN_FAIL"", ""REGION_GATE_FAIL"", ""TRANSITION_SOUNDNESS_FAIL"", ""INSUFFICIENT_EVENTS""]",-0.8457559835910805,0,
A,12,internal_check,121000045,121000044,delta_zero,9,5,True,False,False,False,True,False,False,"[""DELTA_MARGIN_FAIL"", ""REGION_GATE_FAIL"", ""TRANSITION_SOUNDNESS_FAIL"", ""INSUFFICIENT_EVENTS""]",-0.8457559835910805,0,
A,12,internal_check,121000045,121000044,delta_fit,1,5,True,False,False,False,True,True,False,"[""DELTA_MARGIN_FAIL"", ""REGION_GATE_FAIL"", ""TRANSITION_SOUNDNESS_FAIL""]",-0.4752452337741861,0,
A,12,internal_check,121000045,121000044,delta_fit,2,5,True,False,False,False,True,True,False,"[""DELTA_MARGIN_FAIL"", ""REGION_GATE_FAIL"", ""TRANSITION_SOUNDNESS_FAIL""]",-0.4752452337741861,0,
A,12,internal_check,121000045,121000044,delta_fit,3,5,True,False,False,False,True,True,False,"[""DELTA_MARGIN_FAIL"", ""REGION_GATE_FAIL"", ""TRANSITION_SOUNDNESS_FAIL""]",-0.4752452337741861,0,
A,12,internal_check,121000045,121000044,delta_fit,4,5,True,False,False,False,True,True,False,"[""DELTA_MARGIN_FAIL"", ""REGION_GATE_FAIL"", ""TRANSITION_SOUNDNESS_FAIL""]",-0.4752452337741861,0,
A,12,internal_check,121000045,121000044,delta_fit,5,5,True,False,False,False,True,True,False,"[""DELTA_MARGIN_FAIL"", ""REGION_GATE_FAIL"", ""TRANSITION_SOUNDNESS_FAIL""]",-0.4752452337741861,0,
A,12,internal_check,121000045,121000044,delta_fit,6,5,True,False,False,False,True,False,False,"[""DELTA_MARGIN_FAIL"", ""REGION_GATE_FAIL"", ""TRANSITION_SOUNDNESS_FAIL"", ""INSUFFICIENT_EVENTS""]",-0.4752452337741861,0,
A,12,internal_check,121000045,121000044,delta_fit,7,5,True,False,False,False,True,False,False,"[""DELTA_MARGIN_FAIL"", ""REGION_GATE_FAIL"", ""TRANSITION_SOUNDNESS_FAIL"", ""INSUFFICIENT_EVENTS""]",-0.4752452337741861,0,
A,12,internal_check,121000045,121000044,delta_fit,8,5,True,False,False,False,True,False,False,"[""DELTA_MARGIN_FAIL"", ""REGION_GATE_FAIL"", ""TRANSITION_SOUNDNESS_FAIL"", ""INSUFFICIENT_EVENTS""]",-0.4752452337741861,0,
A,12,internal_check,121000045,121000044,delta_fit,9,5,True,False,False,False,True,False,False,"[""DELTA_MARGIN_FAIL"", ""REGION_GATE_FAIL"", ""TRANSITION_SOUNDNESS_FAIL"", ""INSUFFICIENT_EVENTS""]",-0.4752452337741861,0,
A,12,internal_check,121000045,121000044,constant_H_eta,1,5,True,True,True,True,True,True,True,[],1.730000000000021,0,
A,12,internal_check,121000045,121000044,constant_H_eta,2,5,True,True,True,True,True,True,True,[],1.730000000000021,0,
A,12,internal_check,121000045,121000044,constant_H_eta,3,5,True,True,True,True,True,True,True,[],1.730000000000021,0,
A,12,internal_check,121000045,121000044,constant_H_eta,4,5,True,True,True,True,True,True,True,[],1.730000000000021,0,
A,12,internal_check,121000045,121000044,constant_H_eta,5,5,True,True,True,True,True,True,True,[],1.730000000000021,0,
A,12,internal_check,121000045,121000044,constant_H_eta,6,5,True,True,True,True,True,False,False,"[""INSUFFICIENT_EVENTS""]",1.730000000000021,0,
A,12,internal_check,121000045,121000044,constant_H_eta,7,5,True,True,True,True,True,False,False,"[""INSUFFICIENT_EVENTS""]",1.730000000000021,0,
A,12,internal_check,121000045,121000044,constant_H_eta,8,5,True,True,True,True,True,False,False,"[""INSUFFICIENT_EVENTS""]",1.730000000000021,0,
A,12,internal_check,121000045,121000044,constant_H_eta,9,5,True,True,True,True,True,False,False,"[""INSUFFICIENT_EVENTS""]",1.730000000000021,0,
A,13,internal_check,121000047,121000046,delta_zero,1,4,True,False,False,False,True,True,False,"[""DELTA_MARGIN_FAIL"", ""REGION_GATE_FAIL"", ""TRANSITION_SOUNDNESS_FAIL""]",-1.0318945738673218,0,
A,13,internal_check,121000047,121000046,delta_zero,2,4,True,False,False,False,True,True,False,"[""DELTA_MARGIN_FAIL"", ""REGION_GATE_FAIL"", ""TRANSITION_SOUNDNESS_FAIL""]",-1.0318945738673218,0,
A,13,internal_check,121000047,121000046,delta_zero,3,4,True,False,False,False,True,True,False,"[""DELTA_MARGIN_FAIL"", ""REGION_GATE_FAIL"", ""TRANSITION_SOUNDNESS_FAIL""]",-1.0318945738673218,0,
A,13,internal_check,121000047,121000046,delta_zero,4,4,True,False,False,False,True,True,False,"[""DELTA_MARGIN_FAIL"", ""REGION_GATE_FAIL"", ""TRANSITION_SOUNDNESS_FAIL""]",-1.0318945738673218,0,
A,13,internal_check,121000047,121000046,delta_zero,5,4,True,False,False,False,True,False,False,"[""DELTA_MARGIN_FAIL"", ""REGION_GATE_FAIL"", ""TRANSITION_SOUNDNESS_FAIL"", ""INSUFFICIENT_EVENTS""]",-1.0318945738673218,0,
A,13,internal_check,121000047,121000046,delta_zero,6,4,True,False,False,False,True,False,False,"[""DELTA_MARGIN_FAIL"", ""REGION_GATE_FAIL"", ""TRANSITION_SOUNDNESS_FAIL"", ""INSUFFICIENT_EVENTS""]",-1.0318945738673218,0,
A,13,internal_check,121000047,121000046,delta_zero,7,4,True,False,False,False,True,False,False,"[""DELTA_MARGIN_FAIL"", ""REGION_GATE_FAIL"", ""TRANSITION_SOUNDNESS_FAIL"", ""INSUFFICIENT_EVENTS""]",-1.0318945738673218,0,
A,13,internal_check,121000047,121000046,delta_zero,8,4,True,False,False,False,True,False,False,"[""DELTA_MARGIN_FAIL"", ""REGION_GATE_FAIL"", ""TRANSITION_SOUNDNESS_FAIL"", ""INSUFFICIENT_EVENTS""]",-1.0318945738673218,0,
A,13,internal_check,121000047,121000046,delta_zero,9,4,True,False,False,False,True,False,False,"[""DELTA_MARGIN_FAIL"", ""REGION_GATE_FAIL"", ""TRANSITION_SOUNDNESS_FAIL"", ""INSUFFICIENT_EVENTS""]",-1.0318945738673218,0,
A,13,internal_check,121000047,121000046,delta_fit,1,4,True,False,False,False,True,True,False,"[""DELTA_MARGIN_FAIL"", ""REGION_GATE_FAIL"", ""TRANSITION_SOUNDNESS_FAIL""]",-0.6613838240504272,0,
A,13,internal_check,121000047,121000046,delta_fit,2,4,True,False,False,False,True,True,False,"[""DELTA_MARGIN_FAIL"", ""REGION_GATE_FAIL"", ""TRANSITION_SOUNDNESS_FAIL""]",-0.6613838240504272,0,
A,13,internal_check,121000047,121000046,delta_fit,3,4,True,False,False,False,True,True,False,"[""DELTA_MARGIN_FAIL"", ""REGION_GATE_FAIL"", ""TRANSITION_SOUNDNESS_FAIL""]",-0.6613838240504272,0,
A,13,internal_check,121000047,121000046,delta_fit,4,4,True,False,False,False,True,True,False,"[""DELTA_MARGIN_FAIL"", ""REGION_GATE_FAIL"", ""TRANSITION_SOUNDNESS_FAIL""]",-0.6613838240504272,0,
A,13,internal_check,121000047,121000046,delta_fit,5,4,True,False,False,False,True,False,False,"[""DELTA_MARGIN_FAIL"", ""REGION_GATE_FAIL"", ""TRANSITION_SOUNDNESS_FAIL"", ""INSUFFICIENT_EVENTS""]",-0.6613838240504272,0,
A,13,internal_check,121000047,121000046,delta_fit,6,4,True,False,False,False,True,False,False,"[""DELTA_MARGIN_FAIL"", ""REGION_GATE_FAIL"", ""TRANSITION_SOUNDNESS_FAIL"", ""INSUFFICIENT_EVENTS""]",-0.6613838240504272,0,
A,13,internal_check,121000047,121000046,delta_fit,7,4,True,False,False,False,True,False,False,"[""DELTA_MARGIN_FAIL"", ""REGION_GATE_FAIL"", ""TRANSITION_SOUNDNESS_FAIL"", ""INSUFFICIENT_EVENTS""]",-0.6613838240504272,0,
A,13,internal_check,121000047,121000046,delta_fit,8,4,True,False,False,False,True,False,False,"[""DELTA_MARGIN_FAIL"", ""REGION_GATE_FAIL"", ""TRANSITION_SOUNDNESS_FAIL"", ""INSUFFICIENT_EVENTS""]",-0.6613838240504272,0,
A,13,internal_check,121000047,121000046,delta_fit,9,4,True,False,False,False,True,False,False,"[""DELTA_MARGIN_FAIL"", ""REGION_GATE_FAIL"", ""TRANSITION_SOUNDNESS_FAIL"", ""INSUFFICIENT_EVENTS""]",-0.6613838240504272,0,
A,13,internal_check,121000047,121000046,constant_H_eta,1,4,True,True,True,True,True,True,True,[],1.9200000000000212,0,
A,13,internal_check,121000047,121000046,constant_H_eta,2,4,True,True,True,True,True,True,True,[],1.9200000000000212,0,
A,13,internal_check,121000047,121000046,constant_H_eta,3,4,True,True,True,True,True,True,True,[],1.9200000000000212,0,
A,13,internal_check,121000047,121000046,constant_H_eta,4,4,True,True,True,True,True,True,True,[],1.9200000000000212,0,
A,13,internal_check,121000047,121000046,constant_H_eta,5,4,True,True,True,True,True,False,False,"[""INSUFFICIENT_EVENTS""]",1.9200000000000212,0,
A,13,internal_check,121000047,121000046,constant_H_eta,6,4,True,True,True,True,True,False,False,"[""INSUFFICIENT_EVENTS""]",1.9200000000000212,0,
A,13,internal_check,121000047,121000046,constant_H_eta,7,4,True,True,True,True,True,False,False,"[""INSUFFICIENT_EVENTS""]",1.9200000000000212,0,
A,13,internal_check,121000047,121000046,constant_H_eta,8,4,True,True,True,True,True,False,False,"[""INSUFFICIENT_EVENTS""]",1.9200000000000212,0,
A,13,internal_check,121000047,121000046,constant_H_eta,9,4,True,True,True,True,True,False,False,"[""INSUFFICIENT_EVENTS""]",1.9200000000000212,0,
A,14,internal_check,121000051,121000050,delta_zero,1,4,True,False,False,False,True,True,False,"[""DELTA_MARGIN_FAIL"", ""REGION_GATE_FAIL"", ""TRANSITION_SOUNDNESS_FAIL""]",-1.7961102885007871,0,
A,14,internal_check,121000051,121000050,delta_zero,2,4,True,False,False,False,True,True,False,"[""DELTA_MARGIN_FAIL"", ""REGION_GATE_FAIL"", ""TRANSITION_SOUNDNESS_FAIL""]",-1.7961102885007871,0,
A,14,internal_check,121000051,121000050,delta_zero,3,4,True,False,False,False,True,True,False,"[""DELTA_MARGIN_FAIL"", ""REGION_GATE_FAIL"", ""TRANSITION_SOUNDNESS_FAIL""]",-1.7961102885007871,0,
A,14,internal_check,121000051,121000050,delta_zero,4,4,True,False,False,False,True,True,False,"[""DELTA_MARGIN_FAIL"", ""REGION_GATE_FAIL"", ""TRANSITION_SOUNDNESS_FAIL""]",-1.7961102885007871,0,
A,14,internal_check,121000051,121000050,delta_zero,5,4,True,False,False,False,True,False,False,"[""DELTA_MARGIN_FAIL"", ""REGION_GATE_FAIL"", ""TRANSITION_SOUNDNESS_FAIL"", ""INSUFFICIENT_EVENTS""]",-1.7961102885007871,0,
A,14,internal_check,121000051,121000050,delta_zero,6,4,True,False,False,False,True,False,False,"[""DELTA_MARGIN_FAIL"", ""REGION_GATE_FAIL"", ""TRANSITION_SOUNDNESS_FAIL"", ""INSUFFICIENT_EVENTS""]",-1.7961102885007871,0,
A,14,internal_check,121000051,121000050,delta_zero,7,4,True,False,False,False,True,False,False,"[""DELTA_MARGIN_FAIL"", ""REGION_GATE_FAIL"", ""TRANSITION_SOUNDNESS_FAIL"", ""INSUFFICIENT_EVENTS""]",-1.7961102885007871,0,
A,14,internal_check,121000051,121000050,delta_zero,8,4,True,False,False,False,True,False,False,"[""DELTA_MARGIN_FAIL"", ""REGION_GATE_FAIL"", ""TRANSITION_SOUNDNESS_FAIL"", ""INSUFFICIENT_EVENTS""]",-1.7961102885007871,0,
A,14,internal_check,121000051,121000050,delta_zero,9,4,True,False,False,False,True,False,False,"[""DELTA_MARGIN_FAIL"", ""REGION_GATE_FAIL"", ""TRANSITION_SOUNDNESS_FAIL"", ""INSUFFICIENT_EVENTS""]",-1.7961102885007871,0,
A,14,internal_check,121000051,121000050,delta_fit,1,4,True,False,False,False,True,True,False,"[""DELTA_MARGIN_FAIL"", ""REGION_GATE_FAIL"", ""TRANSITION_SOUNDNESS_FAIL""]",-1.4255995386838927,0,
A,14,internal_check,121000051,121000050,delta_fit,2,4,True,False,False,False,True,True,False,"[""DELTA_MARGIN_FAIL"", ""REGION_GATE_FAIL"", ""TRANSITION_SOUNDNESS_FAIL""]",-1.4255995386838927,0,
A,14,internal_check,121000051,121000050,delta_fit,3,4,True,False,False,False,True,True,False,"[""DELTA_MARGIN_FAIL"", ""REGION_GATE_FAIL"", ""TRANSITION_SOUNDNESS_FAIL""]",-1.4255995386838927,0,
A,14,internal_check,121000051,121000050,delta_fit,4,4,True,False,False,False,True,True,False,"[""DELTA_MARGIN_FAIL"", ""REGION_GATE_FAIL"", ""TRANSITION_SOUNDNESS_FAIL""]",-1.4255995386838927,0,
A,14,internal_check,121000051,121000050,delta_fit,5,4,True,False,False,False,True,False,False,"[""DELTA_MARGIN_FAIL"", ""REGION_GATE_FAIL"", ""TRANSITION_SOUNDNESS_FAIL"", ""INSUFFICIENT_EVENTS""]",-1.4255995386838927,0,
A,14,internal_check,121000051,121000050,delta_fit,6,4,True,False,False,False,True,False,False,"[""DELTA_MARGIN_FAIL"", ""REGION_GATE_FAIL"", ""TRANSITION_SOUNDNESS_FAIL"", ""INSUFFICIENT_EVENTS""]",-1.4255995386838927,0,
A,14,internal_check,121000051,121000050,delta_fit,7,4,True,False,False,False,True,False,False,"[""DELTA_MARGIN_FAIL"", ""REGION_GATE_FAIL"", ""TRANSITION_SOUNDNESS_FAIL"", ""INSUFFICIENT_EVENTS""]",-1.4255995386838927,0,
A,14,internal_check,121000051,121000050,delta_fit,8,4,True,False,False,False,True,False,False,"[""DELTA_MARGIN_FAIL"", ""REGION_GATE_FAIL"", ""TRANSITION_SOUNDNESS_FAIL"", ""INSUFFICIENT_EVENTS""]",-1.4255995386838927,0,
A,14,internal_check,121000051,121000050,delta_fit,9,4,True,False,False,False,True,False,False,"[""DELTA_MARGIN_FAIL"", ""REGION_GATE_FAIL"", ""TRANSITION_SOUNDNESS_FAIL"", ""INSUFFICIENT_EVENTS""]",-1.4255995386838927,0,
A,14,internal_check,121000051,121000050,constant_H_eta,1,4,True,True,True,True,True,True,True,[],1.0300000000000205,0,
A,14,internal_check,121000051,121000050,constant_H_eta,2,4,True,True,True,True,True,True,True,[],1.0300000000000205,0,
A,14,internal_check,121000051,121000050,constant_H_eta,3,4,True,True,True,True,True,True,True,[],1.0300000000000205,0,
A,14,internal_check,121000051,121000050,constant_H_eta,4,4,True,True,True,True,True,True,True,[],1.0300000000000205,0,
A,14,internal_check,121000051,121000050,constant_H_eta,5,4,True,True,True,True,True,False,False,"[""INSUFFICIENT_EVENTS""]",1.0300000000000205,0,
A,14,internal_check,121000051,121000050,constant_H_eta,6,4,True,True,True,True,True,False,False,"[""INSUFFICIENT_EVENTS""]",1.0300000000000205,0,
A,14,internal_check,121000051,121000050,constant_H_eta,7,4,True,True,True,True,True,False,False,"[""INSUFFICIENT_EVENTS""]",1.0300000000000205,0,
A,14,internal_check,121000051,121000050,constant_H_eta,8,4,True,True,True,True,True,False,False,"[""INSUFFICIENT_EVENTS""]",1.0300000000000205,0,
A,14,internal_check,121000051,121000050,constant_H_eta,9,4,True,True,True,True,True,False,False,"[""INSUFFICIENT_EVENTS""]",1.0300000000000205,0,
A,15,internal_check,121000053,121000052,delta_zero,1,5,True,False,False,False,True,True,False,"[""DELTA_MARGIN_FAIL"", ""REGION_GATE_FAIL"", ""TRANSITION_SOUNDNESS_FAIL""]",-1.0593662893772133,0,
A,15,internal_check,121000053,121000052,delta_zero,2,5,True,False,False,False,True,True,False,"[""DELTA_MARGIN_FAIL"", ""REGION_GATE_FAIL"", ""TRANSITION_SOUNDNESS_FAIL""]",-1.0593662893772133,0,
A,15,internal_check,121000053,121000052,delta_zero,3,5,True,False,False,False,True,True,False,"[""DELTA_MARGIN_FAIL"", ""REGION_GATE_FAIL"", ""TRANSITION_SOUNDNESS_FAIL""]",-1.0593662893772133,0,
A,15,internal_check,121000053,121000052,delta_zero,4,5,True,False,False,False,True,True,False,"[""DELTA_MARGIN_FAIL"", ""REGION_GATE_FAIL"", ""TRANSITION_SOUNDNESS_FAIL""]",-1.0593662893772133,0,
A,15,internal_check,121000053,121000052,delta_zero,5,5,True,False,False,False,True,True,False,"[""DELTA_MARGIN_FAIL"", ""REGION_GATE_FAIL"", ""TRANSITION_SOUNDNESS_FAIL""]",-1.0593662893772133,0,
A,15,internal_check,121000053,121000052,delta_zero,6,5,True,False,False,False,True,False,False,"[""DELTA_MARGIN_FAIL"", ""REGION_GATE_FAIL"", ""TRANSITION_SOUNDNESS_FAIL"", ""INSUFFICIENT_EVENTS""]",-1.0593662893772133,0,
A,15,internal_check,121000053,121000052,delta_zero,7,5,True,False,False,False,True,False,False,"[""DELTA_MARGIN_FAIL"", ""REGION_GATE_FAIL"", ""TRANSITION_SOUNDNESS_FAIL"", ""INSUFFICIENT_EVENTS""]",-1.0593662893772133,0,
A,15,internal_check,121000053,121000052,delta_zero,8,5,True,False,False,False,True,False,False,"[""DELTA_MARGIN_FAIL"", ""REGION_GATE_FAIL"", ""TRANSITION_SOUNDNESS_FAIL"", ""INSUFFICIENT_EVENTS""]",-1.0593662893772133,0,
A,15,internal_check,121000053,121000052,delta_zero,9,5,True,False,False,False,True,False,False,"[""DELTA_MARGIN_FAIL"", ""REGION_GATE_FAIL"", ""TRANSITION_SOUNDNESS_FAIL"", ""INSUFFICIENT_EVENTS""]",-1.0593662893772133,0,
A,15,internal_check,121000053,121000052,delta_fit,1,5,True,False,False,False,True,True,False,"[""DELTA_MARGIN_FAIL"", ""REGION_GATE_FAIL"", ""TRANSITION_SOUNDNESS_FAIL""]",-0.6888555395603188,0,
A,15,internal_check,121000053,121000052,delta_fit,2,5,True,False,False,False,True,True,False,"[""DELTA_MARGIN_FAIL"", ""REGION_GATE_FAIL"", ""TRANSITION_SOUNDNESS_FAIL""]",-0.6888555395603188,0,
A,15,internal_check,121000053,121000052,delta_fit,3,5,True,False,False,False,True,True,False,"[""DELTA_MARGIN_FAIL"", ""REGION_GATE_FAIL"", ""TRANSITION_SOUNDNESS_FAIL""]",-0.6888555395603188,0,
A,15,internal_check,121000053,121000052,delta_fit,4,5,True,False,False,False,True,True,False,"[""DELTA_MARGIN_FAIL"", ""REGION_GATE_FAIL"", ""TRANSITION_SOUNDNESS_FAIL""]",-0.6888555395603188,0,
A,15,internal_check,121000053,121000052,delta_fit,5,5,True,False,False,False,True,True,False,"[""DELTA_MARGIN_FAIL"", ""REGION_GATE_FAIL"", ""TRANSITION_SOUNDNESS_FAIL""]",-0.6888555395603188,0,
A,15,internal_check,121000053,121000052,delta_fit,6,5,True,False,False,False,True,False,False,"[""DELTA_MARGIN_FAIL"", ""REGION_GATE_FAIL"", ""TRANSITION_SOUNDNESS_FAIL"", ""INSUFFICIENT_EVENTS""]",-0.6888555395603188,0,
A,15,internal_check,121000053,121000052,delta_fit,7,5,True,False,False,False,True,False,False,"[""DELTA_MARGIN_FAIL"", ""REGION_GATE_FAIL"", ""TRANSITION_SOUNDNESS_FAIL"", ""INSUFFICIENT_EVENTS""]",-0.6888555395603188,0,
A,15,internal_check,121000053,121000052,delta_fit,8,5,True,False,False,False,True,False,False,"[""DELTA_MARGIN_FAIL"", ""REGION_GATE_FAIL"", ""TRANSITION_SOUNDNESS_FAIL"", ""INSUFFICIENT_EVENTS""]",-0.6888555395603188,0,
A,15,internal_check,121000053,121000052,delta_fit,9,5,True,False,False,False,True,False,False,"[""DELTA_MARGIN_FAIL"", ""REGION_GATE_FAIL"", ""TRANSITION_SOUNDNESS_FAIL"", ""INSUFFICIENT_EVENTS""]",-0.6888555395603188,0,
A,15,internal_check,121000053,121000052,constant_H_eta,1,5,True,True,True,True,True,True,True,[],1.8400000000000212,0,
A,15,internal_check,121000053,121000052,constant_H_eta,2,5,True,True,True,True,True,True,True,[],1.8400000000000212,0,
A,15,internal_check,121000053,121000052,constant_H_eta,3,5,True,True,True,True,True,True,True,[],1.8400000000000212,0,
A,15,internal_check,121000053,121000052,constant_H_eta,4,5,True,True,True,True,True,True,True,[],1.8400000000000212,0,
A,15,internal_check,121000053,121000052,constant_H_eta,5,5,True,True,True,True,True,True,True,[],1.8400000000000212,0,
A,15,internal_check,121000053,121000052,constant_H_eta,6,5,True,True,True,True,True,False,False,"[""INSUFFICIENT_EVENTS""]",1.8400000000000212,0,
A,15,internal_check,121000053,121000052,constant_H_eta,7,5,True,True,True,True,True,False,False,"[""INSUFFICIENT_EVENTS""]",1.8400000000000212,0,
A,15,internal_check,121000053,121000052,constant_H_eta,8,5,True,True,True,True,True,False,False,"[""INSUFFICIENT_EVENTS""]",1.8400000000000212,0,
A,15,internal_check,121000053,121000052,constant_H_eta,9,5,True,True,True,True,True,False,False,"[""INSUFFICIENT_EVENTS""]",1.8400000000000212,0,
B,0,train,121000001,121000000,delta_zero,1,1,True,False,False,False,True,True,False,"[""DELTA_MARGIN_FAIL"", ""REGION_GATE_FAIL"", ""TRANSITION_SOUNDNESS_FAIL""]",-0.01959957122801044,0,
B,0,train,121000001,121000000,delta_zero,2,1,True,False,False,False,True,False,False,"[""DELTA_MARGIN_FAIL"", ""REGION_GATE_FAIL"", ""TRANSITION_SOUNDNESS_FAIL"", ""INSUFFICIENT_EVENTS""]",-0.01959957122801044,0,
B,0,train,121000001,121000000,delta_zero,3,1,True,False,False,False,True,False,False,"[""DELTA_MARGIN_FAIL"", ""REGION_GATE_FAIL"", ""TRANSITION_SOUNDNESS_FAIL"", ""INSUFFICIENT_EVENTS""]",-0.01959957122801044,0,
B,0,train,121000001,121000000,delta_zero,4,1,True,False,False,False,True,False,False,"[""DELTA_MARGIN_FAIL"", ""REGION_GATE_FAIL"", ""TRANSITION_SOUNDNESS_FAIL"", ""INSUFFICIENT_EVENTS""]",-0.01959957122801044,0,
B,0,train,121000001,121000000,delta_zero,5,1,True,False,False,False,True,False,False,"[""DELTA_MARGIN_FAIL"", ""REGION_GATE_FAIL"", ""TRANSITION_SOUNDNESS_FAIL"", ""INSUFFICIENT_EVENTS""]",-0.01959957122801044,0,
B,0,train,121000001,121000000,delta_fit,1,1,True,True,True,True,True,True,True,[],0.2231664752960425,0,
B,0,train,121000001,121000000,delta_fit,2,1,True,True,True,True,True,False,False,"[""INSUFFICIENT_EVENTS""]",0.2231664752960425,0,
B,0,train,121000001,121000000,delta_fit,3,1,True,True,True,True,True,False,False,"[""INSUFFICIENT_EVENTS""]",0.2231664752960425,0,
B,0,train,121000001,121000000,delta_fit,4,1,True,True,True,True,True,False,False,"[""INSUFFICIENT_EVENTS""]",0.2231664752960425,0,
B,0,train,121000001,121000000,delta_fit,5,1,True,True,True,True,True,False,False,"[""INSUFFICIENT_EVENTS""]",0.2231664752960425,0,
B,0,train,121000001,121000000,constant_H_eta,1,1,True,True,True,True,True,True,True,[],0.11000000000001967,0,
B,0,train,121000001,121000000,constant_H_eta,2,1,True,True,True,True,True,False,False,"[""INSUFFICIENT_EVENTS""]",0.11000000000001967,0,
B,0,train,121000001,121000000,constant_H_eta,3,1,True,True,True,True,True,False,False,"[""INSUFFICIENT_EVENTS""]",0.11000000000001967,0,
B,0,train,121000001,121000000,constant_H_eta,4,1,True,True,True,True,True,False,False,"[""INSUFFICIENT_EVENTS""]",0.11000000000001967,0,
B,0,train,121000001,121000000,constant_H_eta,5,1,True,True,True,True,True,False,False,"[""INSUFFICIENT_EVENTS""]",0.11000000000001967,0,
B,1,train,121000005,121000004,delta_zero,1,2,True,False,False,False,True,True,False,"[""DELTA_MARGIN_FAIL"", ""REGION_GATE_FAIL"", ""TRANSITION_SOUNDNESS_FAIL""]",-0.07847664415836332,0,
B,1,train,121000005,121000004,delta_zero,2,2,True,False,False,False,True,True,False,"[""DELTA_MARGIN_FAIL"", ""REGION_GATE_FAIL"", ""TRANSITION_SOUNDNESS_FAIL""]",-0.07847664415836332,0,
B,1,train,121000005,121000004,delta_zero,3,2,True,False,False,False,True,False,False,"[""DELTA_MARGIN_FAIL"", ""REGION_GATE_FAIL"", ""TRANSITION_SOUNDNESS_FAIL"", ""INSUFFICIENT_EVENTS""]",-0.07847664415836332,0,
B,1,train,121000005,121000004,delta_zero,4,2,True,False,False,False,True,False,False,"[""DELTA_MARGIN_FAIL"", ""REGION_GATE_FAIL"", ""TRANSITION_SOUNDNESS_FAIL"", ""INSUFFICIENT_EVENTS""]",-0.07847664415836332,0,
B,1,train,121000005,121000004,delta_zero,5,2,True,False,False,False,True,False,False,"[""DELTA_MARGIN_FAIL"", ""REGION_GATE_FAIL"", ""TRANSITION_SOUNDNESS_FAIL"", ""INSUFFICIENT_EVENTS""]",-0.07847664415836332,0,
B,1,train,121000005,121000004,delta_fit,1,2,True,True,True,True,True,True,True,[],0.16428940236568423,0,
B,1,train,121000005,121000004,delta_fit,2,2,True,True,True,True,True,True,True,[],0.16428940236568423,0,
B,1,train,121000005,121000004,delta_fit,3,2,True,True,True,True,True,False,False,"[""INSUFFICIENT_EVENTS""]",0.16428940236568423,0,
B,1,train,121000005,121000004,delta_fit,4,2,True,True,True,True,True,False,False,"[""INSUFFICIENT_EVENTS""]",0.16428940236568423,0,
B,1,train,121000005,121000004,delta_fit,5,2,True,True,True,True,True,False,False,"[""INSUFFICIENT_EVENTS""]",0.16428940236568423,0,
B,1,train,121000005,121000004,constant_H_eta,1,2,True,True,True,True,True,True,True,[],0.9200000000000204,0,
B,1,train,121000005,121000004,constant_H_eta,2,2,True,True,True,True,True,True,True,[],0.9200000000000204,0,
B,1,train,121000005,121000004,constant_H_eta,3,2,True,True,True,True,True,False,False,"[""INSUFFICIENT_EVENTS""]",0.9200000000000204,0,
B,1,train,121000005,121000004,constant_H_eta,4,2,True,True,True,True,True,False,False,"[""INSUFFICIENT_EVENTS""]",0.9200000000000204,0,
B,1,train,121000005,121000004,constant_H_eta,5,2,True,True,True,True,True,False,False,"[""INSUFFICIENT_EVENTS""]",0.9200000000000204,0,
B,2,train,121000009,121000008,delta_zero,1,2,True,False,False,False,True,True,False,"[""DELTA_MARGIN_FAIL"", ""REGION_GATE_FAIL"", ""TRANSITION_SOUNDNESS_FAIL""]",-0.05537145614624132,0,
B,2,train,121000009,121000008,delta_zero,2,2,True,False,False,False,True,True,False,"[""DELTA_MARGIN_FAIL"", ""REGION_GATE_FAIL"", ""TRANSITION_SOUNDNESS_FAIL""]",-0.05537145614624132,0,
B,2,train,121000009,121000008,delta_zero,3,2,True,False,False,False,True,False,False,"[""DELTA_MARGIN_FAIL"", ""REGION_GATE_FAIL"", ""TRANSITION_SOUNDNESS_FAIL"", ""INSUFFICIENT_EVENTS""]",-0.05537145614624132,0,
B,2,train,121000009,121000008,delta_zero,4,2,True,False,False,False,True,False,False,"[""DELTA_MARGIN_FAIL"", ""REGION_GATE_FAIL"", ""TRANSITION_SOUNDNESS_FAIL"", ""INSUFFICIENT_EVENTS""]",-0.05537145614624132,0,
B,2,train,121000009,121000008,delta_zero,5,2,True,False,False,False,True,False,False,"[""DELTA_MARGIN_FAIL"", ""REGION_GATE_FAIL"", ""TRANSITION_SOUNDNESS_FAIL"", ""INSUFFICIENT_EVENTS""]",-0.05537145614624132,0,
B,2,train,121000009,121000008,delta_fit,1,2,True,True,True,True,True,True,True,[],0.18739459037780626,0,
B,2,train,121000009,121000008,delta_fit,2,2,True,True,True,True,True,True,True,[],0.18739459037780626,0,
B,2,train,121000009,121000008,delta_fit,3,2,True,True,True,True,True,False,False,"[""INSUFFICIENT_EVENTS""]",0.18739459037780626,0,
B,2,train,121000009,121000008,delta_fit,4,2,True,True,True,True,True,False,False,"[""INSUFFICIENT_EVENTS""]",0.18739459037780626,0,
B,2,train,121000009,121000008,delta_fit,5,2,True,True,True,True,True,False,False,"[""INSUFFICIENT_EVENTS""]",0.18739459037780626,0,
B,2,train,121000009,121000008,constant_H_eta,1,2,True,True,True,True,True,True,True,[],1.570000000000021,0,
B,2,train,121000009,121000008,constant_H_eta,2,2,True,True,True,True,True,True,True,[],1.570000000000021,0,
B,2,train,121000009,121000008,constant_H_eta,3,2,True,True,True,True,True,False,False,"[""INSUFFICIENT_EVENTS""]",1.570000000000021,0,
B,2,train,121000009,121000008,constant_H_eta,4,2,True,True,True,True,True,False,False,"[""INSUFFICIENT_EVENTS""]",1.570000000000021,0,
B,2,train,121000009,121000008,constant_H_eta,5,2,True,True,True,True,True,False,False,"[""INSUFFICIENT_EVENTS""]",1.570000000000021,0,
B,3,train,121000015,121000014,delta_zero,1,1,True,True,True,True,True,True,True,[],0.07110226631164793,0,
B,3,train,121000015,121000014,delta_zero,2,1,True,True,True,True,True,False,False,"[""INSUFFICIENT_EVENTS""]",0.07110226631164793,0,
B,3,train,121000015,121000014,delta_zero,3,1,True,True,True,True,True,False,False,"[""INSUFFICIENT_EVENTS""]",0.07110226631164793,0,
B,3,train,121000015,121000014,delta_zero,4,1,True,True,True,True,True,False,False,"[""INSUFFICIENT_EVENTS""]",0.07110226631164793,0,
B,3,train,121000015,121000014,delta_zero,5,1,True,True,True,True,True,False,False,"[""INSUFFICIENT_EVENTS""]",0.07110226631164793,0,
B,3,train,121000015,121000014,delta_fit,1,1,True,True,True,True,True,True,True,[],0.31386831283570094,0,
B,3,train,121000015,121000014,delta_fit,2,1,True,True,True,True,True,False,False,"[""INSUFFICIENT_EVENTS""]",0.31386831283570094,0,
B,3,train,121000015,121000014,delta_fit,3,1,True,True,True,True,True,False,False,"[""INSUFFICIENT_EVENTS""]",0.31386831283570094,0,
B,3,train,121000015,121000014,delta_fit,4,1,True,True,True,True,True,False,False,"[""INSUFFICIENT_EVENTS""]",0.31386831283570094,0,
B,3,train,121000015,121000014,delta_fit,5,1,True,True,True,True,True,False,False,"[""INSUFFICIENT_EVENTS""]",0.31386831283570094,0,
B,3,train,121000015,121000014,constant_H_eta,1,1,True,True,True,True,True,True,True,[],0.8800000000000203,0,
B,3,train,121000015,121000014,constant_H_eta,2,1,True,True,True,True,True,False,False,"[""INSUFFICIENT_EVENTS""]",0.8800000000000203,0,
B,3,train,121000015,121000014,constant_H_eta,3,1,True,True,True,True,True,False,False,"[""INSUFFICIENT_EVENTS""]",0.8800000000000203,0,
B,3,train,121000015,121000014,constant_H_eta,4,1,True,True,True,True,True,False,False,"[""INSUFFICIENT_EVENTS""]",0.8800000000000203,0,
B,3,train,121000015,121000014,constant_H_eta,5,1,True,True,True,True,True,False,False,"[""INSUFFICIENT_EVENTS""]",0.8800000000000203,0,
B,4,train,121000017,121000016,delta_zero,1,1,True,False,False,False,True,True,False,"[""DELTA_MARGIN_FAIL"", ""REGION_GATE_FAIL"", ""TRANSITION_SOUNDNESS_FAIL""]",-0.008863314986229021,0,
B,4,train,121000017,121000016,delta_zero,2,1,True,False,False,False,True,False,False,"[""DELTA_MARGIN_FAIL"", ""REGION_GATE_FAIL"", ""TRANSITION_SOUNDNESS_FAIL"", ""INSUFFICIENT_EVENTS""]",-0.008863314986229021,0,
B,4,train,121000017,121000016,delta_zero,3,1,True,False,False,False,True,False,False,"[""DELTA_MARGIN_FAIL"", ""REGION_GATE_FAIL"", ""TRANSITION_SOUNDNESS_FAIL"", ""INSUFFICIENT_EVENTS""]",-0.008863314986229021,0,
B,4,train,121000017,121000016,delta_zero,4,1,True,False,False,False,True,False,False,"[""DELTA_MARGIN_FAIL"", ""REGION_GATE_FAIL"", ""TRANSITION_SOUNDNESS_FAIL"", ""INSUFFICIENT_EVENTS""]",-0.008863314986229021,0,
B,4,train,121000017,121000016,delta_zero,5,1,True,False,False,False,True,False,False,"[""DELTA_MARGIN_FAIL"", ""REGION_GATE_FAIL"", ""TRANSITION_SOUNDNESS_FAIL"", ""INSUFFICIENT_EVENTS""]",-0.008863314986229021,0,
B,4,train,121000017,121000016,delta_fit,1,1,True,True,True,True,True,True,True,[],0.2339027315378186,0,
B,4,train,121000017,121000016,delta_fit,2,1,True,True,True,True,True,False,False,"[""INSUFFICIENT_EVENTS""]",0.2339027315378186,0,
B,4,train,121000017,121000016,delta_fit,3,1,True,True,True,True,True,False,False,"[""INSUFFICIENT_EVENTS""]",0.2339027315378186,0,
B,4,train,121000017,121000016,delta_fit,4,1,True,True,True,True,True,False,False,"[""INSUFFICIENT_EVENTS""]",0.2339027315378186,0,
B,4,train,121000017,121000016,delta_fit,5,1,True,True,True,True,True,False,False,"[""INSUFFICIENT_EVENTS""]",0.2339027315378186,0,
B,4,train,121000017,121000016,constant_H_eta,1,1,True,True,True,True,True,True,True,[],0.25000000000001976,0,
B,4,train,121000017,121000016,constant_H_eta,2,1,True,True,True,True,True,False,False,"[""INSUFFICIENT_EVENTS""]",0.25000000000001976,0,
B,4,train,121000017,121000016,constant_H_eta,3,1,True,True,True,True,True,False,False,"[""INSUFFICIENT_EVENTS""]",0.25000000000001976,0,
B,4,train,121000017,121000016,constant_H_eta,4,1,True,True,True,True,True,False,False,"[""INSUFFICIENT_EVENTS""]",0.25000000000001976,0,
B,4,train,121000017,121000016,constant_H_eta,5,1,True,True,True,True,True,False,False,"[""INSUFFICIENT_EVENTS""]",0.25000000000001976,0,
B,5,train,121000019,121000018,delta_zero,1,1,True,False,False,False,True,True,False,"[""DELTA_MARGIN_FAIL"", ""REGION_GATE_FAIL"", ""TRANSITION_SOUNDNESS_FAIL""]",-0.24276604652404948,0,
B,5,train,121000019,121000018,delta_zero,2,1,True,False,False,False,True,False,False,"[""DELTA_MARGIN_FAIL"", ""REGION_GATE_FAIL"", ""TRANSITION_SOUNDNESS_FAIL"", ""INSUFFICIENT_EVENTS""]",-0.24276604652404948,0,
B,5,train,121000019,121000018,delta_zero,3,1,True,False,False,False,True,False,False,"[""DELTA_MARGIN_FAIL"", ""REGION_GATE_FAIL"", ""TRANSITION_SOUNDNESS_FAIL"", ""INSUFFICIENT_EVENTS""]",-0.24276604652404948,0,
B,5,train,121000019,121000018,delta_zero,4,1,True,False,False,False,True,False,False,"[""DELTA_MARGIN_FAIL"", ""REGION_GATE_FAIL"", ""TRANSITION_SOUNDNESS_FAIL"", ""INSUFFICIENT_EVENTS""]",-0.24276604652404948,0,
B,5,train,121000019,121000018,delta_zero,5,1,True,False,False,False,True,False,False,"[""DELTA_MARGIN_FAIL"", ""REGION_GATE_FAIL"", ""TRANSITION_SOUNDNESS_FAIL"", ""INSUFFICIENT_EVENTS""]",-0.24276604652404948,0,
B,5,train,121000019,121000018,delta_fit,1,1,True,True,True,True,True,True,True,[],1.4675760606763788e-15,0,
B,5,train,121000019,121000018,delta_fit,2,1,True,True,True,True,True,False,False,"[""INSUFFICIENT_EVENTS""]",1.4675760606763788e-15,0,
B,5,train,121000019,121000018,delta_fit,3,1,True,True,True,True,True,False,False,"[""INSUFFICIENT_EVENTS""]",1.4675760606763788e-15,0,
B,5,train,121000019,121000018,delta_fit,4,1,True,True,True,True,True,False,False,"[""INSUFFICIENT_EVENTS""]",1.4675760606763788e-15,0,
B,5,train,121000019,121000018,delta_fit,5,1,True,True,True,True,True,False,False,"[""INSUFFICIENT_EVENTS""]",1.4675760606763788e-15,0,
B,5,train,121000019,121000018,constant_H_eta,1,1,True,True,True,True,True,True,True,[],0.8500000000000203,0,
B,5,train,121000019,121000018,constant_H_eta,2,1,True,True,True,True,True,False,False,"[""INSUFFICIENT_EVENTS""]",0.8500000000000203,0,
B,5,train,121000019,121000018,constant_H_eta,3,1,True,True,True,True,True,False,False,"[""INSUFFICIENT_EVENTS""]",0.8500000000000203,0,
B,5,train,121000019,121000018,constant_H_eta,4,1,True,True,True,True,True,False,False,"[""INSUFFICIENT_EVENTS""]",0.8500000000000203,0,
B,5,train,121000019,121000018,constant_H_eta,5,1,True,True,True,True,True,False,False,"[""INSUFFICIENT_EVENTS""]",0.8500000000000203,0,
B,6,train,121000025,121000024,delta_zero,1,2,True,False,False,False,True,True,False,"[""DELTA_MARGIN_FAIL"", ""REGION_GATE_FAIL"", ""TRANSITION_SOUNDNESS_FAIL""]",-0.04381736278534071,0,
B,6,train,121000025,121000024,delta_zero,2,2,True,False,False,False,True,True,False,"[""DELTA_MARGIN_FAIL"", ""REGION_GATE_FAIL"", ""TRANSITION_SOUNDNESS_FAIL""]",-0.04381736278534071,0,
B,6,train,121000025,121000024,delta_zero,3,2,True,False,False,False,True,False,False,"[""DELTA_MARGIN_FAIL"", ""REGION_GATE_FAIL"", ""TRANSITION_SOUNDNESS_FAIL"", ""INSUFFICIENT_EVENTS""]",-0.04381736278534071,0,
B,6,train,121000025,121000024,delta_zero,4,2,True,False,False,False,True,False,False,"[""DELTA_MARGIN_FAIL"", ""REGION_GATE_FAIL"", ""TRANSITION_SOUNDNESS_FAIL"", ""INSUFFICIENT_EVENTS""]",-0.04381736278534071,0,
B,6,train,121000025,121000024,delta_zero,5,2,True,False,False,False,True,False,False,"[""DELTA_MARGIN_FAIL"", ""REGION_GATE_FAIL"", ""TRANSITION_SOUNDNESS_FAIL"", ""INSUFFICIENT_EVENTS""]",-0.04381736278534071,0,
B,6,train,121000025,121000024,delta_fit,1,2,True,True,True,True,True,True,True,[],0.1989486837387069,0,
B,6,train,121000025,121000024,delta_fit,2,2,True,True,True,True,True,True,True,[],0.1989486837387069,0,
B,6,train,121000025,121000024,delta_fit,3,2,True,True,True,True,True,False,False,"[""INSUFFICIENT_EVENTS""]",0.1989486837387069,0,
B,6,train,121000025,121000024,delta_fit,4,2,True,True,True,True,True,False,False,"[""INSUFFICIENT_EVENTS""]",0.1989486837387069,0,
B,6,train,121000025,121000024,delta_fit,5,2,True,True,True,True,True,False,False,"[""INSUFFICIENT_EVENTS""]",0.1989486837387069,0,
B,6,train,121000025,121000024,constant_H_eta,1,2,True,True,True,True,True,True,True,[],1.2900000000000207,0,
B,6,train,121000025,121000024,constant_H_eta,2,2,True,True,True,True,True,True,True,[],1.2900000000000207,0,
B,6,train,121000025,121000024,constant_H_eta,3,2,True,True,True,True,True,False,False,"[""INSUFFICIENT_EVENTS""]",1.2900000000000207,0,
B,6,train,121000025,121000024,constant_H_eta,4,2,True,True,True,True,True,False,False,"[""INSUFFICIENT_EVENTS""]",1.2900000000000207,0,
B,6,train,121000025,121000024,constant_H_eta,5,2,True,True,True,True,True,False,False,"[""INSUFFICIENT_EVENTS""]",1.2900000000000207,0,
B,7,train,121000029,121000028,delta_zero,1,4,True,False,False,False,True,True,False,"[""DELTA_MARGIN_FAIL"", ""REGION_GATE_FAIL"", ""TRANSITION_SOUNDNESS_FAIL""]",-0.09728983402252277,0,
B,7,train,121000029,121000028,delta_zero,2,4,True,False,False,False,True,True,False,"[""DELTA_MARGIN_FAIL"", ""REGION_GATE_FAIL"", ""TRANSITION_SOUNDNESS_FAIL""]",-0.09728983402252277,0,
B,7,train,121000029,121000028,delta_zero,3,4,True,False,False,False,True,True,False,"[""DELTA_MARGIN_FAIL"", ""REGION_GATE_FAIL"", ""TRANSITION_SOUNDNESS_FAIL""]",-0.09728983402252277,0,
B,7,train,121000029,121000028,delta_zero,4,4,True,False,False,False,True,True,False,"[""DELTA_MARGIN_FAIL"", ""REGION_GATE_FAIL"", ""TRANSITION_SOUNDNESS_FAIL""]",-0.09728983402252277,0,
B,7,train,121000029,121000028,delta_zero,5,4,True,False,False,False,True,False,False,"[""DELTA_MARGIN_FAIL"", ""REGION_GATE_FAIL"", ""TRANSITION_SOUNDNESS_FAIL"", ""INSUFFICIENT_EVENTS""]",-0.09728983402252277,0,
B,7,train,121000029,121000028,delta_fit,1,4,True,True,True,True,True,True,True,[],0.14547621250152476,0,
B,7,train,121000029,121000028,delta_fit,2,4,True,True,True,True,True,True,True,[],0.14547621250152476,0,
B,7,train,121000029,121000028,delta_fit,3,4,True,True,True,True,True,True,True,[],0.14547621250152476,0,
B,7,train,121000029,121000028,delta_fit,4,4,True,True,True,True,True,True,True,[],0.14547621250152476,0,
B,7,train,121000029,121000028,delta_fit,5,4,True,True,True,True,True,False,False,"[""INSUFFICIENT_EVENTS""]",0.14547621250152476,0,
B,7,train,121000029,121000028,constant_H_eta,1,4,True,True,True,True,True,True,True,[],1.8400000000000212,0,
B,7,train,121000029,121000028,constant_H_eta,2,4,True,True,True,True,True,True,True,[],1.8400000000000212,0,
B,7,train,121000029,121000028,constant_H_eta,3,4,True,True,True,True,True,True,True,[],1.8400000000000212,0,
B,7,train,121000029,121000028,constant_H_eta,4,4,True,True,True,True,True,True,True,[],1.8400000000000212,0,
B,7,train,121000029,121000028,constant_H_eta,5,4,True,True,True,True,True,False,False,"[""INSUFFICIENT_EVENTS""]",1.8400000000000212,0,
B,8,train,121000031,121000030,delta_zero,1,2,True,True,True,True,True,True,True,[],0.0832716798782341,0,
B,8,train,121000031,121000030,delta_zero,2,2,True,True,True,True,True,True,True,[],0.0832716798782341,0,
B,8,train,121000031,121000030,delta_zero,3,2,True,True,True,True,True,False,False,"[""INSUFFICIENT_EVENTS""]",0.0832716798782341,0,
B,8,train,121000031,121000030,delta_zero,4,2,True,True,True,True,True,False,False,"[""INSUFFICIENT_EVENTS""]",0.0832716798782341,0,
B,8,train,121000031,121000030,delta_zero,5,2,True,True,True,True,True,False,False,"[""INSUFFICIENT_EVENTS""]",0.0832716798782341,0,
B,8,train,121000031,121000030,delta_fit,1,2,True,True,True,True,True,True,True,[],0.3260377264022818,0,
B,8,train,121000031,121000030,delta_fit,2,2,True,True,True,True,True,True,True,[],0.3260377264022818,0,
B,8,train,121000031,121000030,delta_fit,3,2,True,True,True,True,True,False,False,"[""INSUFFICIENT_EVENTS""]",0.3260377264022818,0,
B,8,train,121000031,121000030,delta_fit,4,2,True,True,True,True,True,False,False,"[""INSUFFICIENT_EVENTS""]",0.3260377264022818,0,
B,8,train,121000031,121000030,delta_fit,5,2,True,True,True,True,True,False,False,"[""INSUFFICIENT_EVENTS""]",0.3260377264022818,0,
B,8,train,121000031,121000030,constant_H_eta,1,2,True,True,True,True,True,True,True,[],1.0400000000000205,0,
B,8,train,121000031,121000030,constant_H_eta,2,2,True,True,True,True,True,True,True,[],1.0400000000000205,0,
B,8,train,121000031,121000030,constant_H_eta,3,2,True,True,True,True,True,False,False,"[""INSUFFICIENT_EVENTS""]",1.0400000000000205,0,
B,8,train,121000031,121000030,constant_H_eta,4,2,True,True,True,True,True,False,False,"[""INSUFFICIENT_EVENTS""]",1.0400000000000205,0,
B,8,train,121000031,121000030,constant_H_eta,5,2,True,True,True,True,True,False,False,"[""INSUFFICIENT_EVENTS""]",1.0400000000000205,0,
B,9,train,121000035,121000034,delta_zero,1,3,True,False,False,False,True,True,False,"[""DELTA_MARGIN_FAIL"", ""REGION_GATE_FAIL"", ""TRANSITION_SOUNDNESS_FAIL""]",-0.06991274595260635,0,
B,9,train,121000035,121000034,delta_zero,2,3,True,False,False,False,True,True,False,"[""DELTA_MARGIN_FAIL"", ""REGION_GATE_FAIL"", ""TRANSITION_SOUNDNESS_FAIL""]",-0.06991274595260635,0,
B,9,train,121000035,121000034,delta_zero,3,3,True,False,False,False,True,True,False,"[""DELTA_MARGIN_FAIL"", ""REGION_GATE_FAIL"", ""TRANSITION_SOUNDNESS_FAIL""]",-0.06991274595260635,0,
B,9,train,121000035,121000034,delta_zero,4,3,True,False,False,False,True,False,False,"[""DELTA_MARGIN_FAIL"", ""REGION_GATE_FAIL"", ""TRANSITION_SOUNDNESS_FAIL"", ""INSUFFICIENT_EVENTS""]",-0.06991274595260635,0,
B,9,train,121000035,121000034,delta_zero,5,3,True,False,False,False,True,False,False,"[""DELTA_MARGIN_FAIL"", ""REGION_GATE_FAIL"", ""TRANSITION_SOUNDNESS_FAIL"", ""INSUFFICIENT_EVENTS""]",-0.06991274595260635,0,
B,9,train,121000035,121000034,delta_fit,1,3,True,True,True,True,True,True,True,[],0.17285330057144122,0,
B,9,train,121000035,121000034,delta_fit,2,3,True,True,True,True,True,True,True,[],0.17285330057144122,0,
B,9,train,121000035,121000034,delta_fit,3,3,True,True,True,True,True,True,True,[],0.17285330057144122,0,
B,9,train,121000035,121000034,delta_fit,4,3,True,True,True,True,True,False,False,"[""INSUFFICIENT_EVENTS""]",0.17285330057144122,0,
B,9,train,121000035,121000034,delta_fit,5,3,True,True,True,True,True,False,False,"[""INSUFFICIENT_EVENTS""]",0.17285330057144122,0,
B,9,train,121000035,121000034,constant_H_eta,1,3,True,True,True,True,True,True,True,[],0.8100000000000203,0,
B,9,train,121000035,121000034,constant_H_eta,2,3,True,True,True,True,True,True,True,[],0.8100000000000203,0,
B,9,train,121000035,121000034,constant_H_eta,3,3,True,True,True,True,True,True,True,[],0.8100000000000203,0,
B,9,train,121000035,121000034,constant_H_eta,4,3,True,True,True,True,True,False,False,"[""INSUFFICIENT_EVENTS""]",0.8100000000000203,0,
B,9,train,121000035,121000034,constant_H_eta,5,3,True,True,True,True,True,False,False,"[""INSUFFICIENT_EVENTS""]",0.8100000000000203,0,
B,10,train,121000039,121000038,delta_zero,1,2,True,False,False,False,True,True,False,"[""DELTA_MARGIN_FAIL"", ""REGION_GATE_FAIL"", ""TRANSITION_SOUNDNESS_FAIL""]",-0.2392264372110368,0,
B,10,train,121000039,121000038,delta_zero,2,2,True,False,False,False,True,True,False,"[""DELTA_MARGIN_FAIL"", ""REGION_GATE_FAIL"", ""TRANSITION_SOUNDNESS_FAIL""]",-0.2392264372110368,0,
B,10,train,121000039,121000038,delta_zero,3,2,True,False,False,False,True,False,False,"[""DELTA_MARGIN_FAIL"", ""REGION_GATE_FAIL"", ""TRANSITION_SOUNDNESS_FAIL"", ""INSUFFICIENT_EVENTS""]",-0.2392264372110368,0,
B,10,train,121000039,121000038,delta_zero,4,2,True,False,False,False,True,False,False,"[""DELTA_MARGIN_FAIL"", ""REGION_GATE_FAIL"", ""TRANSITION_SOUNDNESS_FAIL"", ""INSUFFICIENT_EVENTS""]",-0.2392264372110368,0,
B,10,train,121000039,121000038,delta_zero,5,2,True,False,False,False,True,False,False,"[""DELTA_MARGIN_FAIL"", ""REGION_GATE_FAIL"", ""TRANSITION_SOUNDNESS_FAIL"", ""INSUFFICIENT_EVENTS""]",-0.2392264372110368,0,
B,10,train,121000039,121000038,delta_fit,1,2,True,True,True,True,True,True,True,[],0.0035396093130108143,0,
B,10,train,121000039,121000038,delta_fit,2,2,True,True,True,True,True,True,True,[],0.0035396093130108143,0,
B,10,train,121000039,121000038,delta_fit,3,2,True,True,True,True,True,False,False,"[""INSUFFICIENT_EVENTS""]",0.0035396093130108143,0,
B,10,train,121000039,121000038,delta_fit,4,2,True,True,True,True,True,False,False,"[""INSUFFICIENT_EVENTS""]",0.0035396093130108143,0,
B,10,train,121000039,121000038,delta_fit,5,2,True,True,True,True,True,False,False,"[""INSUFFICIENT_EVENTS""]",0.0035396093130108143,0,
B,10,train,121000039,121000038,constant_H_eta,1,2,True,True,True,True,True,True,True,[],1.4700000000000208,0,
B,10,train,121000039,121000038,constant_H_eta,2,2,True,True,True,True,True,True,True,[],1.4700000000000208,0,
B,10,train,121000039,121000038,constant_H_eta,3,2,True,True,True,True,True,False,False,"[""INSUFFICIENT_EVENTS""]",1.4700000000000208,0,
B,10,train,121000039,121000038,constant_H_eta,4,2,True,True,True,True,True,False,False,"[""INSUFFICIENT_EVENTS""]",1.4700000000000208,0,
B,10,train,121000039,121000038,constant_H_eta,5,2,True,True,True,True,True,False,False,"[""INSUFFICIENT_EVENTS""]",1.4700000000000208,0,
B,11,train,121000043,121000042,delta_zero,1,3,True,False,False,False,True,True,False,"[""DELTA_MARGIN_FAIL"", ""REGION_GATE_FAIL"", ""TRANSITION_SOUNDNESS_FAIL""]",-0.14232275009155332,0,
B,11,train,121000043,121000042,delta_zero,2,3,True,False,False,False,True,True,False,"[""DELTA_MARGIN_FAIL"", ""REGION_GATE_FAIL"", ""TRANSITION_SOUNDNESS_FAIL""]",-0.14232275009155332,0,
B,11,train,121000043,121000042,delta_zero,3,3,True,False,False,False,True,True,False,"[""DELTA_MARGIN_FAIL"", ""REGION_GATE_FAIL"", ""TRANSITION_SOUNDNESS_FAIL""]",-0.14232275009155332,0,
B,11,train,121000043,121000042,delta_zero,4,3,True,False,False,False,True,False,False,"[""DELTA_MARGIN_FAIL"", ""REGION_GATE_FAIL"", ""TRANSITION_SOUNDNESS_FAIL"", ""INSUFFICIENT_EVENTS""]",-0.14232275009155332,0,
B,11,train,121000043,121000042,delta_zero,5,3,True,False,False,False,True,False,False,"[""DELTA_MARGIN_FAIL"", ""REGION_GATE_FAIL"", ""TRANSITION_SOUNDNESS_FAIL"", ""INSUFFICIENT_EVENTS""]",-0.14232275009155332,0,
B,11,train,121000043,121000042,delta_fit,1,3,True,True,True,True,True,True,True,[],0.10044329643249421,0,
B,11,train,121000043,121000042,delta_fit,2,3,True,True,True,True,True,True,True,[],0.10044329643249421,0,
B,11,train,121000043,121000042,delta_fit,3,3,True,True,True,True,True,True,True,[],0.10044329643249421,0,
B,11,train,121000043,121000042,delta_fit,4,3,True,True,True,True,True,False,False,"[""INSUFFICIENT_EVENTS""]",0.10044329643249421,0,
B,11,train,121000043,121000042,delta_fit,5,3,True,True,True,True,True,False,False,"[""INSUFFICIENT_EVENTS""]",0.10044329643249421,0,
B,11,train,121000043,121000042,constant_H_eta,1,3,True,True,True,True,True,True,True,[],1.660000000000021,0,
B,11,train,121000043,121000042,constant_H_eta,2,3,True,True,True,True,True,True,True,[],1.660000000000021,0,
B,11,train,121000043,121000042,constant_H_eta,3,3,True,True,True,True,True,True,True,[],1.660000000000021,0,
B,11,train,121000043,121000042,constant_H_eta,4,3,True,True,True,True,True,False,False,"[""INSUFFICIENT_EVENTS""]",1.660000000000021,0,
B,11,train,121000043,121000042,constant_H_eta,5,3,True,True,True,True,True,False,False,"[""INSUFFICIENT_EVENTS""]",1.660000000000021,0,
B,12,internal_check,121000045,121000044,delta_zero,1,3,True,True,True,True,True,True,True,[],0.0801302456855771,0,
B,12,internal_check,121000045,121000044,delta_zero,2,3,True,True,True,True,True,True,True,[],0.0801302456855771,0,
B,12,internal_check,121000045,121000044,delta_zero,3,3,True,True,True,True,True,True,True,[],0.0801302456855771,0,
B,12,internal_check,121000045,121000044,delta_zero,4,3,True,True,True,True,True,False,False,"[""INSUFFICIENT_EVENTS""]",0.0801302456855771,0,
B,12,internal_check,121000045,121000044,delta_zero,5,3,True,True,True,True,True,False,False,"[""INSUFFICIENT_EVENTS""]",0.0801302456855771,0,
B,12,internal_check,121000045,121000044,delta_fit,1,3,True,True,True,True,True,True,True,[],0.3228962922096248,0,
B,12,internal_check,121000045,121000044,delta_fit,2,3,True,True,True,True,True,True,True,[],0.3228962922096248,0,
B,12,internal_check,121000045,121000044,delta_fit,3,3,True,True,True,True,True,True,True,[],0.3228962922096248,0,
B,12,internal_check,121000045,121000044,delta_fit,4,3,True,True,True,True,True,False,False,"[""INSUFFICIENT_EVENTS""]",0.3228962922096248,0,
B,12,internal_check,121000045,121000044,delta_fit,5,3,True,True,True,True,True,False,False,"[""INSUFFICIENT_EVENTS""]",0.3228962922096248,0,
B,12,internal_check,121000045,121000044,constant_H_eta,1,3,True,True,True,True,True,True,True,[],1.680000000000021,0,
B,12,internal_check,121000045,121000044,constant_H_eta,2,3,True,True,True,True,True,True,True,[],1.680000000000021,0,
B,12,internal_check,121000045,121000044,constant_H_eta,3,3,True,True,True,True,True,True,True,[],1.680000000000021,0,
B,12,internal_check,121000045,121000044,constant_H_eta,4,3,True,True,True,True,True,False,False,"[""INSUFFICIENT_EVENTS""]",1.680000000000021,0,
B,12,internal_check,121000045,121000044,constant_H_eta,5,3,True,True,True,True,True,False,False,"[""INSUFFICIENT_EVENTS""]",1.680000000000021,0,
B,13,internal_check,121000047,121000046,delta_zero,1,2,True,False,False,False,True,True,False,"[""DELTA_MARGIN_FAIL"", ""REGION_GATE_FAIL"", ""TRANSITION_SOUNDNESS_FAIL""]",-0.4907404422759997,0,
B,13,internal_check,121000047,121000046,delta_zero,2,2,True,False,False,False,True,True,False,"[""DELTA_MARGIN_FAIL"", ""REGION_GATE_FAIL"", ""TRANSITION_SOUNDNESS_FAIL""]",-0.4907404422759997,0,
B,13,internal_check,121000047,121000046,delta_zero,3,2,True,False,False,False,True,False,False,"[""DELTA_MARGIN_FAIL"", ""REGION_GATE_FAIL"", ""TRANSITION_SOUNDNESS_FAIL"", ""INSUFFICIENT_EVENTS""]",-0.4907404422759997,0,
B,13,internal_check,121000047,121000046,delta_zero,4,2,True,False,False,False,True,False,False,"[""DELTA_MARGIN_FAIL"", ""REGION_GATE_FAIL"", ""TRANSITION_SOUNDNESS_FAIL"", ""INSUFFICIENT_EVENTS""]",-0.4907404422759997,0,
B,13,internal_check,121000047,121000046,delta_zero,5,2,True,False,False,False,True,False,False,"[""DELTA_MARGIN_FAIL"", ""REGION_GATE_FAIL"", ""TRANSITION_SOUNDNESS_FAIL"", ""INSUFFICIENT_EVENTS""]",-0.4907404422759997,0,
B,13,internal_check,121000047,121000046,delta_fit,1,2,True,False,False,False,True,True,False,"[""DELTA_MARGIN_FAIL"", ""REGION_GATE_FAIL"", ""TRANSITION_SOUNDNESS_FAIL""]",-0.2479743957519464,0,
B,13,internal_check,121000047,121000046,delta_fit,2,2,True,False,False,False,True,True,False,"[""DELTA_MARGIN_FAIL"", ""REGION_GATE_FAIL"", ""TRANSITION_SOUNDNESS_FAIL""]",-0.2479743957519464,0,
B,13,internal_check,121000047,121000046,delta_fit,3,2,True,False,False,False,True,False,False,"[""DELTA_MARGIN_FAIL"", ""REGION_GATE_FAIL"", ""TRANSITION_SOUNDNESS_FAIL"", ""INSUFFICIENT_EVENTS""]",-0.2479743957519464,0,
B,13,internal_check,121000047,121000046,delta_fit,4,2,True,False,False,False,True,False,False,"[""DELTA_MARGIN_FAIL"", ""REGION_GATE_FAIL"", ""TRANSITION_SOUNDNESS_FAIL"", ""INSUFFICIENT_EVENTS""]",-0.2479743957519464,0,
B,13,internal_check,121000047,121000046,delta_fit,5,2,True,False,False,False,True,False,False,"[""DELTA_MARGIN_FAIL"", ""REGION_GATE_FAIL"", ""TRANSITION_SOUNDNESS_FAIL"", ""INSUFFICIENT_EVENTS""]",-0.2479743957519464,0,
B,13,internal_check,121000047,121000046,constant_H_eta,1,2,True,True,True,True,True,True,True,[],0.35000000000001985,0,
B,13,internal_check,121000047,121000046,constant_H_eta,2,2,True,True,True,True,True,True,True,[],0.35000000000001985,0,
B,13,internal_check,121000047,121000046,constant_H_eta,3,2,True,True,True,True,True,False,False,"[""INSUFFICIENT_EVENTS""]",0.35000000000001985,0,
B,13,internal_check,121000047,121000046,constant_H_eta,4,2,True,True,True,True,True,False,False,"[""INSUFFICIENT_EVENTS""]",0.35000000000001985,0,
B,13,internal_check,121000047,121000046,constant_H_eta,5,2,True,True,True,True,True,False,False,"[""INSUFFICIENT_EVENTS""]",0.35000000000001985,0,
B,14,internal_check,121000051,121000050,delta_zero,1,2,True,True,True,True,True,True,True,[],0.2768789291381828,0,
B,14,internal_check,121000051,121000050,delta_zero,2,2,True,True,True,True,True,True,True,[],0.2768789291381828,0,
B,14,internal_check,121000051,121000050,delta_zero,3,2,True,True,True,True,True,False,False,"[""INSUFFICIENT_EVENTS""]",0.2768789291381828,0,
B,14,internal_check,121000051,121000050,delta_zero,4,2,True,True,True,True,True,False,False,"[""INSUFFICIENT_EVENTS""]",0.2768789291381828,0,
B,14,internal_check,121000051,121000050,delta_zero,5,2,True,True,True,True,True,False,False,"[""INSUFFICIENT_EVENTS""]",0.2768789291381828,0,
B,14,internal_check,121000051,121000050,delta_fit,1,2,True,True,True,True,True,True,True,[],0.5196449756622306,0,
B,14,internal_check,121000051,121000050,delta_fit,2,2,True,True,True,True,True,True,True,[],0.5196449756622306,0,
B,14,internal_check,121000051,121000050,delta_fit,3,2,True,True,True,True,True,False,False,"[""INSUFFICIENT_EVENTS""]",0.5196449756622306,0,
B,14,internal_check,121000051,121000050,delta_fit,4,2,True,True,True,True,True,False,False,"[""INSUFFICIENT_EVENTS""]",0.5196449756622306,0,
B,14,internal_check,121000051,121000050,delta_fit,5,2,True,True,True,True,True,False,False,"[""INSUFFICIENT_EVENTS""]",0.5196449756622306,0,
B,14,internal_check,121000051,121000050,constant_H_eta,1,2,True,True,True,True,True,True,True,[],1.3600000000000207,0,
B,14,internal_check,121000051,121000050,constant_H_eta,2,2,True,True,True,True,True,True,True,[],1.3600000000000207,0,
B,14,internal_check,121000051,121000050,constant_H_eta,3,2,True,True,True,True,True,False,False,"[""INSUFFICIENT_EVENTS""]",1.3600000000000207,0,
B,14,internal_check,121000051,121000050,constant_H_eta,4,2,True,True,True,True,True,False,False,"[""INSUFFICIENT_EVENTS""]",1.3600000000000207,0,
B,14,internal_check,121000051,121000050,constant_H_eta,5,2,True,True,True,True,True,False,False,"[""INSUFFICIENT_EVENTS""]",1.3600000000000207,0,
B,15,internal_check,121000053,121000052,delta_zero,1,3,True,False,False,False,True,True,False,"[""DELTA_MARGIN_FAIL"", ""REGION_GATE_FAIL"", ""TRANSITION_SOUNDNESS_FAIL""]",-1.3280978405475627,0,
B,15,internal_check,121000053,121000052,delta_zero,2,3,True,False,False,False,True,True,False,"[""DELTA_MARGIN_FAIL"", ""REGION_GATE_FAIL"", ""TRANSITION_SOUNDNESS_FAIL""]",-1.3280978405475627,0,
B,15,internal_check,121000053,121000052,delta_zero,3,3,True,False,False,False,True,True,False,"[""DELTA_MARGIN_FAIL"", ""REGION_GATE_FAIL"", ""TRANSITION_SOUNDNESS_FAIL""]",-1.3280978405475627,0,
B,15,internal_check,121000053,121000052,delta_zero,4,3,True,False,False,False,True,False,False,"[""DELTA_MARGIN_FAIL"", ""REGION_GATE_FAIL"", ""TRANSITION_SOUNDNESS_FAIL"", ""INSUFFICIENT_EVENTS""]",-1.3280978405475627,0,
B,15,internal_check,121000053,121000052,delta_zero,5,3,True,False,False,False,True,False,False,"[""DELTA_MARGIN_FAIL"", ""REGION_GATE_FAIL"", ""TRANSITION_SOUNDNESS_FAIL"", ""INSUFFICIENT_EVENTS""]",-1.3280978405475627,0,
B,15,internal_check,121000053,121000052,delta_fit,1,3,True,False,False,False,True,True,False,"[""DELTA_MARGIN_FAIL"", ""REGION_GATE_FAIL"", ""TRANSITION_SOUNDNESS_FAIL""]",-1.085331794023515,0,
B,15,internal_check,121000053,121000052,delta_fit,2,3,True,False,False,False,True,True,False,"[""DELTA_MARGIN_FAIL"", ""REGION_GATE_FAIL"", ""TRANSITION_SOUNDNESS_FAIL""]",-1.085331794023515,0,
B,15,internal_check,121000053,121000052,delta_fit,3,3,True,False,False,False,True,True,False,"[""DELTA_MARGIN_FAIL"", ""REGION_GATE_FAIL"", ""TRANSITION_SOUNDNESS_FAIL""]",-1.085331794023515,0,
B,15,internal_check,121000053,121000052,delta_fit,4,3,True,False,False,False,True,False,False,"[""DELTA_MARGIN_FAIL"", ""REGION_GATE_FAIL"", ""TRANSITION_SOUNDNESS_FAIL"", ""INSUFFICIENT_EVENTS""]",-1.085331794023515,0,
B,15,internal_check,121000053,121000052,delta_fit,5,3,True,False,False,False,True,False,False,"[""DELTA_MARGIN_FAIL"", ""REGION_GATE_FAIL"", ""TRANSITION_SOUNDNESS_FAIL"", ""INSUFFICIENT_EVENTS""]",-1.085331794023515,0,
B,15,internal_check,121000053,121000052,constant_H_eta,1,3,True,True,True,True,True,True,True,[],1.2600000000000207,0,
B,15,internal_check,121000053,121000052,constant_H_eta,2,3,True,True,True,True,True,True,True,[],1.2600000000000207,0,
B,15,internal_check,121000053,121000052,constant_H_eta,3,3,True,True,True,True,True,True,True,[],1.2600000000000207,0,
B,15,internal_check,121000053,121000052,constant_H_eta,4,3,True,True,True,True,True,False,False,"[""INSUFFICIENT_EVENTS""]",1.2600000000000207,0,
B,15,internal_check,121000053,121000052,constant_H_eta,5,3,True,True,True,True,True,False,False,"[""INSUFFICIENT_EVENTS""]",1.2600000000000207,0,
C,0,train,121000001,121000000,delta_zero,1,0,True,True,True,True,True,False,False,"[""INSUFFICIENT_EVENTS""]",0.4518198966980276,0,
C,0,train,121000001,121000000,delta_zero,2,0,True,True,True,True,True,False,False,"[""INSUFFICIENT_EVENTS""]",0.4518198966980276,0,
C,0,train,121000001,121000000,delta_zero,3,0,True,True,True,True,True,False,False,"[""INSUFFICIENT_EVENTS""]",0.4518198966980276,0,
C,0,train,121000001,121000000,delta_zero,4,0,True,True,True,True,True,False,False,"[""INSUFFICIENT_EVENTS""]",0.4518198966980276,0,
C,0,train,121000001,121000000,delta_fit,1,0,True,True,True,True,True,False,False,"[""INSUFFICIENT_EVENTS""]",0.6609330654144627,0,
C,0,train,121000001,121000000,delta_fit,2,0,True,True,True,True,True,False,False,"[""INSUFFICIENT_EVENTS""]",0.6609330654144627,0,
C,0,train,121000001,121000000,delta_fit,3,0,True,True,True,True,True,False,False,"[""INSUFFICIENT_EVENTS""]",0.6609330654144627,0,
C,0,train,121000001,121000000,delta_fit,4,0,True,True,True,True,True,False,False,"[""INSUFFICIENT_EVENTS""]",0.6609330654144627,0,
C,0,train,121000001,121000000,constant_H_eta,1,0,True,True,True,True,True,False,False,"[""INSUFFICIENT_EVENTS""]",1.9675233664528946e-14,0,
C,0,train,121000001,121000000,constant_H_eta,2,0,True,True,True,True,True,False,False,"[""INSUFFICIENT_EVENTS""]",1.9675233664528946e-14,0,
C,0,train,121000001,121000000,constant_H_eta,3,0,True,True,True,True,True,False,False,"[""INSUFFICIENT_EVENTS""]",1.9675233664528946e-14,0,
C,0,train,121000001,121000000,constant_H_eta,4,0,True,True,True,True,True,False,False,"[""INSUFFICIENT_EVENTS""]",1.9675233664528946e-14,0,
C,1,train,121000005,121000004,delta_zero,1,1,True,False,False,False,True,True,False,"[""DELTA_MARGIN_FAIL"", ""REGION_GATE_FAIL"", ""TRANSITION_SOUNDNESS_FAIL""]",-0.2091131687164322,0,
C,1,train,121000005,121000004,delta_zero,2,1,True,False,False,False,True,False,False,"[""DELTA_MARGIN_FAIL"", ""REGION_GATE_FAIL"", ""TRANSITION_SOUNDNESS_FAIL"", ""INSUFFICIENT_EVENTS""]",-0.2091131687164322,0,
C,1,train,121000005,121000004,delta_zero,3,1,True,False,False,False,True,False,False,"[""DELTA_MARGIN_FAIL"", ""REGION_GATE_FAIL"", ""TRANSITION_SOUNDNESS_FAIL"", ""INSUFFICIENT_EVENTS""]",-0.2091131687164322,0,
C,1,train,121000005,121000004,delta_zero,4,1,True,False,False,False,True,False,False,"[""DELTA_MARGIN_FAIL"", ""REGION_GATE_FAIL"", ""TRANSITION_SOUNDNESS_FAIL"", ""INSUFFICIENT_EVENTS""]",-0.2091131687164322,0,
C,1,train,121000005,121000004,delta_fit,1,1,True,True,True,True,True,True,True,[],-7.528699885739343e-16,0,
C,1,train,121000005,121000004,delta_fit,2,1,True,True,True,True,True,False,False,"[""INSUFFICIENT_EVENTS""]",-7.528699885739343e-16,0,
C,1,train,121000005,121000004,delta_fit,3,1,True,True,True,True,True,False,False,"[""INSUFFICIENT_EVENTS""]",-7.528699885739343e-16,0,
C,1,train,121000005,121000004,delta_fit,4,1,True,True,True,True,True,False,False,"[""INSUFFICIENT_EVENTS""]",-7.528699885739343e-16,0,
C,1,train,121000005,121000004,constant_H_eta,1,1,True,True,True,True,True,True,True,[],0.9500000000000204,0,
C,1,train,121000005,121000004,constant_H_eta,2,1,True,True,True,True,True,False,False,"[""INSUFFICIENT_EVENTS""]",0.9500000000000204,0,
C,1,train,121000005,121000004,constant_H_eta,3,1,True,True,True,True,True,False,False,"[""INSUFFICIENT_EVENTS""]",0.9500000000000204,0,
C,1,train,121000005,121000004,constant_H_eta,4,1,True,True,True,True,True,False,False,"[""INSUFFICIENT_EVENTS""]",0.9500000000000204,0,
C,2,train,121000009,121000008,delta_zero,1,1,True,False,False,False,True,True,False,"[""DELTA_MARGIN_FAIL"", ""REGION_GATE_FAIL"", ""TRANSITION_SOUNDNESS_FAIL""]",-0.09120641708374122,0,
C,2,train,121000009,121000008,delta_zero,2,1,True,False,False,False,True,False,False,"[""DELTA_MARGIN_FAIL"", ""REGION_GATE_FAIL"", ""TRANSITION_SOUNDNESS_FAIL"", ""INSUFFICIENT_EVENTS""]",-0.09120641708374122,0,
C,2,train,121000009,121000008,delta_zero,3,1,True,False,False,False,True,False,False,"[""DELTA_MARGIN_FAIL"", ""REGION_GATE_FAIL"", ""TRANSITION_SOUNDNESS_FAIL"", ""INSUFFICIENT_EVENTS""]",-0.09120641708374122,0,
C,2,train,121000009,121000008,delta_zero,4,1,True,False,False,False,True,False,False,"[""DELTA_MARGIN_FAIL"", ""REGION_GATE_FAIL"", ""TRANSITION_SOUNDNESS_FAIL"", ""INSUFFICIENT_EVENTS""]",-0.09120641708374122,0,
C,2,train,121000009,121000008,delta_fit,1,1,True,True,True,True,True,True,True,[],0.11790675163268906,0,
C,2,train,121000009,121000008,delta_fit,2,1,True,True,True,True,True,False,False,"[""INSUFFICIENT_EVENTS""]",0.11790675163268906,0,
C,2,train,121000009,121000008,delta_fit,3,1,True,True,True,True,True,False,False,"[""INSUFFICIENT_EVENTS""]",0.11790675163268906,0,
C,2,train,121000009,121000008,delta_fit,4,1,True,True,True,True,True,False,False,"[""INSUFFICIENT_EVENTS""]",0.11790675163268906,0,
C,2,train,121000009,121000008,constant_H_eta,1,1,True,True,True,True,True,True,True,[],1.3600000000000207,0,
C,2,train,121000009,121000008,constant_H_eta,2,1,True,True,True,True,True,False,False,"[""INSUFFICIENT_EVENTS""]",1.3600000000000207,0,
C,2,train,121000009,121000008,constant_H_eta,3,1,True,True,True,True,True,False,False,"[""INSUFFICIENT_EVENTS""]",1.3600000000000207,0,
C,2,train,121000009,121000008,constant_H_eta,4,1,True,True,True,True,True,False,False,"[""INSUFFICIENT_EVENTS""]",1.3600000000000207,0,
C,3,train,121000015,121000014,delta_zero,1,1,True,False,False,False,True,True,False,"[""DELTA_MARGIN_FAIL"", ""REGION_GATE_FAIL"", ""TRANSITION_SOUNDNESS_FAIL""]",-0.10542701363563542,0,
C,3,train,121000015,121000014,delta_zero,2,1,True,False,False,False,True,False,False,"[""DELTA_MARGIN_FAIL"", ""REGION_GATE_FAIL"", ""TRANSITION_SOUNDNESS_FAIL"", ""INSUFFICIENT_EVENTS""]",-0.10542701363563542,0,
C,3,train,121000015,121000014,delta_zero,3,1,True,False,False,False,True,False,False,"[""DELTA_MARGIN_FAIL"", ""REGION_GATE_FAIL"", ""TRANSITION_SOUNDNESS_FAIL"", ""INSUFFICIENT_EVENTS""]",-0.10542701363563542,0,
C,3,train,121000015,121000014,delta_zero,4,1,True,False,False,False,True,False,False,"[""DELTA_MARGIN_FAIL"", ""REGION_GATE_FAIL"", ""TRANSITION_SOUNDNESS_FAIL"", ""INSUFFICIENT_EVENTS""]",-0.10542701363563542,0,
C,3,train,121000015,121000014,delta_fit,1,1,True,True,True,True,True,True,True,[],0.10368615508079486,0,
C,3,train,121000015,121000014,delta_fit,2,1,True,True,True,True,True,False,False,"[""INSUFFICIENT_EVENTS""]",0.10368615508079486,0,
C,3,train,121000015,121000014,delta_fit,3,1,True,True,True,True,True,False,False,"[""INSUFFICIENT_EVENTS""]",0.10368615508079486,0,
C,3,train,121000015,121000014,delta_fit,4,1,True,True,True,True,True,False,False,"[""INSUFFICIENT_EVENTS""]",0.10368615508079486,0,
C,3,train,121000015,121000014,constant_H_eta,1,1,True,True,True,True,True,True,True,[],0.33000000000001983,0,
C,3,train,121000015,121000014,constant_H_eta,2,1,True,True,True,True,True,False,False,"[""INSUFFICIENT_EVENTS""]",0.33000000000001983,0,
C,3,train,121000015,121000014,constant_H_eta,3,1,True,True,True,True,True,False,False,"[""INSUFFICIENT_EVENTS""]",0.33000000000001983,0,
C,3,train,121000015,121000014,constant_H_eta,4,1,True,True,True,True,True,False,False,"[""INSUFFICIENT_EVENTS""]",0.33000000000001983,0,
C,4,train,121000017,121000016,delta_zero,1,1,True,False,False,False,True,True,False,"[""DELTA_MARGIN_FAIL"", ""REGION_GATE_FAIL"", ""TRANSITION_SOUNDNESS_FAIL""]",-0.15697015762328775,0,
C,4,train,121000017,121000016,delta_zero,2,1,True,False,False,False,True,False,False,"[""DELTA_MARGIN_FAIL"", ""REGION_GATE_FAIL"", ""TRANSITION_SOUNDNESS_FAIL"", ""INSUFFICIENT_EVENTS""]",-0.15697015762328775,0,
C,4,train,121000017,121000016,delta_zero,3,1,True,False,False,False,True,False,False,"[""DELTA_MARGIN_FAIL"", ""REGION_GATE_FAIL"", ""TRANSITION_SOUNDNESS_FAIL"", ""INSUFFICIENT_EVENTS""]",-0.15697015762328775,0,
C,4,train,121000017,121000016,delta_zero,4,1,True,False,False,False,True,False,False,"[""DELTA_MARGIN_FAIL"", ""REGION_GATE_FAIL"", ""TRANSITION_SOUNDNESS_FAIL"", ""INSUFFICIENT_EVENTS""]",-0.15697015762328775,0,
C,4,train,121000017,121000016,delta_fit,1,1,True,True,True,True,True,True,True,[],0.052143011093147215,0,
C,4,train,121000017,121000016,delta_fit,2,1,True,True,True,True,True,False,False,"[""INSUFFICIENT_EVENTS""]",0.052143011093147215,0,
C,4,train,121000017,121000016,delta_fit,3,1,True,True,True,True,True,False,False,"[""INSUFFICIENT_EVENTS""]",0.052143011093147215,0,
C,4,train,121000017,121000016,delta_fit,4,1,True,True,True,True,True,False,False,"[""INSUFFICIENT_EVENTS""]",0.052143011093147215,0,
C,4,train,121000017,121000016,constant_H_eta,1,1,True,True,True,True,True,True,True,[],0.6100000000000201,0,
C,4,train,121000017,121000016,constant_H_eta,2,1,True,True,True,True,True,False,False,"[""INSUFFICIENT_EVENTS""]",0.6100000000000201,0,
C,4,train,121000017,121000016,constant_H_eta,3,1,True,True,True,True,True,False,False,"[""INSUFFICIENT_EVENTS""]",0.6100000000000201,0,
C,4,train,121000017,121000016,constant_H_eta,4,1,True,True,True,True,True,False,False,"[""INSUFFICIENT_EVENTS""]",0.6100000000000201,0,
C,5,train,121000019,121000018,delta_zero,1,0,True,True,True,True,True,False,False,"[""INSUFFICIENT_EVENTS""]",0.2517278194427741,0,
C,5,train,121000019,121000018,delta_zero,2,0,True,True,True,True,True,False,False,"[""INSUFFICIENT_EVENTS""]",0.2517278194427741,0,
C,5,train,121000019,121000018,delta_zero,3,0,True,True,True,True,True,False,False,"[""INSUFFICIENT_EVENTS""]",0.2517278194427741,0,
C,5,train,121000019,121000018,delta_zero,4,0,True,True,True,True,True,False,False,"[""INSUFFICIENT_EVENTS""]",0.2517278194427741,0,
C,5,train,121000019,121000018,delta_fit,1,0,True,True,True,True,True,False,False,"[""INSUFFICIENT_EVENTS""]",0.46084098815920926,0,
C,5,train,121000019,121000018,delta_fit,2,0,True,True,True,True,True,False,False,"[""INSUFFICIENT_EVENTS""]",0.46084098815920926,0,
C,5,train,121000019,121000018,delta_fit,3,0,True,True,True,True,True,False,False,"[""INSUFFICIENT_EVENTS""]",0.46084098815920926,0,
C,5,train,121000019,121000018,delta_fit,4,0,True,True,True,True,True,False,False,"[""INSUFFICIENT_EVENTS""]",0.46084098815920926,0,
C,5,train,121000019,121000018,constant_H_eta,1,0,True,True,True,True,True,False,False,"[""INSUFFICIENT_EVENTS""]",1.9675233664528946e-14,0,
C,5,train,121000019,121000018,constant_H_eta,2,0,True,True,True,True,True,False,False,"[""INSUFFICIENT_EVENTS""]",1.9675233664528946e-14,0,
C,5,train,121000019,121000018,constant_H_eta,3,0,True,True,True,True,True,False,False,"[""INSUFFICIENT_EVENTS""]",1.9675233664528946e-14,0,
C,5,train,121000019,121000018,constant_H_eta,4,0,True,True,True,True,True,False,False,"[""INSUFFICIENT_EVENTS""]",1.9675233664528946e-14,0,
C,6,train,121000025,121000024,delta_zero,1,1,True,False,False,False,True,True,False,"[""DELTA_MARGIN_FAIL"", ""REGION_GATE_FAIL"", ""TRANSITION_SOUNDNESS_FAIL""]",-0.05207844018936219,0,
C,6,train,121000025,121000024,delta_zero,2,1,True,False,False,False,True,False,False,"[""DELTA_MARGIN_FAIL"", ""REGION_GATE_FAIL"", ""TRANSITION_SOUNDNESS_FAIL"", ""INSUFFICIENT_EVENTS""]",-0.05207844018936219,0,
C,6,train,121000025,121000024,delta_zero,3,1,True,False,False,False,True,False,False,"[""DELTA_MARGIN_FAIL"", ""REGION_GATE_FAIL"", ""TRANSITION_SOUNDNESS_FAIL"", ""INSUFFICIENT_EVENTS""]",-0.05207844018936219,0,
C,6,train,121000025,121000024,delta_zero,4,1,True,False,False,False,True,False,False,"[""DELTA_MARGIN_FAIL"", ""REGION_GATE_FAIL"", ""TRANSITION_SOUNDNESS_FAIL"", ""INSUFFICIENT_EVENTS""]",-0.05207844018936219,0,
C,6,train,121000025,121000024,delta_fit,1,1,True,True,True,True,True,True,True,[],0.15703472852706812,0,
C,6,train,121000025,121000024,delta_fit,2,1,True,True,True,True,True,False,False,"[""INSUFFICIENT_EVENTS""]",0.15703472852706812,0,
C,6,train,121000025,121000024,delta_fit,3,1,True,True,True,True,True,False,False,"[""INSUFFICIENT_EVENTS""]",0.15703472852706812,0,
C,6,train,121000025,121000024,delta_fit,4,1,True,True,True,True,True,False,False,"[""INSUFFICIENT_EVENTS""]",0.15703472852706812,0,
C,6,train,121000025,121000024,constant_H_eta,1,1,True,True,True,True,True,True,True,[],0.8900000000000203,0,
C,6,train,121000025,121000024,constant_H_eta,2,1,True,True,True,True,True,False,False,"[""INSUFFICIENT_EVENTS""]",0.8900000000000203,0,
C,6,train,121000025,121000024,constant_H_eta,3,1,True,True,True,True,True,False,False,"[""INSUFFICIENT_EVENTS""]",0.8900000000000203,0,
C,6,train,121000025,121000024,constant_H_eta,4,1,True,True,True,True,True,False,False,"[""INSUFFICIENT_EVENTS""]",0.8900000000000203,0,
C,7,train,121000029,121000028,delta_zero,1,2,True,False,False,False,True,True,False,"[""DELTA_MARGIN_FAIL"", ""REGION_GATE_FAIL"", ""TRANSITION_SOUNDNESS_FAIL""]",-0.007477722167969896,0,
C,7,train,121000029,121000028,delta_zero,2,2,True,False,False,False,True,True,False,"[""DELTA_MARGIN_FAIL"", ""REGION_GATE_FAIL"", ""TRANSITION_SOUNDNESS_FAIL""]",-0.007477722167969896,0,
C,7,train,121000029,121000028,delta_zero,3,2,True,False,False,False,True,False,False,"[""DELTA_MARGIN_FAIL"", ""REGION_GATE_FAIL"", ""TRANSITION_SOUNDNESS_FAIL"", ""INSUFFICIENT_EVENTS""]",-0.007477722167969896,0,
C,7,train,121000029,121000028,delta_zero,4,2,True,False,False,False,True,False,False,"[""DELTA_MARGIN_FAIL"", ""REGION_GATE_FAIL"", ""TRANSITION_SOUNDNESS_FAIL"", ""INSUFFICIENT_EVENTS""]",-0.007477722167969896,0,
C,7,train,121000029,121000028,delta_fit,1,2,True,True,True,True,True,True,True,[],0.20163544654846044,0,
C,7,train,121000029,121000028,delta_fit,2,2,True,True,True,True,True,True,True,[],0.20163544654846044,0,
C,7,train,121000029,121000028,delta_fit,3,2,True,True,True,True,True,False,False,"[""INSUFFICIENT_EVENTS""]",0.20163544654846044,0,
C,7,train,121000029,121000028,delta_fit,4,2,True,True,True,True,True,False,False,"[""INSUFFICIENT_EVENTS""]",0.20163544654846044,0,
C,7,train,121000029,121000028,constant_H_eta,1,2,True,True,True,True,True,True,True,[],1.540000000000021,0,
C,7,train,121000029,121000028,constant_H_eta,2,2,True,True,True,True,True,True,True,[],1.540000000000021,0,
C,7,train,121000029,121000028,constant_H_eta,3,2,True,True,True,True,True,False,False,"[""INSUFFICIENT_EVENTS""]",1.540000000000021,0,
C,7,train,121000029,121000028,constant_H_eta,4,2,True,True,True,True,True,False,False,"[""INSUFFICIENT_EVENTS""]",1.540000000000021,0,
C,8,train,121000031,121000030,delta_zero,1,0,True,True,True,True,True,False,False,"[""INSUFFICIENT_EVENTS""]",0.2406349182129155,0,
C,8,train,121000031,121000030,delta_zero,2,0,True,True,True,True,True,False,False,"[""INSUFFICIENT_EVENTS""]",0.2406349182129155,0,
C,8,train,121000031,121000030,delta_zero,3,0,True,True,True,True,True,False,False,"[""INSUFFICIENT_EVENTS""]",0.2406349182129155,0,
C,8,train,121000031,121000030,delta_zero,4,0,True,True,True,True,True,False,False,"[""INSUFFICIENT_EVENTS""]",0.2406349182129155,0,
C,8,train,121000031,121000030,delta_fit,1,0,True,True,True,True,True,False,False,"[""INSUFFICIENT_EVENTS""]",0.4497480869293504,0,
C,8,train,121000031,121000030,delta_fit,2,0,True,True,True,True,True,False,False,"[""INSUFFICIENT_EVENTS""]",0.4497480869293504,0,
C,8,train,121000031,121000030,delta_fit,3,0,True,True,True,True,True,False,False,"[""INSUFFICIENT_EVENTS""]",0.4497480869293504,0,
C,8,train,121000031,121000030,delta_fit,4,0,True,True,True,True,True,False,False,"[""INSUFFICIENT_EVENTS""]",0.4497480869293504,0,
C,8,train,121000031,121000030,constant_H_eta,1,0,True,True,True,True,True,False,False,"[""INSUFFICIENT_EVENTS""]",1.9675233664528946e-14,0,
C,8,train,121000031,121000030,constant_H_eta,2,0,True,True,True,True,True,False,False,"[""INSUFFICIENT_EVENTS""]",1.9675233664528946e-14,0,
C,8,train,121000031,121000030,constant_H_eta,3,0,True,True,True,True,True,False,False,"[""INSUFFICIENT_EVENTS""]",1.9675233664528946e-14,0,
C,8,train,121000031,121000030,constant_H_eta,4,0,True,True,True,True,True,False,False,"[""INSUFFICIENT_EVENTS""]",1.9675233664528946e-14,0,
C,9,train,121000035,121000034,delta_zero,1,0,True,True,True,True,True,False,False,"[""INSUFFICIENT_EVENTS""]",0.5889592170715656,0,
C,9,train,121000035,121000034,delta_zero,2,0,True,True,True,True,True,False,False,"[""INSUFFICIENT_EVENTS""]",0.5889592170715656,0,
C,9,train,121000035,121000034,delta_zero,3,0,True,True,True,True,True,False,False,"[""INSUFFICIENT_EVENTS""]",0.5889592170715656,0,
C,9,train,121000035,121000034,delta_zero,4,0,True,True,True,True,True,False,False,"[""INSUFFICIENT_EVENTS""]",0.5889592170715656,0,
C,9,train,121000035,121000034,delta_fit,1,0,True,True,True,True,True,False,False,"[""INSUFFICIENT_EVENTS""]",0.7980723857880008,0,
C,9,train,121000035,121000034,delta_fit,2,0,True,True,True,True,True,False,False,"[""INSUFFICIENT_EVENTS""]",0.7980723857880008,0,
C,9,train,121000035,121000034,delta_fit,3,0,True,True,True,True,True,False,False,"[""INSUFFICIENT_EVENTS""]",0.7980723857880008,0,
C,9,train,121000035,121000034,delta_fit,4,0,True,True,True,True,True,False,False,"[""INSUFFICIENT_EVENTS""]",0.7980723857880008,0,
C,9,train,121000035,121000034,constant_H_eta,1,0,True,True,True,True,True,False,False,"[""INSUFFICIENT_EVENTS""]",1.9675233664528946e-14,0,
C,9,train,121000035,121000034,constant_H_eta,2,0,True,True,True,True,True,False,False,"[""INSUFFICIENT_EVENTS""]",1.9675233664528946e-14,0,
C,9,train,121000035,121000034,constant_H_eta,3,0,True,True,True,True,True,False,False,"[""INSUFFICIENT_EVENTS""]",1.9675233664528946e-14,0,
C,9,train,121000035,121000034,constant_H_eta,4,0,True,True,True,True,True,False,False,"[""INSUFFICIENT_EVENTS""]",1.9675233664528946e-14,0,
C,10,train,121000039,121000038,delta_zero,1,1,True,False,False,False,True,True,False,"[""DELTA_MARGIN_FAIL"", ""REGION_GATE_FAIL"", ""TRANSITION_SOUNDNESS_FAIL""]",-0.09242019653320344,0,
C,10,train,121000039,121000038,delta_zero,2,1,True,False,False,False,True,False,False,"[""DELTA_MARGIN_FAIL"", ""REGION_GATE_FAIL"", ""TRANSITION_SOUNDNESS_FAIL"", ""INSUFFICIENT_EVENTS""]",-0.09242019653320344,0,
C,10,train,121000039,121000038,delta_zero,3,1,True,False,False,False,True,False,False,"[""DELTA_MARGIN_FAIL"", ""REGION_GATE_FAIL"", ""TRANSITION_SOUNDNESS_FAIL"", ""INSUFFICIENT_EVENTS""]",-0.09242019653320344,0,
C,10,train,121000039,121000038,delta_zero,4,1,True,False,False,False,True,False,False,"[""DELTA_MARGIN_FAIL"", ""REGION_GATE_FAIL"", ""TRANSITION_SOUNDNESS_FAIL"", ""INSUFFICIENT_EVENTS""]",-0.09242019653320344,0,
C,10,train,121000039,121000038,delta_fit,1,1,True,True,True,True,True,True,True,[],0.11669297218322684,0,
C,10,train,121000039,121000038,delta_fit,2,1,True,True,True,True,True,False,False,"[""INSUFFICIENT_EVENTS""]",0.11669297218322684,0,
C,10,train,121000039,121000038,delta_fit,3,1,True,True,True,True,True,False,False,"[""INSUFFICIENT_EVENTS""]",0.11669297218322684,0,
C,10,train,121000039,121000038,delta_fit,4,1,True,True,True,True,True,False,False,"[""INSUFFICIENT_EVENTS""]",0.11669297218322684,0,
C,10,train,121000039,121000038,constant_H_eta,1,1,True,True,True,True,True,True,True,[],0.6000000000000201,0,
C,10,train,121000039,121000038,constant_H_eta,2,1,True,True,True,True,True,False,False,"[""INSUFFICIENT_EVENTS""]",0.6000000000000201,0,
C,10,train,121000039,121000038,constant_H_eta,3,1,True,True,True,True,True,False,False,"[""INSUFFICIENT_EVENTS""]",0.6000000000000201,0,
C,10,train,121000039,121000038,constant_H_eta,4,1,True,True,True,True,True,False,False,"[""INSUFFICIENT_EVENTS""]",0.6000000000000201,0,
C,11,train,121000043,121000042,delta_zero,1,0,True,True,True,True,True,False,False,"[""INSUFFICIENT_EVENTS""]",0.18649101257326572,0,
C,11,train,121000043,121000042,delta_zero,2,0,True,True,True,True,True,False,False,"[""INSUFFICIENT_EVENTS""]",0.18649101257326572,0,
C,11,train,121000043,121000042,delta_zero,3,0,True,True,True,True,True,False,False,"[""INSUFFICIENT_EVENTS""]",0.18649101257326572,0,
C,11,train,121000043,121000042,delta_zero,4,0,True,True,True,True,True,False,False,"[""INSUFFICIENT_EVENTS""]",0.18649101257326572,0,
C,11,train,121000043,121000042,delta_fit,1,0,True,True,True,True,True,False,False,"[""INSUFFICIENT_EVENTS""]",0.3956041812897009,0,
C,11,train,121000043,121000042,delta_fit,2,0,True,True,True,True,True,False,False,"[""INSUFFICIENT_EVENTS""]",0.3956041812897009,0,
C,11,train,121000043,121000042,delta_fit,3,0,True,True,True,True,True,False,False,"[""INSUFFICIENT_EVENTS""]",0.3956041812897009,0,
C,11,train,121000043,121000042,delta_fit,4,0,True,True,True,True,True,False,False,"[""INSUFFICIENT_EVENTS""]",0.3956041812897009,0,
C,11,train,121000043,121000042,constant_H_eta,1,0,True,True,True,True,True,False,False,"[""INSUFFICIENT_EVENTS""]",1.9675233664528946e-14,0,
C,11,train,121000043,121000042,constant_H_eta,2,0,True,True,True,True,True,False,False,"[""INSUFFICIENT_EVENTS""]",1.9675233664528946e-14,0,
C,11,train,121000043,121000042,constant_H_eta,3,0,True,True,True,True,True,False,False,"[""INSUFFICIENT_EVENTS""]",1.9675233664528946e-14,0,
C,11,train,121000043,121000042,constant_H_eta,4,0,True,True,True,True,True,False,False,"[""INSUFFICIENT_EVENTS""]",1.9675233664528946e-14,0,
C,12,internal_check,121000045,121000044,delta_zero,1,0,True,True,True,True,True,False,False,"[""INSUFFICIENT_EVENTS""]",0.054348945617696535,0,
C,12,internal_check,121000045,121000044,delta_zero,2,0,True,True,True,True,True,False,False,"[""INSUFFICIENT_EVENTS""]",0.054348945617696535,0,
C,12,internal_check,121000045,121000044,delta_zero,3,0,True,True,True,True,True,False,False,"[""INSUFFICIENT_EVENTS""]",0.054348945617696535,0,
C,12,internal_check,121000045,121000044,delta_zero,4,0,True,True,True,True,True,False,False,"[""INSUFFICIENT_EVENTS""]",0.054348945617696535,0,
C,12,internal_check,121000045,121000044,delta_fit,1,0,True,True,True,True,True,False,False,"[""INSUFFICIENT_EVENTS""]",0.2634621143341316,0,
C,12,internal_check,121000045,121000044,delta_fit,2,0,True,True,True,True,True,False,False,"[""INSUFFICIENT_EVENTS""]",0.2634621143341316,0,
C,12,internal_check,121000045,121000044,delta_fit,3,0,True,True,True,True,True,False,False,"[""INSUFFICIENT_EVENTS""]",0.2634621143341316,0,
C,12,internal_check,121000045,121000044,delta_fit,4,0,True,True,True,True,True,False,False,"[""INSUFFICIENT_EVENTS""]",0.2634621143341316,0,
C,12,internal_check,121000045,121000044,constant_H_eta,1,0,True,True,True,True,True,False,False,"[""INSUFFICIENT_EVENTS""]",1.9675233664528946e-14,0,
C,12,internal_check,121000045,121000044,constant_H_eta,2,0,True,True,True,True,True,False,False,"[""INSUFFICIENT_EVENTS""]",1.9675233664528946e-14,0,
C,12,internal_check,121000045,121000044,constant_H_eta,3,0,True,True,True,True,True,False,False,"[""INSUFFICIENT_EVENTS""]",1.9675233664528946e-14,0,
C,12,internal_check,121000045,121000044,constant_H_eta,4,0,True,True,True,True,True,False,False,"[""INSUFFICIENT_EVENTS""]",1.9675233664528946e-14,0,
C,13,internal_check,121000047,121000046,delta_zero,1,0,True,False,False,False,True,False,False,"[""DELTA_MARGIN_FAIL"", ""REGION_GATE_FAIL"", ""TRANSITION_SOUNDNESS_FAIL"", ""INSUFFICIENT_EVENTS""]",-0.3933906555175672,0,
C,13,internal_check,121000047,121000046,delta_zero,2,0,True,False,False,False,True,False,False,"[""DELTA_MARGIN_FAIL"", ""REGION_GATE_FAIL"", ""TRANSITION_SOUNDNESS_FAIL"", ""INSUFFICIENT_EVENTS""]",-0.3933906555175672,0,
C,13,internal_check,121000047,121000046,delta_zero,3,0,True,False,False,False,True,False,False,"[""DELTA_MARGIN_FAIL"", ""REGION_GATE_FAIL"", ""TRANSITION_SOUNDNESS_FAIL"", ""INSUFFICIENT_EVENTS""]",-0.3933906555175672,0,
C,13,internal_check,121000047,121000046,delta_zero,4,0,True,False,False,False,True,False,False,"[""DELTA_MARGIN_FAIL"", ""REGION_GATE_FAIL"", ""TRANSITION_SOUNDNESS_FAIL"", ""INSUFFICIENT_EVENTS""]",-0.3933906555175672,0,
C,13,internal_check,121000047,121000046,delta_fit,1,0,True,False,False,False,True,False,False,"[""DELTA_MARGIN_FAIL"", ""REGION_GATE_FAIL"", ""TRANSITION_SOUNDNESS_FAIL"", ""INSUFFICIENT_EVENTS""]",-0.18427748680113204,0,
C,13,internal_check,121000047,121000046,delta_fit,2,0,True,False,False,False,True,False,False,"[""DELTA_MARGIN_FAIL"", ""REGION_GATE_FAIL"", ""TRANSITION_SOUNDNESS_FAIL"", ""INSUFFICIENT_EVENTS""]",-0.18427748680113204,0,
C,13,internal_check,121000047,121000046,delta_fit,3,0,True,False,False,False,True,False,False,"[""DELTA_MARGIN_FAIL"", ""REGION_GATE_FAIL"", ""TRANSITION_SOUNDNESS_FAIL"", ""INSUFFICIENT_EVENTS""]",-0.18427748680113204,0,
C,13,internal_check,121000047,121000046,delta_fit,4,0,True,False,False,False,True,False,False,"[""DELTA_MARGIN_FAIL"", ""REGION_GATE_FAIL"", ""TRANSITION_SOUNDNESS_FAIL"", ""INSUFFICIENT_EVENTS""]",-0.18427748680113204,0,
C,13,internal_check,121000047,121000046,constant_H_eta,1,0,True,True,True,True,True,False,False,"[""INSUFFICIENT_EVENTS""]",1.9675233664528946e-14,0,
C,13,internal_check,121000047,121000046,constant_H_eta,2,0,True,True,True,True,True,False,False,"[""INSUFFICIENT_EVENTS""]",1.9675233664528946e-14,0,
C,13,internal_check,121000047,121000046,constant_H_eta,3,0,True,True,True,True,True,False,False,"[""INSUFFICIENT_EVENTS""]",1.9675233664528946e-14,0,
C,13,internal_check,121000047,121000046,constant_H_eta,4,0,True,True,True,True,True,False,False,"[""INSUFFICIENT_EVENTS""]",1.9675233664528946e-14,0,
C,14,internal_check,121000051,121000050,delta_zero,1,1,True,True,True,True,True,True,True,[],0.6449314594268838,0,
C,14,internal_check,121000051,121000050,delta_zero,2,1,True,True,True,True,True,False,False,"[""INSUFFICIENT_EVENTS""]",0.6449314594268838,0,
C,14,internal_check,121000051,121000050,delta_zero,3,1,True,True,True,True,True,False,False,"[""INSUFFICIENT_EVENTS""]",0.6449314594268838,0,
C,14,internal_check,121000051,121000050,delta_zero,4,1,True,True,True,True,True,False,False,"[""INSUFFICIENT_EVENTS""]",0.6449314594268838,0,
C,14,internal_check,121000051,121000050,delta_fit,1,1,True,True,True,True,True,True,True,[],0.8540446281433189,0,
C,14,internal_check,121000051,121000050,delta_fit,2,1,True,True,True,True,True,False,False,"[""INSUFFICIENT_EVENTS""]",0.8540446281433189,0,
C,14,internal_check,121000051,121000050,delta_fit,3,1,True,True,True,True,True,False,False,"[""INSUFFICIENT_EVENTS""]",0.8540446281433189,0,
C,14,internal_check,121000051,121000050,delta_fit,4,1,True,True,True,True,True,False,False,"[""INSUFFICIENT_EVENTS""]",0.8540446281433189,0,
C,14,internal_check,121000051,121000050,constant_H_eta,1,1,True,True,True,True,True,True,True,[],1.4000000000000208,0,
C,14,internal_check,121000051,121000050,constant_H_eta,2,1,True,True,True,True,True,False,False,"[""INSUFFICIENT_EVENTS""]",1.4000000000000208,0,
C,14,internal_check,121000051,121000050,constant_H_eta,3,1,True,True,True,True,True,False,False,"[""INSUFFICIENT_EVENTS""]",1.4000000000000208,0,
C,14,internal_check,121000051,121000050,constant_H_eta,4,1,True,True,True,True,True,False,False,"[""INSUFFICIENT_EVENTS""]",1.4000000000000208,0,
C,15,internal_check,121000053,121000052,delta_zero,1,1,True,True,True,True,True,True,True,[],0.5758059215545865,0,
C,15,internal_check,121000053,121000052,delta_zero,2,1,True,True,True,True,True,False,False,"[""INSUFFICIENT_EVENTS""]",0.5758059215545865,0,
C,15,internal_check,121000053,121000052,delta_zero,3,1,True,True,True,True,True,False,False,"[""INSUFFICIENT_EVENTS""]",0.5758059215545865,0,
C,15,internal_check,121000053,121000052,delta_zero,4,1,True,True,True,True,True,False,False,"[""INSUFFICIENT_EVENTS""]",0.5758059215545865,0,
C,15,internal_check,121000053,121000052,delta_fit,1,1,True,True,True,True,True,True,True,[],0.7849190902710217,0,
C,15,internal_check,121000053,121000052,delta_fit,2,1,True,True,True,True,True,False,False,"[""INSUFFICIENT_EVENTS""]",0.7849190902710217,0,
C,15,internal_check,121000053,121000052,delta_fit,3,1,True,True,True,True,True,False,False,"[""INSUFFICIENT_EVENTS""]",0.7849190902710217,0,
C,15,internal_check,121000053,121000052,delta_fit,4,1,True,True,True,True,True,False,False,"[""INSUFFICIENT_EVENTS""]",0.7849190902710217,0,
C,15,internal_check,121000053,121000052,constant_H_eta,1,1,True,True,True,True,True,True,True,[],0.52000000000002,0,
C,15,internal_check,121000053,121000052,constant_H_eta,2,1,True,True,True,True,True,False,False,"[""INSUFFICIENT_EVENTS""]",0.52000000000002,0,
C,15,internal_check,121000053,121000052,constant_H_eta,3,1,True,True,True,True,True,False,False,"[""INSUFFICIENT_EVENTS""]",0.52000000000002,0,
C,15,internal_check,121000053,121000052,constant_H_eta,4,1,True,True,True,True,True,False,False,"[""INSUFFICIENT_EVENTS""]",0.52000000000002,0,
D,0,train,121000001,121000000,delta_zero,1,2,True,False,False,False,True,True,False,"[""DELTA_MARGIN_FAIL"", ""REGION_GATE_FAIL"", ""TRANSITION_SOUNDNESS_FAIL""]",-0.0792209196090712,0,
D,0,train,121000001,121000000,delta_zero,2,2,True,False,False,False,True,True,False,"[""DELTA_MARGIN_FAIL"", ""REGION_GATE_FAIL"", ""TRANSITION_SOUNDNESS_FAIL""]",-0.0792209196090712,0,
D,0,train,121000001,121000000,delta_zero,3,2,True,False,False,False,True,False,False,"[""DELTA_MARGIN_FAIL"", ""REGION_GATE_FAIL"", ""TRANSITION_SOUNDNESS_FAIL"", ""INSUFFICIENT_EVENTS""]",-0.0792209196090712,0,
D,0,train,121000001,121000000,delta_zero,4,2,True,False,False,False,True,False,False,"[""DELTA_MARGIN_FAIL"", ""REGION_GATE_FAIL"", ""TRANSITION_SOUNDNESS_FAIL"", ""INSUFFICIENT_EVENTS""]",-0.0792209196090712,0,
D,0,train,121000001,121000000,delta_zero,5,2,True,False,False,False,True,False,False,"[""DELTA_MARGIN_FAIL"", ""REGION_GATE_FAIL"", ""TRANSITION_SOUNDNESS_FAIL"", ""INSUFFICIENT_EVENTS""]",-0.0792209196090712,0,
D,0,train,121000001,121000000,delta_zero,6,2,True,False,False,False,True,False,False,"[""DELTA_MARGIN_FAIL"", ""REGION_GATE_FAIL"", ""TRANSITION_SOUNDNESS_FAIL"", ""INSUFFICIENT_EVENTS""]",-0.0792209196090712,0,
D,0,train,121000001,121000000,delta_zero,7,2,True,False,False,False,True,False,False,"[""DELTA_MARGIN_FAIL"", ""REGION_GATE_FAIL"", ""TRANSITION_SOUNDNESS_FAIL"", ""INSUFFICIENT_EVENTS""]",-0.0792209196090712,0,
D,0,train,121000001,121000000,delta_fit,1,2,True,True,True,True,True,True,True,[],0.13528205871581878,0,
D,0,train,121000001,121000000,delta_fit,2,2,True,True,True,True,True,True,True,[],0.13528205871581878,0,
D,0,train,121000001,121000000,delta_fit,3,2,True,True,True,True,True,False,False,"[""INSUFFICIENT_EVENTS""]",0.13528205871581878,0,
D,0,train,121000001,121000000,delta_fit,4,2,True,True,True,True,True,False,False,"[""INSUFFICIENT_EVENTS""]",0.13528205871581878,0,
D,0,train,121000001,121000000,delta_fit,5,2,True,True,True,True,True,False,False,"[""INSUFFICIENT_EVENTS""]",0.13528205871581878,0,
D,0,train,121000001,121000000,delta_fit,6,2,True,True,True,True,True,False,False,"[""INSUFFICIENT_EVENTS""]",0.13528205871581878,0,
D,0,train,121000001,121000000,delta_fit,7,2,True,True,True,True,True,False,False,"[""INSUFFICIENT_EVENTS""]",0.13528205871581878,0,
D,0,train,121000001,121000000,constant_H_eta,1,2,True,True,True,True,True,True,True,[],1.2200000000000206,0,
D,0,train,121000001,121000000,constant_H_eta,2,2,True,True,True,True,True,True,True,[],1.2200000000000206,0,
D,0,train,121000001,121000000,constant_H_eta,3,2,True,True,True,True,True,False,False,"[""INSUFFICIENT_EVENTS""]",1.2200000000000206,0,
D,0,train,121000001,121000000,constant_H_eta,4,2,True,True,True,True,True,False,False,"[""INSUFFICIENT_EVENTS""]",1.2200000000000206,0,
D,0,train,121000001,121000000,constant_H_eta,5,2,True,True,True,True,True,False,False,"[""INSUFFICIENT_EVENTS""]",1.2200000000000206,0,
D,0,train,121000001,121000000,constant_H_eta,6,2,True,True,True,True,True,False,False,"[""INSUFFICIENT_EVENTS""]",1.2200000000000206,0,
D,0,train,121000001,121000000,constant_H_eta,7,2,True,True,True,True,True,False,False,"[""INSUFFICIENT_EVENTS""]",1.2200000000000206,0,
D,1,train,121000005,121000004,delta_zero,1,2,True,False,False,False,True,True,False,"[""DELTA_MARGIN_FAIL"", ""REGION_GATE_FAIL"", ""TRANSITION_SOUNDNESS_FAIL""]",-0.03079058885574388,0,
D,1,train,121000005,121000004,delta_zero,2,2,True,False,False,False,True,True,False,"[""DELTA_MARGIN_FAIL"", ""REGION_GATE_FAIL"", ""TRANSITION_SOUNDNESS_FAIL""]",-0.03079058885574388,0,
D,1,train,121000005,121000004,delta_zero,3,2,True,False,False,False,True,False,False,"[""DELTA_MARGIN_FAIL"", ""REGION_GATE_FAIL"", ""TRANSITION_SOUNDNESS_FAIL"", ""INSUFFICIENT_EVENTS""]",-0.03079058885574388,0,
D,1,train,121000005,121000004,delta_zero,4,2,True,False,False,False,True,False,False,"[""DELTA_MARGIN_FAIL"", ""REGION_GATE_FAIL"", ""TRANSITION_SOUNDNESS_FAIL"", ""INSUFFICIENT_EVENTS""]",-0.03079058885574388,0,
D,1,train,121000005,121000004,delta_zero,5,2,True,False,False,False,True,False,False,"[""DELTA_MARGIN_FAIL"", ""REGION_GATE_FAIL"", ""TRANSITION_SOUNDNESS_FAIL"", ""INSUFFICIENT_EVENTS""]",-0.03079058885574388,0,
D,1,train,121000005,121000004,delta_zero,6,2,True,False,False,False,True,False,False,"[""DELTA_MARGIN_FAIL"", ""REGION_GATE_FAIL"", ""TRANSITION_SOUNDNESS_FAIL"", ""INSUFFICIENT_EVENTS""]",-0.03079058885574388,0,
D,1,train,121000005,121000004,delta_zero,7,2,True,False,False,False,True,False,False,"[""DELTA_MARGIN_FAIL"", ""REGION_GATE_FAIL"", ""TRANSITION_SOUNDNESS_FAIL"", ""INSUFFICIENT_EVENTS""]",-0.03079058885574388,0,
D,1,train,121000005,121000004,delta_fit,1,2,True,True,True,True,True,True,True,[],0.18371238946914614,0,
D,1,train,121000005,121000004,delta_fit,2,2,True,True,True,True,True,True,True,[],0.18371238946914614,0,
D,1,train,121000005,121000004,delta_fit,3,2,True,True,True,True,True,False,False,"[""INSUFFICIENT_EVENTS""]",0.18371238946914614,0,
D,1,train,121000005,121000004,delta_fit,4,2,True,True,True,True,True,False,False,"[""INSUFFICIENT_EVENTS""]",0.18371238946914614,0,
D,1,train,121000005,121000004,delta_fit,5,2,True,True,True,True,True,False,False,"[""INSUFFICIENT_EVENTS""]",0.18371238946914614,0,
D,1,train,121000005,121000004,delta_fit,6,2,True,True,True,True,True,False,False,"[""INSUFFICIENT_EVENTS""]",0.18371238946914614,0,
D,1,train,121000005,121000004,delta_fit,7,2,True,True,True,True,True,False,False,"[""INSUFFICIENT_EVENTS""]",0.18371238946914614,0,
D,1,train,121000005,121000004,constant_H_eta,1,2,True,True,True,True,True,True,True,[],0.9200000000000204,0,
D,1,train,121000005,121000004,constant_H_eta,2,2,True,True,True,True,True,True,True,[],0.9200000000000204,0,
D,1,train,121000005,121000004,constant_H_eta,3,2,True,True,True,True,True,False,False,"[""INSUFFICIENT_EVENTS""]",0.9200000000000204,0,
D,1,train,121000005,121000004,constant_H_eta,4,2,True,True,True,True,True,False,False,"[""INSUFFICIENT_EVENTS""]",0.9200000000000204,0,
D,1,train,121000005,121000004,constant_H_eta,5,2,True,True,True,True,True,False,False,"[""INSUFFICIENT_EVENTS""]",0.9200000000000204,0,
D,1,train,121000005,121000004,constant_H_eta,6,2,True,True,True,True,True,False,False,"[""INSUFFICIENT_EVENTS""]",0.9200000000000204,0,
D,1,train,121000005,121000004,constant_H_eta,7,2,True,True,True,True,True,False,False,"[""INSUFFICIENT_EVENTS""]",0.9200000000000204,0,
D,2,train,121000009,121000008,delta_zero,1,2,True,True,True,True,True,True,True,[],0.040414016246795074,0,
D,2,train,121000009,121000008,delta_zero,2,2,True,True,True,True,True,True,True,[],0.040414016246795074,0,
D,2,train,121000009,121000008,delta_zero,3,2,True,True,True,True,True,False,False,"[""INSUFFICIENT_EVENTS""]",0.040414016246795074,0,
D,2,train,121000009,121000008,delta_zero,4,2,True,True,True,True,True,False,False,"[""INSUFFICIENT_EVENTS""]",0.040414016246795074,0,
D,2,train,121000009,121000008,delta_zero,5,2,True,True,True,True,True,False,False,"[""INSUFFICIENT_EVENTS""]",0.040414016246795074,0,
D,2,train,121000009,121000008,delta_zero,6,2,True,True,True,True,True,False,False,"[""INSUFFICIENT_EVENTS""]",0.040414016246795074,0,
D,2,train,121000009,121000008,delta_zero,7,2,True,True,True,True,True,False,False,"[""INSUFFICIENT_EVENTS""]",0.040414016246795074,0,
D,2,train,121000009,121000008,delta_fit,1,2,True,True,True,True,True,True,True,[],0.25491699457168515,0,
D,2,train,121000009,121000008,delta_fit,2,2,True,True,True,True,True,True,True,[],0.25491699457168515,0,
D,2,train,121000009,121000008,delta_fit,3,2,True,True,True,True,True,False,False,"[""INSUFFICIENT_EVENTS""]",0.25491699457168515,0,
D,2,train,121000009,121000008,delta_fit,4,2,True,True,True,True,True,False,False,"[""INSUFFICIENT_EVENTS""]",0.25491699457168515,0,
D,2,train,121000009,121000008,delta_fit,5,2,True,True,True,True,True,False,False,"[""INSUFFICIENT_EVENTS""]",0.25491699457168515,0,
D,2,train,121000009,121000008,delta_fit,6,2,True,True,True,True,True,False,False,"[""INSUFFICIENT_EVENTS""]",0.25491699457168515,0,
D,2,train,121000009,121000008,delta_fit,7,2,True,True,True,True,True,False,False,"[""INSUFFICIENT_EVENTS""]",0.25491699457168515,0,
D,2,train,121000009,121000008,constant_H_eta,1,2,True,True,True,True,True,True,True,[],1.570000000000021,0,
D,2,train,121000009,121000008,constant_H_eta,2,2,True,True,True,True,True,True,True,[],1.570000000000021,0,
D,2,train,121000009,121000008,constant_H_eta,3,2,True,True,True,True,True,False,False,"[""INSUFFICIENT_EVENTS""]",1.570000000000021,0,
D,2,train,121000009,121000008,constant_H_eta,4,2,True,True,True,True,True,False,False,"[""INSUFFICIENT_EVENTS""]",1.570000000000021,0,
D,2,train,121000009,121000008,constant_H_eta,5,2,True,True,True,True,True,False,False,"[""INSUFFICIENT_EVENTS""]",1.570000000000021,0,
D,2,train,121000009,121000008,constant_H_eta,6,2,True,True,True,True,True,False,False,"[""INSUFFICIENT_EVENTS""]",1.570000000000021,0,
D,2,train,121000009,121000008,constant_H_eta,7,2,True,True,True,True,True,False,False,"[""INSUFFICIENT_EVENTS""]",1.570000000000021,0,
D,3,train,121000015,121000014,delta_zero,1,2,True,False,False,False,True,True,False,"[""DELTA_MARGIN_FAIL"", ""REGION_GATE_FAIL"", ""TRANSITION_SOUNDNESS_FAIL""]",-0.03837757468223596,0,
D,3,train,121000015,121000014,delta_zero,2,2,True,False,False,False,True,True,False,"[""DELTA_MARGIN_FAIL"", ""REGION_GATE_FAIL"", ""TRANSITION_SOUNDNESS_FAIL""]",-0.03837757468223596,0,
D,3,train,121000015,121000014,delta_zero,3,2,True,False,False,False,True,False,False,"[""DELTA_MARGIN_FAIL"", ""REGION_GATE_FAIL"", ""TRANSITION_SOUNDNESS_FAIL"", ""INSUFFICIENT_EVENTS""]",-0.03837757468223596,0,
D,3,train,121000015,121000014,delta_zero,4,2,True,False,False,False,True,False,False,"[""DELTA_MARGIN_FAIL"", ""REGION_GATE_FAIL"", ""TRANSITION_SOUNDNESS_FAIL"", ""INSUFFICIENT_EVENTS""]",-0.03837757468223596,0,
D,3,train,121000015,121000014,delta_zero,5,2,True,False,False,False,True,False,False,"[""DELTA_MARGIN_FAIL"", ""REGION_GATE_FAIL"", ""TRANSITION_SOUNDNESS_FAIL"", ""INSUFFICIENT_EVENTS""]",-0.03837757468223596,0,
D,3,train,121000015,121000014,delta_zero,6,2,True,False,False,False,True,False,False,"[""DELTA_MARGIN_FAIL"", ""REGION_GATE_FAIL"", ""TRANSITION_SOUNDNESS_FAIL"", ""INSUFFICIENT_EVENTS""]",-0.03837757468223596,0,
D,3,train,121000015,121000014,delta_zero,7,2,True,False,False,False,True,False,False,"[""DELTA_MARGIN_FAIL"", ""REGION_GATE_FAIL"", ""TRANSITION_SOUNDNESS_FAIL"", ""INSUFFICIENT_EVENTS""]",-0.03837757468223596,0,
D,3,train,121000015,121000014,delta_fit,1,2,True,True,True,True,True,True,True,[],0.17612540364265405,0,
D,3,train,121000015,121000014,delta_fit,2,2,True,True,True,True,True,True,True,[],0.17612540364265405,0,
D,3,train,121000015,121000014,delta_fit,3,2,True,True,True,True,True,False,False,"[""INSUFFICIENT_EVENTS""]",0.17612540364265405,0,
D,3,train,121000015,121000014,delta_fit,4,2,True,True,True,True,True,False,False,"[""INSUFFICIENT_EVENTS""]",0.17612540364265405,0,
D,3,train,121000015,121000014,delta_fit,5,2,True,True,True,True,True,False,False,"[""INSUFFICIENT_EVENTS""]",0.17612540364265405,0,
D,3,train,121000015,121000014,delta_fit,6,2,True,True,True,True,True,False,False,"[""INSUFFICIENT_EVENTS""]",0.17612540364265405,0,
D,3,train,121000015,121000014,delta_fit,7,2,True,True,True,True,True,False,False,"[""INSUFFICIENT_EVENTS""]",0.17612540364265405,0,
D,3,train,121000015,121000014,constant_H_eta,1,2,True,True,True,True,True,True,True,[],0.8800000000000203,0,
D,3,train,121000015,121000014,constant_H_eta,2,2,True,True,True,True,True,True,True,[],0.8800000000000203,0,
D,3,train,121000015,121000014,constant_H_eta,3,2,True,True,True,True,True,False,False,"[""INSUFFICIENT_EVENTS""]",0.8800000000000203,0,
D,3,train,121000015,121000014,constant_H_eta,4,2,True,True,True,True,True,False,False,"[""INSUFFICIENT_EVENTS""]",0.8800000000000203,0,
D,3,train,121000015,121000014,constant_H_eta,5,2,True,True,True,True,True,False,False,"[""INSUFFICIENT_EVENTS""]",0.8800000000000203,0,
D,3,train,121000015,121000014,constant_H_eta,6,2,True,True,True,True,True,False,False,"[""INSUFFICIENT_EVENTS""]",0.8800000000000203,0,
D,3,train,121000015,121000014,constant_H_eta,7,2,True,True,True,True,True,False,False,"[""INSUFFICIENT_EVENTS""]",0.8800000000000203,0,
D,4,train,121000017,121000016,delta_zero,1,2,True,False,False,False,True,True,False,"[""DELTA_MARGIN_FAIL"", ""REGION_GATE_FAIL"", ""TRANSITION_SOUNDNESS_FAIL""]",-0.03315645456314093,0,
D,4,train,121000017,121000016,delta_zero,2,2,True,False,False,False,True,True,False,"[""DELTA_MARGIN_FAIL"", ""REGION_GATE_FAIL"", ""TRANSITION_SOUNDNESS_FAIL""]",-0.03315645456314093,0,
D,4,train,121000017,121000016,delta_zero,3,2,True,False,False,False,True,False,False,"[""DELTA_MARGIN_FAIL"", ""REGION_GATE_FAIL"", ""TRANSITION_SOUNDNESS_FAIL"", ""INSUFFICIENT_EVENTS""]",-0.03315645456314093,0,
D,4,train,121000017,121000016,delta_zero,4,2,True,False,False,False,True,False,False,"[""DELTA_MARGIN_FAIL"", ""REGION_GATE_FAIL"", ""TRANSITION_SOUNDNESS_FAIL"", ""INSUFFICIENT_EVENTS""]",-0.03315645456314093,0,
D,4,train,121000017,121000016,delta_zero,5,2,True,False,False,False,True,False,False,"[""DELTA_MARGIN_FAIL"", ""REGION_GATE_FAIL"", ""TRANSITION_SOUNDNESS_FAIL"", ""INSUFFICIENT_EVENTS""]",-0.03315645456314093,0,
D,4,train,121000017,121000016,delta_zero,6,2,True,False,False,False,True,False,False,"[""DELTA_MARGIN_FAIL"", ""REGION_GATE_FAIL"", ""TRANSITION_SOUNDNESS_FAIL"", ""INSUFFICIENT_EVENTS""]",-0.03315645456314093,0,
D,4,train,121000017,121000016,delta_zero,7,2,True,False,False,False,True,False,False,"[""DELTA_MARGIN_FAIL"", ""REGION_GATE_FAIL"", ""TRANSITION_SOUNDNESS_FAIL"", ""INSUFFICIENT_EVENTS""]",-0.03315645456314093,0,
D,4,train,121000017,121000016,delta_fit,1,2,True,True,True,True,True,True,True,[],0.1813465237617491,0,
D,4,train,121000017,121000016,delta_fit,2,2,True,True,True,True,True,True,True,[],0.1813465237617491,0,
D,4,train,121000017,121000016,delta_fit,3,2,True,True,True,True,True,False,False,"[""INSUFFICIENT_EVENTS""]",0.1813465237617491,0,
D,4,train,121000017,121000016,delta_fit,4,2,True,True,True,True,True,False,False,"[""INSUFFICIENT_EVENTS""]",0.1813465237617491,0,
D,4,train,121000017,121000016,delta_fit,5,2,True,True,True,True,True,False,False,"[""INSUFFICIENT_EVENTS""]",0.1813465237617491,0,
D,4,train,121000017,121000016,delta_fit,6,2,True,True,True,True,True,False,False,"[""INSUFFICIENT_EVENTS""]",0.1813465237617491,0,
D,4,train,121000017,121000016,delta_fit,7,2,True,True,True,True,True,False,False,"[""INSUFFICIENT_EVENTS""]",0.1813465237617491,0,
D,4,train,121000017,121000016,constant_H_eta,1,2,True,True,True,True,True,True,True,[],1.3200000000000207,0,
D,4,train,121000017,121000016,constant_H_eta,2,2,True,True,True,True,True,True,True,[],1.3200000000000207,0,
D,4,train,121000017,121000016,constant_H_eta,3,2,True,True,True,True,True,False,False,"[""INSUFFICIENT_EVENTS""]",1.3200000000000207,0,
D,4,train,121000017,121000016,constant_H_eta,4,2,True,True,True,True,True,False,False,"[""INSUFFICIENT_EVENTS""]",1.3200000000000207,0,
D,4,train,121000017,121000016,constant_H_eta,5,2,True,True,True,True,True,False,False,"[""INSUFFICIENT_EVENTS""]",1.3200000000000207,0,
D,4,train,121000017,121000016,constant_H_eta,6,2,True,True,True,True,True,False,False,"[""INSUFFICIENT_EVENTS""]",1.3200000000000207,0,
D,4,train,121000017,121000016,constant_H_eta,7,2,True,True,True,True,True,False,False,"[""INSUFFICIENT_EVENTS""]",1.3200000000000207,0,
D,5,train,121000019,121000018,delta_zero,1,2,True,False,False,False,True,True,False,"[""DELTA_MARGIN_FAIL"", ""REGION_GATE_FAIL"", ""TRANSITION_SOUNDNESS_FAIL""]",-0.08001223802566583,0,
D,5,train,121000019,121000018,delta_zero,2,2,True,False,False,False,True,True,False,"[""DELTA_MARGIN_FAIL"", ""REGION_GATE_FAIL"", ""TRANSITION_SOUNDNESS_FAIL""]",-0.08001223802566583,0,
D,5,train,121000019,121000018,delta_zero,3,2,True,False,False,False,True,False,False,"[""DELTA_MARGIN_FAIL"", ""REGION_GATE_FAIL"", ""TRANSITION_SOUNDNESS_FAIL"", ""INSUFFICIENT_EVENTS""]",-0.08001223802566583,0,
D,5,train,121000019,121000018,delta_zero,4,2,True,False,False,False,True,False,False,"[""DELTA_MARGIN_FAIL"", ""REGION_GATE_FAIL"", ""TRANSITION_SOUNDNESS_FAIL"", ""INSUFFICIENT_EVENTS""]",-0.08001223802566583,0,
D,5,train,121000019,121000018,delta_zero,5,2,True,False,False,False,True,False,False,"[""DELTA_MARGIN_FAIL"", ""REGION_GATE_FAIL"", ""TRANSITION_SOUNDNESS_FAIL"", ""INSUFFICIENT_EVENTS""]",-0.08001223802566583,0,
D,5,train,121000019,121000018,delta_zero,6,2,True,False,False,False,True,False,False,"[""DELTA_MARGIN_FAIL"", ""REGION_GATE_FAIL"", ""TRANSITION_SOUNDNESS_FAIL"", ""INSUFFICIENT_EVENTS""]",-0.08001223802566583,0,
D,5,train,121000019,121000018,delta_zero,7,2,True,False,False,False,True,False,False,"[""DELTA_MARGIN_FAIL"", ""REGION_GATE_FAIL"", ""TRANSITION_SOUNDNESS_FAIL"", ""INSUFFICIENT_EVENTS""]",-0.08001223802566583,0,
D,5,train,121000019,121000018,delta_fit,1,2,True,True,True,True,True,True,True,[],0.13449074029922414,0,
D,5,train,121000019,121000018,delta_fit,2,2,True,True,True,True,True,True,True,[],0.13449074029922414,0,
D,5,train,121000019,121000018,delta_fit,3,2,True,True,True,True,True,False,False,"[""INSUFFICIENT_EVENTS""]",0.13449074029922414,0,
D,5,train,121000019,121000018,delta_fit,4,2,True,True,True,True,True,False,False,"[""INSUFFICIENT_EVENTS""]",0.13449074029922414,0,
D,5,train,121000019,121000018,delta_fit,5,2,True,True,True,True,True,False,False,"[""INSUFFICIENT_EVENTS""]",0.13449074029922414,0,
D,5,train,121000019,121000018,delta_fit,6,2,True,True,True,True,True,False,False,"[""INSUFFICIENT_EVENTS""]",0.13449074029922414,0,
D,5,train,121000019,121000018,delta_fit,7,2,True,True,True,True,True,False,False,"[""INSUFFICIENT_EVENTS""]",0.13449074029922414,0,
D,5,train,121000019,121000018,constant_H_eta,1,2,True,True,True,True,True,True,True,[],1.650000000000021,0,
D,5,train,121000019,121000018,constant_H_eta,2,2,True,True,True,True,True,True,True,[],1.650000000000021,0,
D,5,train,121000019,121000018,constant_H_eta,3,2,True,True,True,True,True,False,False,"[""INSUFFICIENT_EVENTS""]",1.650000000000021,0,
D,5,train,121000019,121000018,constant_H_eta,4,2,True,True,True,True,True,False,False,"[""INSUFFICIENT_EVENTS""]",1.650000000000021,0,
D,5,train,121000019,121000018,constant_H_eta,5,2,True,True,True,True,True,False,False,"[""INSUFFICIENT_EVENTS""]",1.650000000000021,0,
D,5,train,121000019,121000018,constant_H_eta,6,2,True,True,True,True,True,False,False,"[""INSUFFICIENT_EVENTS""]",1.650000000000021,0,
D,5,train,121000019,121000018,constant_H_eta,7,2,True,True,True,True,True,False,False,"[""INSUFFICIENT_EVENTS""]",1.650000000000021,0,
D,6,train,121000025,121000024,delta_zero,1,3,True,False,False,False,True,True,False,"[""DELTA_MARGIN_FAIL"", ""REGION_GATE_FAIL"", ""TRANSITION_SOUNDNESS_FAIL""]",-0.057798986434937125,0,
D,6,train,121000025,121000024,delta_zero,2,3,True,False,False,False,True,True,False,"[""DELTA_MARGIN_FAIL"", ""REGION_GATE_FAIL"", ""TRANSITION_SOUNDNESS_FAIL""]",-0.057798986434937125,0,
D,6,train,121000025,121000024,delta_zero,3,3,True,False,False,False,True,True,False,"[""DELTA_MARGIN_FAIL"", ""REGION_GATE_FAIL"", ""TRANSITION_SOUNDNESS_FAIL""]",-0.057798986434937125,0,
D,6,train,121000025,121000024,delta_zero,4,3,True,False,False,False,True,False,False,"[""DELTA_MARGIN_FAIL"", ""REGION_GATE_FAIL"", ""TRANSITION_SOUNDNESS_FAIL"", ""INSUFFICIENT_EVENTS""]",-0.057798986434937125,0,
D,6,train,121000025,121000024,delta_zero,5,3,True,False,False,False,True,False,False,"[""DELTA_MARGIN_FAIL"", ""REGION_GATE_FAIL"", ""TRANSITION_SOUNDNESS_FAIL"", ""INSUFFICIENT_EVENTS""]",-0.057798986434937125,0,
D,6,train,121000025,121000024,delta_zero,6,3,True,False,False,False,True,False,False,"[""DELTA_MARGIN_FAIL"", ""REGION_GATE_FAIL"", ""TRANSITION_SOUNDNESS_FAIL"", ""INSUFFICIENT_EVENTS""]",-0.057798986434937125,0,
D,6,train,121000025,121000024,delta_zero,7,3,True,False,False,False,True,False,False,"[""DELTA_MARGIN_FAIL"", ""REGION_GATE_FAIL"", ""TRANSITION_SOUNDNESS_FAIL"", ""INSUFFICIENT_EVENTS""]",-0.057798986434937125,0,
D,6,train,121000025,121000024,delta_fit,1,3,True,True,True,True,True,True,True,[],0.15670399188995288,0,
D,6,train,121000025,121000024,delta_fit,2,3,True,True,True,True,True,True,True,[],0.15670399188995288,0,
D,6,train,121000025,121000024,delta_fit,3,3,True,True,True,True,True,True,True,[],0.15670399188995288,0,
D,6,train,121000025,121000024,delta_fit,4,3,True,True,True,True,True,False,False,"[""INSUFFICIENT_EVENTS""]",0.15670399188995288,0,
D,6,train,121000025,121000024,delta_fit,5,3,True,True,True,True,True,False,False,"[""INSUFFICIENT_EVENTS""]",0.15670399188995288,0,
D,6,train,121000025,121000024,delta_fit,6,3,True,True,True,True,True,False,False,"[""INSUFFICIENT_EVENTS""]",0.15670399188995288,0,
D,6,train,121000025,121000024,delta_fit,7,3,True,True,True,True,True,False,False,"[""INSUFFICIENT_EVENTS""]",0.15670399188995288,0,
D,6,train,121000025,121000024,constant_H_eta,1,3,True,True,True,True,True,True,True,[],1.3800000000000208,0,
D,6,train,121000025,121000024,constant_H_eta,2,3,True,True,True,True,True,True,True,[],1.3800000000000208,0,
D,6,train,121000025,121000024,constant_H_eta,3,3,True,True,True,True,True,True,True,[],1.3800000000000208,0,
D,6,train,121000025,121000024,constant_H_eta,4,3,True,True,True,True,True,False,False,"[""INSUFFICIENT_EVENTS""]",1.3800000000000208,0,
D,6,train,121000025,121000024,constant_H_eta,5,3,True,True,True,True,True,False,False,"[""INSUFFICIENT_EVENTS""]",1.3800000000000208,0,
D,6,train,121000025,121000024,constant_H_eta,6,3,True,True,True,True,True,False,False,"[""INSUFFICIENT_EVENTS""]",1.3800000000000208,0,
D,6,train,121000025,121000024,constant_H_eta,7,3,True,True,True,True,True,False,False,"[""INSUFFICIENT_EVENTS""]",1.3800000000000208,0,
D,7,train,121000029,121000028,delta_zero,1,4,True,False,False,False,True,True,False,"[""DELTA_MARGIN_FAIL"", ""REGION_GATE_FAIL"", ""TRANSITION_SOUNDNESS_FAIL""]",-0.17644875109195718,0,
D,7,train,121000029,121000028,delta_zero,2,4,True,False,False,False,True,True,False,"[""DELTA_MARGIN_FAIL"", ""REGION_GATE_FAIL"", ""TRANSITION_SOUNDNESS_FAIL""]",-0.17644875109195718,0,
D,7,train,121000029,121000028,delta_zero,3,4,True,False,False,False,True,True,False,"[""DELTA_MARGIN_FAIL"", ""REGION_GATE_FAIL"", ""TRANSITION_SOUNDNESS_FAIL""]",-0.17644875109195718,0,
D,7,train,121000029,121000028,delta_zero,4,4,True,False,False,False,True,True,False,"[""DELTA_MARGIN_FAIL"", ""REGION_GATE_FAIL"", ""TRANSITION_SOUNDNESS_FAIL""]",-0.17644875109195718,0,
D,7,train,121000029,121000028,delta_zero,5,4,True,False,False,False,True,False,False,"[""DELTA_MARGIN_FAIL"", ""REGION_GATE_FAIL"", ""TRANSITION_SOUNDNESS_FAIL"", ""INSUFFICIENT_EVENTS""]",-0.17644875109195718,0,
D,7,train,121000029,121000028,delta_zero,6,4,True,False,False,False,True,False,False,"[""DELTA_MARGIN_FAIL"", ""REGION_GATE_FAIL"", ""TRANSITION_SOUNDNESS_FAIL"", ""INSUFFICIENT_EVENTS""]",-0.17644875109195718,0,
D,7,train,121000029,121000028,delta_zero,7,4,True,False,False,False,True,False,False,"[""DELTA_MARGIN_FAIL"", ""REGION_GATE_FAIL"", ""TRANSITION_SOUNDNESS_FAIL"", ""INSUFFICIENT_EVENTS""]",-0.17644875109195718,0,
D,7,train,121000029,121000028,delta_fit,1,4,True,True,True,True,True,True,True,[],0.03805422723293283,0,
D,7,train,121000029,121000028,delta_fit,2,4,True,True,True,True,True,True,True,[],0.03805422723293283,0,
D,7,train,121000029,121000028,delta_fit,3,4,True,True,True,True,True,True,True,[],0.03805422723293283,0,
D,7,train,121000029,121000028,delta_fit,4,4,True,True,True,True,True,True,True,[],0.03805422723293283,0,
D,7,train,121000029,121000028,delta_fit,5,4,True,True,True,True,True,False,False,"[""INSUFFICIENT_EVENTS""]",0.03805422723293283,0,
D,7,train,121000029,121000028,delta_fit,6,4,True,True,True,True,True,False,False,"[""INSUFFICIENT_EVENTS""]",0.03805422723293283,0,
D,7,train,121000029,121000028,delta_fit,7,4,True,True,True,True,True,False,False,"[""INSUFFICIENT_EVENTS""]",0.03805422723293283,0,
D,7,train,121000029,121000028,constant_H_eta,1,4,True,True,True,True,True,True,True,[],1.8400000000000212,0,
D,7,train,121000029,121000028,constant_H_eta,2,4,True,True,True,True,True,True,True,[],1.8400000000000212,0,
D,7,train,121000029,121000028,constant_H_eta,3,4,True,True,True,True,True,True,True,[],1.8400000000000212,0,
D,7,train,121000029,121000028,constant_H_eta,4,4,True,True,True,True,True,True,True,[],1.8400000000000212,0,
D,7,train,121000029,121000028,constant_H_eta,5,4,True,True,True,True,True,False,False,"[""INSUFFICIENT_EVENTS""]",1.8400000000000212,0,
D,7,train,121000029,121000028,constant_H_eta,6,4,True,True,True,True,True,False,False,"[""INSUFFICIENT_EVENTS""]",1.8400000000000212,0,
D,7,train,121000029,121000028,constant_H_eta,7,4,True,True,True,True,True,False,False,"[""INSUFFICIENT_EVENTS""]",1.8400000000000212,0,
D,8,train,121000031,121000030,delta_zero,1,5,True,False,False,False,True,True,False,"[""DELTA_MARGIN_FAIL"", ""REGION_GATE_FAIL"", ""TRANSITION_SOUNDNESS_FAIL""]",-0.07386078119277964,0,
D,8,train,121000031,121000030,delta_zero,2,5,True,False,False,False,True,True,False,"[""DELTA_MARGIN_FAIL"", ""REGION_GATE_FAIL"", ""TRANSITION_SOUNDNESS_FAIL""]",-0.07386078119277964,0,
D,8,train,121000031,121000030,delta_zero,3,5,True,False,False,False,True,True,False,"[""DELTA_MARGIN_FAIL"", ""REGION_GATE_FAIL"", ""TRANSITION_SOUNDNESS_FAIL""]",-0.07386078119277964,0,
D,8,train,121000031,121000030,delta_zero,4,5,True,False,False,False,True,True,False,"[""DELTA_MARGIN_FAIL"", ""REGION_GATE_FAIL"", ""TRANSITION_SOUNDNESS_FAIL""]",-0.07386078119277964,0,
D,8,train,121000031,121000030,delta_zero,5,5,True,False,False,False,True,True,False,"[""DELTA_MARGIN_FAIL"", ""REGION_GATE_FAIL"", ""TRANSITION_SOUNDNESS_FAIL""]",-0.07386078119277964,0,
D,8,train,121000031,121000030,delta_zero,6,5,True,False,False,False,True,False,False,"[""DELTA_MARGIN_FAIL"", ""REGION_GATE_FAIL"", ""TRANSITION_SOUNDNESS_FAIL"", ""INSUFFICIENT_EVENTS""]",-0.07386078119277964,0,
D,8,train,121000031,121000030,delta_zero,7,5,True,False,False,False,True,False,False,"[""DELTA_MARGIN_FAIL"", ""REGION_GATE_FAIL"", ""TRANSITION_SOUNDNESS_FAIL"", ""INSUFFICIENT_EVENTS""]",-0.07386078119277964,0,
D,8,train,121000031,121000030,delta_fit,1,5,True,True,True,True,True,True,True,[],0.14064219713211035,0,
D,8,train,121000031,121000030,delta_fit,2,5,True,True,True,True,True,True,True,[],0.14064219713211035,0,
D,8,train,121000031,121000030,delta_fit,3,5,True,True,True,True,True,True,True,[],0.14064219713211035,0,
D,8,train,121000031,121000030,delta_fit,4,5,True,True,True,True,True,True,True,[],0.14064219713211035,0,
D,8,train,121000031,121000030,delta_fit,5,5,True,True,True,True,True,True,True,[],0.14064219713211035,0,
D,8,train,121000031,121000030,delta_fit,6,5,True,True,True,True,True,False,False,"[""INSUFFICIENT_EVENTS""]",0.14064219713211035,0,
D,8,train,121000031,121000030,delta_fit,7,5,True,True,True,True,True,False,False,"[""INSUFFICIENT_EVENTS""]",0.14064219713211035,0,
D,8,train,121000031,121000030,constant_H_eta,1,5,True,True,True,True,True,True,True,[],1.9700000000000213,0,
D,8,train,121000031,121000030,constant_H_eta,2,5,True,True,True,True,True,True,True,[],1.9700000000000213,0,
D,8,train,121000031,121000030,constant_H_eta,3,5,True,True,True,True,True,True,True,[],1.9700000000000213,0,
D,8,train,121000031,121000030,constant_H_eta,4,5,True,True,True,True,True,True,True,[],1.9700000000000213,0,
D,8,train,121000031,121000030,constant_H_eta,5,5,True,True,True,True,True,True,True,[],1.9700000000000213,0,
D,8,train,121000031,121000030,constant_H_eta,6,5,True,True,True,True,True,False,False,"[""INSUFFICIENT_EVENTS""]",1.9700000000000213,0,
D,8,train,121000031,121000030,constant_H_eta,7,5,True,True,True,True,True,False,False,"[""INSUFFICIENT_EVENTS""]",1.9700000000000213,0,
D,9,train,121000035,121000034,delta_zero,1,3,True,False,False,False,True,True,False,"[""DELTA_MARGIN_FAIL"", ""REGION_GATE_FAIL"", ""TRANSITION_SOUNDNESS_FAIL""]",-0.07784868717193617,0,
D,9,train,121000035,121000034,delta_zero,2,3,True,False,False,False,True,True,False,"[""DELTA_MARGIN_FAIL"", ""REGION_GATE_FAIL"", ""TRANSITION_SOUNDNESS_FAIL""]",-0.07784868717193617,0,
D,9,train,121000035,121000034,delta_zero,3,3,True,False,False,False,True,True,False,"[""DELTA_MARGIN_FAIL"", ""REGION_GATE_FAIL"", ""TRANSITION_SOUNDNESS_FAIL""]",-0.07784868717193617,0,
D,9,train,121000035,121000034,delta_zero,4,3,True,False,False,False,True,False,False,"[""DELTA_MARGIN_FAIL"", ""REGION_GATE_FAIL"", ""TRANSITION_SOUNDNESS_FAIL"", ""INSUFFICIENT_EVENTS""]",-0.07784868717193617,0,
D,9,train,121000035,121000034,delta_zero,5,3,True,False,False,False,True,False,False,"[""DELTA_MARGIN_FAIL"", ""REGION_GATE_FAIL"", ""TRANSITION_SOUNDNESS_FAIL"", ""INSUFFICIENT_EVENTS""]",-0.07784868717193617,0,
D,9,train,121000035,121000034,delta_zero,6,3,True,False,False,False,True,False,False,"[""DELTA_MARGIN_FAIL"", ""REGION_GATE_FAIL"", ""TRANSITION_SOUNDNESS_FAIL"", ""INSUFFICIENT_EVENTS""]",-0.07784868717193617,0,
D,9,train,121000035,121000034,delta_zero,7,3,True,False,False,False,True,False,False,"[""DELTA_MARGIN_FAIL"", ""REGION_GATE_FAIL"", ""TRANSITION_SOUNDNESS_FAIL"", ""INSUFFICIENT_EVENTS""]",-0.07784868717193617,0,
D,9,train,121000035,121000034,delta_fit,1,3,True,True,True,True,True,True,True,[],0.1366542911529538,0,
D,9,train,121000035,121000034,delta_fit,2,3,True,True,True,True,True,True,True,[],0.1366542911529538,0,
D,9,train,121000035,121000034,delta_fit,3,3,True,True,True,True,True,True,True,[],0.1366542911529538,0,
D,9,train,121000035,121000034,delta_fit,4,3,True,True,True,True,True,False,False,"[""INSUFFICIENT_EVENTS""]",0.1366542911529538,0,
D,9,train,121000035,121000034,delta_fit,5,3,True,True,True,True,True,False,False,"[""INSUFFICIENT_EVENTS""]",0.1366542911529538,0,
D,9,train,121000035,121000034,delta_fit,6,3,True,True,True,True,True,False,False,"[""INSUFFICIENT_EVENTS""]",0.1366542911529538,0,
D,9,train,121000035,121000034,delta_fit,7,3,True,True,True,True,True,False,False,"[""INSUFFICIENT_EVENTS""]",0.1366542911529538,0,
D,9,train,121000035,121000034,constant_H_eta,1,3,True,True,True,True,True,True,True,[],0.8100000000000203,0,
D,9,train,121000035,121000034,constant_H_eta,2,3,True,True,True,True,True,True,True,[],0.8100000000000203,0,
D,9,train,121000035,121000034,constant_H_eta,3,3,True,True,True,True,True,True,True,[],0.8100000000000203,0,
D,9,train,121000035,121000034,constant_H_eta,4,3,True,True,True,True,True,False,False,"[""INSUFFICIENT_EVENTS""]",0.8100000000000203,0,
D,9,train,121000035,121000034,constant_H_eta,5,3,True,True,True,True,True,False,False,"[""INSUFFICIENT_EVENTS""]",0.8100000000000203,0,
D,9,train,121000035,121000034,constant_H_eta,6,3,True,True,True,True,True,False,False,"[""INSUFFICIENT_EVENTS""]",0.8100000000000203,0,
D,9,train,121000035,121000034,constant_H_eta,7,3,True,True,True,True,True,False,False,"[""INSUFFICIENT_EVENTS""]",0.8100000000000203,0,
D,10,train,121000039,121000038,delta_zero,1,2,True,False,False,False,True,True,False,"[""DELTA_MARGIN_FAIL"", ""REGION_GATE_FAIL"", ""TRANSITION_SOUNDNESS_FAIL""]",-0.15414281845092787,0,
D,10,train,121000039,121000038,delta_zero,2,2,True,False,False,False,True,True,False,"[""DELTA_MARGIN_FAIL"", ""REGION_GATE_FAIL"", ""TRANSITION_SOUNDNESS_FAIL""]",-0.15414281845092787,0,
D,10,train,121000039,121000038,delta_zero,3,2,True,False,False,False,True,False,False,"[""DELTA_MARGIN_FAIL"", ""REGION_GATE_FAIL"", ""TRANSITION_SOUNDNESS_FAIL"", ""INSUFFICIENT_EVENTS""]",-0.15414281845092787,0,
D,10,train,121000039,121000038,delta_zero,4,2,True,False,False,False,True,False,False,"[""DELTA_MARGIN_FAIL"", ""REGION_GATE_FAIL"", ""TRANSITION_SOUNDNESS_FAIL"", ""INSUFFICIENT_EVENTS""]",-0.15414281845092787,0,
D,10,train,121000039,121000038,delta_zero,5,2,True,False,False,False,True,False,False,"[""DELTA_MARGIN_FAIL"", ""REGION_GATE_FAIL"", ""TRANSITION_SOUNDNESS_FAIL"", ""INSUFFICIENT_EVENTS""]",-0.15414281845092787,0,
D,10,train,121000039,121000038,delta_zero,6,2,True,False,False,False,True,False,False,"[""DELTA_MARGIN_FAIL"", ""REGION_GATE_FAIL"", ""TRANSITION_SOUNDNESS_FAIL"", ""INSUFFICIENT_EVENTS""]",-0.15414281845092787,0,
D,10,train,121000039,121000038,delta_zero,7,2,True,False,False,False,True,False,False,"[""DELTA_MARGIN_FAIL"", ""REGION_GATE_FAIL"", ""TRANSITION_SOUNDNESS_FAIL"", ""INSUFFICIENT_EVENTS""]",-0.15414281845092787,0,
D,10,train,121000039,121000038,delta_fit,1,2,True,True,True,True,True,True,True,[],0.06036015987396213,0,
D,10,train,121000039,121000038,delta_fit,2,2,True,True,True,True,True,True,True,[],0.06036015987396213,0,
D,10,train,121000039,121000038,delta_fit,3,2,True,True,True,True,True,False,False,"[""INSUFFICIENT_EVENTS""]",0.06036015987396213,0,
D,10,train,121000039,121000038,delta_fit,4,2,True,True,True,True,True,False,False,"[""INSUFFICIENT_EVENTS""]",0.06036015987396213,0,
D,10,train,121000039,121000038,delta_fit,5,2,True,True,True,True,True,False,False,"[""INSUFFICIENT_EVENTS""]",0.06036015987396213,0,
D,10,train,121000039,121000038,delta_fit,6,2,True,True,True,True,True,False,False,"[""INSUFFICIENT_EVENTS""]",0.06036015987396213,0,
D,10,train,121000039,121000038,delta_fit,7,2,True,True,True,True,True,False,False,"[""INSUFFICIENT_EVENTS""]",0.06036015987396213,0,
D,10,train,121000039,121000038,constant_H_eta,1,2,True,True,True,True,True,True,True,[],1.4700000000000208,0,
D,10,train,121000039,121000038,constant_H_eta,2,2,True,True,True,True,True,True,True,[],1.4700000000000208,0,
D,10,train,121000039,121000038,constant_H_eta,3,2,True,True,True,True,True,False,False,"[""INSUFFICIENT_EVENTS""]",1.4700000000000208,0,
D,10,train,121000039,121000038,constant_H_eta,4,2,True,True,True,True,True,False,False,"[""INSUFFICIENT_EVENTS""]",1.4700000000000208,0,
D,10,train,121000039,121000038,constant_H_eta,5,2,True,True,True,True,True,False,False,"[""INSUFFICIENT_EVENTS""]",1.4700000000000208,0,
D,10,train,121000039,121000038,constant_H_eta,6,2,True,True,True,True,True,False,False,"[""INSUFFICIENT_EVENTS""]",1.4700000000000208,0,
D,10,train,121000039,121000038,constant_H_eta,7,2,True,True,True,True,True,False,False,"[""INSUFFICIENT_EVENTS""]",1.4700000000000208,0,
D,11,train,121000043,121000042,delta_zero,1,3,True,False,False,False,True,True,False,"[""DELTA_MARGIN_FAIL"", ""REGION_GATE_FAIL"", ""TRANSITION_SOUNDNESS_FAIL""]",-0.21450297832489035,0,
D,11,train,121000043,121000042,delta_zero,2,3,True,False,False,False,True,True,False,"[""DELTA_MARGIN_FAIL"", ""REGION_GATE_FAIL"", ""TRANSITION_SOUNDNESS_FAIL""]",-0.21450297832489035,0,
D,11,train,121000043,121000042,delta_zero,3,3,True,False,False,False,True,True,False,"[""DELTA_MARGIN_FAIL"", ""REGION_GATE_FAIL"", ""TRANSITION_SOUNDNESS_FAIL""]",-0.21450297832489035,0,
D,11,train,121000043,121000042,delta_zero,4,3,True,False,False,False,True,False,False,"[""DELTA_MARGIN_FAIL"", ""REGION_GATE_FAIL"", ""TRANSITION_SOUNDNESS_FAIL"", ""INSUFFICIENT_EVENTS""]",-0.21450297832489035,0,
D,11,train,121000043,121000042,delta_zero,5,3,True,False,False,False,True,False,False,"[""DELTA_MARGIN_FAIL"", ""REGION_GATE_FAIL"", ""TRANSITION_SOUNDNESS_FAIL"", ""INSUFFICIENT_EVENTS""]",-0.21450297832489035,0,
D,11,train,121000043,121000042,delta_zero,6,3,True,False,False,False,True,False,False,"[""DELTA_MARGIN_FAIL"", ""REGION_GATE_FAIL"", ""TRANSITION_SOUNDNESS_FAIL"", ""INSUFFICIENT_EVENTS""]",-0.21450297832489035,0,
D,11,train,121000043,121000042,delta_zero,7,3,True,False,False,False,True,False,False,"[""DELTA_MARGIN_FAIL"", ""REGION_GATE_FAIL"", ""TRANSITION_SOUNDNESS_FAIL"", ""INSUFFICIENT_EVENTS""]",-0.21450297832489035,0,
D,11,train,121000043,121000042,delta_fit,1,3,True,True,True,True,True,True,True,[],-3.0878077872387166e-16,0,
D,11,train,121000043,121000042,delta_fit,2,3,True,True,True,True,True,True,True,[],-3.0878077872387166e-16,0,
D,11,train,121000043,121000042,delta_fit,3,3,True,True,True,True,True,True,True,[],-3.0878077872387166e-16,0,
D,11,train,121000043,121000042,delta_fit,4,3,True,True,True,True,True,False,False,"[""INSUFFICIENT_EVENTS""]",-3.0878077872387166e-16,0,
D,11,train,121000043,121000042,delta_fit,5,3,True,True,True,True,True,False,False,"[""INSUFFICIENT_EVENTS""]",-3.0878077872387166e-16,0,
D,11,train,121000043,121000042,delta_fit,6,3,True,True,True,True,True,False,False,"[""INSUFFICIENT_EVENTS""]",-3.0878077872387166e-16,0,
D,11,train,121000043,121000042,delta_fit,7,3,True,True,True,True,True,False,False,"[""INSUFFICIENT_EVENTS""]",-3.0878077872387166e-16,0,
D,11,train,121000043,121000042,constant_H_eta,1,3,True,True,True,True,True,True,True,[],1.660000000000021,0,
D,11,train,121000043,121000042,constant_H_eta,2,3,True,True,True,True,True,True,True,[],1.660000000000021,0,
D,11,train,121000043,121000042,constant_H_eta,3,3,True,True,True,True,True,True,True,[],1.660000000000021,0,
D,11,train,121000043,121000042,constant_H_eta,4,3,True,True,True,True,True,False,False,"[""INSUFFICIENT_EVENTS""]",1.660000000000021,0,
D,11,train,121000043,121000042,constant_H_eta,5,3,True,True,True,True,True,False,False,"[""INSUFFICIENT_EVENTS""]",1.660000000000021,0,
D,11,train,121000043,121000042,constant_H_eta,6,3,True,True,True,True,True,False,False,"[""INSUFFICIENT_EVENTS""]",1.660000000000021,0,
D,11,train,121000043,121000042,constant_H_eta,7,3,True,True,True,True,True,False,False,"[""INSUFFICIENT_EVENTS""]",1.660000000000021,0,
D,12,internal_check,121000045,121000044,delta_zero,1,6,True,True,True,True,True,True,True,[],0.00962927579879737,0,
D,12,internal_check,121000045,121000044,delta_zero,2,6,True,True,True,True,True,True,True,[],0.00962927579879737,0,
D,12,internal_check,121000045,121000044,delta_zero,3,6,True,True,True,True,True,True,True,[],0.00962927579879737,0,
D,12,internal_check,121000045,121000044,delta_zero,4,6,True,True,True,True,True,True,True,[],0.00962927579879737,0,
D,12,internal_check,121000045,121000044,delta_zero,5,6,True,True,True,True,True,True,True,[],0.00962927579879737,0,
D,12,internal_check,121000045,121000044,delta_zero,6,6,True,True,True,True,True,True,True,[],0.00962927579879737,0,
D,12,internal_check,121000045,121000044,delta_zero,7,6,True,True,True,True,True,False,False,"[""INSUFFICIENT_EVENTS""]",0.00962927579879737,0,
D,12,internal_check,121000045,121000044,delta_fit,1,6,True,True,True,True,True,True,True,[],0.22413225412368742,0,
D,12,internal_check,121000045,121000044,delta_fit,2,6,True,True,True,True,True,True,True,[],0.22413225412368742,0,
D,12,internal_check,121000045,121000044,delta_fit,3,6,True,True,True,True,True,True,True,[],0.22413225412368742,0,
D,12,internal_check,121000045,121000044,delta_fit,4,6,True,True,True,True,True,True,True,[],0.22413225412368742,0,
D,12,internal_check,121000045,121000044,delta_fit,5,6,True,True,True,True,True,True,True,[],0.22413225412368742,0,
D,12,internal_check,121000045,121000044,delta_fit,6,6,True,True,True,True,True,True,True,[],0.22413225412368742,0,
D,12,internal_check,121000045,121000044,delta_fit,7,6,True,True,True,True,True,False,False,"[""INSUFFICIENT_EVENTS""]",0.22413225412368742,0,
D,12,internal_check,121000045,121000044,constant_H_eta,1,6,True,True,True,True,True,True,True,[],2.4200000000000124,0,
D,12,internal_check,121000045,121000044,constant_H_eta,2,6,True,True,True,True,True,True,True,[],2.4200000000000124,0,
D,12,internal_check,121000045,121000044,constant_H_eta,3,6,True,True,True,True,True,True,True,[],2.4200000000000124,0,
D,12,internal_check,121000045,121000044,constant_H_eta,4,6,True,True,True,True,True,True,True,[],2.4200000000000124,0,
D,12,internal_check,121000045,121000044,constant_H_eta,5,6,True,True,True,True,True,True,True,[],2.4200000000000124,0,
D,12,internal_check,121000045,121000044,constant_H_eta,6,6,True,True,True,True,True,True,True,[],2.4200000000000124,0,
D,12,internal_check,121000045,121000044,constant_H_eta,7,6,True,True,True,True,True,False,False,"[""INSUFFICIENT_EVENTS""]",2.4200000000000124,0,
D,13,internal_check,121000047,121000046,delta_zero,1,3,True,False,False,False,True,True,False,"[""DELTA_MARGIN_FAIL"", ""REGION_GATE_FAIL"", ""TRANSITION_SOUNDNESS_FAIL""]",-0.14303808212280117,0,
D,13,internal_check,121000047,121000046,delta_zero,2,3,True,False,False,False,True,True,False,"[""DELTA_MARGIN_FAIL"", ""REGION_GATE_FAIL"", ""TRANSITION_SOUNDNESS_FAIL""]",-0.14303808212280117,0,
D,13,internal_check,121000047,121000046,delta_zero,3,3,True,False,False,False,True,True,False,"[""DELTA_MARGIN_FAIL"", ""REGION_GATE_FAIL"", ""TRANSITION_SOUNDNESS_FAIL""]",-0.14303808212280117,0,
D,13,internal_check,121000047,121000046,delta_zero,4,3,True,False,False,False,True,False,False,"[""DELTA_MARGIN_FAIL"", ""REGION_GATE_FAIL"", ""TRANSITION_SOUNDNESS_FAIL"", ""INSUFFICIENT_EVENTS""]",-0.14303808212280117,0,
D,13,internal_check,121000047,121000046,delta_zero,5,3,True,False,False,False,True,False,False,"[""DELTA_MARGIN_FAIL"", ""REGION_GATE_FAIL"", ""TRANSITION_SOUNDNESS_FAIL"", ""INSUFFICIENT_EVENTS""]",-0.14303808212280117,0,
D,13,internal_check,121000047,121000046,delta_zero,6,3,True,False,False,False,True,False,False,"[""DELTA_MARGIN_FAIL"", ""REGION_GATE_FAIL"", ""TRANSITION_SOUNDNESS_FAIL"", ""INSUFFICIENT_EVENTS""]",-0.14303808212280117,0,
D,13,internal_check,121000047,121000046,delta_zero,7,3,True,False,False,False,True,False,False,"[""DELTA_MARGIN_FAIL"", ""REGION_GATE_FAIL"", ""TRANSITION_SOUNDNESS_FAIL"", ""INSUFFICIENT_EVENTS""]",-0.14303808212280117,0,
D,13,internal_check,121000047,121000046,delta_fit,1,3,True,True,True,True,True,True,True,[],0.07146489620209348,0,
D,13,internal_check,121000047,121000046,delta_fit,2,3,True,True,True,True,True,True,True,[],0.07146489620209348,0,
D,13,internal_check,121000047,121000046,delta_fit,3,3,True,True,True,True,True,True,True,[],0.07146489620209348,0,
D,13,internal_check,121000047,121000046,delta_fit,4,3,True,True,True,True,True,False,False,"[""INSUFFICIENT_EVENTS""]",0.07146489620209348,0,
D,13,internal_check,121000047,121000046,delta_fit,5,3,True,True,True,True,True,False,False,"[""INSUFFICIENT_EVENTS""]",0.07146489620209348,0,
D,13,internal_check,121000047,121000046,delta_fit,6,3,True,True,True,True,True,False,False,"[""INSUFFICIENT_EVENTS""]",0.07146489620209348,0,
D,13,internal_check,121000047,121000046,delta_fit,7,3,True,True,True,True,True,False,False,"[""INSUFFICIENT_EVENTS""]",0.07146489620209348,0,
D,13,internal_check,121000047,121000046,constant_H_eta,1,3,True,True,True,True,True,True,True,[],0.7000000000000202,0,
D,13,internal_check,121000047,121000046,constant_H_eta,2,3,True,True,True,True,True,True,True,[],0.7000000000000202,0,
D,13,internal_check,121000047,121000046,constant_H_eta,3,3,True,True,True,True,True,True,True,[],0.7000000000000202,0,
D,13,internal_check,121000047,121000046,constant_H_eta,4,3,True,True,True,True,True,False,False,"[""INSUFFICIENT_EVENTS""]",0.7000000000000202,0,
D,13,internal_check,121000047,121000046,constant_H_eta,5,3,True,True,True,True,True,False,False,"[""INSUFFICIENT_EVENTS""]",0.7000000000000202,0,
D,13,internal_check,121000047,121000046,constant_H_eta,6,3,True,True,True,True,True,False,False,"[""INSUFFICIENT_EVENTS""]",0.7000000000000202,0,
D,13,internal_check,121000047,121000046,constant_H_eta,7,3,True,True,True,True,True,False,False,"[""INSUFFICIENT_EVENTS""]",0.7000000000000202,0,
D,14,internal_check,121000051,121000050,delta_zero,1,3,True,False,False,False,True,True,False,"[""DELTA_MARGIN_FAIL"", ""REGION_GATE_FAIL"", ""TRANSITION_SOUNDNESS_FAIL""]",-0.48514496684074454,0,
D,14,internal_check,121000051,121000050,delta_zero,2,3,True,False,False,False,True,True,False,"[""DELTA_MARGIN_FAIL"", ""REGION_GATE_FAIL"", ""TRANSITION_SOUNDNESS_FAIL""]",-0.48514496684074454,0,
D,14,internal_check,121000051,121000050,delta_zero,3,3,True,False,False,False,True,True,False,"[""DELTA_MARGIN_FAIL"", ""REGION_GATE_FAIL"", ""TRANSITION_SOUNDNESS_FAIL""]",-0.48514496684074454,0,
D,14,internal_check,121000051,121000050,delta_zero,4,3,True,False,False,False,True,False,False,"[""DELTA_MARGIN_FAIL"", ""REGION_GATE_FAIL"", ""TRANSITION_SOUNDNESS_FAIL"", ""INSUFFICIENT_EVENTS""]",-0.48514496684074454,0,
D,14,internal_check,121000051,121000050,delta_zero,5,3,True,False,False,False,True,False,False,"[""DELTA_MARGIN_FAIL"", ""REGION_GATE_FAIL"", ""TRANSITION_SOUNDNESS_FAIL"", ""INSUFFICIENT_EVENTS""]",-0.48514496684074454,0,
D,14,internal_check,121000051,121000050,delta_zero,6,3,True,False,False,False,True,False,False,"[""DELTA_MARGIN_FAIL"", ""REGION_GATE_FAIL"", ""TRANSITION_SOUNDNESS_FAIL"", ""INSUFFICIENT_EVENTS""]",-0.48514496684074454,0,
D,14,internal_check,121000051,121000050,delta_zero,7,3,True,False,False,False,True,False,False,"[""DELTA_MARGIN_FAIL"", ""REGION_GATE_FAIL"", ""TRANSITION_SOUNDNESS_FAIL"", ""INSUFFICIENT_EVENTS""]",-0.48514496684074454,0,
D,14,internal_check,121000051,121000050,delta_fit,1,3,True,False,False,False,True,True,False,"[""DELTA_MARGIN_FAIL"", ""REGION_GATE_FAIL"", ""TRANSITION_SOUNDNESS_FAIL""]",-0.27064198851585436,0,
D,14,internal_check,121000051,121000050,delta_fit,2,3,True,False,False,False,True,True,False,"[""DELTA_MARGIN_FAIL"", ""REGION_GATE_FAIL"", ""TRANSITION_SOUNDNESS_FAIL""]",-0.27064198851585436,0,
D,14,internal_check,121000051,121000050,delta_fit,3,3,True,False,False,False,True,True,False,"[""DELTA_MARGIN_FAIL"", ""REGION_GATE_FAIL"", ""TRANSITION_SOUNDNESS_FAIL""]",-0.27064198851585436,0,
D,14,internal_check,121000051,121000050,delta_fit,4,3,True,False,False,False,True,False,False,"[""DELTA_MARGIN_FAIL"", ""REGION_GATE_FAIL"", ""TRANSITION_SOUNDNESS_FAIL"", ""INSUFFICIENT_EVENTS""]",-0.27064198851585436,0,
D,14,internal_check,121000051,121000050,delta_fit,5,3,True,False,False,False,True,False,False,"[""DELTA_MARGIN_FAIL"", ""REGION_GATE_FAIL"", ""TRANSITION_SOUNDNESS_FAIL"", ""INSUFFICIENT_EVENTS""]",-0.27064198851585436,0,
D,14,internal_check,121000051,121000050,delta_fit,6,3,True,False,False,False,True,False,False,"[""DELTA_MARGIN_FAIL"", ""REGION_GATE_FAIL"", ""TRANSITION_SOUNDNESS_FAIL"", ""INSUFFICIENT_EVENTS""]",-0.27064198851585436,0,
D,14,internal_check,121000051,121000050,delta_fit,7,3,True,False,False,False,True,False,False,"[""DELTA_MARGIN_FAIL"", ""REGION_GATE_FAIL"", ""TRANSITION_SOUNDNESS_FAIL"", ""INSUFFICIENT_EVENTS""]",-0.27064198851585436,0,
D,14,internal_check,121000051,121000050,constant_H_eta,1,3,True,True,True,True,True,True,True,[],1.9200000000000212,0,
D,14,internal_check,121000051,121000050,constant_H_eta,2,3,True,True,True,True,True,True,True,[],1.9200000000000212,0,
D,14,internal_check,121000051,121000050,constant_H_eta,3,3,True,True,True,True,True,True,True,[],1.9200000000000212,0,
D,14,internal_check,121000051,121000050,constant_H_eta,4,3,True,True,True,True,True,False,False,"[""INSUFFICIENT_EVENTS""]",1.9200000000000212,0,
D,14,internal_check,121000051,121000050,constant_H_eta,5,3,True,True,True,True,True,False,False,"[""INSUFFICIENT_EVENTS""]",1.9200000000000212,0,
D,14,internal_check,121000051,121000050,constant_H_eta,6,3,True,True,True,True,True,False,False,"[""INSUFFICIENT_EVENTS""]",1.9200000000000212,0,
D,14,internal_check,121000051,121000050,constant_H_eta,7,3,True,True,True,True,True,False,False,"[""INSUFFICIENT_EVENTS""]",1.9200000000000212,0,
D,15,internal_check,121000053,121000052,delta_zero,1,5,True,False,False,False,True,True,False,"[""DELTA_MARGIN_FAIL"", ""REGION_GATE_FAIL"", ""TRANSITION_SOUNDNESS_FAIL""]",-1.5842908674478542,0,
D,15,internal_check,121000053,121000052,delta_zero,2,5,True,False,False,False,True,True,False,"[""DELTA_MARGIN_FAIL"", ""REGION_GATE_FAIL"", ""TRANSITION_SOUNDNESS_FAIL""]",-1.5842908674478542,0,
D,15,internal_check,121000053,121000052,delta_zero,3,5,True,False,False,False,True,True,False,"[""DELTA_MARGIN_FAIL"", ""REGION_GATE_FAIL"", ""TRANSITION_SOUNDNESS_FAIL""]",-1.5842908674478542,0,
D,15,internal_check,121000053,121000052,delta_zero,4,5,True,False,False,False,True,True,False,"[""DELTA_MARGIN_FAIL"", ""REGION_GATE_FAIL"", ""TRANSITION_SOUNDNESS_FAIL""]",-1.5842908674478542,0,
D,15,internal_check,121000053,121000052,delta_zero,5,5,True,False,False,False,True,True,False,"[""DELTA_MARGIN_FAIL"", ""REGION_GATE_FAIL"", ""TRANSITION_SOUNDNESS_FAIL""]",-1.5842908674478542,0,
D,15,internal_check,121000053,121000052,delta_zero,6,5,True,False,False,False,True,False,False,"[""DELTA_MARGIN_FAIL"", ""REGION_GATE_FAIL"", ""TRANSITION_SOUNDNESS_FAIL"", ""INSUFFICIENT_EVENTS""]",-1.5842908674478542,0,
D,15,internal_check,121000053,121000052,delta_zero,7,5,True,False,False,False,True,False,False,"[""DELTA_MARGIN_FAIL"", ""REGION_GATE_FAIL"", ""TRANSITION_SOUNDNESS_FAIL"", ""INSUFFICIENT_EVENTS""]",-1.5842908674478542,0,
D,15,internal_check,121000053,121000052,delta_fit,1,5,True,False,False,False,True,True,False,"[""DELTA_MARGIN_FAIL"", ""REGION_GATE_FAIL"", ""TRANSITION_SOUNDNESS_FAIL""]",-1.369787889122964,0,
D,15,internal_check,121000053,121000052,delta_fit,2,5,True,False,False,False,True,True,False,"[""DELTA_MARGIN_FAIL"", ""REGION_GATE_FAIL"", ""TRANSITION_SOUNDNESS_FAIL""]",-1.369787889122964,0,
D,15,internal_check,121000053,121000052,delta_fit,3,5,True,False,False,False,True,True,False,"[""DELTA_MARGIN_FAIL"", ""REGION_GATE_FAIL"", ""TRANSITION_SOUNDNESS_FAIL""]",-1.369787889122964,0,
D,15,internal_check,121000053,121000052,delta_fit,4,5,True,False,False,False,True,True,False,"[""DELTA_MARGIN_FAIL"", ""REGION_GATE_FAIL"", ""TRANSITION_SOUNDNESS_FAIL""]",-1.369787889122964,0,
D,15,internal_check,121000053,121000052,delta_fit,5,5,True,False,False,False,True,True,False,"[""DELTA_MARGIN_FAIL"", ""REGION_GATE_FAIL"", ""TRANSITION_SOUNDNESS_FAIL""]",-1.369787889122964,0,
D,15,internal_check,121000053,121000052,delta_fit,6,5,True,False,False,False,True,False,False,"[""DELTA_MARGIN_FAIL"", ""REGION_GATE_FAIL"", ""TRANSITION_SOUNDNESS_FAIL"", ""INSUFFICIENT_EVENTS""]",-1.369787889122964,0,
D,15,internal_check,121000053,121000052,delta_fit,7,5,True,False,False,False,True,False,False,"[""DELTA_MARGIN_FAIL"", ""REGION_GATE_FAIL"", ""TRANSITION_SOUNDNESS_FAIL"", ""INSUFFICIENT_EVENTS""]",-1.369787889122964,0,
D,15,internal_check,121000053,121000052,constant_H_eta,1,5,True,True,True,True,True,True,True,[],1.2600000000000207,0,
D,15,internal_check,121000053,121000052,constant_H_eta,2,5,True,True,True,True,True,True,True,[],1.2600000000000207,0,
D,15,internal_check,121000053,121000052,constant_H_eta,3,5,True,True,True,True,True,True,True,[],1.2600000000000207,0,
D,15,internal_check,121000053,121000052,constant_H_eta,4,5,True,True,True,True,True,True,True,[],1.2600000000000207,0,
D,15,internal_check,121000053,121000052,constant_H_eta,5,5,True,True,True,True,True,True,True,[],1.2600000000000207,0,
D,15,internal_check,121000053,121000052,constant_H_eta,6,5,True,True,True,True,True,False,False,"[""INSUFFICIENT_EVENTS""]",1.2600000000000207,0,
D,15,internal_check,121000053,121000052,constant_H_eta,7,5,True,True,True,True,True,False,False,"[""INSUFFICIENT_EVENTS""]",1.2600000000000207,0,
