candidate,split,anchor_id,required,accepting,value,mean_successor,drift
A_S48_W_baseline,train,A_S48:47500000:1,True,False,0.5636178851127625,0.5411804877221584,-0.02243739739060402
A_S48_W_baseline,train,A_S48:47500000:8,True,False,0.44001081585884094,0.40891603752970695,-0.031094778329133987
A_S48_W_baseline,train,A_S48:47500000:26,True,False,0.10325463116168976,0.09127872227691114,-0.011975908884778619
A_S48_W_baseline,train,A_S48:47500000:39,True,False,0.039416588842868805,0.025919611274730414,-0.01349697756813839
A_S48_W_baseline,train,A_S48:47500000:84,False,True,0.03009156882762909,0.031647423224058,0.0015558543964289129
A_S48_W_baseline,train,A_S48:47500000:141,False,True,0.03680957853794098,0.03206832485739142,-0.004741253680549562
A_S48_W_baseline,train,A_S48:47500000:144,False,True,0.030151866376399994,0.034215625608339906,0.004063759231939912
A_S48_W_baseline,train,A_S48:47500000:155,False,True,0.01981472596526146,0.020565086510032415,0.000750360544770956
A_S48_W_baseline,train,A_S48:47500000:169,False,True,0.019784914329648018,0.01856099721044302,-0.001223917119204998
A_S48_W_baseline,train,A_S48:47500000:179,False,True,0.02040949836373329,0.02071641173097305,0.00030691336723975837
A_S48_W_baseline,train,A_S48:47500002:2,True,False,0.5486734509468079,0.5296474732458591,-0.019025977700948715
A_S48_W_baseline,train,A_S48:47500002:3,True,False,0.5343419313430786,0.5175646767020226,-0.01677725464105606
A_S48_W_baseline,train,A_S48:47500002:15,True,False,0.3711318373680115,0.33148438297212124,-0.039647454395890236
A_S48_W_baseline,train,A_S48:47500002:25,True,False,0.21863557398319244,0.17822370794601738,-0.04041186603717506
A_S48_W_baseline,train,A_S48:47500002:33,True,False,0.13393741846084595,0.11954382783733308,-0.014393590623512864
A_S48_W_baseline,train,A_S48:47500002:55,False,True,0.045824743807315826,0.040061711450107396,-0.005763032357208431
A_S48_W_baseline,train,A_S48:47500002:101,False,True,0.024858228862285614,0.024130468838848174,-0.0007277600234374404
A_S48_W_baseline,train,A_S48:47500002:114,False,True,0.03223399445414543,0.03331612644251436,0.0010821319883689284
A_S48_W_baseline,train,A_S48:47500002:152,False,True,0.025938989594578743,0.029281427967362106,0.003342438372783363
A_S48_W_baseline,train,A_S48:47500002:178,False,True,0.030247509479522705,0.029221518605481833,-0.0010259908740408719
A_S48_W_baseline,train,A_S48:47500003:4,True,False,0.5346616506576538,0.4946952098980546,-0.03996644075959921
A_S48_W_baseline,train,A_S48:47500003:16,True,False,0.3352470397949219,0.3053382346406579,-0.029908805154263973
A_S48_W_baseline,train,A_S48:47500003:24,True,False,0.2313617318868637,0.20803680084645748,-0.023324931040406227
A_S48_W_baseline,train,A_S48:47500003:41,True,False,0.05501726269721985,0.03744615748291835,-0.017571105214301497
A_S48_W_baseline,train,A_S48:47500003:46,True,False,0.038002680987119675,0.021818757930304855,-0.01618392305681482
A_S48_W_baseline,train,A_S48:47500003:80,False,True,0.03020082786679268,0.02919264492811635,-0.0010081829386763275
A_S48_W_baseline,train,A_S48:47500003:91,False,True,0.04549868032336235,0.04197233100421727,-0.0035263493191450834
A_S48_W_baseline,train,A_S48:47500003:109,False,True,0.044318944215774536,0.06162840512115508,0.017309460905380547
A_S48_W_baseline,train,A_S48:47500003:149,False,True,0.0344453789293766,0.027071200078353286,-0.007374178851023316
A_S48_W_baseline,train,A_S48:47500003:180,False,True,0.023638572543859482,0.038907719077542424,0.015269146533682942
A_S48_W_baseline,train,A_S48:47500005:2,True,False,0.5449409484863281,0.5292135737836361,-0.015727374702692032
A_S48_W_baseline,train,A_S48:47500005:6,True,False,0.4881185293197632,0.4678020877763629,-0.020316441543400288
A_S48_W_baseline,train,A_S48:47500005:13,True,False,0.3936412036418915,0.3738205721601844,-0.019820631481707096
A_S48_W_baseline,train,A_S48:47500005:45,True,False,0.03872155025601387,0.02075512195006013,-0.01796642830595374
A_S48_W_baseline,train,A_S48:47500005:46,True,False,0.028481142595410347,0.017818405700381845,-0.010662736895028502
A_S48_W_baseline,train,A_S48:47500005:67,False,True,0.026014311239123344,0.02487389004090801,-0.0011404211982153356
A_S48_W_baseline,train,A_S48:47500005:106,False,True,0.027070507407188416,0.032232370343990624,0.005161862936802208
A_S48_W_baseline,train,A_S48:47500005:120,False,True,0.08084340393543243,0.09103223937563598,0.010188835440203547
A_S48_W_baseline,train,A_S48:47500005:170,False,True,0.01820136234164238,0.019683990540215746,0.0014826281985733658
A_S48_W_baseline,train,A_S48:47500006:4,True,False,0.5186811685562134,0.493194199167192,-0.025486969389021397
A_S48_W_baseline,train,A_S48:47500006:5,True,False,0.4992625415325165,0.4785742247477174,-0.0206883167847991
A_S48_W_baseline,train,A_S48:47500006:8,True,False,0.4611550271511078,0.4296224704012275,-0.031532556749880314
A_S48_W_baseline,train,A_S48:47500006:10,True,False,0.4295220971107483,0.39081214740872383,-0.03870994970202446
A_S48_W_baseline,train,A_S48:47500006:89,False,True,0.028381802141666412,0.029328137869015336,0.0009463357273489237
A_S48_W_baseline,train,A_S48:47500006:102,False,True,0.03923725709319115,0.03887177933938801,-0.00036547775380313396
A_S48_W_baseline,train,A_S48:47500006:118,False,True,0.023737575858831406,0.025428139430005103,0.0016905635711736977
A_S48_W_baseline,train,A_S48:47500006:136,False,True,0.034792210906744,0.032869592716451734,-0.001922618190292269
A_S48_W_baseline,train,A_S48:47500006:169,False,True,0.01850663684308529,0.019037188088987023,0.0005305512459017336
A_S48_W_baseline,train,A_S48:47500007:4,True,False,0.5296856164932251,0.5089067872613668,-0.020778829231858253
A_S48_W_baseline,train,A_S48:47500007:6,True,False,0.49531328678131104,0.4705465994775295,-0.02476668730378151
A_S48_W_baseline,train,A_S48:47500007:13,True,False,0.38578543066978455,0.35978221334517,-0.026003217324614525
A_S48_W_baseline,train,A_S48:47500007:36,True,False,0.1470484733581543,0.10111224499996752,-0.04593622835818678
A_S48_W_baseline,train,A_S48:47500007:97,False,True,0.029212726280093193,0.02413510892074555,-0.0050776173593476415
A_S48_W_baseline,train,A_S48:47500007:118,False,True,0.02378927730023861,0.024392812396399677,0.0006035350961610675
A_S48_W_baseline,train,A_S48:47500007:134,False,True,0.02233131229877472,0.02515770378522575,0.0028263914864510298
A_S48_W_baseline,train,A_S48:47500007:168,False,True,0.021345864981412888,0.02375102014048025,0.0024051551590673625
A_S48_W_baseline,train,A_S48:47500008:4,True,False,0.5261420607566833,0.5093342093750834,-0.016807851381599903
A_S48_W_baseline,train,A_S48:47500008:10,True,False,0.4447725713253021,0.36637319438159466,-0.07839937694370747
A_S48_W_baseline,train,A_S48:47500008:20,True,False,0.19932334125041962,0.15114530525170267,-0.04817803599871695
A_S48_W_baseline,train,A_S48:47500008:28,True,False,0.10985312610864639,0.06653729919344187,-0.043315826915204525
A_S48_W_baseline,train,A_S48:47500008:34,True,False,0.06552362442016602,0.046910901728551835,-0.01861272269161418
A_S48_W_baseline,train,A_S48:47500008:112,False,True,0.015554845333099365,0.01918689563171938,0.0036320502986200154
A_S48_W_baseline,train,A_S48:47500008:131,False,True,0.02990642935037613,0.027734485105611384,-0.0021719442447647452
A_S48_W_baseline,train,A_S48:47500008:172,False,True,0.014216477982699871,0.018862406228436157,0.004645928245736286
A_S48_W_baseline,train,A_S48:47500009:6,True,False,0.505852222442627,0.4814063422381878,-0.024445880204439163
A_S48_W_baseline,train,A_S48:47500009:11,True,False,0.37740659713745117,0.3464368227869272,-0.03096977435052395
A_S48_W_baseline,train,A_S48:47500009:15,True,False,0.3232305943965912,0.2629543920047581,-0.06027620239183307
A_S48_W_baseline,train,A_S48:47500009:20,True,False,0.2048872411251068,0.14464760548435152,-0.060239635640755296
A_S48_W_baseline,train,A_S48:47500009:26,True,False,0.07874035090208054,0.051611841074191034,-0.027128509827889502
A_S48_W_baseline,train,A_S48:47500009:36,True,False,0.045112233608961105,0.03238445532042533,-0.012727778288535774
A_S48_W_baseline,train,A_S48:47500009:68,False,True,0.021666528657078743,0.019484118092805147,-0.002182410564273596
A_S48_W_baseline,train,A_S48:47500009:142,False,True,0.020060302689671516,0.0247541067074053,0.0046938040177337825
A_S48_W_baseline,train,A_S48:47500011:5,True,False,0.4594189524650574,0.42661116924136877,-0.0328077832236886
A_S48_W_baseline,train,A_S48:47500011:15,True,False,0.2766002118587494,0.2077611992135644,-0.068839012645185
A_S48_W_baseline,train,A_S48:47500011:26,True,False,0.09444621950387955,0.07213055482134223,-0.022315664682537317
A_S48_W_baseline,train,A_S48:47500011:29,True,False,0.06831248104572296,0.04991571546997875,-0.01839676557574421
A_S48_W_baseline,train,A_S48:47500011:31,True,False,0.0741434171795845,0.04974644316826016,-0.024396974011324346
A_S48_W_baseline,train,A_S48:47500011:36,True,False,0.03794450685381889,0.027163189748534933,-0.01078131710528396
A_S48_W_baseline,train,A_S48:47500011:49,False,True,0.03142137825489044,0.04063932516146451,0.00921794690657407
A_S48_W_baseline,train,A_S48:47500011:56,False,True,0.05178969353437424,0.04635916813276708,-0.005430525401607156
A_S48_W_baseline,train,A_S48:47500011:74,False,True,0.02612554468214512,0.02515431516803801,-0.0009712295141071081
A_S48_W_baseline,train,A_S48:47500011:167,False,True,0.02162255346775055,0.02485366043401882,0.003231106966268271
A_S48_W_baseline,train,A_S48:47500013:14,True,False,0.32631760835647583,0.2370788473635912,-0.08923876099288464
A_S48_W_baseline,train,A_S48:47500013:15,True,False,0.28412511944770813,0.227741475449875,-0.05638364399783313
A_S48_W_baseline,train,A_S48:47500013:28,True,False,0.11411487311124802,0.07822340616257861,-0.035891466948669404
A_S48_W_baseline,train,A_S48:47500013:32,True,False,0.09351871907711029,0.06835082627367228,-0.025167892803438008
A_S48_W_baseline,train,A_S48:47500013:58,False,True,0.07659335434436798,0.06141438824124634,-0.015178966103121638
A_S48_W_baseline,train,A_S48:47500013:83,False,True,0.057155776768922806,0.05212837504222989,-0.005027401726692915
A_S48_W_baseline,train,A_S48:47500013:119,False,True,0.12034086138010025,0.12953748926520348,0.009196627885103226
A_S48_W_baseline,train,A_S48:47500013:128,False,True,0.05040676146745682,0.05438797199167311,0.003981210524216294
A_S48_W_baseline,train,A_S48:47500013:162,False,True,0.027720361948013306,0.023115935211535543,-0.0046044267364777625
A_S48_W_baseline,train,A_S48:47500013:165,False,True,0.03315840661525726,0.02615155541570857,-0.0070068511995486915
A_S48_W_baseline,train,A_S48:47500014:9,True,False,0.42607954144477844,0.4036692036315799,-0.022410337813198566
A_S48_W_baseline,train,A_S48:47500014:10,True,False,0.41351544857025146,0.3866895670071244,-0.02682588156312704
A_S48_W_baseline,train,A_S48:47500014:20,True,False,0.15283825993537903,0.11552141280844808,-0.03731684712693095
A_S48_W_baseline,train,A_S48:47500014:43,True,False,0.03760930895805359,0.019849712582072243,-0.017759596375981346
A_S48_W_baseline,train,A_S48:47500014:60,False,True,0.02182244323194027,0.01855475181946531,-0.00326769141247496
A_S48_W_baseline,train,A_S48:47500014:78,False,True,0.039319999516010284,0.03761736745946109,-0.0017026320565491915
A_S48_W_baseline,train,A_S48:47500014:99,False,True,0.027433745563030243,0.027978493424598128,0.0005447478615678847
A_S48_W_baseline,train,A_S48:47500014:134,False,True,0.033785972744226456,0.03816078923409805,0.004374816489871591
A_S48_W_baseline,train,A_S48:47500014:161,False,True,0.033016398549079895,0.02975064067868516,-0.0032657578703947365
A_S48_W_baseline,train,A_S48:47500014:170,False,True,0.039321739226579666,0.04565668280702084,0.006334943580441177
A_S48_W_baseline,train,A_S48:47500016:4,True,False,0.5158328413963318,0.4929678337648511,-0.022865007631480694
A_S48_W_baseline,train,A_S48:47500016:5,True,False,0.4985613524913788,0.4777269624173641,-0.020834390074014664
A_S48_W_baseline,train,A_S48:47500016:30,True,False,0.10263262689113617,0.06212840200169012,-0.04050422488944605
A_S48_W_baseline,train,A_S48:47500016:42,True,False,0.04564280807971954,0.03242190583841875,-0.013220902241300792
A_S48_W_baseline,train,A_S48:47500016:43,True,False,0.04103068634867668,0.02883732781629078,-0.0121933585323859
A_S48_W_baseline,train,A_S48:47500016:108,False,True,0.01602422259747982,0.01578825357137248,-0.00023596902610734105
A_S48_W_baseline,train,A_S48:47500016:129,False,True,0.014335298910737038,0.013909497647546232,-0.0004258012631908059
A_S48_W_baseline,train,A_S48:47500016:165,False,True,0.012827582657337189,0.014178070472553372,0.0013504878152161837
A_S48_W_baseline,train,A_S48:47500016:169,False,True,0.015940440818667412,0.014423882821574807,-0.0015165579970926046
A_S48_W_baseline,development,A_S48:47600000:3,True,False,0.5411697626113892,0.5202992575941607,-0.020870505017228425
A_S48_W_baseline,development,A_S48:47600000:14,True,False,0.12945619225502014,0.13487009731761646,0.005413905062596314
A_S48_W_baseline,development,A_S48:47600000:17,True,False,0.0710650160908699,0.06662061643146444,-0.0044443996594054624
A_S48_W_baseline,development,A_S48:47600000:21,True,False,0.04314713552594185,0.03498803002003115,-0.008159105505910702
A_S48_W_baseline,development,A_S48:47600000:29,True,False,0.07063321024179459,0.07917405986518133,0.008540849623386748
A_S48_W_baseline,development,A_S48:47600000:32,True,False,0.06764696538448334,0.11992238648235798,0.05227542109787464
A_S48_W_baseline,development,A_S48:47600000:76,False,True,0.030319172888994217,0.03281829990737606,0.0024991270183818415
A_S48_W_baseline,development,A_S48:47600000:83,False,True,0.024136215448379517,0.027823152107885107,0.003686936659505591
A_S48_W_baseline,development,A_S48:47600000:157,False,True,0.016221847385168076,0.024852191731042694,0.008630344345874619
A_S48_W_baseline,development,A_S48:47600002:2,True,False,0.5557583570480347,0.5341382639016956,-0.02162009314633906
A_S48_W_baseline,development,A_S48:47600002:16,True,False,0.14396168291568756,0.08699099307705183,-0.056970689838635735
A_S48_W_baseline,development,A_S48:47600002:30,True,False,0.020742949098348618,0.021220237744273618,0.0004772886459250003
A_S48_W_baseline,development,A_S48:47600002:36,True,False,0.03154635801911354,0.029022898474067915,-0.0025234595450456254
A_S48_W_baseline,development,A_S48:47600002:68,False,True,0.016748370602726936,0.016447899513877928,-0.0003004710888490081
A_S48_W_baseline,development,A_S48:47600002:76,False,True,0.015074037946760654,0.016682522022165358,0.0016084840754047036
A_S48_W_baseline,development,A_S48:47600002:79,False,True,0.036086130887269974,0.05073713100864552,0.014651000121375546
A_S48_W_baseline,development,A_S48:47600002:89,False,True,0.03807646408677101,0.04666226937843021,0.008585805291659199
A_S48_W_baseline,development,A_S48:47600002:107,False,True,0.15062354505062103,0.14551009787828662,-0.005113447172334418
A_S48_W_baseline,development,A_S48:47600003:1,True,False,0.5635876059532166,0.5514547289349139,-0.012132877018302679
A_S48_W_baseline,development,A_S48:47600003:3,True,False,0.5382135510444641,0.5329849324189126,-0.005228618625551462
A_S48_W_baseline,development,A_S48:47600003:4,True,False,0.5316886305809021,0.5217216337332502,-0.009966996847651899
A_S48_W_baseline,development,A_S48:47600003:11,True,False,0.18073146045207977,0.29509242982021533,0.11436096936813556
A_S48_W_baseline,development,A_S48:47600003:12,True,False,0.29228851199150085,0.2935963763156906,0.0013078643241897225
A_S48_W_baseline,development,A_S48:47600003:22,True,False,0.056722622364759445,0.059763516052044,0.0030408936872845516
A_S48_W_baseline,development,A_S48:47600003:70,False,True,0.042214300483465195,0.03737123744213022,-0.004843063041334972
A_S48_W_baseline,development,A_S48:47600003:90,False,True,0.06440509855747223,0.03553211964754155,-0.02887297890993068
A_S48_W_baseline,development,A_S48:47600003:112,False,True,0.022331546992063522,0.020326439651398687,-0.0020051073406648356
A_S48_W_baseline,development,A_S48:47600003:125,False,True,0.020557766780257225,0.020893910372251412,0.00033614359199418686
A_S48_W_baseline,development,A_S48:47600004:3,True,False,0.531708836555481,0.5130189838819206,-0.01868985267356038
A_S48_W_baseline,development,A_S48:47600004:8,True,False,0.39884698390960693,0.3771632837597281,-0.02168370014987886
A_S48_W_baseline,development,A_S48:47600004:53,False,True,0.05729887634515762,0.0452414045430487,-0.012057471802108921
A_S48_W_baseline,development,A_S48:47600004:65,False,True,0.04498310387134552,0.04380058315291535,-0.001182520718430169
A_S48_W_baseline,development,A_S48:47600004:92,False,True,0.04280978441238403,0.051723108437727205,0.008913324025343172
A_S48_W_baseline,development,A_S48:47600004:109,False,True,0.04188740625977516,0.03810890592285432,-0.0037785003369208425
A_S48_W_baseline,development,A_S48:47600004:122,False,True,0.05322093516588211,0.04377870183088817,-0.009442233334993944
A_S48_W_baseline,development,A_S48:47600005:2,True,False,0.5527844429016113,0.5361512221861631,-0.01663322071544826
A_S48_W_baseline,development,A_S48:47600005:5,True,False,0.5033388733863831,0.48577379737980664,-0.01756507600657642
A_S48_W_baseline,development,A_S48:47600005:15,True,False,0.11438106000423431,0.10314286669017747,-0.011238193314056844
A_S48_W_baseline,development,A_S48:47600005:24,True,False,0.038423359394073486,0.04896090875263326,0.010537549358559772
A_S48_W_baseline,development,A_S48:47600005:33,True,False,0.03961345925927162,0.04181883944693254,0.0022053801876609214
A_S48_W_baseline,development,A_S48:47600005:48,False,True,0.02153925411403179,0.020495066404691897,-0.0010441877093398944
A_S48_W_baseline,development,A_S48:47600005:86,False,True,0.02401355654001236,0.026548115270998096,0.0025345587309857365
A_S48_W_baseline,development,A_S48:47600005:88,False,True,0.02714637853205204,0.037092532955284696,0.009946154423232656
A_S48_W_baseline,development,A_S48:47600005:105,False,True,0.044762153178453445,0.04635158242308535,0.0015894292446319014
A_S48_W_baseline,development,A_S48:47600005:119,False,True,0.0275233406573534,0.03419313420818071,0.006669793550827308
A_S48_W_baseline,development,A_S48:47600006:2,True,False,0.5581164956092834,0.5363239555153996,-0.021792540093883872
A_S48_W_baseline,development,A_S48:47600006:11,True,False,0.1725158840417862,0.19902663725952152,0.026510753217735328
A_S48_W_baseline,development,A_S48:47600006:13,True,False,0.09996755421161652,0.10986958429566585,0.00990203008404933
A_S48_W_baseline,development,A_S48:47600006:16,True,False,0.09341009706258774,0.04913572764053242,-0.044274369422055315
A_S48_W_baseline,development,A_S48:47600006:25,True,False,0.024555057287216187,0.03517225874384167,0.01061720145662548
A_S48_W_baseline,development,A_S48:47600006:38,True,False,0.044101033359766006,0.045823890242900234,0.0017228568831342272
A_S48_W_baseline,development,A_S48:47600006:72,False,True,0.032001886516809464,0.046126386150717735,0.014124499633908272
A_S48_W_baseline,development,A_S48:47600006:101,False,True,0.027223151177167892,0.031048681885295082,0.0038255307081271894
A_S48_W_baseline,development,A_S48:47600006:132,False,True,0.030255664139986038,0.03204039216507226,0.001784728025086224
A_S48_W_baseline,development,A_S48:47600006:177,False,True,0.03273138403892517,0.044167382300656755,0.011435998261731584
A_S48_W_baseline,development,A_S48:47600007:4,True,False,0.5182759165763855,0.4839449734427035,-0.03433094313368201
A_S48_W_baseline,development,A_S48:47600007:7,True,False,0.4571338891983032,0.4376272165682167,-0.01950667263008654
A_S48_W_baseline,development,A_S48:47600007:10,True,False,0.44790229201316833,0.4221881959820166,-0.025714096031151712
A_S48_W_baseline,development,A_S48:47600007:17,True,False,0.22304707765579224,0.2183588141342625,-0.004688263521529734
A_S48_W_baseline,development,A_S48:47600007:27,True,False,0.12429308891296387,0.10906091301876586,-0.015232175894198008
A_S48_W_baseline,development,A_S48:47600007:28,True,False,0.0928570032119751,0.12195126630103914,0.029094263089064043
A_S48_W_baseline,development,A_S48:47600007:61,False,True,0.021557273343205452,0.022868784930324182,0.00131151158711873
A_S48_W_baseline,development,A_S48:47600007:66,False,True,0.018327621743083,0.02358976340838126,0.005262141665298259
A_S48_W_baseline,development,A_S48:47600007:87,False,True,0.019344424828886986,0.022615588895860128,0.0032711640669731423
A_S48_W_baseline,development,A_S48:47600007:117,False,True,0.02272028848528862,0.02068247864735895,-0.0020378098379296716
A_S48_W_baseline,development,A_S48:47600008:6,True,False,0.49282366037368774,0.4724319652887061,-0.02039169508498162
A_S48_W_baseline,development,A_S48:47600008:8,True,False,0.44762715697288513,0.4293752177618444,-0.018251939211040735
A_S48_W_baseline,development,A_S48:47600008:21,True,False,0.14736710488796234,0.1251674000523053,-0.02219970483565703
A_S48_W_baseline,development,A_S48:47600008:23,True,False,0.10348740965127945,0.08803464509401238,-0.015452764557267074
A_S48_W_baseline,development,A_S48:47600008:49,False,True,0.08992981165647507,0.08217138882901054,-0.007758422827464528
A_S48_W_baseline,development,A_S48:47600008:54,False,True,0.05280357226729393,0.043753524143539835,-0.009050048123754095
A_S48_W_baseline,development,A_S48:47600008:61,False,True,0.023274719715118408,0.02346426709118532,0.00018954737606691197
A_S48_W_baseline,development,A_S48:47600008:87,False,True,0.014980126172304153,0.016495254101755563,0.0015151279294514097
A_S48_W_baseline,development,A_S48:47600008:101,False,True,0.0191563181579113,0.017545191971294116,-0.0016111261866171844
A_S48_W_m0.010,train,A_S48:47500000:1,True,False,0.5636178851127625,0.5411804877221584,-0.02243739739060402
A_S48_W_m0.010,train,A_S48:47500000:8,True,False,0.44001081585884094,0.40891603752970695,-0.031094778329133987
A_S48_W_m0.010,train,A_S48:47500000:26,True,False,0.10325463116168976,0.09127872227691114,-0.011975908884778619
A_S48_W_m0.010,train,A_S48:47500000:39,True,False,0.039416588842868805,0.025919611274730414,-0.01349697756813839
A_S48_W_m0.010,train,A_S48:47500000:84,False,True,0.03009156882762909,0.031647423224058,0.0015558543964289129
A_S48_W_m0.010,train,A_S48:47500000:141,False,True,0.03680957853794098,0.03206832485739142,-0.004741253680549562
A_S48_W_m0.010,train,A_S48:47500000:144,False,True,0.030151866376399994,0.034215625608339906,0.004063759231939912
A_S48_W_m0.010,train,A_S48:47500000:155,False,True,0.01981472596526146,0.020565086510032415,0.000750360544770956
A_S48_W_m0.010,train,A_S48:47500000:169,False,True,0.019784914329648018,0.01856099721044302,-0.001223917119204998
A_S48_W_m0.010,train,A_S48:47500000:179,False,True,0.02040949836373329,0.02071641173097305,0.00030691336723975837
A_S48_W_m0.010,train,A_S48:47500002:2,True,False,0.5486734509468079,0.5296474732458591,-0.019025977700948715
A_S48_W_m0.010,train,A_S48:47500002:3,True,False,0.5343419313430786,0.5175646767020226,-0.01677725464105606
A_S48_W_m0.010,train,A_S48:47500002:15,True,False,0.3711318373680115,0.33148438297212124,-0.039647454395890236
A_S48_W_m0.010,train,A_S48:47500002:25,True,False,0.21863557398319244,0.17822370794601738,-0.04041186603717506
A_S48_W_m0.010,train,A_S48:47500002:33,True,False,0.13393741846084595,0.11954382783733308,-0.014393590623512864
A_S48_W_m0.010,train,A_S48:47500002:55,False,True,0.045824743807315826,0.040061711450107396,-0.005763032357208431
A_S48_W_m0.010,train,A_S48:47500002:101,False,True,0.024858228862285614,0.024130468838848174,-0.0007277600234374404
A_S48_W_m0.010,train,A_S48:47500002:114,False,True,0.03223399445414543,0.03331612644251436,0.0010821319883689284
A_S48_W_m0.010,train,A_S48:47500002:152,False,True,0.025938989594578743,0.029281427967362106,0.003342438372783363
A_S48_W_m0.010,train,A_S48:47500002:178,False,True,0.030247509479522705,0.029221518605481833,-0.0010259908740408719
A_S48_W_m0.010,train,A_S48:47500003:4,True,False,0.5346616506576538,0.4946952098980546,-0.03996644075959921
A_S48_W_m0.010,train,A_S48:47500003:16,True,False,0.3352470397949219,0.3053382346406579,-0.029908805154263973
A_S48_W_m0.010,train,A_S48:47500003:24,True,False,0.2313617318868637,0.20803680084645748,-0.023324931040406227
A_S48_W_m0.010,train,A_S48:47500003:41,True,False,0.05501726269721985,0.03744615748291835,-0.017571105214301497
A_S48_W_m0.010,train,A_S48:47500003:46,True,False,0.038002680987119675,0.021818757930304855,-0.01618392305681482
A_S48_W_m0.010,train,A_S48:47500003:80,False,True,0.03020082786679268,0.02919264492811635,-0.0010081829386763275
A_S48_W_m0.010,train,A_S48:47500003:91,False,True,0.04549868032336235,0.04197233100421727,-0.0035263493191450834
A_S48_W_m0.010,train,A_S48:47500003:109,False,True,0.044318944215774536,0.06162840512115508,0.017309460905380547
A_S48_W_m0.010,train,A_S48:47500003:149,False,True,0.0344453789293766,0.027071200078353286,-0.007374178851023316
A_S48_W_m0.010,train,A_S48:47500003:180,False,True,0.023638572543859482,0.038907719077542424,0.015269146533682942
A_S48_W_m0.010,train,A_S48:47500005:2,True,False,0.5449409484863281,0.5292135737836361,-0.015727374702692032
A_S48_W_m0.010,train,A_S48:47500005:6,True,False,0.4881185293197632,0.4678020877763629,-0.020316441543400288
A_S48_W_m0.010,train,A_S48:47500005:13,True,False,0.3936412036418915,0.3738205721601844,-0.019820631481707096
A_S48_W_m0.010,train,A_S48:47500005:45,True,False,0.03872155025601387,0.02075512195006013,-0.01796642830595374
A_S48_W_m0.010,train,A_S48:47500005:46,True,False,0.028481142595410347,0.017818405700381845,-0.010662736895028502
A_S48_W_m0.010,train,A_S48:47500005:67,False,True,0.026014311239123344,0.02487389004090801,-0.0011404211982153356
A_S48_W_m0.010,train,A_S48:47500005:106,False,True,0.027070507407188416,0.032232370343990624,0.005161862936802208
A_S48_W_m0.010,train,A_S48:47500005:120,False,True,0.08084340393543243,0.09103223937563598,0.010188835440203547
A_S48_W_m0.010,train,A_S48:47500005:170,False,True,0.01820136234164238,0.019683990540215746,0.0014826281985733658
A_S48_W_m0.010,train,A_S48:47500006:4,True,False,0.5186811685562134,0.493194199167192,-0.025486969389021397
A_S48_W_m0.010,train,A_S48:47500006:5,True,False,0.4992625415325165,0.4785742247477174,-0.0206883167847991
A_S48_W_m0.010,train,A_S48:47500006:8,True,False,0.4611550271511078,0.4296224704012275,-0.031532556749880314
A_S48_W_m0.010,train,A_S48:47500006:10,True,False,0.4295220971107483,0.39081214740872383,-0.03870994970202446
A_S48_W_m0.010,train,A_S48:47500006:89,False,True,0.028381802141666412,0.029328137869015336,0.0009463357273489237
A_S48_W_m0.010,train,A_S48:47500006:102,False,True,0.03923725709319115,0.03887177933938801,-0.00036547775380313396
A_S48_W_m0.010,train,A_S48:47500006:118,False,True,0.023737575858831406,0.025428139430005103,0.0016905635711736977
A_S48_W_m0.010,train,A_S48:47500006:136,False,True,0.034792210906744,0.032869592716451734,-0.001922618190292269
A_S48_W_m0.010,train,A_S48:47500006:169,False,True,0.01850663684308529,0.019037188088987023,0.0005305512459017336
A_S48_W_m0.010,train,A_S48:47500007:4,True,False,0.5296856164932251,0.5089067872613668,-0.020778829231858253
A_S48_W_m0.010,train,A_S48:47500007:6,True,False,0.49531328678131104,0.4705465994775295,-0.02476668730378151
A_S48_W_m0.010,train,A_S48:47500007:13,True,False,0.38578543066978455,0.35978221334517,-0.026003217324614525
A_S48_W_m0.010,train,A_S48:47500007:36,True,False,0.1470484733581543,0.10111224499996752,-0.04593622835818678
A_S48_W_m0.010,train,A_S48:47500007:97,False,True,0.029212726280093193,0.02413510892074555,-0.0050776173593476415
A_S48_W_m0.010,train,A_S48:47500007:118,False,True,0.02378927730023861,0.024392812396399677,0.0006035350961610675
A_S48_W_m0.010,train,A_S48:47500007:134,False,True,0.02233131229877472,0.02515770378522575,0.0028263914864510298
A_S48_W_m0.010,train,A_S48:47500007:168,False,True,0.021345864981412888,0.02375102014048025,0.0024051551590673625
A_S48_W_m0.010,train,A_S48:47500008:4,True,False,0.5261420607566833,0.5093342093750834,-0.016807851381599903
A_S48_W_m0.010,train,A_S48:47500008:10,True,False,0.4447725713253021,0.36637319438159466,-0.07839937694370747
A_S48_W_m0.010,train,A_S48:47500008:20,True,False,0.19932334125041962,0.15114530525170267,-0.04817803599871695
A_S48_W_m0.010,train,A_S48:47500008:28,True,False,0.10985312610864639,0.06653729919344187,-0.043315826915204525
A_S48_W_m0.010,train,A_S48:47500008:34,True,False,0.06552362442016602,0.046910901728551835,-0.01861272269161418
A_S48_W_m0.010,train,A_S48:47500008:112,False,True,0.015554845333099365,0.01918689563171938,0.0036320502986200154
A_S48_W_m0.010,train,A_S48:47500008:131,False,True,0.02990642935037613,0.027734485105611384,-0.0021719442447647452
A_S48_W_m0.010,train,A_S48:47500008:172,False,True,0.014216477982699871,0.018862406228436157,0.004645928245736286
A_S48_W_m0.010,train,A_S48:47500009:6,True,False,0.505852222442627,0.4814063422381878,-0.024445880204439163
A_S48_W_m0.010,train,A_S48:47500009:11,True,False,0.37740659713745117,0.3464368227869272,-0.03096977435052395
A_S48_W_m0.010,train,A_S48:47500009:15,True,False,0.3232305943965912,0.2629543920047581,-0.06027620239183307
A_S48_W_m0.010,train,A_S48:47500009:20,True,False,0.2048872411251068,0.14464760548435152,-0.060239635640755296
A_S48_W_m0.010,train,A_S48:47500009:26,True,False,0.07874035090208054,0.051611841074191034,-0.027128509827889502
A_S48_W_m0.010,train,A_S48:47500009:36,True,False,0.045112233608961105,0.03238445532042533,-0.012727778288535774
A_S48_W_m0.010,train,A_S48:47500009:68,False,True,0.021666528657078743,0.019484118092805147,-0.002182410564273596
A_S48_W_m0.010,train,A_S48:47500009:142,False,True,0.020060302689671516,0.0247541067074053,0.0046938040177337825
A_S48_W_m0.010,train,A_S48:47500011:5,True,False,0.4594189524650574,0.42661116924136877,-0.0328077832236886
A_S48_W_m0.010,train,A_S48:47500011:15,True,False,0.2766002118587494,0.2077611992135644,-0.068839012645185
A_S48_W_m0.010,train,A_S48:47500011:26,True,False,0.09444621950387955,0.07213055482134223,-0.022315664682537317
A_S48_W_m0.010,train,A_S48:47500011:29,True,False,0.06831248104572296,0.04991571546997875,-0.01839676557574421
A_S48_W_m0.010,train,A_S48:47500011:31,True,False,0.0741434171795845,0.04974644316826016,-0.024396974011324346
A_S48_W_m0.010,train,A_S48:47500011:36,True,False,0.03794450685381889,0.027163189748534933,-0.01078131710528396
A_S48_W_m0.010,train,A_S48:47500011:49,False,True,0.03142137825489044,0.04063932516146451,0.00921794690657407
A_S48_W_m0.010,train,A_S48:47500011:56,False,True,0.05178969353437424,0.04635916813276708,-0.005430525401607156
A_S48_W_m0.010,train,A_S48:47500011:74,False,True,0.02612554468214512,0.02515431516803801,-0.0009712295141071081
A_S48_W_m0.010,train,A_S48:47500011:167,False,True,0.02162255346775055,0.02485366043401882,0.003231106966268271
A_S48_W_m0.010,train,A_S48:47500013:14,True,False,0.32631760835647583,0.2370788473635912,-0.08923876099288464
A_S48_W_m0.010,train,A_S48:47500013:15,True,False,0.28412511944770813,0.227741475449875,-0.05638364399783313
A_S48_W_m0.010,train,A_S48:47500013:28,True,False,0.11411487311124802,0.07822340616257861,-0.035891466948669404
A_S48_W_m0.010,train,A_S48:47500013:32,True,False,0.09351871907711029,0.06835082627367228,-0.025167892803438008
A_S48_W_m0.010,train,A_S48:47500013:58,False,True,0.07659335434436798,0.06141438824124634,-0.015178966103121638
A_S48_W_m0.010,train,A_S48:47500013:83,False,True,0.057155776768922806,0.05212837504222989,-0.005027401726692915
A_S48_W_m0.010,train,A_S48:47500013:119,False,True,0.12034086138010025,0.12953748926520348,0.009196627885103226
A_S48_W_m0.010,train,A_S48:47500013:128,False,True,0.05040676146745682,0.05438797199167311,0.003981210524216294
A_S48_W_m0.010,train,A_S48:47500013:162,False,True,0.027720361948013306,0.023115935211535543,-0.0046044267364777625
A_S48_W_m0.010,train,A_S48:47500013:165,False,True,0.03315840661525726,0.02615155541570857,-0.0070068511995486915
A_S48_W_m0.010,train,A_S48:47500014:9,True,False,0.42607954144477844,0.4036692036315799,-0.022410337813198566
A_S48_W_m0.010,train,A_S48:47500014:10,True,False,0.41351544857025146,0.3866895670071244,-0.02682588156312704
A_S48_W_m0.010,train,A_S48:47500014:20,True,False,0.15283825993537903,0.11552141280844808,-0.03731684712693095
A_S48_W_m0.010,train,A_S48:47500014:43,True,False,0.03760930895805359,0.019849712582072243,-0.017759596375981346
A_S48_W_m0.010,train,A_S48:47500014:60,False,True,0.02182244323194027,0.01855475181946531,-0.00326769141247496
A_S48_W_m0.010,train,A_S48:47500014:78,False,True,0.039319999516010284,0.03761736745946109,-0.0017026320565491915
A_S48_W_m0.010,train,A_S48:47500014:99,False,True,0.027433745563030243,0.027978493424598128,0.0005447478615678847
A_S48_W_m0.010,train,A_S48:47500014:134,False,True,0.033785972744226456,0.03816078923409805,0.004374816489871591
A_S48_W_m0.010,train,A_S48:47500014:161,False,True,0.033016398549079895,0.02975064067868516,-0.0032657578703947365
A_S48_W_m0.010,train,A_S48:47500014:170,False,True,0.039321739226579666,0.04565668280702084,0.006334943580441177
A_S48_W_m0.010,train,A_S48:47500016:4,True,False,0.5158328413963318,0.4929678337648511,-0.022865007631480694
A_S48_W_m0.010,train,A_S48:47500016:5,True,False,0.4985613524913788,0.4777269624173641,-0.020834390074014664
A_S48_W_m0.010,train,A_S48:47500016:30,True,False,0.10263262689113617,0.06212840200169012,-0.04050422488944605
A_S48_W_m0.010,train,A_S48:47500016:42,True,False,0.04564280807971954,0.03242190583841875,-0.013220902241300792
A_S48_W_m0.010,train,A_S48:47500016:43,True,False,0.04103068634867668,0.02883732781629078,-0.0121933585323859
A_S48_W_m0.010,train,A_S48:47500016:108,False,True,0.01602422259747982,0.01578825357137248,-0.00023596902610734105
A_S48_W_m0.010,train,A_S48:47500016:129,False,True,0.014335298910737038,0.013909497647546232,-0.0004258012631908059
A_S48_W_m0.010,train,A_S48:47500016:165,False,True,0.012827582657337189,0.014178070472553372,0.0013504878152161837
A_S48_W_m0.010,train,A_S48:47500016:169,False,True,0.015940440818667412,0.014423882821574807,-0.0015165579970926046
A_S48_W_m0.010,development,A_S48:47600000:3,True,False,0.5411697626113892,0.5202992575941607,-0.020870505017228425
A_S48_W_m0.010,development,A_S48:47600000:14,True,False,0.12945619225502014,0.13487009731761646,0.005413905062596314
A_S48_W_m0.010,development,A_S48:47600000:17,True,False,0.0710650160908699,0.06662061643146444,-0.0044443996594054624
A_S48_W_m0.010,development,A_S48:47600000:21,True,False,0.04314713552594185,0.03498803002003115,-0.008159105505910702
A_S48_W_m0.010,development,A_S48:47600000:29,True,False,0.07063321024179459,0.07917405986518133,0.008540849623386748
A_S48_W_m0.010,development,A_S48:47600000:32,True,False,0.06764696538448334,0.11992238648235798,0.05227542109787464
A_S48_W_m0.010,development,A_S48:47600000:76,False,True,0.030319172888994217,0.03281829990737606,0.0024991270183818415
A_S48_W_m0.010,development,A_S48:47600000:83,False,True,0.024136215448379517,0.027823152107885107,0.003686936659505591
A_S48_W_m0.010,development,A_S48:47600000:157,False,True,0.016221847385168076,0.024852191731042694,0.008630344345874619
A_S48_W_m0.010,development,A_S48:47600002:2,True,False,0.5557583570480347,0.5341382639016956,-0.02162009314633906
A_S48_W_m0.010,development,A_S48:47600002:16,True,False,0.14396168291568756,0.08699099307705183,-0.056970689838635735
A_S48_W_m0.010,development,A_S48:47600002:30,True,False,0.020742949098348618,0.021220237744273618,0.0004772886459250003
A_S48_W_m0.010,development,A_S48:47600002:36,True,False,0.03154635801911354,0.029022898474067915,-0.0025234595450456254
A_S48_W_m0.010,development,A_S48:47600002:68,False,True,0.016748370602726936,0.016447899513877928,-0.0003004710888490081
A_S48_W_m0.010,development,A_S48:47600002:76,False,True,0.015074037946760654,0.016682522022165358,0.0016084840754047036
A_S48_W_m0.010,development,A_S48:47600002:79,False,True,0.036086130887269974,0.05073713100864552,0.014651000121375546
A_S48_W_m0.010,development,A_S48:47600002:89,False,True,0.03807646408677101,0.04666226937843021,0.008585805291659199
A_S48_W_m0.010,development,A_S48:47600002:107,False,True,0.15062354505062103,0.14551009787828662,-0.005113447172334418
A_S48_W_m0.010,development,A_S48:47600003:1,True,False,0.5635876059532166,0.5514547289349139,-0.012132877018302679
A_S48_W_m0.010,development,A_S48:47600003:3,True,False,0.5382135510444641,0.5329849324189126,-0.005228618625551462
A_S48_W_m0.010,development,A_S48:47600003:4,True,False,0.5316886305809021,0.5217216337332502,-0.009966996847651899
A_S48_W_m0.010,development,A_S48:47600003:11,True,False,0.18073146045207977,0.29509242982021533,0.11436096936813556
A_S48_W_m0.010,development,A_S48:47600003:12,True,False,0.29228851199150085,0.2935963763156906,0.0013078643241897225
A_S48_W_m0.010,development,A_S48:47600003:22,True,False,0.056722622364759445,0.059763516052044,0.0030408936872845516
A_S48_W_m0.010,development,A_S48:47600003:70,False,True,0.042214300483465195,0.03737123744213022,-0.004843063041334972
A_S48_W_m0.010,development,A_S48:47600003:90,False,True,0.06440509855747223,0.03553211964754155,-0.02887297890993068
A_S48_W_m0.010,development,A_S48:47600003:112,False,True,0.022331546992063522,0.020326439651398687,-0.0020051073406648356
A_S48_W_m0.010,development,A_S48:47600003:125,False,True,0.020557766780257225,0.020893910372251412,0.00033614359199418686
A_S48_W_m0.010,development,A_S48:47600004:3,True,False,0.531708836555481,0.5130189838819206,-0.01868985267356038
A_S48_W_m0.010,development,A_S48:47600004:8,True,False,0.39884698390960693,0.3771632837597281,-0.02168370014987886
A_S48_W_m0.010,development,A_S48:47600004:53,False,True,0.05729887634515762,0.0452414045430487,-0.012057471802108921
A_S48_W_m0.010,development,A_S48:47600004:65,False,True,0.04498310387134552,0.04380058315291535,-0.001182520718430169
A_S48_W_m0.010,development,A_S48:47600004:92,False,True,0.04280978441238403,0.051723108437727205,0.008913324025343172
A_S48_W_m0.010,development,A_S48:47600004:109,False,True,0.04188740625977516,0.03810890592285432,-0.0037785003369208425
A_S48_W_m0.010,development,A_S48:47600004:122,False,True,0.05322093516588211,0.04377870183088817,-0.009442233334993944
A_S48_W_m0.010,development,A_S48:47600005:2,True,False,0.5527844429016113,0.5361512221861631,-0.01663322071544826
A_S48_W_m0.010,development,A_S48:47600005:5,True,False,0.5033388733863831,0.48577379737980664,-0.01756507600657642
A_S48_W_m0.010,development,A_S48:47600005:15,True,False,0.11438106000423431,0.10314286669017747,-0.011238193314056844
A_S48_W_m0.010,development,A_S48:47600005:24,True,False,0.038423359394073486,0.04896090875263326,0.010537549358559772
A_S48_W_m0.010,development,A_S48:47600005:33,True,False,0.03961345925927162,0.04181883944693254,0.0022053801876609214
A_S48_W_m0.010,development,A_S48:47600005:48,False,True,0.02153925411403179,0.020495066404691897,-0.0010441877093398944
A_S48_W_m0.010,development,A_S48:47600005:86,False,True,0.02401355654001236,0.026548115270998096,0.0025345587309857365
A_S48_W_m0.010,development,A_S48:47600005:88,False,True,0.02714637853205204,0.037092532955284696,0.009946154423232656
A_S48_W_m0.010,development,A_S48:47600005:105,False,True,0.044762153178453445,0.04635158242308535,0.0015894292446319014
A_S48_W_m0.010,development,A_S48:47600005:119,False,True,0.0275233406573534,0.03419313420818071,0.006669793550827308
A_S48_W_m0.010,development,A_S48:47600006:2,True,False,0.5581164956092834,0.5363239555153996,-0.021792540093883872
A_S48_W_m0.010,development,A_S48:47600006:11,True,False,0.1725158840417862,0.19902663725952152,0.026510753217735328
A_S48_W_m0.010,development,A_S48:47600006:13,True,False,0.09996755421161652,0.10986958429566585,0.00990203008404933
A_S48_W_m0.010,development,A_S48:47600006:16,True,False,0.09341009706258774,0.04913572764053242,-0.044274369422055315
A_S48_W_m0.010,development,A_S48:47600006:25,True,False,0.024555057287216187,0.03517225874384167,0.01061720145662548
A_S48_W_m0.010,development,A_S48:47600006:38,True,False,0.044101033359766006,0.045823890242900234,0.0017228568831342272
A_S48_W_m0.010,development,A_S48:47600006:72,False,True,0.032001886516809464,0.046126386150717735,0.014124499633908272
A_S48_W_m0.010,development,A_S48:47600006:101,False,True,0.027223151177167892,0.031048681885295082,0.0038255307081271894
A_S48_W_m0.010,development,A_S48:47600006:132,False,True,0.030255664139986038,0.03204039216507226,0.001784728025086224
A_S48_W_m0.010,development,A_S48:47600006:177,False,True,0.03273138403892517,0.044167382300656755,0.011435998261731584
A_S48_W_m0.010,development,A_S48:47600007:4,True,False,0.5182759165763855,0.4839449734427035,-0.03433094313368201
A_S48_W_m0.010,development,A_S48:47600007:7,True,False,0.4571338891983032,0.4376272165682167,-0.01950667263008654
A_S48_W_m0.010,development,A_S48:47600007:10,True,False,0.44790229201316833,0.4221881959820166,-0.025714096031151712
A_S48_W_m0.010,development,A_S48:47600007:17,True,False,0.22304707765579224,0.2183588141342625,-0.004688263521529734
A_S48_W_m0.010,development,A_S48:47600007:27,True,False,0.12429308891296387,0.10906091301876586,-0.015232175894198008
A_S48_W_m0.010,development,A_S48:47600007:28,True,False,0.0928570032119751,0.12195126630103914,0.029094263089064043
A_S48_W_m0.010,development,A_S48:47600007:61,False,True,0.021557273343205452,0.022868784930324182,0.00131151158711873
A_S48_W_m0.010,development,A_S48:47600007:66,False,True,0.018327621743083,0.02358976340838126,0.005262141665298259
A_S48_W_m0.010,development,A_S48:47600007:87,False,True,0.019344424828886986,0.022615588895860128,0.0032711640669731423
A_S48_W_m0.010,development,A_S48:47600007:117,False,True,0.02272028848528862,0.02068247864735895,-0.0020378098379296716
A_S48_W_m0.010,development,A_S48:47600008:6,True,False,0.49282366037368774,0.4724319652887061,-0.02039169508498162
A_S48_W_m0.010,development,A_S48:47600008:8,True,False,0.44762715697288513,0.4293752177618444,-0.018251939211040735
A_S48_W_m0.010,development,A_S48:47600008:21,True,False,0.14736710488796234,0.1251674000523053,-0.02219970483565703
A_S48_W_m0.010,development,A_S48:47600008:23,True,False,0.10348740965127945,0.08803464509401238,-0.015452764557267074
A_S48_W_m0.010,development,A_S48:47600008:49,False,True,0.08992981165647507,0.08217138882901054,-0.007758422827464528
A_S48_W_m0.010,development,A_S48:47600008:54,False,True,0.05280357226729393,0.043753524143539835,-0.009050048123754095
A_S48_W_m0.010,development,A_S48:47600008:61,False,True,0.023274719715118408,0.02346426709118532,0.00018954737606691197
A_S48_W_m0.010,development,A_S48:47600008:87,False,True,0.014980126172304153,0.016495254101755563,0.0015151279294514097
A_S48_W_m0.010,development,A_S48:47600008:101,False,True,0.0191563181579113,0.017545191971294116,-0.0016111261866171844
A_S48_W_m0.030,train,A_S48:47500000:1,True,False,0.7045479416847229,0.661239467561245,-0.043308474123477936
A_S48_W_m0.030,train,A_S48:47500000:8,True,False,0.5077843070030212,0.46281094290316105,-0.04497336409986019
A_S48_W_m0.030,train,A_S48:47500000:26,True,False,0.09310908615589142,0.052596603345591575,-0.040512482810299844
A_S48_W_m0.030,train,A_S48:47500000:39,True,False,0.06956933438777924,0.029392623458988965,-0.04017671092879027
A_S48_W_m0.030,train,A_S48:47500000:84,False,True,0.0389353483915329,0.04456805007066578,0.005632701679132879
A_S48_W_m0.030,train,A_S48:47500000:141,False,True,0.04874776676297188,0.05230706848669797,0.0035593017237260938
A_S48_W_m0.030,train,A_S48:47500000:144,False,True,0.05021388456225395,0.06272414152044803,0.012510256958194077
A_S48_W_m0.030,train,A_S48:47500000:155,False,True,0.02193661965429783,0.02664510818431154,0.00470848853001371
A_S48_W_m0.030,train,A_S48:47500000:169,False,True,0.02654084749519825,0.026394854532554746,-0.00014599296264350414
A_S48_W_m0.030,train,A_S48:47500000:179,False,True,0.03052307665348053,0.029560661350842565,-0.0009624153026379645
A_S48_W_m0.030,train,A_S48:47500002:2,True,False,0.6597238183021545,0.6154903136193752,-0.04423350468277931
A_S48_W_m0.030,train,A_S48:47500002:3,True,False,0.624243974685669,0.5876892860978842,-0.03655468858778477
A_S48_W_m0.030,train,A_S48:47500002:15,True,False,0.3351992964744568,0.2702516270801425,-0.06494766939431429
A_S48_W_m0.030,train,A_S48:47500002:25,True,False,0.20140881836414337,0.1269989000284113,-0.07440991833573207
A_S48_W_m0.030,train,A_S48:47500002:33,True,False,0.1378495842218399,0.08774354250635952,-0.05010604171548039
A_S48_W_m0.030,train,A_S48:47500002:55,False,True,0.04258686676621437,0.03785544290440157,-0.0047314238618128
A_S48_W_m0.030,train,A_S48:47500002:101,False,True,0.027218889445066452,0.02789472317090258,0.000675833725836128
A_S48_W_m0.030,train,A_S48:47500002:114,False,True,0.038641929626464844,0.03778213757323101,-0.0008597920532338321
A_S48_W_m0.030,train,A_S48:47500002:152,False,True,0.03890388831496239,0.03849924332462251,-0.0004046449903398752
A_S48_W_m0.030,train,A_S48:47500002:178,False,True,0.017800403758883476,0.02001240279059857,0.002211999031715095
A_S48_W_m0.030,train,A_S48:47500003:4,True,False,0.5919313430786133,0.5385415470227599,-0.05338979605585337
A_S48_W_m0.030,train,A_S48:47500003:16,True,False,0.35159820318222046,0.30545073468238115,-0.046147468499839306
A_S48_W_m0.030,train,A_S48:47500003:24,True,False,0.2584758996963501,0.20006843516603112,-0.058407464530318975
A_S48_W_m0.030,train,A_S48:47500003:41,True,False,0.11032122373580933,0.050597645924426615,-0.05972357781138271
A_S48_W_m0.030,train,A_S48:47500003:46,True,False,0.06692797690629959,0.027914373204112053,-0.03901360370218754
A_S48_W_m0.030,train,A_S48:47500003:80,False,True,0.03289113938808441,0.028901606099680066,-0.0039895332884043455
A_S48_W_m0.030,train,A_S48:47500003:91,False,True,0.039305321872234344,0.03818309947382659,-0.0011222223984077573
A_S48_W_m0.030,train,A_S48:47500003:109,False,True,0.08511723577976227,0.10240525542758405,0.017288019647821784
A_S48_W_m0.030,train,A_S48:47500003:149,False,True,0.03274493291974068,0.02611361152958125,-0.006631321390159428
A_S48_W_m0.030,train,A_S48:47500003:180,False,True,0.03465992957353592,0.038826935342513025,0.004167005768977106
A_S48_W_m0.030,train,A_S48:47500005:2,True,False,0.6458780169487,0.6118716709315777,-0.03400634601712227
A_S48_W_m0.030,train,A_S48:47500005:6,True,False,0.5429973602294922,0.5032241446897388,-0.03977321553975344
A_S48_W_m0.030,train,A_S48:47500005:13,True,False,0.3824826776981354,0.3543809652328491,-0.028101712465286255
A_S48_W_m0.030,train,A_S48:47500005:45,True,False,0.07660085707902908,0.033068111282773316,-0.04353274579625577
A_S48_W_m0.030,train,A_S48:47500005:46,True,False,0.0676276907324791,0.02588735951576382,-0.041740331216715276
A_S48_W_m0.030,train,A_S48:47500005:67,False,True,0.032739296555519104,0.0298806878272444,-0.002858608728274703
A_S48_W_m0.030,train,A_S48:47500005:106,False,True,0.030040757730603218,0.03671796596609056,0.006677208235487342
A_S48_W_m0.030,train,A_S48:47500005:120,False,True,0.10350245237350464,0.09180305537302047,-0.011699397000484169
A_S48_W_m0.030,train,A_S48:47500005:170,False,True,0.02849685214459896,0.03038459111121483,0.0018877389666158706
A_S48_W_m0.030,train,A_S48:47500006:4,True,False,0.6044151186943054,0.5591084379702806,-0.04530668072402477
A_S48_W_m0.030,train,A_S48:47500006:5,True,False,0.5752852559089661,0.5328338649123907,-0.042451390996575356
A_S48_W_m0.030,train,A_S48:47500006:8,True,False,0.4961162209510803,0.45284094382077456,-0.04327527713030577
A_S48_W_m0.030,train,A_S48:47500006:10,True,False,0.4493637681007385,0.4047220731154084,-0.044641694985330105
A_S48_W_m0.030,train,A_S48:47500006:89,False,True,0.03508402034640312,0.031103244808036834,-0.003980775538366288
A_S48_W_m0.030,train,A_S48:47500006:102,False,True,0.0362616665661335,0.040444710524752736,0.004183043958619237
A_S48_W_m0.030,train,A_S48:47500006:118,False,True,0.033638838678598404,0.03712718316819519,0.003488344489596784
A_S48_W_m0.030,train,A_S48:47500006:136,False,True,0.03432172164320946,0.0352917502168566,0.0009700285736471415
A_S48_W_m0.030,train,A_S48:47500006:169,False,True,0.020598864182829857,0.023280222958419472,0.002681358775589615
A_S48_W_m0.030,train,A_S48:47500007:4,True,False,0.6043564081192017,0.56016612239182,-0.044190285727381706
A_S48_W_m0.030,train,A_S48:47500007:6,True,False,0.5379826426506042,0.4925408884882927,-0.045441754162311554
A_S48_W_m0.030,train,A_S48:47500007:13,True,False,0.40035343170166016,0.3492124015465379,-0.05114103015512228
A_S48_W_m0.030,train,A_S48:47500007:36,True,False,0.15674595534801483,0.10216251446399838,-0.054583440884016454
A_S48_W_m0.030,train,A_S48:47500007:97,False,True,0.02636939100921154,0.029045550909359008,0.002676159900147468
A_S48_W_m0.030,train,A_S48:47500007:118,False,True,0.028914321213960648,0.027649343304801732,-0.0012649779091589153
A_S48_W_m0.030,train,A_S48:47500007:134,False,True,0.03242074325680733,0.03250499005662277,8.424679981544614e-05
A_S48_W_m0.030,train,A_S48:47500007:168,False,True,0.030930664390325546,0.02749554836191237,-0.0034351160284131765
A_S48_W_m0.030,train,A_S48:47500008:4,True,False,0.6063303351402283,0.5724187400192022,-0.03391159512102604
A_S48_W_m0.030,train,A_S48:47500008:10,True,False,0.48731034994125366,0.43157834373414516,-0.0557320062071085
A_S48_W_m0.030,train,A_S48:47500008:20,True,False,0.20773905515670776,0.1534305033273995,-0.05430855182930827
A_S48_W_m0.030,train,A_S48:47500008:28,True,False,0.13788804411888123,0.09086976712569594,-0.04701827699318528
A_S48_W_m0.030,train,A_S48:47500008:34,True,False,0.13559842109680176,0.07936195901129395,-0.05623646208550781
A_S48_W_m0.030,train,A_S48:47500008:112,False,True,0.015880020335316658,0.02266042644623667,0.006780406110920012
A_S48_W_m0.030,train,A_S48:47500008:131,False,True,0.035453490912914276,0.036220747977495193,0.0007672570645809174
A_S48_W_m0.030,train,A_S48:47500008:172,False,True,0.016104891896247864,0.018970946315675974,0.00286605441942811
A_S48_W_m0.030,train,A_S48:47500009:6,True,False,0.5500364899635315,0.4868845334276557,-0.0631519565358758
A_S48_W_m0.030,train,A_S48:47500009:11,True,False,0.38600754737854004,0.33652538480237126,-0.049482162576168776
A_S48_W_m0.030,train,A_S48:47500009:15,True,False,0.32507210969924927,0.27267374750226736,-0.05239836219698191
A_S48_W_m0.030,train,A_S48:47500009:20,True,False,0.1810438185930252,0.1090886986348778,-0.0719551199581474
A_S48_W_m0.030,train,A_S48:47500009:26,True,False,0.07047498971223831,0.031494971888605505,-0.03898001782363281
A_S48_W_m0.030,train,A_S48:47500009:36,True,False,0.06304275989532471,0.030545617395546287,-0.03249714249977842
A_S48_W_m0.030,train,A_S48:47500009:68,False,True,0.03481538966298103,0.02506310073658824,-0.009752288926392794
A_S48_W_m0.030,train,A_S48:47500009:142,False,True,0.023643260821700096,0.0296628910000436,0.006019630178343505
A_S48_W_m0.030,train,A_S48:47500011:5,True,False,0.547971248626709,0.48283067904412746,-0.06514056958258152
A_S48_W_m0.030,train,A_S48:47500011:15,True,False,0.19241094589233398,0.1395508002024144,-0.05286014568991959
A_S48_W_m0.030,train,A_S48:47500011:26,True,False,0.14691732823848724,0.061094906413927674,-0.08582242182455957
A_S48_W_m0.030,train,A_S48:47500011:29,True,False,0.11529971659183502,0.05815742362756282,-0.0571422929642722
A_S48_W_m0.030,train,A_S48:47500011:31,True,False,0.13882945477962494,0.07669342414010316,-0.06213603063952178
A_S48_W_m0.030,train,A_S48:47500011:36,True,False,0.08226481825113297,0.02891469912719913,-0.05335011912393384
A_S48_W_m0.030,train,A_S48:47500011:49,False,True,0.0221845805644989,0.03368209715699777,0.011497516592498869
A_S48_W_m0.030,train,A_S48:47500011:56,False,True,0.06559773534536362,0.06449875980615616,-0.0010989755392074585
A_S48_W_m0.030,train,A_S48:47500011:74,False,True,0.029106438159942627,0.02669150900328532,-0.0024149291566573083
A_S48_W_m0.030,train,A_S48:47500011:167,False,True,0.02910907380282879,0.030704381235409528,0.0015953074325807393
A_S48_W_m0.030,train,A_S48:47500013:14,True,False,0.26449060440063477,0.19024126045405865,-0.07424934394657612
A_S48_W_m0.030,train,A_S48:47500013:15,True,False,0.25314635038375854,0.1752639338374138,-0.07788241654634476
A_S48_W_m0.030,train,A_S48:47500013:28,True,False,0.1507611870765686,0.1040836478350684,-0.0466775392415002
A_S48_W_m0.030,train,A_S48:47500013:32,True,False,0.11995861679315567,0.06619412044528872,-0.05376449634786695
A_S48_W_m0.030,train,A_S48:47500013:58,False,True,0.08896461129188538,0.09386206977069378,0.004897458478808403
A_S48_W_m0.030,train,A_S48:47500013:83,False,True,0.05070699378848076,0.053598284197505563,0.002891290409024805
A_S48_W_m0.030,train,A_S48:47500013:119,False,True,0.12599577009677887,0.12204413558356464,-0.0039516345132142305
A_S48_W_m0.030,train,A_S48:47500013:128,False,True,0.036977723240852356,0.04518235573777929,0.008204632496926934
A_S48_W_m0.030,train,A_S48:47500013:162,False,True,0.038768649101257324,0.03296437318203971,-0.005804275919217616
A_S48_W_m0.030,train,A_S48:47500013:165,False,True,0.019418984651565552,0.03285413852427155,0.013435153872705996
A_S48_W_m0.030,train,A_S48:47500014:9,True,False,0.46621420979499817,0.39418207947164774,-0.07203213032335043
A_S48_W_m0.030,train,A_S48:47500014:10,True,False,0.4390128254890442,0.3500118497759104,-0.08900097571313381
A_S48_W_m0.030,train,A_S48:47500014:20,True,False,0.12128401547670364,0.07538724888581783,-0.04589676659088582
A_S48_W_m0.030,train,A_S48:47500014:43,True,False,0.07334012538194656,0.027595902851317078,-0.045744222530629486
A_S48_W_m0.030,train,A_S48:47500014:60,False,True,0.021083690226078033,0.01962465583346784,-0.0014590343926101923
A_S48_W_m0.030,train,A_S48:47500014:78,False,True,0.02471238374710083,0.02725126571021974,0.002538881963118911
A_S48_W_m0.030,train,A_S48:47500014:99,False,True,0.02815217897295952,0.027751978079322726,-0.0004002008936367929
A_S48_W_m0.030,train,A_S48:47500014:134,False,True,0.03798278793692589,0.05228379386244342,0.01430100592551753
A_S48_W_m0.030,train,A_S48:47500014:161,False,True,0.03351329267024994,0.0333924624719657,-0.00012083019828423858
A_S48_W_m0.030,train,A_S48:47500014:170,False,True,0.04142918065190315,0.039976829662919044,-0.001452350988984108
A_S48_W_m0.030,train,A_S48:47500016:4,True,False,0.5945794582366943,0.5480421110987663,-0.04653734713792801
A_S48_W_m0.030,train,A_S48:47500016:5,True,False,0.5616792440414429,0.5135680437088013,-0.0481112003326416
A_S48_W_m0.030,train,A_S48:47500016:30,True,False,0.12478923797607422,0.05321288632694632,-0.0715763516491279
A_S48_W_m0.030,train,A_S48:47500016:42,True,False,0.09091001003980637,0.06357658980414271,-0.027333420235663652
A_S48_W_m0.030,train,A_S48:47500016:43,True,False,0.08666512370109558,0.05289124033879489,-0.033773883362300694
A_S48_W_m0.030,train,A_S48:47500016:108,False,True,0.028596796095371246,0.026959019422065467,-0.0016377766733057797
A_S48_W_m0.030,train,A_S48:47500016:129,False,True,0.021700404584407806,0.01861857550102286,-0.003081829083384946
A_S48_W_m0.030,train,A_S48:47500016:165,False,True,0.019768713042140007,0.020846277475357056,0.0010775644332170486
A_S48_W_m0.030,train,A_S48:47500016:169,False,True,0.021489398553967476,0.022258131357375532,0.0007687328034080565
A_S48_W_m0.030,development,A_S48:47600000:3,True,False,0.6570350527763367,0.6126995803788304,-0.04433547239750624
A_S48_W_m0.030,development,A_S48:47600000:14,True,False,0.10645487159490585,0.11347126180771738,0.00701639021281153
A_S48_W_m0.030,development,A_S48:47600000:17,True,False,0.056593157351017,0.05993540023337118,0.003342242882354185
A_S48_W_m0.030,development,A_S48:47600000:21,True,False,0.06154641509056091,0.03879439894808456,-0.02275201614247635
A_S48_W_m0.030,development,A_S48:47600000:29,True,False,0.09763892740011215,0.0838162422151072,-0.013822685185004957
A_S48_W_m0.030,development,A_S48:47600000:32,True,False,0.06997975707054138,0.11615583929233253,0.04617608222179115
A_S48_W_m0.030,development,A_S48:47600000:76,False,True,0.03698621690273285,0.033811034489190206,-0.003175182413542643
A_S48_W_m0.030,development,A_S48:47600000:83,False,True,0.023710008710622787,0.02834752506169025,0.004637516351067461
A_S48_W_m0.030,development,A_S48:47600000:157,False,True,0.014559716917574406,0.020365664382552495,0.0058059474649780896
A_S48_W_m0.030,development,A_S48:47600002:2,True,False,0.6710915565490723,0.6391958808526397,-0.03189567569643259
A_S48_W_m0.030,development,A_S48:47600002:16,True,False,0.09353557974100113,0.07215752899355721,-0.021378050747443922
A_S48_W_m0.030,development,A_S48:47600002:30,True,False,0.014867761172354221,0.018291669333848404,0.0034239081614941824
A_S48_W_m0.030,development,A_S48:47600002:36,True,False,0.028960390016436577,0.028210522737936117,-0.0007498672785004601
A_S48_W_m0.030,development,A_S48:47600002:68,False,True,0.01856991834938526,0.017949191515072016,-0.0006207268343132455
A_S48_W_m0.030,development,A_S48:47600002:76,False,True,0.018260961398482323,0.02205366480120574,0.0037927034027234185
A_S48_W_m0.030,development,A_S48:47600002:79,False,True,0.033679358661174774,0.04777171607565833,0.014092357414483558
A_S48_W_m0.030,development,A_S48:47600002:89,False,True,0.04467638581991196,0.045456383675627876,0.0007799978557159193
A_S48_W_m0.030,development,A_S48:47600002:107,False,True,0.14622999727725983,0.13780290255090222,-0.008427094726357609
A_S48_W_m0.030,development,A_S48:47600003:1,True,False,0.7108023762702942,0.6677082804962993,-0.04309409577399492
A_S48_W_m0.030,development,A_S48:47600003:3,True,False,0.6440158486366272,0.6275522233918309,-0.016463625244796276
A_S48_W_m0.030,development,A_S48:47600003:4,True,False,0.6087455153465271,0.5684610004536808,-0.040284514892846346
A_S48_W_m0.030,development,A_S48:47600003:11,True,False,0.19666513800621033,0.2727468666853383,0.07608172867912799
A_S48_W_m0.030,development,A_S48:47600003:12,True,False,0.2841843366622925,0.26581526346853934,-0.018369073193753138
A_S48_W_m0.030,development,A_S48:47600003:22,True,False,0.032284777611494064,0.034902011622762075,0.0026172340112680104
A_S48_W_m0.030,development,A_S48:47600003:70,False,True,0.07282328605651855,0.07122906226140913,-0.0015942237951094285
A_S48_W_m0.030,development,A_S48:47600003:90,False,True,0.08694760501384735,0.049037059165129904,-0.03791054584871745
A_S48_W_m0.030,development,A_S48:47600003:112,False,True,0.026670066639780998,0.02392603296902962,-0.002744033670751378
A_S48_W_m0.030,development,A_S48:47600003:125,False,True,0.027449794113636017,0.024160291490261443,-0.003289502623374574
A_S48_W_m0.030,development,A_S48:47600004:3,True,False,0.6517235040664673,0.613513378193602,-0.03821012587286532
A_S48_W_m0.030,development,A_S48:47600004:8,True,False,0.42264291644096375,0.3769292727811262,-0.045713643659837544
A_S48_W_m0.030,development,A_S48:47600004:53,False,True,0.12490381300449371,0.07918313929985743,-0.04572067370463628
A_S48_W_m0.030,development,A_S48:47600004:65,False,True,0.08989262580871582,0.07498065214895178,-0.014911973659764044
A_S48_W_m0.030,development,A_S48:47600004:92,False,True,0.07804404944181442,0.10030120823648758,0.02225715879467316
A_S48_W_m0.030,development,A_S48:47600004:109,False,True,0.06491083651781082,0.06341508940022322,-0.001495747117587598
A_S48_W_m0.030,development,A_S48:47600004:122,False,True,0.07421701401472092,0.08284106737846741,0.008624053363746498
A_S48_W_m0.030,development,A_S48:47600005:2,True,False,0.6805866956710815,0.6324705646838993,-0.04811613098718226
A_S48_W_m0.030,development,A_S48:47600005:5,True,False,0.5660020112991333,0.5350990028819069,-0.030903008417226374
A_S48_W_m0.030,development,A_S48:47600005:15,True,False,0.06336206942796707,0.07728525791026186,0.01392318848229479
A_S48_W_m0.030,development,A_S48:47600005:24,True,False,0.028332864865660667,0.04230277812166605,0.013969913256005384
A_S48_W_m0.030,development,A_S48:47600005:33,True,False,0.04090544208884239,0.04789997886837227,0.006994536779529881
A_S48_W_m0.030,development,A_S48:47600005:48,False,True,0.026653792709112167,0.028138830835814588,0.0014850381267024204
A_S48_W_m0.030,development,A_S48:47600005:86,False,True,0.022050324827432632,0.026295534105884144,0.004245209278451512
A_S48_W_m0.030,development,A_S48:47600005:88,False,True,0.02608264796435833,0.031052928796270862,0.0049702808319125324
A_S48_W_m0.030,development,A_S48:47600005:105,False,True,0.045233361423015594,0.05791749789204914,0.012684136469033547
A_S48_W_m0.030,development,A_S48:47600005:119,False,True,0.03160151466727257,0.05583139567170292,0.024229881004430354
A_S48_W_m0.030,development,A_S48:47600006:2,True,False,0.6760903596878052,0.6530386549420655,-0.0230517047457397
A_S48_W_m0.030,development,A_S48:47600006:11,True,False,0.17978999018669128,0.19467652775347233,0.014886537566781044
A_S48_W_m0.030,development,A_S48:47600006:13,True,False,0.10887838155031204,0.1142314925964456,0.005353111046133563
A_S48_W_m0.030,development,A_S48:47600006:16,True,False,0.12909705936908722,0.08466739345749374,-0.044429665911593474
A_S48_W_m0.030,development,A_S48:47600006:25,True,False,0.02910103276371956,0.046732985763810575,0.017631953000091016
A_S48_W_m0.030,development,A_S48:47600006:38,True,False,0.06192183867096901,0.06352978524955688,0.001607946578587871
A_S48_W_m0.030,development,A_S48:47600006:72,False,True,0.020258409902453423,0.040710758352361154,0.02045234844990773
A_S48_W_m0.030,development,A_S48:47600006:101,False,True,0.039962608367204666,0.042932784926961176,0.00297017655975651
A_S48_W_m0.030,development,A_S48:47600006:132,False,True,0.05510697141289711,0.04939157980697928,-0.00571539160591783
A_S48_W_m0.030,development,A_S48:47600006:177,False,True,0.026815956458449364,0.03027237292553764,0.0034564164670882747
A_S48_W_m0.030,development,A_S48:47600007:4,True,False,0.6075765490531921,0.5339895930374041,-0.07358695601578802
A_S48_W_m0.030,development,A_S48:47600007:7,True,False,0.40477752685546875,0.39472376904450357,-0.01005375781096518
A_S48_W_m0.030,development,A_S48:47600007:10,True,False,0.38986170291900635,0.3560434825485572,-0.033818220370449126
A_S48_W_m0.030,development,A_S48:47600007:17,True,False,0.1258726269006729,0.1363103165058419,0.010437689605168998
A_S48_W_m0.030,development,A_S48:47600007:27,True,False,0.07009401172399521,0.07517959684628295,0.005085585122287739
A_S48_W_m0.030,development,A_S48:47600007:28,True,False,0.053742315620183945,0.09100913193105953,0.03726681631087558
A_S48_W_m0.030,development,A_S48:47600007:61,False,True,0.017497364431619644,0.019943957126088208,0.0024465926944685634
A_S48_W_m0.030,development,A_S48:47600007:66,False,True,0.015041773207485676,0.02270676867919974,0.0076649954717140645
A_S48_W_m0.030,development,A_S48:47600007:87,False,True,0.026071375235915184,0.024359609826205997,-0.0017117654097091872
A_S48_W_m0.030,development,A_S48:47600007:117,False,True,0.022497331723570824,0.02044537147594383,-0.002051960247626994
A_S48_W_m0.030,development,A_S48:47600008:6,True,False,0.5262341499328613,0.5125463954173028,-0.013687754515558481
A_S48_W_m0.030,development,A_S48:47600008:8,True,False,0.4805121421813965,0.45343429292552173,-0.027077849255874753
A_S48_W_m0.030,development,A_S48:47600008:21,True,False,0.13815189898014069,0.14179322916606907,0.003641330185928382
A_S48_W_m0.030,development,A_S48:47600008:23,True,False,0.11670073866844177,0.08975627248582896,-0.026944466182612814
A_S48_W_m0.030,development,A_S48:47600008:49,False,True,0.15276089310646057,0.10524634599278215,-0.04751454711367842
A_S48_W_m0.030,development,A_S48:47600008:54,False,True,0.049642134457826614,0.04688428548979573,-0.002757848968030885
A_S48_W_m0.030,development,A_S48:47600008:61,False,True,0.031203962862491608,0.028948341991053894,-0.0022556208714377135
A_S48_W_m0.030,development,A_S48:47600008:87,False,True,0.021224938333034515,0.022463632209110074,0.0012386938760755584
A_S48_W_m0.030,development,A_S48:47600008:101,False,True,0.03224306181073189,0.026572757575195283,-0.005670304235536605
A_S48_W_m0.050,train,A_S48:47500000:1,True,False,0.8699997663497925,0.7949231378734112,-0.0750766284763813
A_S48_W_m0.050,train,A_S48:47500000:8,True,False,0.5272173285484314,0.447188020683825,-0.08002930786460638
A_S48_W_m0.050,train,A_S48:47500000:26,True,False,0.14751118421554565,0.06573195377131924,-0.08177923044422641
A_S48_W_m0.050,train,A_S48:47500000:39,True,False,0.14037460088729858,0.03948782855877653,-0.10088677232852206
A_S48_W_m0.050,train,A_S48:47500000:84,False,True,0.038397178053855896,0.036078530305530876,-0.00231864774832502
A_S48_W_m0.050,train,A_S48:47500000:141,False,True,0.04245448112487793,0.042931158910505474,0.0004766777856275439
A_S48_W_m0.050,train,A_S48:47500000:144,False,True,0.037322621792554855,0.04821255849674344,0.010889936704188585
A_S48_W_m0.050,train,A_S48:47500000:155,False,True,0.01415062416344881,0.021121895173564553,0.006971271010115743
A_S48_W_m0.050,train,A_S48:47500000:169,False,True,0.01692633517086506,0.01936514029512182,0.00243880512425676
A_S48_W_m0.050,train,A_S48:47500000:179,False,True,0.02170301228761673,0.02197665345738642,0.00027364116976968944
A_S48_W_m0.050,train,A_S48:47500002:2,True,False,0.814017653465271,0.7340894285589457,-0.07992822490632534
A_S48_W_m0.050,train,A_S48:47500002:3,True,False,0.7605764865875244,0.6711622178554535,-0.08941426873207092
A_S48_W_m0.050,train,A_S48:47500002:15,True,False,0.35293710231781006,0.260555692948401,-0.09238140936940908
A_S48_W_m0.050,train,A_S48:47500002:25,True,False,0.2475575953722,0.1385217080824077,-0.1090358872897923
A_S48_W_m0.050,train,A_S48:47500002:33,True,False,0.16365839540958405,0.1049403646029532,-0.05871803080663085
A_S48_W_m0.050,train,A_S48:47500002:55,False,True,0.05880499631166458,0.04243336583022028,-0.0163716304814443
A_S48_W_m0.050,train,A_S48:47500002:101,False,True,0.02416536770761013,0.028951838350621983,0.004786470643011853
A_S48_W_m0.050,train,A_S48:47500002:114,False,True,0.04791566729545593,0.040190052008256316,-0.007725615287199616
A_S48_W_m0.050,train,A_S48:47500002:152,False,True,0.060670189559459686,0.04451710294233635,-0.016153086617123336
A_S48_W_m0.050,train,A_S48:47500002:178,False,True,0.019756576046347618,0.01982760545797646,7.102941162884235e-05
A_S48_W_m0.050,train,A_S48:47500003:4,True,False,0.6815342307090759,0.6105500385165215,-0.07098419219255447
A_S48_W_m0.050,train,A_S48:47500003:16,True,False,0.3659316599369049,0.26164048723876476,-0.10429117269814014
A_S48_W_m0.050,train,A_S48:47500003:24,True,False,0.268400639295578,0.16139148850925267,-0.10700915078632534
A_S48_W_m0.050,train,A_S48:47500003:41,True,False,0.1412399858236313,0.05958821054082364,-0.08165177528280765
A_S48_W_m0.050,train,A_S48:47500003:46,True,False,0.10250299423933029,0.03716030134819448,-0.06534269289113581
A_S48_W_m0.050,train,A_S48:47500003:80,False,True,0.04667031019926071,0.03533347247866914,-0.011336837720591575
A_S48_W_m0.050,train,A_S48:47500003:91,False,True,0.044120095670223236,0.04241770977387205,-0.0017023858963511884
A_S48_W_m0.050,train,A_S48:47500003:109,False,True,0.0829295739531517,0.09765245008748025,0.014722876134328544
A_S48_W_m0.050,train,A_S48:47500003:149,False,True,0.032972898334264755,0.020845103077590466,-0.01212779525667429
A_S48_W_m0.050,train,A_S48:47500003:180,False,True,0.028656795620918274,0.038502444978803396,0.009845649357885122
A_S48_W_m0.050,train,A_S48:47500005:2,True,False,0.7850049734115601,0.7131398804485798,-0.07186509296298027
A_S48_W_m0.050,train,A_S48:47500005:6,True,False,0.5828530788421631,0.5249689063057303,-0.05788417253643274
A_S48_W_m0.050,train,A_S48:47500005:13,True,False,0.4395311176776886,0.3416193842422217,-0.09791173343546689
A_S48_W_m0.050,train,A_S48:47500005:45,True,False,0.11341320723295212,0.0359566614497453,-0.07745654578320682
A_S48_W_m0.050,train,A_S48:47500005:46,True,False,0.10503597557544708,0.025088758731726557,-0.07994721684372053
A_S48_W_m0.050,train,A_S48:47500005:67,False,True,0.023616096004843712,0.027350257558282465,0.003734161553438753
A_S48_W_m0.050,train,A_S48:47500005:106,False,True,0.020176177844405174,0.02496689770487137,0.004790719860466197
A_S48_W_m0.050,train,A_S48:47500005:120,False,True,0.07265636324882507,0.07778157736174762,0.005125214112922549
A_S48_W_m0.050,train,A_S48:47500005:170,False,True,0.02602054737508297,0.024755236314376816,-0.0012653110607061535
A_S48_W_m0.050,train,A_S48:47500006:4,True,False,0.7271364331245422,0.6441954076290131,-0.08294102549552917
A_S48_W_m0.050,train,A_S48:47500006:5,True,False,0.6778630614280701,0.6034334469586611,-0.07442961446940899
A_S48_W_m0.050,train,A_S48:47500006:8,True,False,0.5602311491966248,0.4857385791838169,-0.07449257001280785
A_S48_W_m0.050,train,A_S48:47500006:10,True,False,0.5599090456962585,0.4054651316255331,-0.15444391407072544
A_S48_W_m0.050,train,A_S48:47500006:89,False,True,0.03927451744675636,0.02901412345818244,-0.010260393988573924
A_S48_W_m0.050,train,A_S48:47500006:102,False,True,0.024412408471107483,0.03694365167757496,0.01253124320646748
A_S48_W_m0.050,train,A_S48:47500006:118,False,True,0.03596316650509834,0.03917305020149797,0.003209883696399629
A_S48_W_m0.050,train,A_S48:47500006:136,False,True,0.03369588404893875,0.034653117472771555,0.000957233423832804
A_S48_W_m0.050,train,A_S48:47500006:169,False,True,0.017155252397060394,0.020013293804368004,0.00285804140730761
A_S48_W_m0.050,train,A_S48:47500007:4,True,False,0.7106682062149048,0.6366156674921513,-0.07405253872275352
A_S48_W_m0.050,train,A_S48:47500007:6,True,False,0.6095370650291443,0.5315359430387616,-0.07800112199038267
A_S48_W_m0.050,train,A_S48:47500007:13,True,False,0.41385340690612793,0.3142395648173988,-0.09961384208872914
A_S48_W_m0.050,train,A_S48:47500007:36,True,False,0.17169125378131866,0.0736220174585469,-0.09806923632277176
A_S48_W_m0.050,train,A_S48:47500007:97,False,True,0.0252065472304821,0.029931602359283715,0.004725055128801614
A_S48_W_m0.050,train,A_S48:47500007:118,False,True,0.02625185064971447,0.02795040945056826,0.0016985588008537889
A_S48_W_m0.050,train,A_S48:47500007:134,False,True,0.03905752673745155,0.03390960238175467,-0.005147924355696887
A_S48_W_m0.050,train,A_S48:47500007:168,False,True,0.02562088891863823,0.020887047285214067,-0.004733841633424163
A_S48_W_m0.050,train,A_S48:47500008:4,True,False,0.7050563097000122,0.6399390175938606,-0.06511729210615158
A_S48_W_m0.050,train,A_S48:47500008:10,True,False,0.5146699547767639,0.3788307812064886,-0.1358391735702753
A_S48_W_m0.050,train,A_S48:47500008:20,True,False,0.23552151024341583,0.14904799684882164,-0.08647351339459419
A_S48_W_m0.050,train,A_S48:47500008:28,True,False,0.160755917429924,0.06982284766854718,-0.09093306976137683
A_S48_W_m0.050,train,A_S48:47500008:34,True,False,0.15616007149219513,0.07800786482403055,-0.07815220666816458
A_S48_W_m0.050,train,A_S48:47500008:112,False,True,0.009077283553779125,0.019998690753709525,0.0109214071999304
A_S48_W_m0.050,train,A_S48:47500008:131,False,True,0.037668414413928986,0.034615140582900494,-0.0030532738310284913
A_S48_W_m0.050,train,A_S48:47500008:172,False,True,0.009937258437275887,0.01459599235386122,0.004658733916585334
A_S48_W_m0.050,train,A_S48:47500009:6,True,False,0.6233872771263123,0.526293826289475,-0.09709345083683729
A_S48_W_m0.050,train,A_S48:47500009:11,True,False,0.4308048486709595,0.3418673309497535,-0.08893751772120595
A_S48_W_m0.050,train,A_S48:47500009:15,True,False,0.33608636260032654,0.25302648544311523,-0.0830598771572113
A_S48_W_m0.050,train,A_S48:47500009:20,True,False,0.14764373004436493,0.0739336124388501,-0.07371011760551482
A_S48_W_m0.050,train,A_S48:47500009:26,True,False,0.08447054773569107,0.030198915250366554,-0.05427163248532452
A_S48_W_m0.050,train,A_S48:47500009:36,True,False,0.07203599065542221,0.027655178506392986,-0.044380812149029225
A_S48_W_m0.050,train,A_S48:47500009:68,False,True,0.024791352450847626,0.02030665095662698,-0.004484701494220644
A_S48_W_m0.050,train,A_S48:47500009:142,False,True,0.02540709637105465,0.02891099132830277,0.0035038949572481215
A_S48_W_m0.050,train,A_S48:47500011:5,True,False,0.6466006636619568,0.5524411424994469,-0.09415952116250992
A_S48_W_m0.050,train,A_S48:47500011:15,True,False,0.19576266407966614,0.12128540873527527,-0.07447725534439087
A_S48_W_m0.050,train,A_S48:47500011:26,True,False,0.09208595007658005,0.03928621718659997,-0.05279973288998008
A_S48_W_m0.050,train,A_S48:47500011:29,True,False,0.11905430257320404,0.047999205940868706,-0.07105509663233534
A_S48_W_m0.050,train,A_S48:47500011:31,True,False,0.11051825433969498,0.055589448020327836,-0.05492880631936714
A_S48_W_m0.050,train,A_S48:47500011:36,True,False,0.07899175584316254,0.02476051461417228,-0.05423124122899026
A_S48_W_m0.050,train,A_S48:47500011:49,False,True,0.020746219903230667,0.032713529537431896,0.011967309634201229
A_S48_W_m0.050,train,A_S48:47500011:56,False,True,0.05599594488739967,0.05400722788181156,-0.0019887170055881143
A_S48_W_m0.050,train,A_S48:47500011:74,False,True,0.0212668776512146,0.021324659988749772,5.77823375351727e-05
A_S48_W_m0.050,train,A_S48:47500011:167,False,True,0.02357635833323002,0.024202549073379487,0.0006261907401494682
A_S48_W_m0.050,train,A_S48:47500013:14,True,False,0.3053472638130188,0.19125572894699872,-0.11409153486602008
A_S48_W_m0.050,train,A_S48:47500013:15,True,False,0.3454430103302002,0.19745495356619358,-0.14798805676400661
A_S48_W_m0.050,train,A_S48:47500013:28,True,False,0.2173224836587906,0.11708095262292773,-0.10024153103586286
A_S48_W_m0.050,train,A_S48:47500013:32,True,False,0.2103278785943985,0.06457422173116356,-0.14575365686323494
A_S48_W_m0.050,train,A_S48:47500013:58,False,True,0.08508571982383728,0.09383829543367028,0.008752575609833002
A_S48_W_m0.050,train,A_S48:47500013:83,False,True,0.033559396862983704,0.04132263985229656,0.007763242989312857
A_S48_W_m0.050,train,A_S48:47500013:119,False,True,0.14211368560791016,0.13809038838371634,-0.004023297224193811
A_S48_W_m0.050,train,A_S48:47500013:128,False,True,0.028354862704873085,0.03683211875613779,0.008477256051264703
A_S48_W_m0.050,train,A_S48:47500013:162,False,True,0.05609437823295593,0.04350207292009145,-0.012592305312864482
A_S48_W_m0.050,train,A_S48:47500013:165,False,True,0.022901030257344246,0.04466775443870574,0.021766724181361496
A_S48_W_m0.050,train,A_S48:47500014:9,True,False,0.5217821598052979,0.39630202762782574,-0.12548013217747211
A_S48_W_m0.050,train,A_S48:47500014:10,True,False,0.5263069868087769,0.31517045153304935,-0.2111365352757275
A_S48_W_m0.050,train,A_S48:47500014:20,True,False,0.10265566408634186,0.05057594628306106,-0.0520797178032808
A_S48_W_m0.050,train,A_S48:47500014:43,True,False,0.07831577211618423,0.025982545252190903,-0.05233322686399333
A_S48_W_m0.050,train,A_S48:47500014:60,False,True,0.020473545417189598,0.016824515216285363,-0.0036490302009042352
A_S48_W_m0.050,train,A_S48:47500014:78,False,True,0.01964367739856243,0.025392289273440838,0.0057486118748784065
A_S48_W_m0.050,train,A_S48:47500014:99,False,True,0.02716086432337761,0.026654408546164632,-0.0005064557772129774
A_S48_W_m0.050,train,A_S48:47500014:134,False,True,0.032536208629608154,0.0435109747631941,0.010974766133585945
A_S48_W_m0.050,train,A_S48:47500014:161,False,True,0.035044748336076736,0.033513343951199204,-0.0015314043848775327
A_S48_W_m0.050,train,A_S48:47500014:170,False,True,0.029404187574982643,0.024658346665091813,-0.0047458409098908305
A_S48_W_m0.050,train,A_S48:47500016:4,True,False,0.7007079720497131,0.6233438272029161,-0.07736414484679699
A_S48_W_m0.050,train,A_S48:47500016:5,True,False,0.6396684646606445,0.5771246682852507,-0.06254379637539387
A_S48_W_m0.050,train,A_S48:47500016:30,True,False,0.18529726564884186,0.06827754207188264,-0.11701972357695922
A_S48_W_m0.050,train,A_S48:47500016:42,True,False,0.1297587901353836,0.0666841950151138,-0.0630745951202698
A_S48_W_m0.050,train,A_S48:47500016:43,True,False,0.12178099155426025,0.0599953219643794,-0.061785669589880854
A_S48_W_m0.050,train,A_S48:47500016:108,False,True,0.021253371611237526,0.01723036408657208,-0.004023007524665445
A_S48_W_m0.050,train,A_S48:47500016:129,False,True,0.020568210631608963,0.0172417753492482,-0.0033264352823607624
A_S48_W_m0.050,train,A_S48:47500016:165,False,True,0.01783105917274952,0.014668622054159641,-0.003162437118589878
A_S48_W_m0.050,train,A_S48:47500016:169,False,True,0.014909605495631695,0.016497365606483072,0.0015877601108513772
A_S48_W_m0.050,development,A_S48:47600000:3,True,False,0.7781161069869995,0.7206664613913745,-0.05744964559562504
A_S48_W_m0.050,development,A_S48:47600000:14,True,False,0.09371541440486908,0.09013721905648708,-0.003578195348381996
A_S48_W_m0.050,development,A_S48:47600000:17,True,False,0.06729667633771896,0.06518828510161256,-0.0021083912361063994
A_S48_W_m0.050,development,A_S48:47600000:21,True,False,0.06344985216856003,0.03420839467435144,-0.02924145749420859
A_S48_W_m0.050,development,A_S48:47600000:29,True,False,0.1305355280637741,0.11465368770586792,-0.015881840357906185
A_S48_W_m0.050,development,A_S48:47600000:32,True,False,0.08493279665708542,0.15298704979068134,0.06805425313359592
A_S48_W_m0.050,development,A_S48:47600000:76,False,True,0.029190437868237495,0.030512011460814392,0.0013215735925768968
A_S48_W_m0.050,development,A_S48:47600000:83,False,True,0.02481810562312603,0.03664563921120134,0.011827533588075312
A_S48_W_m0.050,development,A_S48:47600000:157,False,True,0.009029733948409557,0.01674606354572461,0.0077163295973150525
A_S48_W_m0.050,development,A_S48:47600002:2,True,False,0.833840012550354,0.754494052613154,-0.07934595993719995
A_S48_W_m0.050,development,A_S48:47600002:16,True,False,0.12184720486402512,0.09162423333327752,-0.0302229715307476
A_S48_W_m0.050,development,A_S48:47600002:30,True,False,0.011235562153160572,0.018090391866280697,0.006854829713120125
A_S48_W_m0.050,development,A_S48:47600002:36,True,False,0.03711535781621933,0.042283564689569175,0.005168206873349845
A_S48_W_m0.050,development,A_S48:47600002:68,False,True,0.020334528759121895,0.019548002324881963,-0.0007865264342399314
A_S48_W_m0.050,development,A_S48:47600002:76,False,True,0.018175765872001648,0.017177063775307033,-0.0009987020966946147
A_S48_W_m0.050,development,A_S48:47600002:79,False,True,0.038709856569767,0.04916661109018605,0.010456754520419054
A_S48_W_m0.050,development,A_S48:47600002:89,False,True,0.05284043401479721,0.06142183906194987,0.008581405047152657
A_S48_W_m0.050,development,A_S48:47600002:107,False,True,0.16625191271305084,0.1323486836045049,-0.03390322910854593
A_S48_W_m0.050,development,A_S48:47600003:1,True,False,0.8679149746894836,0.814537591766566,-0.053377382922917604
A_S48_W_m0.050,development,A_S48:47600003:3,True,False,0.7677233815193176,0.6950422555673867,-0.07268112595193088
A_S48_W_m0.050,development,A_S48:47600003:4,True,False,0.664210855960846,0.62785878428258,-0.03635207167826593
A_S48_W_m0.050,development,A_S48:47600003:11,True,False,0.16218088567256927,0.23584991080861073,0.07366902513604145
A_S48_W_m0.050,development,A_S48:47600003:12,True,False,0.2185772806406021,0.25467974427738227,0.03610246363678016
A_S48_W_m0.050,development,A_S48:47600003:22,True,False,0.017523236572742462,0.03477611951166182,0.017252882938919356
A_S48_W_m0.050,development,A_S48:47600003:70,False,True,0.08947131037712097,0.08697093201772077,-0.0025003783594002016
A_S48_W_m0.050,development,A_S48:47600003:90,False,True,0.06796417385339737,0.05887383595836582,-0.009090337895031553
A_S48_W_m0.050,development,A_S48:47600003:112,False,True,0.027540920302271843,0.021890964151680237,-0.005649956150591606
A_S48_W_m0.050,development,A_S48:47600003:125,False,True,0.026727601885795593,0.02508354582823813,-0.0016440560575574636
A_S48_W_m0.050,development,A_S48:47600004:3,True,False,0.7434940934181213,0.6900908874813467,-0.05340320593677461
A_S48_W_m0.050,development,A_S48:47600004:8,True,False,0.42827698588371277,0.3720543351955712,-0.056222650688141584
A_S48_W_m0.050,development,A_S48:47600004:53,False,True,0.08926896750926971,0.05018008173647104,-0.039088885772798676
A_S48_W_m0.050,development,A_S48:47600004:65,False,True,0.05666198208928108,0.04548898886787356,-0.011172993221407523
A_S48_W_m0.050,development,A_S48:47600004:92,False,True,0.04257231950759888,0.06634670529456344,0.023774385786964558
A_S48_W_m0.050,development,A_S48:47600004:109,False,True,0.04873050004243851,0.04678365623476566,-0.001946843807672849
A_S48_W_m0.050,development,A_S48:47600004:122,False,True,0.05760202556848526,0.062745292980253,0.005143267411767738
A_S48_W_m0.050,development,A_S48:47600005:2,True,False,0.8138971328735352,0.7428820836357772,-0.07101504923775792
A_S48_W_m0.050,development,A_S48:47600005:5,True,False,0.6473056674003601,0.5898026947397739,-0.05750297266058624
A_S48_W_m0.050,development,A_S48:47600005:15,True,False,0.05799992009997368,0.06429168430622667,0.006291764206252992
A_S48_W_m0.050,development,A_S48:47600005:24,True,False,0.025721535086631775,0.038628076796157984,0.01290654170952621
A_S48_W_m0.050,development,A_S48:47600005:33,True,False,0.04480554908514023,0.04571866798505653,0.0009131188999162987
A_S48_W_m0.050,development,A_S48:47600005:48,False,True,0.031392212957143784,0.034209854195069056,0.0028176412379252724
A_S48_W_m0.050,development,A_S48:47600005:86,False,True,0.019731566309928894,0.024680211306986166,0.004948644997057272
A_S48_W_m0.050,development,A_S48:47600005:88,False,True,0.03477982431650162,0.04013710200160858,0.005357277685106965
A_S48_W_m0.050,development,A_S48:47600005:105,False,True,0.04068294167518616,0.07123036454140674,0.030547422866220586
A_S48_W_m0.050,development,A_S48:47600005:119,False,True,0.034656643867492676,0.05712876050893101,0.022472116641438333
A_S48_W_m0.050,development,A_S48:47600006:2,True,False,0.8212701082229614,0.7645359004382044,-0.05673420778475702
A_S48_W_m0.050,development,A_S48:47600006:11,True,False,0.18526948988437653,0.20246797031722963,0.017198480432853103
A_S48_W_m0.050,development,A_S48:47600006:13,True,False,0.08962959796190262,0.1251375223582727,0.03550792439637007
A_S48_W_m0.050,development,A_S48:47600006:16,True,False,0.1276424080133438,0.0737186406404362,-0.053923767372907605
A_S48_W_m0.050,development,A_S48:47600006:25,True,False,0.023791207000613213,0.039852868372690864,0.01606166137207765
A_S48_W_m0.050,development,A_S48:47600006:38,True,False,0.06197462975978851,0.053904863612842746,-0.008069766146945767
A_S48_W_m0.050,development,A_S48:47600006:72,False,True,0.016471032053232193,0.04017118574120104,0.02370015368796885
A_S48_W_m0.050,development,A_S48:47600006:101,False,True,0.033957596868276596,0.037250016517646145,0.003292419649369549
A_S48_W_m0.050,development,A_S48:47600006:132,False,True,0.04449420049786568,0.038019450825231615,-0.006474749672634061
A_S48_W_m0.050,development,A_S48:47600006:177,False,True,0.028545433655381203,0.024255995347630233,-0.00428943830775097
A_S48_W_m0.050,development,A_S48:47600007:4,True,False,0.6815279722213745,0.5956710067111999,-0.08585696551017463
A_S48_W_m0.050,development,A_S48:47600007:7,True,False,0.42196139693260193,0.40544889960438013,-0.016512497328221798
A_S48_W_m0.050,development,A_S48:47600007:10,True,False,0.4311310946941376,0.370358694170136,-0.06077240052400157
A_S48_W_m0.050,development,A_S48:47600007:17,True,False,0.11213664710521698,0.08624995416175807,-0.02588669294345891
A_S48_W_m0.050,development,A_S48:47600007:27,True,False,0.0626894161105156,0.08705840554102906,0.024368989430513466
A_S48_W_m0.050,development,A_S48:47600007:28,True,False,0.06108325347304344,0.11275433566333959,0.05167108219029615
A_S48_W_m0.050,development,A_S48:47600007:61,False,True,0.01400289498269558,0.018878427141316934,0.004875532158621354
A_S48_W_m0.050,development,A_S48:47600007:66,False,True,0.011919710785150528,0.02095244751944847,0.009032736734297941
A_S48_W_m0.050,development,A_S48:47600007:87,False,True,0.019806787371635437,0.02366288255143445,0.003856095179799013
A_S48_W_m0.050,development,A_S48:47600007:117,False,True,0.018700163811445236,0.01998451940016821,0.001284355588722974
A_S48_W_m0.050,development,A_S48:47600008:6,True,False,0.5881582498550415,0.5567693548509851,-0.031388895004056394
A_S48_W_m0.050,development,A_S48:47600008:8,True,False,0.5272209048271179,0.47058934590313584,-0.056631558923982084
A_S48_W_m0.050,development,A_S48:47600008:21,True,False,0.14149822294712067,0.13439827826368855,-0.007099944683432113
A_S48_W_m0.050,development,A_S48:47600008:23,True,False,0.10679147392511368,0.09158191955066286,-0.015209554374450818
A_S48_W_m0.050,development,A_S48:47600008:49,False,True,0.13830190896987915,0.10423005711345468,-0.03407185185642447
A_S48_W_m0.050,development,A_S48:47600008:54,False,True,0.051132164895534515,0.0517548834104673,0.0006227185149327852
A_S48_W_m0.050,development,A_S48:47600008:61,False,True,0.039986323565244675,0.03477658223710023,-0.005209741328144446
A_S48_W_m0.050,development,A_S48:47600008:87,False,True,0.01791205070912838,0.02031242252269294,0.0024003718135645613
A_S48_W_m0.050,development,A_S48:47600008:101,False,True,0.02710186131298542,0.023125925570639083,-0.003975935742346337
A_S48_W_m0.100,train,A_S48:47500000:1,True,False,0.8955636620521545,0.7556414026767015,-0.139922259375453
A_S48_W_m0.100,train,A_S48:47500000:8,True,False,0.4897487163543701,0.33850777335464954,-0.15124094299972057
A_S48_W_m0.100,train,A_S48:47500000:26,True,False,0.18919315934181213,0.06115640001371503,-0.1280367593280971
A_S48_W_m0.100,train,A_S48:47500000:39,True,False,0.18993279337882996,0.05040665116393939,-0.13952614221489057
A_S48_W_m0.100,train,A_S48:47500000:84,False,True,0.05121660605072975,0.04738399537745863,-0.0038326106732711196
A_S48_W_m0.100,train,A_S48:47500000:141,False,True,0.04711277782917023,0.042760092532262206,-0.004352685296908021
A_S48_W_m0.100,train,A_S48:47500000:144,False,True,0.04593852907419205,0.053125320468097925,0.007186791393905878
A_S48_W_m0.100,train,A_S48:47500000:155,False,True,0.01824098639190197,0.020390164136188105,0.002149177744286135
A_S48_W_m0.100,train,A_S48:47500000:169,False,True,0.016457628458738327,0.02101158126606606,0.0045539528073277324
A_S48_W_m0.100,train,A_S48:47500000:179,False,True,0.019831079989671707,0.022926467761863023,0.003095387772191316
A_S48_W_m0.100,train,A_S48:47500002:2,True,False,0.8231135606765747,0.6572346612811089,-0.16587889939546585
A_S48_W_m0.100,train,A_S48:47500002:3,True,False,0.7178164720535278,0.5919174067676067,-0.1258990652859211
A_S48_W_m0.100,train,A_S48:47500002:15,True,False,0.3925109803676605,0.2152202008292079,-0.17729077953845263
A_S48_W_m0.100,train,A_S48:47500002:25,True,False,0.26134809851646423,0.12159926339518279,-0.13974883512128145
A_S48_W_m0.100,train,A_S48:47500002:33,True,False,0.2429036647081375,0.0881570742931217,-0.15474659041501582
A_S48_W_m0.100,train,A_S48:47500002:55,False,True,0.04566918686032295,0.0354889354784973,-0.010180251381825656
A_S48_W_m0.100,train,A_S48:47500002:101,False,True,0.03202257305383682,0.031635609950171784,-0.00038696310366503894
A_S48_W_m0.100,train,A_S48:47500002:114,False,True,0.07543912529945374,0.054423046589363366,-0.02101607871009037
A_S48_W_m0.100,train,A_S48:47500002:152,False,True,0.06150975450873375,0.05533429834758863,-0.006175456161145121
A_S48_W_m0.100,train,A_S48:47500002:178,False,True,0.01983330026268959,0.016345744748832658,-0.0034875555138569325
A_S48_W_m0.100,train,A_S48:47500003:4,True,False,0.6441291570663452,0.508564711548388,-0.1355644455179572
A_S48_W_m0.100,train,A_S48:47500003:16,True,False,0.3957124352455139,0.22184175602160394,-0.17387067922390997
A_S48_W_m0.100,train,A_S48:47500003:24,True,False,0.45525798201560974,0.23607139696832746,-0.21918658504728228
A_S48_W_m0.100,train,A_S48:47500003:41,True,False,0.317691445350647,0.123556062229909,-0.19413538312073797
A_S48_W_m0.100,train,A_S48:47500003:46,True,False,0.2812119126319885,0.07179919350892305,-0.20941271912306547
A_S48_W_m0.100,train,A_S48:47500003:80,False,True,0.08736403286457062,0.058571666362695396,-0.02879236650187522
A_S48_W_m0.100,train,A_S48:47500003:91,False,True,0.05700374394655228,0.051952491339761764,-0.005051252606790513
A_S48_W_m0.100,train,A_S48:47500003:109,False,True,0.10768286138772964,0.0897405557334423,-0.017942305654287338
A_S48_W_m0.100,train,A_S48:47500003:149,False,True,0.036395907402038574,0.021775467961560935,-0.01462043944047764
A_S48_W_m0.100,train,A_S48:47500003:180,False,True,0.03100758232176304,0.04449872195255011,0.013491139630787075
A_S48_W_m0.100,train,A_S48:47500005:2,True,False,0.7988869547843933,0.6545232720673084,-0.14436368271708488
A_S48_W_m0.100,train,A_S48:47500005:6,True,False,0.613508939743042,0.4761252235621214,-0.1373837161809206
A_S48_W_m0.100,train,A_S48:47500005:13,True,False,0.46066123247146606,0.26196632720530033,-0.19869490526616573
A_S48_W_m0.100,train,A_S48:47500005:45,True,False,0.2649191915988922,0.057589352887589484,-0.20732983871130273
A_S48_W_m0.100,train,A_S48:47500005:46,True,False,0.17894205451011658,0.03450776293175295,-0.14443429157836363
A_S48_W_m0.100,train,A_S48:47500005:67,False,True,0.02717939019203186,0.03298688743961975,0.005807497247587889
A_S48_W_m0.100,train,A_S48:47500005:106,False,True,0.021366510540246964,0.03007123016868718,0.008704719628440216
A_S48_W_m0.100,train,A_S48:47500005:120,False,True,0.11775758117437363,0.12721579568460584,0.00945821451023221
A_S48_W_m0.100,train,A_S48:47500005:170,False,True,0.0239456407725811,0.02661871918826364,0.0026730784156825393
A_S48_W_m0.100,train,A_S48:47500006:4,True,False,0.6955918669700623,0.5473084216937423,-0.14828344527631998
A_S48_W_m0.100,train,A_S48:47500006:5,True,False,0.6471643447875977,0.5204509068280458,-0.1267134379595518
A_S48_W_m0.100,train,A_S48:47500006:8,True,False,0.5658754706382751,0.39989453786984086,-0.16598093276843429
A_S48_W_m0.100,train,A_S48:47500006:10,True,False,0.5081725120544434,0.33804378006607294,-0.17012873198837042
A_S48_W_m0.100,train,A_S48:47500006:89,False,True,0.027643462643027306,0.028463769529480487,0.0008203068864531815
A_S48_W_m0.100,train,A_S48:47500006:102,False,True,0.02338767796754837,0.0392665212857537,0.015878843318205327
A_S48_W_m0.100,train,A_S48:47500006:118,False,True,0.025074683129787445,0.05081729817902669,0.025742615049239248
A_S48_W_m0.100,train,A_S48:47500006:136,False,True,0.039061885327100754,0.03447893384145573,-0.004582951485645026
A_S48_W_m0.100,train,A_S48:47500006:169,False,True,0.01463332213461399,0.021067368710646406,0.006434046576032415
A_S48_W_m0.100,train,A_S48:47500007:4,True,False,0.6923865675926208,0.5574893085286021,-0.13489725906401873
A_S48_W_m0.100,train,A_S48:47500007:6,True,False,0.5851702690124512,0.4259441322647035,-0.15922613674774766
A_S48_W_m0.100,train,A_S48:47500007:13,True,False,0.3741360306739807,0.2664641053415835,-0.10767192533239722
A_S48_W_m0.100,train,A_S48:47500007:36,True,False,0.3088802397251129,0.06589732121210545,-0.24298291851300746
A_S48_W_m0.100,train,A_S48:47500007:97,False,True,0.03794855624437332,0.04418797470862046,0.006239418464247137
A_S48_W_m0.100,train,A_S48:47500007:118,False,True,0.0395914725959301,0.03169263046584092,-0.007898842130089179
A_S48_W_m0.100,train,A_S48:47500007:134,False,True,0.05201088637113571,0.05538581620203331,0.0033749298308975995
A_S48_W_m0.100,train,A_S48:47500007:168,False,True,0.024082662537693977,0.023013383033685386,-0.0010692795040085912
A_S48_W_m0.100,train,A_S48:47500008:4,True,False,0.6691598296165466,0.5682463943958282,-0.10091343522071838
A_S48_W_m0.100,train,A_S48:47500008:10,True,False,0.5249412059783936,0.28771416703239083,-0.23722703894600272
A_S48_W_m0.100,train,A_S48:47500008:20,True,False,0.3870225250720978,0.19842793862335384,-0.18859458644874394
A_S48_W_m0.100,train,A_S48:47500008:28,True,False,0.22965097427368164,0.10273552080616355,-0.1269154534675181
A_S48_W_m0.100,train,A_S48:47500008:34,True,False,0.27038177847862244,0.11509945697616786,-0.15528232150245458
A_S48_W_m0.100,train,A_S48:47500008:112,False,True,0.009573138318955898,0.01874389490694739,0.009170756587991491
A_S48_W_m0.100,train,A_S48:47500008:131,False,True,0.03331383690237999,0.03281543729826808,-0.0004983996041119099
A_S48_W_m0.100,train,A_S48:47500008:172,False,True,0.008333984762430191,0.015638136712368578,0.007304151949938387
A_S48_W_m0.100,train,A_S48:47500009:6,True,False,0.5792498588562012,0.45338588394224644,-0.12586397491395473
A_S48_W_m0.100,train,A_S48:47500009:11,True,False,0.3646220266819,0.25830290862359107,-0.10631911805830896
A_S48_W_m0.100,train,A_S48:47500009:15,True,False,0.3814316391944885,0.20615513855591416,-0.17527650063857436
A_S48_W_m0.100,train,A_S48:47500009:20,True,False,0.3452892601490021,0.12389601609902456,-0.2213932440499775
A_S48_W_m0.100,train,A_S48:47500009:26,True,False,0.20853978395462036,0.06016330354032107,-0.1483764804142993
A_S48_W_m0.100,train,A_S48:47500009:36,True,False,0.2058313637971878,0.06773267849348485,-0.13809868530370295
A_S48_W_m0.100,train,A_S48:47500009:68,False,True,0.02333483286201954,0.022319294104818255,-0.0010155387572012842
A_S48_W_m0.100,train,A_S48:47500009:142,False,True,0.030892077833414078,0.030792705016210675,-9.937281720340252e-05
A_S48_W_m0.100,train,A_S48:47500011:5,True,False,0.6503146290779114,0.403410735540092,-0.24690389353781939
A_S48_W_m0.100,train,A_S48:47500011:15,True,False,0.31472814083099365,0.12431684450712055,-0.1904112963238731
A_S48_W_m0.100,train,A_S48:47500011:26,True,False,0.2766541540622711,0.06189933459972963,-0.2147548194625415
A_S48_W_m0.100,train,A_S48:47500011:29,True,False,0.2732294499874115,0.07563104946166277,-0.19759840052574873
A_S48_W_m0.100,train,A_S48:47500011:31,True,False,0.1787087470293045,0.07995198771823198,-0.09875675931107253
A_S48_W_m0.100,train,A_S48:47500011:36,True,False,0.20015794038772583,0.029000026814173907,-0.17115791357355192
A_S48_W_m0.100,train,A_S48:47500011:49,False,True,0.033072274178266525,0.051784965820843354,0.01871269164257683
A_S48_W_m0.100,train,A_S48:47500011:56,False,True,0.06977585703134537,0.08326161233708262,0.013485755305737257
A_S48_W_m0.100,train,A_S48:47500011:74,False,True,0.043746817857027054,0.027955105993896723,-0.01579171186313033
A_S48_W_m0.100,train,A_S48:47500011:167,False,True,0.036056313663721085,0.032448143989313394,-0.0036081696744076908
A_S48_W_m0.100,train,A_S48:47500013:14,True,False,0.3804946839809418,0.21670881542377174,-0.16378586855717003
A_S48_W_m0.100,train,A_S48:47500013:15,True,False,0.39385873079299927,0.15350447804667056,-0.2403542527463287
A_S48_W_m0.100,train,A_S48:47500013:28,True,False,0.2551409602165222,0.13120794360293075,-0.12393301661359146
A_S48_W_m0.100,train,A_S48:47500013:32,True,False,0.2149171382188797,0.07642902704537846,-0.13848811117350124
A_S48_W_m0.100,train,A_S48:47500013:58,False,True,0.14279699325561523,0.14463891927152872,0.0018419260159134865
A_S48_W_m0.100,train,A_S48:47500013:83,False,True,0.058707721531391144,0.06975175708066672,0.011044035549275577
A_S48_W_m0.100,train,A_S48:47500013:119,False,True,0.2082090526819229,0.16844584979116917,-0.039763202890753746
A_S48_W_m0.100,train,A_S48:47500013:128,False,True,0.03132731094956398,0.050586744386237115,0.019259433436673135
A_S48_W_m0.100,train,A_S48:47500013:162,False,True,0.06526398658752441,0.042867422132985666,-0.022396564454538748
A_S48_W_m0.100,train,A_S48:47500013:165,False,True,0.029703089967370033,0.05589748214697465,0.02619439217960462
A_S48_W_m0.100,train,A_S48:47500014:9,True,False,0.4821014702320099,0.29843522468581796,-0.18366624554619193
A_S48_W_m0.100,train,A_S48:47500014:10,True,False,0.4914848208427429,0.23381010966841131,-0.2576747111743316
A_S48_W_m0.100,train,A_S48:47500014:20,True,False,0.16026964783668518,0.04360311300843023,-0.11666653482825495
A_S48_W_m0.100,train,A_S48:47500014:43,True,False,0.13154667615890503,0.03723642518161796,-0.09431025097728707
A_S48_W_m0.100,train,A_S48:47500014:60,False,True,0.022064466029405594,0.021599434490781277,-0.00046503153862431645
A_S48_W_m0.100,train,A_S48:47500014:78,False,True,0.04128051921725273,0.038815401028841734,-0.0024651181884109974
A_S48_W_m0.100,train,A_S48:47500014:99,False,True,0.02789689600467682,0.025624074187362567,-0.0022728218173142523
A_S48_W_m0.100,train,A_S48:47500014:134,False,True,0.03577301278710365,0.05115005627158098,0.015377043484477326
A_S48_W_m0.100,train,A_S48:47500014:161,False,True,0.03254520148038864,0.03142187124467455,-0.0011233302357140929
A_S48_W_m0.100,train,A_S48:47500014:170,False,True,0.029667571187019348,0.02472109886002727,-0.00494647232699208
A_S48_W_m0.100,train,A_S48:47500016:4,True,False,0.6845974922180176,0.5563775524497032,-0.12821993976831436
A_S48_W_m0.100,train,A_S48:47500016:5,True,False,0.5979929566383362,0.49998239055275917,-0.09801056608557701
A_S48_W_m0.100,train,A_S48:47500016:30,True,False,0.2950599789619446,0.08050431538140401,-0.21455566358054057
A_S48_W_m0.100,train,A_S48:47500016:42,True,False,0.28990763425827026,0.0993013969855383,-0.19060623727273196
A_S48_W_m0.100,train,A_S48:47500016:43,True,False,0.20982393622398376,0.07600076065864414,-0.13382317556533962
A_S48_W_m0.100,train,A_S48:47500016:108,False,True,0.01996089331805706,0.012378320505376905,-0.007582572812680155
A_S48_W_m0.100,train,A_S48:47500016:129,False,True,0.013855925761163235,0.012849580743932165,-0.0010063450172310695
A_S48_W_m0.100,train,A_S48:47500016:165,False,True,0.01144960056990385,0.012629559321794659,0.0011799587518908083
A_S48_W_m0.100,train,A_S48:47500016:169,False,True,0.009184329770505428,0.012733725772704929,0.003549396002199501
A_S48_W_m0.100,development,A_S48:47600000:3,True,False,0.7029131650924683,0.6272565950639546,-0.07565657002851367
A_S48_W_m0.100,development,A_S48:47600000:14,True,False,0.06881894171237946,0.07320299058483215,0.004384048872452695
A_S48_W_m0.100,development,A_S48:47600000:17,True,False,0.09433363378047943,0.07740465835377108,-0.016928975426708348
A_S48_W_m0.100,development,A_S48:47600000:21,True,False,0.1142583042383194,0.052572609354683664,-0.06168569488363573
A_S48_W_m0.100,development,A_S48:47600000:29,True,False,0.21206222474575043,0.16087536900886334,-0.05118685573688708
A_S48_W_m0.100,development,A_S48:47600000:32,True,False,0.11521019041538239,0.16025943562272005,0.04504924520733766
A_S48_W_m0.100,development,A_S48:47600000:76,False,True,0.05660751461982727,0.03163899277569726,-0.02496852184413001
A_S48_W_m0.100,development,A_S48:47600000:83,False,True,0.024092301726341248,0.04862380931444932,0.02453150758810807
A_S48_W_m0.100,development,A_S48:47600000:157,False,True,0.006684585008770227,0.016141303332915413,0.009456718324145186
A_S48_W_m0.100,development,A_S48:47600002:2,True,False,0.8327351212501526,0.7329974120948464,-0.09973770915530622
A_S48_W_m0.100,development,A_S48:47600002:16,True,False,0.09034817665815353,0.0784884978129412,-0.01185967884521233
A_S48_W_m0.100,development,A_S48:47600002:30,True,False,0.015155967324972153,0.02527786012069555,0.010121892795723397
A_S48_W_m0.100,development,A_S48:47600002:36,True,False,0.05228143930435181,0.04666294624621514,-0.005618493058136664
A_S48_W_m0.100,development,A_S48:47600002:68,False,True,0.02747398242354393,0.020956221358574112,-0.006517761064969818
A_S48_W_m0.100,development,A_S48:47600002:76,False,True,0.017307821661233902,0.015470944708795287,-0.0018368769524386153
A_S48_W_m0.100,development,A_S48:47600002:79,False,True,0.040346480906009674,0.0677632412116509,0.02741676030564122
A_S48_W_m0.100,development,A_S48:47600002:89,False,True,0.0635099783539772,0.059134249877388356,-0.004375728476588847
A_S48_W_m0.100,development,A_S48:47600002:107,False,True,0.2205924540758133,0.17436772094515618,-0.046224733130657114
A_S48_W_m0.100,development,A_S48:47600003:1,True,False,0.8817923665046692,0.7964903984684497,-0.08530196803621948
A_S48_W_m0.100,development,A_S48:47600003:3,True,False,0.7373157739639282,0.6521075431955978,-0.0852082307683304
A_S48_W_m0.100,development,A_S48:47600003:4,True,False,0.5849880576133728,0.5506127262488008,-0.03437533136457205
A_S48_W_m0.100,development,A_S48:47600003:11,True,False,0.12175272405147552,0.18559238358284347,0.06383965953136794
A_S48_W_m0.100,development,A_S48:47600003:12,True,False,0.17891870439052582,0.156279954360798,-0.022638750029727817
A_S48_W_m0.100,development,A_S48:47600003:22,True,False,0.014670600183308125,0.055726188173139235,0.04105558798983111
A_S48_W_m0.100,development,A_S48:47600003:70,False,True,0.13969802856445312,0.1165976575575769,-0.02310037100687623
A_S48_W_m0.100,development,A_S48:47600003:90,False,True,0.07781802862882614,0.13317355168692302,0.05535552305809688
A_S48_W_m0.100,development,A_S48:47600003:112,False,True,0.039606042206287384,0.025026250466908095,-0.014579791739379289
A_S48_W_m0.100,development,A_S48:47600003:125,False,True,0.025595201179385185,0.023335630217843573,-0.0022595709615416126
A_S48_W_m0.100,development,A_S48:47600004:3,True,False,0.7525138854980469,0.6318244859576225,-0.12068939954042435
A_S48_W_m0.100,development,A_S48:47600004:8,True,False,0.2961752116680145,0.3163714161491953,0.020196204481180757
A_S48_W_m0.100,development,A_S48:47600004:53,False,True,0.16531948745250702,0.05527835214525112,-0.1100411353072559
A_S48_W_m0.100,development,A_S48:47600004:65,False,True,0.06665617227554321,0.055945320054888725,-0.010710852220654488
A_S48_W_m0.100,development,A_S48:47600004:92,False,True,0.03823811560869217,0.07831899891607463,0.040080883307382464
A_S48_W_m0.100,development,A_S48:47600004:109,False,True,0.07221639901399612,0.05467776566001703,-0.017538633353979094
A_S48_W_m0.100,development,A_S48:47600004:122,False,True,0.06106831878423691,0.07497151714051142,0.013903198356274515
A_S48_W_m0.100,development,A_S48:47600005:2,True,False,0.7991788387298584,0.6969533071387559,-0.10222553159110248
A_S48_W_m0.100,development,A_S48:47600005:5,True,False,0.5733854174613953,0.47036362712970003,-0.10302179033169523
A_S48_W_m0.100,development,A_S48:47600005:15,True,False,0.049014125019311905,0.07336759501777124,0.02435346999845933
A_S48_W_m0.100,development,A_S48:47600005:24,True,False,0.028679030016064644,0.04979737439134624,0.021118344375281595
A_S48_W_m0.100,development,A_S48:47600005:33,True,False,0.08538124710321426,0.10780382886878215,0.022422581765567884
A_S48_W_m0.100,development,A_S48:47600005:48,False,True,0.05055703595280647,0.044042762121534906,-0.0065142738312715665
A_S48_W_m0.100,development,A_S48:47600005:86,False,True,0.02240169234573841,0.025542394314470585,0.0031407019687321736
A_S48_W_m0.100,development,A_S48:47600005:88,False,True,0.05524619668722153,0.03754807615405298,-0.01769812053316855
A_S48_W_m0.100,development,A_S48:47600005:105,False,True,0.038686297833919525,0.06784178422094556,0.02915548638702603
A_S48_W_m0.100,development,A_S48:47600005:119,False,True,0.02806295081973076,0.06136729369973182,0.03330434288000106
A_S48_W_m0.100,development,A_S48:47600006:2,True,False,0.7970689535140991,0.6989893205463886,-0.0980796329677105
A_S48_W_m0.100,development,A_S48:47600006:11,True,False,0.1998724788427353,0.15190691540192347,-0.04796556344081182
A_S48_W_m0.100,development,A_S48:47600006:13,True,False,0.11138441413640976,0.10966952588205459,-0.0017148882543551736
A_S48_W_m0.100,development,A_S48:47600006:16,True,False,0.1203327402472496,0.069452165356779,-0.0508805748904706
A_S48_W_m0.100,development,A_S48:47600006:25,True,False,0.01879010908305645,0.0338663658585574,0.015076256775500951
A_S48_W_m0.100,development,A_S48:47600006:38,True,False,0.11581205576658249,0.041393885570869315,-0.07441817019571317
A_S48_W_m0.100,development,A_S48:47600006:72,False,True,0.03244968131184578,0.07377548465592554,0.04132580334407976
A_S48_W_m0.100,development,A_S48:47600006:101,False,True,0.05551644042134285,0.061609396019775886,0.006092955598433036
A_S48_W_m0.100,development,A_S48:47600006:132,False,True,0.045078095048666,0.04127854593389202,-0.0037995491147739813
A_S48_W_m0.100,development,A_S48:47600006:177,False,True,0.05184559524059296,0.02240173250902444,-0.029443862731568515
A_S48_W_m0.100,development,A_S48:47600007:4,True,False,0.6556038856506348,0.5596591611392796,-0.09594472451135516
A_S48_W_m0.100,development,A_S48:47600007:7,True,False,0.3985578417778015,0.3855268792831339,-0.01303096249466762
A_S48_W_m0.100,development,A_S48:47600007:10,True,False,0.43032121658325195,0.2692482722486602,-0.16107294433459174
A_S48_W_m0.100,development,A_S48:47600007:17,True,False,0.07557574659585953,0.06131764133897377,-0.014258105256885756
A_S48_W_m0.100,development,A_S48:47600007:27,True,False,0.05602382495999336,0.11120978357212152,0.05518595861212816
A_S48_W_m0.100,development,A_S48:47600007:28,True,False,0.049170512706041336,0.1489184033307538,0.09974789062471245
A_S48_W_m0.100,development,A_S48:47600007:61,False,True,0.014283699914813042,0.021727085737438756,0.007443385822625714
A_S48_W_m0.100,development,A_S48:47600007:66,False,True,0.013749010860919952,0.021550502913669334,0.007801492052749381
A_S48_W_m0.100,development,A_S48:47600007:87,False,True,0.015704674646258354,0.024913051229304983,0.009208376583046629
A_S48_W_m0.100,development,A_S48:47600007:117,False,True,0.018613053485751152,0.018241521618620027,-0.0003715318671311252
A_S48_W_m0.100,development,A_S48:47600008:6,True,False,0.4789826571941376,0.4629111561807804,-0.016071501013357192
A_S48_W_m0.100,development,A_S48:47600008:8,True,False,0.4857664108276367,0.3930731298751198,-0.09269328095251694
A_S48_W_m0.100,development,A_S48:47600008:21,True,False,0.1821778267621994,0.14720410278096097,-0.034973723981238436
A_S48_W_m0.100,development,A_S48:47600008:23,True,False,0.1355188935995102,0.10396904018125497,-0.031549853418255225
A_S48_W_m0.100,development,A_S48:47600008:49,False,True,0.15055997669696808,0.12160823967133183,-0.02895173702563625
A_S48_W_m0.100,development,A_S48:47600008:54,False,True,0.03905715048313141,0.05363266440326697,0.014575513920135563
A_S48_W_m0.100,development,A_S48:47600008:61,False,True,0.05724631994962692,0.03118102020744118,-0.026065299742185744
A_S48_W_m0.100,development,A_S48:47600008:87,False,True,0.020270945504307747,0.020270684861316113,-2.606429916340858e-07
A_S48_W_m0.100,development,A_S48:47600008:101,False,True,0.02046910859644413,0.0246923300474009,0.004223221450956771
A_S48_W_m0.150,train,A_S48:47500000:1,True,False,0.8656085133552551,0.6494586765766144,-0.21614983677864075
A_S48_W_m0.150,train,A_S48:47500000:8,True,False,0.4432089030742645,0.21426504733972251,-0.228943855734542
A_S48_W_m0.150,train,A_S48:47500000:26,True,False,0.3843001127243042,0.11948296715854667,-0.26481714556575753
A_S48_W_m0.150,train,A_S48:47500000:39,True,False,0.4436831772327423,0.11327152396552265,-0.33041165326721966
A_S48_W_m0.150,train,A_S48:47500000:84,False,True,0.07927989214658737,0.06992460624314845,-0.009355285903438926
A_S48_W_m0.150,train,A_S48:47500000:141,False,True,0.08894515037536621,0.07547890790738165,-0.013466242467984557
A_S48_W_m0.150,train,A_S48:47500000:144,False,True,0.0828191414475441,0.098421212984249,0.015602071536704898
A_S48_W_m0.150,train,A_S48:47500000:155,False,True,0.0160754956305027,0.0212441265466623,0.0051686309161596
A_S48_W_m0.150,train,A_S48:47500000:169,False,True,0.02000487595796585,0.024003321770578623,0.003998445812612772
A_S48_W_m0.150,train,A_S48:47500000:179,False,True,0.025652360171079636,0.02568173667532392,2.937650424428284e-05
A_S48_W_m0.150,train,A_S48:47500002:2,True,False,0.7651598453521729,0.5374210430309176,-0.2277388023212552
A_S48_W_m0.150,train,A_S48:47500002:3,True,False,0.6674484014511108,0.48121974524110556,-0.18622865621000528
A_S48_W_m0.150,train,A_S48:47500002:15,True,False,0.46144866943359375,0.2535757226869464,-0.20787294674664736
A_S48_W_m0.150,train,A_S48:47500002:25,True,False,0.4562377333641052,0.18449152150424197,-0.27174621185986325
A_S48_W_m0.150,train,A_S48:47500002:33,True,False,0.35867375135421753,0.13309890450909734,-0.2255748468451202
A_S48_W_m0.150,train,A_S48:47500002:55,False,True,0.04671207815408707,0.049143790907692164,0.0024317127536050975
A_S48_W_m0.150,train,A_S48:47500002:101,False,True,0.027496397495269775,0.029829621489625424,0.0023332239943556488
A_S48_W_m0.150,train,A_S48:47500002:114,False,True,0.06564021855592728,0.04263845464447513,-0.023001763911452144
A_S48_W_m0.150,train,A_S48:47500002:152,False,True,0.05446985736489296,0.04508461232762784,-0.009385245037265122
A_S48_W_m0.150,train,A_S48:47500002:178,False,True,0.01570085622370243,0.015235471626510844,-0.0004653845971915871
A_S48_W_m0.150,train,A_S48:47500003:4,True,False,0.6169648170471191,0.2881830488331616,-0.32878176821395755
A_S48_W_m0.150,train,A_S48:47500003:16,True,False,0.3199397921562195,0.14301405916921794,-0.17692573298700154
A_S48_W_m0.150,train,A_S48:47500003:24,True,False,0.25366753339767456,0.11772262211889029,-0.13594491127878428
A_S48_W_m0.150,train,A_S48:47500003:41,True,False,0.34345296025276184,0.08121237688465044,-0.2622405833681114
A_S48_W_m0.150,train,A_S48:47500003:46,True,False,0.28828445076942444,0.056753633078187704,-0.23153081769123673
A_S48_W_m0.150,train,A_S48:47500003:80,False,True,0.08801005780696869,0.04081825245521031,-0.047191805351758376
A_S48_W_m0.150,train,A_S48:47500003:91,False,True,0.06187998503446579,0.06567459914367646,0.00379461410921067
A_S48_W_m0.150,train,A_S48:47500003:109,False,True,0.15786434710025787,0.10906585236079991,-0.048798494739457965
A_S48_W_m0.150,train,A_S48:47500003:149,False,True,0.040814246982336044,0.02382680360460654,-0.016987443377729505
A_S48_W_m0.150,train,A_S48:47500003:180,False,True,0.03930189460515976,0.05993508209940046,0.0206331874942407
A_S48_W_m0.150,train,A_S48:47500005:2,True,False,0.7348030209541321,0.5311462916433811,-0.20365672931075096
A_S48_W_m0.150,train,A_S48:47500005:6,True,False,0.4535787105560303,0.31993962032720447,-0.1336390902288258
A_S48_W_m0.150,train,A_S48:47500005:13,True,False,0.4107745885848999,0.20396095665637404,-0.20681363192852587
A_S48_W_m0.150,train,A_S48:47500005:45,True,False,0.3047523498535156,0.06222109170630574,-0.24253125814720988
A_S48_W_m0.150,train,A_S48:47500005:46,True,False,0.2352476567029953,0.04623423970770091,-0.1890134169952944
A_S48_W_m0.150,train,A_S48:47500005:67,False,True,0.023462926968932152,0.030529986863257363,0.007067059894325212
A_S48_W_m0.150,train,A_S48:47500005:106,False,True,0.025497591122984886,0.029041917296126485,0.0035443261731415987
A_S48_W_m0.150,train,A_S48:47500005:120,False,True,0.04356446489691734,0.06420786748640239,0.02064340258948505
A_S48_W_m0.150,train,A_S48:47500005:170,False,True,0.033189669251441956,0.032196644897339866,-0.00099302435410209
A_S48_W_m0.150,train,A_S48:47500006:4,True,False,0.6048693656921387,0.4269511750899255,-0.17791819060221314
A_S48_W_m0.150,train,A_S48:47500006:5,True,False,0.5772309899330139,0.3987615229561925,-0.17846946697682142
A_S48_W_m0.150,train,A_S48:47500006:8,True,False,0.541454017162323,0.3308414905332029,-0.2106125266291201
A_S48_W_m0.150,train,A_S48:47500006:10,True,False,0.556061863899231,0.25503631634637713,-0.3010255475528538
A_S48_W_m0.150,train,A_S48:47500006:89,False,True,0.03243827819824219,0.04101748164976016,0.00857920345151797
A_S48_W_m0.150,train,A_S48:47500006:102,False,True,0.02192990854382515,0.030580469145206735,0.008650560601381585
A_S48_W_m0.150,train,A_S48:47500006:118,False,True,0.025727692991495132,0.053013299766462296,0.027285606774967164
A_S48_W_m0.150,train,A_S48:47500006:136,False,True,0.05623295530676842,0.04828355478821322,-0.007949400518555194
A_S48_W_m0.150,train,A_S48:47500006:169,False,True,0.016752367839217186,0.023544219468021765,0.006791851628804579
A_S48_W_m0.150,train,A_S48:47500007:4,True,False,0.7987483143806458,0.4958250871859491,-0.30292322719469666
A_S48_W_m0.150,train,A_S48:47500007:6,True,False,0.6237749457359314,0.3675616809632629,-0.2562132647726685
A_S48_W_m0.150,train,A_S48:47500007:13,True,False,0.4633517563343048,0.24011732847429812,-0.2232344278600067
A_S48_W_m0.150,train,A_S48:47500007:36,True,False,0.3375859260559082,0.06603965227259323,-0.271546273783315
A_S48_W_m0.150,train,A_S48:47500007:97,False,True,0.02477092668414116,0.031159932783339173,0.0063890060991980135
A_S48_W_m0.150,train,A_S48:47500007:118,False,True,0.03431303799152374,0.02976123077678494,-0.004551807214738801
A_S48_W_m0.150,train,A_S48:47500007:134,False,True,0.0819154679775238,0.055249019409529865,-0.02666644856799394
A_S48_W_m0.150,train,A_S48:47500007:168,False,True,0.02626297064125538,0.02764612651662901,0.0013831558753736317
A_S48_W_m0.150,train,A_S48:47500008:4,True,False,0.6648763418197632,0.46980478428304195,-0.19507155753672123
A_S48_W_m0.150,train,A_S48:47500008:10,True,False,0.5562000870704651,0.21584153058938682,-0.34035855648107827
A_S48_W_m0.150,train,A_S48:47500008:20,True,False,0.3834154009819031,0.15657364227809012,-0.22684175870381296
A_S48_W_m0.150,train,A_S48:47500008:28,True,False,0.48252981901168823,0.17039305623620749,-0.31213676277548075
A_S48_W_m0.150,train,A_S48:47500008:34,True,False,0.4483676850795746,0.19581946218386292,-0.25254822289571166
A_S48_W_m0.150,train,A_S48:47500008:112,False,True,0.010925913229584694,0.040776379173621535,0.02985046594403684
A_S48_W_m0.150,train,A_S48:47500008:131,False,True,0.1106506958603859,0.09577169548720121,-0.014879000373184681
A_S48_W_m0.150,train,A_S48:47500008:172,False,True,0.010066092014312744,0.024226162408012897,0.014160070393700153
A_S48_W_m0.150,train,A_S48:47500009:6,True,False,0.5885729193687439,0.4133856650441885,-0.1751872543245554
A_S48_W_m0.150,train,A_S48:47500009:11,True,False,0.4644128680229187,0.37253322498872876,-0.09187964303418994
A_S48_W_m0.150,train,A_S48:47500009:15,True,False,0.5740745663642883,0.375960033852607,-0.19811453251168132
A_S48_W_m0.150,train,A_S48:47500009:20,True,False,0.35335004329681396,0.12845442997058854,-0.22489561332622543
A_S48_W_m0.150,train,A_S48:47500009:26,True,False,0.21990087628364563,0.05861606550752185,-0.16128481077612378
A_S48_W_m0.150,train,A_S48:47500009:36,True,False,0.3090563714504242,0.06290616752812639,-0.2461502039222978
A_S48_W_m0.150,train,A_S48:47500009:68,False,True,0.06269361823797226,0.05069596818066202,-0.011997650057310238
A_S48_W_m0.150,train,A_S48:47500009:142,False,True,0.04288946092128754,0.03345989220542833,-0.009429568715859205
A_S48_W_m0.150,train,A_S48:47500011:5,True,False,0.5899963974952698,0.28054342861287296,-0.3094529688823968
A_S48_W_m0.150,train,A_S48:47500011:15,True,False,0.23551882803440094,0.0941180222434923,-0.14140080579090863
A_S48_W_m0.150,train,A_S48:47500011:26,True,False,0.31646737456321716,0.07610700745135546,-0.2403603671118617
A_S48_W_m0.150,train,A_S48:47500011:29,True,False,0.5742652416229248,0.14049681916367263,-0.4337684224592522
A_S48_W_m0.150,train,A_S48:47500011:31,True,False,0.4664524495601654,0.18526419415138662,-0.2811882554087788
A_S48_W_m0.150,train,A_S48:47500011:36,True,False,0.3599136471748352,0.052440261642914265,-0.30747338553192094
A_S48_W_m0.150,train,A_S48:47500011:49,False,True,0.02836007811129093,0.038942094761296175,0.010582016650005244
A_S48_W_m0.150,train,A_S48:47500011:56,False,True,0.10560942441225052,0.15650765760801733,0.05089823319576681
A_S48_W_m0.150,train,A_S48:47500011:74,False,True,0.027543896809220314,0.02531579858623445,-0.0022280982229858637
A_S48_W_m0.150,train,A_S48:47500011:167,False,True,0.03535640239715576,0.03306792810326442,-0.0022884742938913405
A_S48_W_m0.150,train,A_S48:47500013:14,True,False,0.31148555874824524,0.15758433181326836,-0.15390122693497688
A_S48_W_m0.150,train,A_S48:47500013:15,True,False,0.3411848247051239,0.13814490975346416,-0.20303991495165974
A_S48_W_m0.150,train,A_S48:47500013:28,True,False,0.5534802675247192,0.21061861905036494,-0.3428616484743543
A_S48_W_m0.150,train,A_S48:47500013:32,True,False,0.2442016750574112,0.07843444898026064,-0.16576722607715055
A_S48_W_m0.150,train,A_S48:47500013:58,False,True,0.0820188969373703,0.08369975036475807,0.001680853427387774
A_S48_W_m0.150,train,A_S48:47500013:83,False,True,0.03316448628902435,0.04122546612052247,0.008060979831498116
A_S48_W_m0.150,train,A_S48:47500013:119,False,True,0.11055544763803482,0.0882001236313954,-0.02235532400663942
A_S48_W_m0.150,train,A_S48:47500013:128,False,True,0.01859007030725479,0.031864922086242586,0.013274851778987795
A_S48_W_m0.150,train,A_S48:47500013:162,False,True,0.08417840301990509,0.06351601894129999,-0.0206623840786051
A_S48_W_m0.150,train,A_S48:47500013:165,False,True,0.03148522973060608,0.11440166388638318,0.0829164341557771
A_S48_W_m0.150,train,A_S48:47500014:9,True,False,0.6158320903778076,0.3611652869731188,-0.25466680340468884
A_S48_W_m0.150,train,A_S48:47500014:10,True,False,0.6152998208999634,0.280907591804862,-0.33439222909510136
A_S48_W_m0.150,train,A_S48:47500014:20,True,False,0.3086917996406555,0.08176694094436243,-0.22692485869629309
A_S48_W_m0.150,train,A_S48:47500014:43,True,False,0.36080384254455566,0.07287098659435287,-0.2879328559502028
A_S48_W_m0.150,train,A_S48:47500014:60,False,True,0.03574010729789734,0.02844090899452567,-0.007299198303371668
A_S48_W_m0.150,train,A_S48:47500014:78,False,True,0.020816262811422348,0.02386482182191685,0.0030485590104945004
A_S48_W_m0.150,train,A_S48:47500014:99,False,True,0.04449640214443207,0.04387568111997098,-0.0006207210244610906
A_S48_W_m0.150,train,A_S48:47500014:134,False,True,0.06337985396385193,0.10010078735649586,0.03672093339264393
A_S48_W_m0.150,train,A_S48:47500014:161,False,True,0.09777069836854935,0.0801920120138675,-0.01757868635468185
A_S48_W_m0.150,train,A_S48:47500014:170,False,True,0.03436833992600441,0.031763849285198376,-0.002604490640806034
A_S48_W_m0.150,train,A_S48:47500016:4,True,False,0.6402140855789185,0.3995456136763096,-0.24066847190260887
A_S48_W_m0.150,train,A_S48:47500016:5,True,False,0.563892126083374,0.3288557827472687,-0.23503634333610535
A_S48_W_m0.150,train,A_S48:47500016:30,True,False,0.2355523705482483,0.08989134634612128,-0.145661024202127
A_S48_W_m0.150,train,A_S48:47500016:42,True,False,0.4617677628993988,0.18981762090697885,-0.27195014199241996
A_S48_W_m0.150,train,A_S48:47500016:43,True,False,0.37560194730758667,0.1468552880687639,-0.22874665923882276
A_S48_W_m0.150,train,A_S48:47500016:108,False,True,0.03609295189380646,0.020379540976136923,-0.015713410917669535
A_S48_W_m0.150,train,A_S48:47500016:129,False,True,0.023139815777540207,0.01937732263468206,-0.0037624931428581476
A_S48_W_m0.150,train,A_S48:47500016:165,False,True,0.01161957997828722,0.015524487447692081,0.0039049074694048613
A_S48_W_m0.150,train,A_S48:47500016:169,False,True,0.01255294494330883,0.01594330123043619,0.0033903562871273607
A_S48_W_m0.150,development,A_S48:47600000:3,True,False,0.5554906129837036,0.49657162255607545,-0.05891899042762816
A_S48_W_m0.150,development,A_S48:47600000:14,True,False,0.0329706184566021,0.04074765108816791,0.007777032631565817
A_S48_W_m0.150,development,A_S48:47600000:17,True,False,0.05810147523880005,0.04806482351705199,-0.010036651721748058
A_S48_W_m0.150,development,A_S48:47600000:21,True,False,0.08725042641162872,0.03831804914443637,-0.04893237726719235
A_S48_W_m0.150,development,A_S48:47600000:29,True,False,0.13741238415241241,0.09112866608484183,-0.04628371806757059
A_S48_W_m0.150,development,A_S48:47600000:32,True,False,0.055280838161706924,0.09160371670441236,0.03632287854270544
A_S48_W_m0.150,development,A_S48:47600000:76,False,True,0.027922051027417183,0.031076552888407605,0.003154501860990422
A_S48_W_m0.150,development,A_S48:47600000:83,False,True,0.016966698691248894,0.04908828841507784,0.03212158972382895
A_S48_W_m0.150,development,A_S48:47600000:157,False,True,0.008476505987346172,0.017944489722140133,0.009467983734793961
A_S48_W_m0.150,development,A_S48:47600002:2,True,False,0.7586317658424377,0.7195960491662845,-0.03903571667615324
A_S48_W_m0.150,development,A_S48:47600002:16,True,False,0.11013949662446976,0.15773871271085227,0.04759921608638251
A_S48_W_m0.150,development,A_S48:47600002:30,True,False,0.018608011305332184,0.02809888827323448,0.009490876967902295
A_S48_W_m0.150,development,A_S48:47600002:36,True,False,0.08955644816160202,0.12196870311890962,0.032412254957307596
A_S48_W_m0.150,development,A_S48:47600002:68,False,True,0.061014071106910706,0.049050812507630326,-0.01196325859928038
A_S48_W_m0.150,development,A_S48:47600002:76,False,True,0.03732213377952576,0.023847307264077244,-0.013474826515448513
A_S48_W_m0.150,development,A_S48:47600002:79,False,True,0.028715774416923523,0.04500656407981296,0.016290789662889438
A_S48_W_m0.150,development,A_S48:47600002:89,False,True,0.05116283521056175,0.06608205084557994,0.01491921563501819
A_S48_W_m0.150,development,A_S48:47600002:107,False,True,0.10498351603746414,0.08281428783811862,-0.022169228199345525
A_S48_W_m0.150,development,A_S48:47600003:1,True,False,0.8610799312591553,0.7443759341258556,-0.11670399713329971
A_S48_W_m0.150,development,A_S48:47600003:3,True,False,0.7190290093421936,0.5626713044475764,-0.1563577048946172
A_S48_W_m0.150,development,A_S48:47600003:4,True,False,0.4238172173500061,0.41155820759013295,-0.012259009759873152
A_S48_W_m0.150,development,A_S48:47600003:11,True,False,0.13682299852371216,0.21756693276256556,0.0807439342388534
A_S48_W_m0.150,development,A_S48:47600003:12,True,False,0.22161902487277985,0.20840492470597383,-0.01321410016680602
A_S48_W_m0.150,development,A_S48:47600003:22,True,False,0.019789302721619606,0.0569010231847642,0.03711172046314459
A_S48_W_m0.150,development,A_S48:47600003:70,False,True,0.27847278118133545,0.25220906364847906,-0.02626371753285639
A_S48_W_m0.150,development,A_S48:47600003:90,False,True,0.054391078650951385,0.0990548894769745,0.04466381082602311
A_S48_W_m0.150,development,A_S48:47600003:112,False,True,0.04535955190658569,0.028892472219013143,-0.01646707968757255
A_S48_W_m0.150,development,A_S48:47600003:125,False,True,0.03999415040016174,0.03690244470817561,-0.003091705691986135
A_S48_W_m0.150,development,A_S48:47600004:3,True,False,0.6504349708557129,0.4875068090041168,-0.1629281618515961
A_S48_W_m0.150,development,A_S48:47600004:8,True,False,0.14826451241970062,0.17248545863549225,0.024220946215791628
A_S48_W_m0.150,development,A_S48:47600004:53,False,True,0.13469819724559784,0.05553207405318972,-0.07916612319240812
A_S48_W_m0.150,development,A_S48:47600004:65,False,True,0.06441593915224075,0.051668790645635454,-0.0127471485066053
A_S48_W_m0.150,development,A_S48:47600004:92,False,True,0.03831791505217552,0.0667132369344472,0.028395321882271674
A_S48_W_m0.150,development,A_S48:47600004:109,False,True,0.0642227828502655,0.057594345013058046,-0.006628437837207457
A_S48_W_m0.150,development,A_S48:47600004:122,False,True,0.06575673818588257,0.07847194197529461,0.012715203789412044
A_S48_W_m0.150,development,A_S48:47600005:2,True,False,0.8097068071365356,0.6941767355892807,-0.11553007154725492
A_S48_W_m0.150,development,A_S48:47600005:5,True,False,0.5638710260391235,0.49039270530920476,-0.07347832072991878
A_S48_W_m0.150,development,A_S48:47600005:15,True,False,0.039105284959077835,0.057121014750009635,0.0180157297909318
A_S48_W_m0.150,development,A_S48:47600005:24,True,False,0.020649677142500877,0.044436838643377996,0.02378716150087712
A_S48_W_m0.150,development,A_S48:47600005:33,True,False,0.06333088874816895,0.06993656920531066,0.006605680457141716
A_S48_W_m0.150,development,A_S48:47600005:48,False,True,0.052035070955753326,0.03948138151281455,-0.012553689442938776
A_S48_W_m0.150,development,A_S48:47600005:86,False,True,0.027989858761429787,0.03371364176564384,0.005723783004214056
A_S48_W_m0.150,development,A_S48:47600005:88,False,True,0.05206659808754921,0.06298225207501673,0.010915653987467522
A_S48_W_m0.150,development,A_S48:47600005:105,False,True,0.06714656203985214,0.12525458313757554,0.058108021097723395
A_S48_W_m0.150,development,A_S48:47600005:119,False,True,0.024678777903318405,0.0857822164434765,0.061103438540158095
A_S48_W_m0.150,development,A_S48:47600006:2,True,False,0.7796118855476379,0.6195867233909667,-0.16002516215667129
A_S48_W_m0.150,development,A_S48:47600006:11,True,False,0.1003635972738266,0.12227044701285195,0.021906849739025347
A_S48_W_m0.150,development,A_S48:47600006:13,True,False,0.057401880621910095,0.08327442229710869,0.02587254167519859
A_S48_W_m0.150,development,A_S48:47600006:16,True,False,0.06663679331541061,0.08073968374810647,0.014102890432695858
A_S48_W_m0.150,development,A_S48:47600006:25,True,False,0.020941641181707382,0.06368566120363539,0.04274402002192801
A_S48_W_m0.150,development,A_S48:47600006:38,True,False,0.05483221635222435,0.038165891557582654,-0.016666324794641696
A_S48_W_m0.150,development,A_S48:47600006:72,False,True,0.018848741427063942,0.03475999083457282,0.015911249407508876
A_S48_W_m0.150,development,A_S48:47600006:101,False,True,0.028512706980109215,0.03429546274492168,0.005782755764812464
A_S48_W_m0.150,development,A_S48:47600006:132,False,True,0.07653813064098358,0.07687840499420417,0.0003402743532205932
A_S48_W_m0.150,development,A_S48:47600006:177,False,True,0.06841176748275757,0.02696335814835038,-0.04144840933440719
A_S48_W_m0.150,development,A_S48:47600007:4,True,False,0.5472429990768433,0.3767192273517139,-0.17052377172512934
A_S48_W_m0.150,development,A_S48:47600007:7,True,False,0.1891406774520874,0.23836622436647303,0.04922554691438563
A_S48_W_m0.150,development,A_S48:47600007:10,True,False,0.32751238346099854,0.2264515634669806,-0.10106081999401795
A_S48_W_m0.150,development,A_S48:47600007:17,True,False,0.08663927763700485,0.06852244968831656,-0.018116827948688297
A_S48_W_m0.150,development,A_S48:47600007:27,True,False,0.0627259910106659,0.08762283314354136,0.024896842132875463
A_S48_W_m0.150,development,A_S48:47600007:28,True,False,0.031813278794288635,0.1205131915412494,0.08869991274696076
A_S48_W_m0.150,development,A_S48:47600007:61,False,True,0.01379287987947464,0.024078552167338785,0.010285672287864145
A_S48_W_m0.150,development,A_S48:47600007:66,False,True,0.012743731029331684,0.02804581366763159,0.015302082638299908
A_S48_W_m0.150,development,A_S48:47600007:87,False,True,0.03687548637390137,0.05215014426721609,0.015274657893314725
A_S48_W_m0.150,development,A_S48:47600007:117,False,True,0.032355938106775284,0.034505959032685496,0.002150020925910212
A_S48_W_m0.150,development,A_S48:47600008:6,True,False,0.28354617953300476,0.33159454801352695,0.048048368480522186
A_S48_W_m0.150,development,A_S48:47600008:8,True,False,0.361610472202301,0.28575998716405593,-0.0758504850382451
A_S48_W_m0.150,development,A_S48:47600008:21,True,False,0.152576744556427,0.1250484678603243,-0.027528276696102694
A_S48_W_m0.150,development,A_S48:47600008:23,True,False,0.1216023713350296,0.07844416652005748,-0.04315820481497212
A_S48_W_m0.150,development,A_S48:47600008:49,False,True,0.08549897372722626,0.07095750601729378,-0.014541467709932476
A_S48_W_m0.150,development,A_S48:47600008:54,False,True,0.03130190446972847,0.037649241072358564,0.006347336602630094
A_S48_W_m0.150,development,A_S48:47600008:61,False,True,0.05492393299937248,0.030340600256749894,-0.024583332742622588
A_S48_W_m0.150,development,A_S48:47600008:87,False,True,0.02051347866654396,0.020525477924820734,1.1999258276773617e-05
A_S48_W_m0.150,development,A_S48:47600008:101,False,True,0.02251693792641163,0.02366381760657532,0.0011468796801636927
A_S48_U_baseline,train,A_S48:47500000:1,True,False,0.3091376721858978,0.23864692961797118,-0.07049074256792665
A_S48_U_baseline,train,A_S48:47500000:8,True,False,0.2146703451871872,0.19782081549055874,-0.01684952969662845
A_S48_U_baseline,train,A_S48:47500000:26,True,False,0.21052324771881104,0.19207185599952936,-0.018451391719281673
A_S48_U_baseline,train,A_S48:47500000:39,True,False,0.20700284838676453,0.18772719148546457,-0.019275656901299953
A_S48_U_baseline,train,A_S48:47500000:84,True,True,0.21126076579093933,0.19798609288409352,-0.013274672906845808
A_S48_U_baseline,train,A_S48:47500000:141,True,True,0.17974045872688293,0.17220589285716414,-0.00753456586971879
A_S48_U_baseline,train,A_S48:47500000:144,True,True,0.17933912575244904,0.16513145552016795,-0.014207670232281089
A_S48_U_baseline,train,A_S48:47500000:155,True,True,0.1854161024093628,0.17861133522819728,-0.006804767181165516
A_S48_U_baseline,train,A_S48:47500000:169,True,True,0.2145136147737503,0.17720003193244338,-0.037313582841306925
A_S48_U_baseline,train,A_S48:47500000:179,True,True,0.19142191112041473,0.17526640091091394,-0.01615551020950079
A_S48_U_baseline,train,A_S48:47500002:2,True,False,0.2748368978500366,0.19659456703811884,-0.07824233081191778
A_S48_U_baseline,train,A_S48:47500002:3,True,False,0.2638055682182312,0.21741422079503536,-0.04639134742319584
A_S48_U_baseline,train,A_S48:47500002:15,True,False,0.1990496963262558,0.18728649895638227,-0.011763197369873524
A_S48_U_baseline,train,A_S48:47500002:25,True,False,0.20020511746406555,0.1828111670911312,-0.01739395037293434
A_S48_U_baseline,train,A_S48:47500002:33,True,False,0.18556952476501465,0.17643500352278352,-0.00913452124223113
A_S48_U_baseline,train,A_S48:47500002:55,True,True,0.17251205444335938,0.1565893681254238,-0.015922686317935586
A_S48_U_baseline,train,A_S48:47500002:101,True,True,0.201471745967865,0.17263374559115618,-0.028838000376708806
A_S48_U_baseline,train,A_S48:47500002:114,True,True,0.1882198005914688,0.1727304090745747,-0.015489391516894102
A_S48_U_baseline,train,A_S48:47500002:152,True,True,0.18337637186050415,0.16744399210438132,-0.015932379756122828
A_S48_U_baseline,train,A_S48:47500002:178,True,True,0.17997191846370697,0.1641844802070409,-0.015787438256666064
A_S48_U_baseline,train,A_S48:47500003:4,True,False,0.2534294128417969,0.17724753729999065,-0.07618187554180622
A_S48_U_baseline,train,A_S48:47500003:16,True,False,0.20464643836021423,0.1852764803916216,-0.019369957968592644
A_S48_U_baseline,train,A_S48:47500003:24,True,False,0.20066723227500916,0.18698516068980098,-0.013682071585208178
A_S48_U_baseline,train,A_S48:47500003:41,True,False,0.18110093474388123,0.16194579214788973,-0.019155142595991492
A_S48_U_baseline,train,A_S48:47500003:46,True,False,0.18583154678344727,0.17400463251397014,-0.011826914269477129
A_S48_U_baseline,train,A_S48:47500003:80,True,True,0.17325299978256226,0.16613165382295847,-0.0071213459596037865
A_S48_U_baseline,train,A_S48:47500003:91,True,True,0.1934049129486084,0.1878456436097622,-0.005559269338846207
A_S48_U_baseline,train,A_S48:47500003:109,True,True,0.21161115169525146,0.19541193917393684,-0.01619921252131462
A_S48_U_baseline,train,A_S48:47500003:149,True,True,0.18701454997062683,0.1710158078931272,-0.015998742077499628
A_S48_U_baseline,train,A_S48:47500003:180,True,True,0.18222953379154205,0.17286441987380385,-0.0093651139177382
A_S48_U_baseline,train,A_S48:47500005:2,True,False,0.27297458052635193,0.1984716928564012,-0.07450288766995072
A_S48_U_baseline,train,A_S48:47500005:6,True,False,0.20456479489803314,0.1869177094195038,-0.017647085478529334
A_S48_U_baseline,train,A_S48:47500005:13,True,False,0.2003331184387207,0.19406864675693214,-0.006264471681788564
A_S48_U_baseline,train,A_S48:47500005:45,True,False,0.206865131855011,0.1780383016448468,-0.02882683021016419
A_S48_U_baseline,train,A_S48:47500005:46,True,False,0.21044713258743286,0.18553683115169406,-0.024910301435738802
A_S48_U_baseline,train,A_S48:47500005:67,True,True,0.18793083727359772,0.17631492903456092,-0.011615908239036798
A_S48_U_baseline,train,A_S48:47500005:106,True,True,0.17737166583538055,0.16958079440519214,-0.0077908714301884174
A_S48_U_baseline,train,A_S48:47500005:120,True,True,0.18364351987838745,0.16840180498547852,-0.01524171489290893
A_S48_U_baseline,train,A_S48:47500005:170,True,True,0.16973644495010376,0.15262594283558428,-0.017110502114519477
A_S48_U_baseline,train,A_S48:47500006:4,True,False,0.25774291157722473,0.21937685646116734,-0.038366055116057396
A_S48_U_baseline,train,A_S48:47500006:5,True,False,0.25686025619506836,0.21076636901125312,-0.04609388718381524
A_S48_U_baseline,train,A_S48:47500006:8,True,False,0.24811416864395142,0.2036150353960693,-0.04449913324788213
A_S48_U_baseline,train,A_S48:47500006:10,True,False,0.23277464509010315,0.20160853257402778,-0.031166112516075373
A_S48_U_baseline,train,A_S48:47500006:89,True,True,0.18573220074176788,0.1760749500244856,-0.009657250717282295
A_S48_U_baseline,train,A_S48:47500006:102,True,True,0.1769333779811859,0.15237407572567463,-0.024559302255511284
A_S48_U_baseline,train,A_S48:47500006:118,True,True,0.18501576781272888,0.17661008890718222,-0.008405678905546665
A_S48_U_baseline,train,A_S48:47500006:136,True,True,0.19375303387641907,0.18579660495743155,-0.007956428918987513
A_S48_U_baseline,train,A_S48:47500006:169,True,True,0.1825198084115982,0.1762901651673019,-0.006229643244296312
A_S48_U_baseline,train,A_S48:47500007:4,True,False,0.24827763438224792,0.213153928052634,-0.035123706329613924
A_S48_U_baseline,train,A_S48:47500007:6,True,False,0.22835032641887665,0.20358549151569605,-0.0247648349031806
A_S48_U_baseline,train,A_S48:47500007:13,True,False,0.2156391143798828,0.2008488387800753,-0.0147902755998075
A_S48_U_baseline,train,A_S48:47500007:36,True,False,0.18427668511867523,0.16592129552736878,-0.018355389591306448
A_S48_U_baseline,train,A_S48:47500007:97,True,True,0.1704002171754837,0.1640428900718689,-0.006357327103614807
A_S48_U_baseline,train,A_S48:47500007:118,True,True,0.17340408265590668,0.16990323713980615,-0.003500845516100526
A_S48_U_baseline,train,A_S48:47500007:134,True,True,0.17460831999778748,0.16389199066907167,-0.010716329328715801
A_S48_U_baseline,train,A_S48:47500007:168,True,True,0.1867571771144867,0.18253458756953478,-0.004222589544951916
A_S48_U_baseline,train,A_S48:47500008:4,True,False,0.2318619042634964,0.2060000067576766,-0.025861897505819798
A_S48_U_baseline,train,A_S48:47500008:10,True,False,0.2188689112663269,0.18633178668096662,-0.03253712458536029
A_S48_U_baseline,train,A_S48:47500008:20,True,False,0.19470615684986115,0.19205490965396166,-0.0026512471958994865
A_S48_U_baseline,train,A_S48:47500008:28,True,False,0.21817080676555634,0.19051946536637843,-0.02765134139917791
A_S48_U_baseline,train,A_S48:47500008:34,True,False,0.22469650208950043,0.21205619373358786,-0.012640308355912566
A_S48_U_baseline,train,A_S48:47500008:112,True,True,0.18861158192157745,0.172621697653085,-0.01598988426849246
A_S48_U_baseline,train,A_S48:47500008:131,True,True,0.17862634360790253,0.16527090640738606,-0.013355437200516462
A_S48_U_baseline,train,A_S48:47500008:172,True,True,0.1861010193824768,0.1741689129266888,-0.011932106455788016
A_S48_U_baseline,train,A_S48:47500009:6,True,False,0.23508985340595245,0.19626342179253697,-0.03882643161341548
A_S48_U_baseline,train,A_S48:47500009:11,True,False,0.23461928963661194,0.20465723797678947,-0.029962051659822464
A_S48_U_baseline,train,A_S48:47500009:15,True,False,0.22543968260288239,0.20647033862769604,-0.018969343975186348
A_S48_U_baseline,train,A_S48:47500009:20,True,False,0.20998801290988922,0.19142909604124725,-0.018558916868641973
A_S48_U_baseline,train,A_S48:47500009:26,True,False,0.21602952480316162,0.18687103129923344,-0.029158493503928185
A_S48_U_baseline,train,A_S48:47500009:36,True,False,0.1978941112756729,0.1846662168391049,-0.013227894436568022
A_S48_U_baseline,train,A_S48:47500009:68,True,True,0.16975010931491852,0.16515081282705069,-0.004599296487867832
A_S48_U_baseline,train,A_S48:47500009:142,True,True,0.1921653300523758,0.18418601946905255,-0.00797931058332324
A_S48_U_baseline,train,A_S48:47500011:5,True,False,0.23665153980255127,0.19735651393420994,-0.03929502586834133
A_S48_U_baseline,train,A_S48:47500011:15,True,False,0.20303258299827576,0.19126015016809106,-0.011772432830184698
A_S48_U_baseline,train,A_S48:47500011:26,True,False,0.2154022753238678,0.2018220741301775,-0.0135802011936903
A_S48_U_baseline,train,A_S48:47500011:29,True,False,0.19985035061836243,0.18507028394378722,-0.01478006667457521
A_S48_U_baseline,train,A_S48:47500011:31,True,False,0.21085745096206665,0.18007549596950412,-0.030781954992562532
A_S48_U_baseline,train,A_S48:47500011:36,True,False,0.21868236362934113,0.19503506878390908,-0.023647294845432043
A_S48_U_baseline,train,A_S48:47500011:49,True,True,0.18437641859054565,0.16997735109180212,-0.014399067498743534
A_S48_U_baseline,train,A_S48:47500011:56,True,True,0.18433745205402374,0.16751481778919697,-0.016822634264826775
A_S48_U_baseline,train,A_S48:47500011:74,True,True,0.18874815106391907,0.17704332247376442,-0.011704828590154648
A_S48_U_baseline,train,A_S48:47500011:167,True,True,0.20076167583465576,0.18590846238657832,-0.01485321344807744
A_S48_U_baseline,train,A_S48:47500013:14,True,False,0.25619417428970337,0.21534494077786803,-0.04084923351183534
A_S48_U_baseline,train,A_S48:47500013:15,True,False,0.2438814342021942,0.2019063555635512,-0.041975078638643026
A_S48_U_baseline,train,A_S48:47500013:28,True,False,0.21511991322040558,0.19474444445222616,-0.020375468768179417
A_S48_U_baseline,train,A_S48:47500013:32,True,False,0.20218408107757568,0.1809987360611558,-0.021185345016419888
A_S48_U_baseline,train,A_S48:47500013:58,True,True,0.1912924200296402,0.16731276223435998,-0.023979657795280218
A_S48_U_baseline,train,A_S48:47500013:83,True,True,0.16712135076522827,0.16083992319181561,-0.006281427573412657
A_S48_U_baseline,train,A_S48:47500013:119,True,True,0.1884462535381317,0.1633261451497674,-0.025120108388364315
A_S48_U_baseline,train,A_S48:47500013:128,True,True,0.16679276525974274,0.14732581633143127,-0.019466948928311467
A_S48_U_baseline,train,A_S48:47500013:162,True,True,0.17721815407276154,0.16793574974872172,-0.009282404324039817
A_S48_U_baseline,train,A_S48:47500013:165,True,True,0.1869933009147644,0.16438267938792706,-0.02261062152683735
A_S48_U_baseline,train,A_S48:47500014:9,True,False,0.23291932046413422,0.20960979908704758,-0.02330952137708664
A_S48_U_baseline,train,A_S48:47500014:10,True,False,0.2333614081144333,0.20787366875447333,-0.02548773935995996
A_S48_U_baseline,train,A_S48:47500014:20,True,False,0.2365511953830719,0.21020400105044246,-0.026347194332629442
A_S48_U_baseline,train,A_S48:47500014:43,True,False,0.19950588047504425,0.17597494018264115,-0.023530940292403102
A_S48_U_baseline,train,A_S48:47500014:60,True,True,0.1932787150144577,0.1717797522433102,-0.02149896277114749
A_S48_U_baseline,train,A_S48:47500014:78,True,True,0.193325012922287,0.1674657566472888,-0.025859256274998188
A_S48_U_baseline,train,A_S48:47500014:99,True,True,0.19026121497154236,0.1738762091845274,-0.01638500578701496
A_S48_U_baseline,train,A_S48:47500014:134,True,True,0.19393722712993622,0.1815249570645392,-0.012412270065397024
A_S48_U_baseline,train,A_S48:47500014:161,True,True,0.19806651771068573,0.179832155816257,-0.01823436189442873
A_S48_U_baseline,train,A_S48:47500014:170,True,True,0.18649518489837646,0.17853445000946522,-0.007960734888911247
A_S48_U_baseline,train,A_S48:47500016:4,True,False,0.25089746713638306,0.21320158592425287,-0.03769588121213019
A_S48_U_baseline,train,A_S48:47500016:5,True,False,0.2266589105129242,0.2017827443778515,-0.024876166135072708
A_S48_U_baseline,train,A_S48:47500016:30,True,False,0.23667290806770325,0.20907191326841712,-0.027600994799286127
A_S48_U_baseline,train,A_S48:47500016:42,True,False,0.20506365597248077,0.17828577617183328,-0.026777879800647497
A_S48_U_baseline,train,A_S48:47500016:43,True,False,0.1956528276205063,0.17183119570836425,-0.02382163191214204
A_S48_U_baseline,train,A_S48:47500016:108,True,True,0.18507170677185059,0.18231725739315152,-0.0027544493786990643
A_S48_U_baseline,train,A_S48:47500016:129,True,True,0.18338555097579956,0.16960148699581623,-0.01378406397998333
A_S48_U_baseline,train,A_S48:47500016:165,True,True,0.17976534366607666,0.16623909468762577,-0.013526248978450894
A_S48_U_baseline,train,A_S48:47500016:169,True,True,0.18935233354568481,0.17228498868644238,-0.01706734485924244
A_S48_U_baseline,development,A_S48:47600000:3,True,False,0.24412989616394043,0.2209907348442357,-0.023139161319704726
A_S48_U_baseline,development,A_S48:47600000:14,True,False,0.2240956723690033,0.21853544123587199,-0.00556023113313131
A_S48_U_baseline,development,A_S48:47600000:17,True,False,0.21912643313407898,0.22747308816178702,0.008346655027708039
A_S48_U_baseline,development,A_S48:47600000:21,True,False,0.2340846210718155,0.22914769331691787,-0.004936927754897624
A_S48_U_baseline,development,A_S48:47600000:29,True,False,0.22386930882930756,0.21037268546933774,-0.013496623359969817
A_S48_U_baseline,development,A_S48:47600000:32,True,False,0.2005620300769806,0.1890263096720446,-0.011535720404936
A_S48_U_baseline,development,A_S48:47600000:76,True,True,0.1754743456840515,0.16426817819592543,-0.011206167488126084
A_S48_U_baseline,development,A_S48:47600000:83,True,True,0.17371302843093872,0.19685540928912815,0.023142380858189426
A_S48_U_baseline,development,A_S48:47600000:157,True,True,0.20326322317123413,0.2058964617026504,0.002633238531416282
A_S48_U_baseline,development,A_S48:47600002:2,True,False,0.12498721480369568,0.22324642079183832,0.09825920598814264
A_S48_U_baseline,development,A_S48:47600002:16,True,False,0.19791553914546967,0.18440708704292774,-0.013508452102541924
A_S48_U_baseline,development,A_S48:47600002:30,True,False,0.21502375602722168,0.20516215710085817,-0.009861598926363513
A_S48_U_baseline,development,A_S48:47600002:36,True,False,0.1943967044353485,0.18201159466116223,-0.012385109774186276
A_S48_U_baseline,development,A_S48:47600002:68,True,True,0.134309321641922,0.14529064275848214,0.010981321116560139
A_S48_U_baseline,development,A_S48:47600002:76,True,True,0.14933228492736816,0.1705886320269201,0.02125634709955193
A_S48_U_baseline,development,A_S48:47600002:79,True,True,0.17561295628547668,0.19580389370094053,0.02019093741546385
A_S48_U_baseline,development,A_S48:47600002:89,True,True,0.137949138879776,0.13029304929659702,-0.007656089583178982
A_S48_U_baseline,development,A_S48:47600002:107,True,True,0.12317811697721481,0.12147418528911658,-0.001703931688098237
A_S48_U_baseline,development,A_S48:47600003:1,True,False,0.24380958080291748,0.23971288837492466,-0.004096692427992821
A_S48_U_baseline,development,A_S48:47600003:3,True,False,0.19272923469543457,0.17535215558018535,-0.017377079115249217
A_S48_U_baseline,development,A_S48:47600003:4,True,False,0.17877188324928284,0.14906365907518193,-0.029708224174100906
A_S48_U_baseline,development,A_S48:47600003:11,True,False,0.18480809032917023,0.20229487109463662,0.017486780765466392
A_S48_U_baseline,development,A_S48:47600003:12,True,False,0.22229568660259247,0.19992159795947373,-0.02237408864311874
A_S48_U_baseline,development,A_S48:47600003:22,True,False,0.2031088024377823,0.2121145511046052,0.00900574866682291
A_S48_U_baseline,development,A_S48:47600003:70,True,True,0.13575628399848938,0.14507048919040244,0.00931420519191306
A_S48_U_baseline,development,A_S48:47600003:90,True,True,0.16182619333267212,0.1734351537306793,0.011608960398007184
A_S48_U_baseline,development,A_S48:47600003:112,True,True,0.1855621337890625,0.17822912050178275,-0.007333013287279755
A_S48_U_baseline,development,A_S48:47600003:125,True,True,0.18338894844055176,0.17320487726829015,-0.01018407117226161
A_S48_U_baseline,development,A_S48:47600004:3,True,False,0.23426903784275055,0.17959882496506907,-0.05467021287768148
A_S48_U_baseline,development,A_S48:47600004:8,True,False,0.16221196949481964,0.15233053942210972,-0.009881430072709918
A_S48_U_baseline,development,A_S48:47600004:53,True,True,0.13386279344558716,0.13320824556285515,-0.0006545478827320039
A_S48_U_baseline,development,A_S48:47600004:65,True,True,0.13134680688381195,0.12910175533033907,-0.0022450515534728765
A_S48_U_baseline,development,A_S48:47600004:92,True,True,0.13043218851089478,0.13262957282131538,0.0021973843104206026
A_S48_U_baseline,development,A_S48:47600004:109,True,True,0.13815051317214966,0.12694835365982726,-0.011202159512322396
A_S48_U_baseline,development,A_S48:47600004:122,True,True,0.13398398458957672,0.1315137777273776,-0.0024702068621991202
A_S48_U_baseline,development,A_S48:47600005:2,True,False,0.194609135389328,0.210796778119402,0.016187642730074003
A_S48_U_baseline,development,A_S48:47600005:5,True,False,0.18048404157161713,0.19280167610850185,0.012317634536884725
A_S48_U_baseline,development,A_S48:47600005:15,True,False,0.21283859014511108,0.22018146426125895,0.007342874116147868
A_S48_U_baseline,development,A_S48:47600005:24,True,False,0.21852253377437592,0.1934032974386355,-0.025119236335740425
A_S48_U_baseline,development,A_S48:47600005:33,True,False,0.19938825070858002,0.16008916657301597,-0.039299084135564044
A_S48_U_baseline,development,A_S48:47600005:48,True,True,0.14859265089035034,0.1569257536320947,0.00833310274174437
A_S48_U_baseline,development,A_S48:47600005:86,True,True,0.15207445621490479,0.16091882687760517,0.008844370662700385
A_S48_U_baseline,development,A_S48:47600005:88,True,True,0.15556487441062927,0.16424618117162026,0.008681306760990992
A_S48_U_baseline,development,A_S48:47600005:105,True,True,0.19983379542827606,0.1973345666192472,-0.002499228809028864
A_S48_U_baseline,development,A_S48:47600005:119,True,True,0.15671473741531372,0.1558193293894874,-0.0008954080258263275
A_S48_U_baseline,development,A_S48:47600006:2,True,False,0.23176166415214539,0.21552524459548295,-0.01623641955666244
A_S48_U_baseline,development,A_S48:47600006:11,True,False,0.2592456340789795,0.20858790376223624,-0.050657730316743255
A_S48_U_baseline,development,A_S48:47600006:13,True,False,0.2805589437484741,0.28333405652665533,0.00277511277818121
A_S48_U_baseline,development,A_S48:47600006:16,True,False,0.3191281259059906,0.28118619607994333,-0.03794192982604727
A_S48_U_baseline,development,A_S48:47600006:25,True,False,0.2464749664068222,0.2094009042775724,-0.037074062129249796
A_S48_U_baseline,development,A_S48:47600006:38,True,False,0.1798214465379715,0.17283823623438366,-0.006983210303587839
A_S48_U_baseline,development,A_S48:47600006:72,True,True,0.1791582852602005,0.18369148502824828,0.00453319976804778
A_S48_U_baseline,development,A_S48:47600006:101,True,True,0.21437250077724457,0.20180602706386708,-0.01256647371337749
A_S48_U_baseline,development,A_S48:47600006:132,True,True,0.190187007188797,0.17198332997213583,-0.018203677216661163
A_S48_U_baseline,development,A_S48:47600006:177,True,True,0.17901504039764404,0.17789708203054033,-0.0011179583671037108
A_S48_U_baseline,development,A_S48:47600007:4,True,False,0.1578257977962494,0.1424627771775704,-0.015363020618679002
A_S48_U_baseline,development,A_S48:47600007:7,True,False,0.13323774933815002,0.14431750506628305,0.011079755728133023
A_S48_U_baseline,development,A_S48:47600007:10,True,False,0.16507932543754578,0.15868828349630348,-0.0063910419412422925
A_S48_U_baseline,development,A_S48:47600007:17,True,False,0.1783631294965744,0.15079058965784498,-0.027572539838729426
A_S48_U_baseline,development,A_S48:47600007:27,True,False,0.14801158010959625,0.15330197237199172,0.005290392262395471
A_S48_U_baseline,development,A_S48:47600007:28,True,False,0.15419921278953552,0.15579786789021455,0.001598655100679025
A_S48_U_baseline,development,A_S48:47600007:61,True,True,0.17055167257785797,0.1712645571678877,0.0007128845900297165
A_S48_U_baseline,development,A_S48:47600007:66,True,True,0.17365695536136627,0.17064497603860218,-0.003011979322764091
A_S48_U_baseline,development,A_S48:47600007:87,True,True,0.16491149365901947,0.1572209445585031,-0.007690549100516364
A_S48_U_baseline,development,A_S48:47600007:117,True,True,0.14598862826824188,0.1512729050446069,0.0052842767763650045
A_S48_U_baseline,development,A_S48:47600008:6,True,False,0.15226773917675018,0.15104132192209363,-0.0012264172546565533
A_S48_U_baseline,development,A_S48:47600008:8,True,False,0.13195674121379852,0.13876295613590628,0.006806214922107756
A_S48_U_baseline,development,A_S48:47600008:21,True,False,0.13080516457557678,0.13246120026451536,0.001656035688938573
A_S48_U_baseline,development,A_S48:47600008:23,True,False,0.13102898001670837,0.12220309846452437,-0.008825881552184
A_S48_U_baseline,development,A_S48:47600008:49,True,True,0.09662183374166489,0.09899270728055853,0.0023708735388936475
A_S48_U_baseline,development,A_S48:47600008:54,True,True,0.10963502526283264,0.11973790253978223,0.010102877276949584
A_S48_U_baseline,development,A_S48:47600008:61,True,True,0.13706620037555695,0.13757319742580876,0.0005069970502518117
A_S48_U_baseline,development,A_S48:47600008:87,True,True,0.13728436827659607,0.13732445077039301,4.008249379694462e-05
A_S48_U_baseline,development,A_S48:47600008:101,True,True,0.112381711602211,0.12877928251691628,0.016397570914705284
A_S48_U_m0.000,train,A_S48:47500000:1,True,False,0.2775188982486725,0.23894339194521308,-0.038575506303459406
A_S48_U_m0.000,train,A_S48:47500000:8,True,False,0.21737341582775116,0.1851382973836735,-0.03223511844407767
A_S48_U_m0.000,train,A_S48:47500000:26,True,False,0.2129993885755539,0.1968103782273829,-0.016189010348170996
A_S48_U_m0.000,train,A_S48:47500000:39,True,False,0.22003868222236633,0.19861644553020597,-0.021422236692160368
A_S48_U_m0.000,train,A_S48:47500000:84,True,True,0.21941134333610535,0.19978989847004414,-0.01962144486606121
A_S48_U_m0.000,train,A_S48:47500000:141,True,True,0.1808314472436905,0.17259614588692784,-0.008235301356762648
A_S48_U_m0.000,train,A_S48:47500000:144,True,True,0.19158469140529633,0.17257090518251061,-0.01901378622278571
A_S48_U_m0.000,train,A_S48:47500000:155,True,True,0.1811857968568802,0.17290283262263983,-0.008282964234240353
A_S48_U_m0.000,train,A_S48:47500000:169,True,True,0.19415611028671265,0.17505891527980566,-0.019097195006906986
A_S48_U_m0.000,train,A_S48:47500000:179,True,True,0.1843944489955902,0.1717454814352095,-0.012648967560380697
A_S48_U_m0.000,train,A_S48:47500002:2,True,False,0.2488621026277542,0.19199919886887074,-0.056862903758883476
A_S48_U_m0.000,train,A_S48:47500002:3,True,False,0.24601630866527557,0.21222560945898294,-0.03379069920629263
A_S48_U_m0.000,train,A_S48:47500002:15,True,False,0.21002241969108582,0.19782616756856441,-0.0121962521225214
A_S48_U_m0.000,train,A_S48:47500002:25,True,False,0.2044253647327423,0.18514123489148915,-0.01928412984125316
A_S48_U_m0.000,train,A_S48:47500002:33,True,False,0.19886408746242523,0.18340208940207958,-0.01546199806034565
A_S48_U_m0.000,train,A_S48:47500002:55,True,True,0.1773722916841507,0.16361348261125386,-0.013758809072896838
A_S48_U_m0.000,train,A_S48:47500002:101,True,True,0.18748898804187775,0.17751077970024198,-0.009978208341635764
A_S48_U_m0.000,train,A_S48:47500002:114,True,True,0.18673937022686005,0.17067028651945293,-0.016069083707407117
A_S48_U_m0.000,train,A_S48:47500002:152,True,True,0.189026340842247,0.17341722757555544,-0.015609113266691566
A_S48_U_m0.000,train,A_S48:47500002:178,True,True,0.1796211451292038,0.1654614006401971,-0.014159744489006698
A_S48_U_m0.000,train,A_S48:47500003:4,True,False,0.23723329603672028,0.1873937309719622,-0.04983956506475806
A_S48_U_m0.000,train,A_S48:47500003:16,True,False,0.207900270819664,0.18191750720143318,-0.02598276361823082
A_S48_U_m0.000,train,A_S48:47500003:24,True,False,0.2368783801794052,0.19212518818676472,-0.044753191992640495
A_S48_U_m0.000,train,A_S48:47500003:41,True,False,0.18396702408790588,0.16971148527227342,-0.014255538815632463
A_S48_U_m0.000,train,A_S48:47500003:46,True,False,0.1836315393447876,0.17828820506110787,-0.005343334283679724
A_S48_U_m0.000,train,A_S48:47500003:80,True,True,0.1764090210199356,0.16951468493789434,-0.006894336082041264
A_S48_U_m0.000,train,A_S48:47500003:91,True,True,0.19564728438854218,0.18554098112508655,-0.01010630326345563
A_S48_U_m0.000,train,A_S48:47500003:109,True,True,0.2234439104795456,0.20054063713178039,-0.022903273347765207
A_S48_U_m0.000,train,A_S48:47500003:149,True,True,0.196529820561409,0.17853024555370212,-0.01799957500770688
A_S48_U_m0.000,train,A_S48:47500003:180,True,True,0.19191806018352509,0.1784164817072451,-0.013501578476279974
A_S48_U_m0.000,train,A_S48:47500005:2,True,False,0.28996169567108154,0.21111630857922137,-0.07884538709186018
A_S48_U_m0.000,train,A_S48:47500005:6,True,False,0.22796913981437683,0.19744556164368987,-0.03052357817068696
A_S48_U_m0.000,train,A_S48:47500005:13,True,False,0.20923872292041779,0.193104192847386,-0.016134530073031783
A_S48_U_m0.000,train,A_S48:47500005:45,True,False,0.1996549516916275,0.17629773053340614,-0.023357221158221364
A_S48_U_m0.000,train,A_S48:47500005:46,True,False,0.20994426310062408,0.18167412839829922,-0.028270134702324867
A_S48_U_m0.000,train,A_S48:47500005:67,True,True,0.18187637627124786,0.17885237326845527,-0.003024003002792597
A_S48_U_m0.000,train,A_S48:47500005:106,True,True,0.18442299962043762,0.17456411896273494,-0.009858880657702684
A_S48_U_m0.000,train,A_S48:47500005:120,True,True,0.17923332750797272,0.16874851495958865,-0.01048481254838407
A_S48_U_m0.000,train,A_S48:47500005:170,True,True,0.1718507558107376,0.1544706211425364,-0.017380134668201208
A_S48_U_m0.000,train,A_S48:47500006:4,True,False,0.2584681212902069,0.23098301514983177,-0.027485106140375137
A_S48_U_m0.000,train,A_S48:47500006:5,True,False,0.24914859235286713,0.21601297007873654,-0.03313562227413058
A_S48_U_m0.000,train,A_S48:47500006:8,True,False,0.2466522604227066,0.2026328577194363,-0.044019402703270316
A_S48_U_m0.000,train,A_S48:47500006:10,True,False,0.22783629596233368,0.19898419780656695,-0.028852098155766726
A_S48_U_m0.000,train,A_S48:47500006:89,True,True,0.19595403969287872,0.18376165768131614,-0.012192382011562586
A_S48_U_m0.000,train,A_S48:47500006:102,True,True,0.1768890768289566,0.15401564515195787,-0.022873431676998734
A_S48_U_m0.000,train,A_S48:47500006:118,True,True,0.18451406061649323,0.17770865932106972,-0.006805401295423508
A_S48_U_m0.000,train,A_S48:47500006:136,True,True,0.19098782539367676,0.18824826506897807,-0.0027395603246986866
A_S48_U_m0.000,train,A_S48:47500006:169,True,True,0.19468392431735992,0.1788850431330502,-0.01579888118430972
A_S48_U_m0.000,train,A_S48:47500007:4,True,False,0.2407441884279251,0.20079090679064393,-0.03995328163728118
A_S48_U_m0.000,train,A_S48:47500007:6,True,False,0.2257656455039978,0.19720744714140892,-0.028558198362588882
A_S48_U_m0.000,train,A_S48:47500007:13,True,False,0.21891042590141296,0.20452475268393755,-0.014385673217475414
A_S48_U_m0.000,train,A_S48:47500007:36,True,False,0.1828719675540924,0.1662431051954627,-0.016628862358629704
A_S48_U_m0.000,train,A_S48:47500007:97,True,True,0.17764922976493835,0.171393858268857,-0.006255371496081352
A_S48_U_m0.000,train,A_S48:47500007:118,True,True,0.18199577927589417,0.173652071505785,-0.008343707770109177
A_S48_U_m0.000,train,A_S48:47500007:134,True,True,0.17512084543704987,0.1657776350621134,-0.009343210374936461
A_S48_U_m0.000,train,A_S48:47500007:168,True,True,0.19281044602394104,0.18725769314914942,-0.005552752874791622
A_S48_U_m0.000,train,A_S48:47500008:4,True,False,0.23395627737045288,0.21955059678293765,-0.014405680587515235
A_S48_U_m0.000,train,A_S48:47500008:10,True,False,0.2324584424495697,0.16758852964267135,-0.06486991280689836
A_S48_U_m0.000,train,A_S48:47500008:20,True,False,0.20516975224018097,0.18238072749227285,-0.022789024747908115
A_S48_U_m0.000,train,A_S48:47500008:28,True,False,0.2172452211380005,0.18963475758209825,-0.027610463555902243
A_S48_U_m0.000,train,A_S48:47500008:34,True,False,0.22388692200183868,0.20916720246896148,-0.014719719532877207
A_S48_U_m0.000,train,A_S48:47500008:112,True,True,0.20168881118297577,0.1707726560998708,-0.030916155083104968
A_S48_U_m0.000,train,A_S48:47500008:131,True,True,0.1826736032962799,0.1681524831801653,-0.014521120116114616
A_S48_U_m0.000,train,A_S48:47500008:172,True,True,0.18055249750614166,0.1730700572952628,-0.007482440210878849
A_S48_U_m0.000,train,A_S48:47500009:6,True,False,0.22382697463035583,0.1933160088956356,-0.03051096573472023
A_S48_U_m0.000,train,A_S48:47500009:11,True,False,0.24518074095249176,0.20926959346979856,-0.035911147482693195
A_S48_U_m0.000,train,A_S48:47500009:15,True,False,0.2284543514251709,0.2153456718660891,-0.013108679559081793
A_S48_U_m0.000,train,A_S48:47500009:20,True,False,0.21789517998695374,0.19303109613247216,-0.024864083854481578
A_S48_U_m0.000,train,A_S48:47500009:26,True,False,0.21286733448505402,0.19398401980288327,-0.01888331468217075
A_S48_U_m0.000,train,A_S48:47500009:36,True,False,0.1968526691198349,0.18873164150863886,-0.008121027611196041
A_S48_U_m0.000,train,A_S48:47500009:68,True,True,0.17814446985721588,0.1693908404558897,-0.00875362940132618
A_S48_U_m0.000,train,A_S48:47500009:142,True,True,0.1942000538110733,0.18269999092444777,-0.011500062886625528
A_S48_U_m0.000,train,A_S48:47500011:5,True,False,0.21446605026721954,0.18667747371364385,-0.027788576553575695
A_S48_U_m0.000,train,A_S48:47500011:15,True,False,0.19910839200019836,0.18557260418310761,-0.01353578781709075
A_S48_U_m0.000,train,A_S48:47500011:26,True,False,0.21315297484397888,0.19971479196101427,-0.013438182882964611
A_S48_U_m0.000,train,A_S48:47500011:29,True,False,0.2025846689939499,0.18693971866741776,-0.015644950326532125
A_S48_U_m0.000,train,A_S48:47500011:31,True,False,0.38885554671287537,0.17575815925374627,-0.2130973874591291
A_S48_U_m0.000,train,A_S48:47500011:36,True,False,0.2035779356956482,0.19280258566141129,-0.010775350034236908
A_S48_U_m0.000,train,A_S48:47500011:49,True,True,0.17521558701992035,0.15420615579932928,-0.02100943122059107
A_S48_U_m0.000,train,A_S48:47500011:56,True,True,0.1816849261522293,0.16630872362293303,-0.015376202529296279
A_S48_U_m0.000,train,A_S48:47500011:74,True,True,0.1775883138179779,0.16745213326066732,-0.010136180557310581
A_S48_U_m0.000,train,A_S48:47500011:167,True,True,0.18957503139972687,0.18335418356582522,-0.006220847833901644
A_S48_U_m0.000,train,A_S48:47500013:14,True,False,0.24583442509174347,0.22397204069420695,-0.021862384397536516
A_S48_U_m0.000,train,A_S48:47500013:15,True,False,0.23413993418216705,0.20981808938086033,-0.024321844801306725
A_S48_U_m0.000,train,A_S48:47500013:28,True,False,0.2189316600561142,0.19061637157574296,-0.028315288480371237
A_S48_U_m0.000,train,A_S48:47500013:32,True,False,0.20131970942020416,0.18029395211488008,-0.021025757305324078
A_S48_U_m0.000,train,A_S48:47500013:58,True,True,0.18865607678890228,0.17305448511615396,-0.015601591672748327
A_S48_U_m0.000,train,A_S48:47500013:83,True,True,0.19019033014774323,0.17033143457956612,-0.019858895568177104
A_S48_U_m0.000,train,A_S48:47500013:119,True,True,0.19140416383743286,0.16695972345769405,-0.024444440379738808
A_S48_U_m0.000,train,A_S48:47500013:128,True,True,0.15995220839977264,0.15487464796751738,-0.005077560432255268
A_S48_U_m0.000,train,A_S48:47500013:162,True,True,0.18136361241340637,0.1652360127773136,-0.016127599636092782
A_S48_U_m0.000,train,A_S48:47500013:165,True,True,0.19087912142276764,0.1665046673733741,-0.024374454049393535
A_S48_U_m0.000,train,A_S48:47500014:9,True,False,0.22548186779022217,0.20560713205486536,-0.019874735735356808
A_S48_U_m0.000,train,A_S48:47500014:10,True,False,0.2230314016342163,0.20580300246365368,-0.017228399170562625
A_S48_U_m0.000,train,A_S48:47500014:20,True,False,0.23405645787715912,0.2104754950851202,-0.023580962792038918
A_S48_U_m0.000,train,A_S48:47500014:43,True,False,0.1989263892173767,0.18294744100421667,-0.015978948213160038
A_S48_U_m0.000,train,A_S48:47500014:60,True,True,0.18699873983860016,0.1737171511631459,-0.013281588675454259
A_S48_U_m0.000,train,A_S48:47500014:78,True,True,0.19470930099487305,0.17197295848745853,-0.02273634250741452
A_S48_U_m0.000,train,A_S48:47500014:99,True,True,0.1861119270324707,0.17287197522819042,-0.013239951804280281
A_S48_U_m0.000,train,A_S48:47500014:134,True,True,0.18850013613700867,0.1860892700497061,-0.0024108660873025656
A_S48_U_m0.000,train,A_S48:47500014:161,True,True,0.1873261034488678,0.17982967314310372,-0.007496430305764079
A_S48_U_m0.000,train,A_S48:47500014:170,True,True,0.17837941646575928,0.17476821783930063,-0.003611198626458645
A_S48_U_m0.000,train,A_S48:47500016:4,True,False,0.23096098005771637,0.2022447984199971,-0.028716181637719274
A_S48_U_m0.000,train,A_S48:47500016:5,True,False,0.22099347412586212,0.1930558301974088,-0.027937643928453326
A_S48_U_m0.000,train,A_S48:47500016:30,True,False,0.23138929903507233,0.20863842451944947,-0.022750874515622854
A_S48_U_m0.000,train,A_S48:47500016:42,True,False,0.21273428201675415,0.18973301444202662,-0.023001267574727535
A_S48_U_m0.000,train,A_S48:47500016:43,True,False,0.2115498036146164,0.18638561596162617,-0.025164187652990222
A_S48_U_m0.000,train,A_S48:47500016:108,True,True,0.19740056991577148,0.18425906263291836,-0.013141507282853127
A_S48_U_m0.000,train,A_S48:47500016:129,True,True,0.18003907799720764,0.16950714029371738,-0.010531937703490257
A_S48_U_m0.000,train,A_S48:47500016:165,True,True,0.18286287784576416,0.17184971668757498,-0.011013161158189178
A_S48_U_m0.000,train,A_S48:47500016:169,True,True,0.1858328878879547,0.17725658137351274,-0.008576306514441967
A_S48_U_m0.000,development,A_S48:47600000:3,True,False,0.22061675786972046,0.21907950213062577,-0.0015372557390946895
A_S48_U_m0.000,development,A_S48:47600000:14,True,False,0.22377727925777435,0.2110184499179013,-0.012758829339873046
A_S48_U_m0.000,development,A_S48:47600000:17,True,False,0.20749935507774353,0.21107617937377654,0.00357682429603301
A_S48_U_m0.000,development,A_S48:47600000:21,True,False,0.20655518770217896,0.208546090812888,0.0019909031107090414
A_S48_U_m0.000,development,A_S48:47600000:29,True,False,0.24092097580432892,0.21152370137860999,-0.029397274425718933
A_S48_U_m0.000,development,A_S48:47600000:32,True,False,0.20345796644687653,0.19309415368479677,-0.01036381276207976
A_S48_U_m0.000,development,A_S48:47600000:76,True,True,0.17105747759342194,0.165855529892724,-0.005201947700697929
A_S48_U_m0.000,development,A_S48:47600000:83,True,True,0.15822401642799377,0.18470299291948322,0.026478976491489448
A_S48_U_m0.000,development,A_S48:47600000:157,True,True,0.19178825616836548,0.20363677115528844,0.011848514986922964
A_S48_U_m0.000,development,A_S48:47600002:2,True,False,0.12040745466947556,0.20354481041431427,0.08313735574483871
A_S48_U_m0.000,development,A_S48:47600002:16,True,False,0.19093796610832214,0.18891884831828065,-0.0020191177900414914
A_S48_U_m0.000,development,A_S48:47600002:30,True,False,0.22033222019672394,0.20428999382420443,-0.016042226372519508
A_S48_U_m0.000,development,A_S48:47600002:36,True,False,0.19999802112579346,0.1856808448501397,-0.014317176275653765
A_S48_U_m0.000,development,A_S48:47600002:68,True,True,0.13740618526935577,0.145779729631613,0.008373544362257235
A_S48_U_m0.000,development,A_S48:47600002:76,True,True,0.15428772568702698,0.17612903699046,0.02184131130343303
A_S48_U_m0.000,development,A_S48:47600002:79,True,True,0.18780963122844696,0.2117226462578401,0.023913015029393137
A_S48_U_m0.000,development,A_S48:47600002:89,True,True,0.1338239312171936,0.12735180163872428,-0.006472129578469321
A_S48_U_m0.000,development,A_S48:47600002:107,True,True,0.12614980340003967,0.12290767313970719,-0.0032421302603324875
A_S48_U_m0.000,development,A_S48:47600003:1,True,False,0.2056155949831009,0.2203865875781048,0.014770992595003918
A_S48_U_m0.000,development,A_S48:47600003:3,True,False,0.17930053174495697,0.16372409445466474,-0.015576437290292233
A_S48_U_m0.000,development,A_S48:47600003:4,True,False,0.13721111416816711,0.14354336794349365,0.006332253775326535
A_S48_U_m0.000,development,A_S48:47600003:11,True,False,0.18776777386665344,0.21376716101076454,0.025999387144111097
A_S48_U_m0.000,development,A_S48:47600003:12,True,False,0.22981354594230652,0.21661576902261004,-0.01319777691969648
A_S48_U_m0.000,development,A_S48:47600003:22,True,False,0.20514963567256927,0.21733234173734672,0.012182706064777449
A_S48_U_m0.000,development,A_S48:47600003:70,True,True,0.14563103020191193,0.16086327479570173,0.015232244593789801
A_S48_U_m0.000,development,A_S48:47600003:90,True,True,0.15512123703956604,0.17154097312595695,0.016419736086390913
A_S48_U_m0.000,development,A_S48:47600003:112,True,True,0.18001243472099304,0.1744659029354807,-0.005546531785512343
A_S48_U_m0.000,development,A_S48:47600003:125,True,True,0.18310469388961792,0.1635057051316835,-0.01959898875793442
A_S48_U_m0.000,development,A_S48:47600004:3,True,False,0.19919569790363312,0.16752353427000344,-0.03167216363362968
A_S48_U_m0.000,development,A_S48:47600004:8,True,False,0.1605675220489502,0.14928248725482263,-0.011285034794127569
A_S48_U_m0.000,development,A_S48:47600004:53,True,True,0.13337263464927673,0.13013305386994034,-0.003239580779336393
A_S48_U_m0.000,development,A_S48:47600004:65,True,True,0.12167609483003616,0.1233817499014549,0.0017056550714187324
A_S48_U_m0.000,development,A_S48:47600004:92,True,True,0.1266573667526245,0.12608676380477846,-0.000570602947846055
A_S48_U_m0.000,development,A_S48:47600004:109,True,True,0.12771572172641754,0.12082350754644722,-0.006892214179970324
A_S48_U_m0.000,development,A_S48:47600004:122,True,True,0.13165554404258728,0.12341987904801499,-0.00823566499457229
A_S48_U_m0.000,development,A_S48:47600005:2,True,False,0.19381465017795563,0.19479451442020945,0.000979864242253825
A_S48_U_m0.000,development,A_S48:47600005:5,True,False,0.18287838995456696,0.1854484272771515,0.0025700373225845397
A_S48_U_m0.000,development,A_S48:47600005:15,True,False,0.21926170587539673,0.2260620386368828,0.006800332761486061
A_S48_U_m0.000,development,A_S48:47600005:24,True,False,0.21135254204273224,0.202547280525323,-0.008805261517409235
A_S48_U_m0.000,development,A_S48:47600005:33,True,False,0.19486774504184723,0.17591698514297605,-0.018950759898871183
A_S48_U_m0.000,development,A_S48:47600005:48,True,True,0.16091926395893097,0.16408142118598334,0.0031621572270523757
A_S48_U_m0.000,development,A_S48:47600005:86,True,True,0.145541712641716,0.1606699989642948,0.015128286322578788
A_S48_U_m0.000,development,A_S48:47600005:88,True,True,0.1560647040605545,0.16524630496860482,0.009181600908050314
A_S48_U_m0.000,development,A_S48:47600005:105,True,True,0.20874528586864471,0.20620994790806435,-0.002535337960580364
A_S48_U_m0.000,development,A_S48:47600005:119,True,True,0.15474873781204224,0.16001689969561994,0.005268161883577704
A_S48_U_m0.000,development,A_S48:47600006:2,True,False,0.21228477358818054,0.21397627107216977,0.0016914974839892238
A_S48_U_m0.000,development,A_S48:47600006:11,True,False,0.2541319727897644,0.198673266422702,-0.055458706367062405
A_S48_U_m0.000,development,A_S48:47600006:13,True,False,0.2740371525287628,0.27685726404888555,0.0028201115201227367
A_S48_U_m0.000,development,A_S48:47600006:16,True,False,0.32538390159606934,0.27670959863462485,-0.04867430296144448
A_S48_U_m0.000,development,A_S48:47600006:25,True,False,0.24596673250198364,0.21522788013680838,-0.030738852365175262
A_S48_U_m0.000,development,A_S48:47600006:38,True,False,0.1617065668106079,0.17048845093813725,0.008781884127529338
A_S48_U_m0.000,development,A_S48:47600006:72,True,True,0.18152767419815063,0.18602368992287666,0.004496015724726021
A_S48_U_m0.000,development,A_S48:47600006:101,True,True,0.2040368616580963,0.19542596736573614,-0.008610894292360172
A_S48_U_m0.000,development,A_S48:47600006:132,True,True,0.19796603918075562,0.18061954827862792,-0.017346490902127698
A_S48_U_m0.000,development,A_S48:47600006:177,True,True,0.181961327791214,0.1844595599686727,0.0024982321774587035
A_S48_U_m0.000,development,A_S48:47600007:4,True,False,0.15176086127758026,0.14095706657099072,-0.010803794706589542
A_S48_U_m0.000,development,A_S48:47600007:7,True,False,0.12943701446056366,0.14289547923544887,0.013458464774885215
A_S48_U_m0.000,development,A_S48:47600007:10,True,False,0.16669577360153198,0.15774058827082627,-0.008955185330705717
A_S48_U_m0.000,development,A_S48:47600007:17,True,False,0.1881486475467682,0.15320378930482548,-0.03494485824194271
A_S48_U_m0.000,development,A_S48:47600007:27,True,False,0.14800529181957245,0.15249290740757715,0.004487615588004701
A_S48_U_m0.000,development,A_S48:47600007:28,True,False,0.15518605709075928,0.15467817054013722,-0.0005078865506220609
A_S48_U_m0.000,development,A_S48:47600007:61,True,True,0.17624182999134064,0.17740337246505078,0.001161542473710142
A_S48_U_m0.000,development,A_S48:47600007:66,True,True,0.17548935115337372,0.1771968173707137,0.0017074662173399702
A_S48_U_m0.000,development,A_S48:47600007:87,True,True,0.16764314472675323,0.15868606869480573,-0.008957076031947508
A_S48_U_m0.000,development,A_S48:47600007:117,True,True,0.1474311351776123,0.15151934765162878,0.004088212474016473
A_S48_U_m0.000,development,A_S48:47600008:6,True,False,0.16002988815307617,0.1508601251989603,-0.009169762954115868
A_S48_U_m0.000,development,A_S48:47600008:8,True,False,0.13923996686935425,0.13957006501732394,0.00033009814796969295
A_S48_U_m0.000,development,A_S48:47600008:21,True,False,0.14459696412086487,0.14054672811471391,-0.0040502360061509535
A_S48_U_m0.000,development,A_S48:47600008:23,True,False,0.14363408088684082,0.12948620230599772,-0.014147878580843098
A_S48_U_m0.000,development,A_S48:47600008:49,True,True,0.08996780961751938,0.09669823659351096,0.006730426975991577
A_S48_U_m0.000,development,A_S48:47600008:54,True,True,0.11397907137870789,0.12196492342627607,0.007985852047568187
A_S48_U_m0.000,development,A_S48:47600008:61,True,True,0.13373883068561554,0.13420024194056168,0.00046141125494614244
A_S48_U_m0.000,development,A_S48:47600008:87,True,True,0.13227054476737976,0.1325833270093426,0.0003127822419628501
A_S48_U_m0.000,development,A_S48:47600008:101,True,True,0.10792668908834457,0.1250258459476754,0.017099156859330833
A_S48_U_m0.010,train,A_S48:47500000:1,True,False,0.34718582034111023,0.22892853408120573,-0.1182572862599045
A_S48_U_m0.010,train,A_S48:47500000:8,True,False,0.21604494750499725,0.1799495347077027,-0.03609541279729456
A_S48_U_m0.010,train,A_S48:47500000:26,True,False,0.19905231893062592,0.17048388835974038,-0.02856843057088554
A_S48_U_m0.010,train,A_S48:47500000:39,True,False,0.26056304574012756,0.1877593919634819,-0.07280365377664566
A_S48_U_m0.010,train,A_S48:47500000:84,True,True,0.22739177942276,0.1734186732210219,-0.05397310620173812
A_S48_U_m0.010,train,A_S48:47500000:141,True,True,0.20109586417675018,0.17262250510975718,-0.028473359066992998
A_S48_U_m0.010,train,A_S48:47500000:144,True,True,0.19440720975399017,0.14835828985087574,-0.04604891990311444
A_S48_U_m0.010,train,A_S48:47500000:155,True,True,0.192157581448555,0.16943480039481074,-0.022722781053744256
A_S48_U_m0.010,train,A_S48:47500000:169,True,True,0.1792168766260147,0.1651528407819569,-0.014064035844057798
A_S48_U_m0.010,train,A_S48:47500000:179,True,True,0.17771199345588684,0.15794499381445348,-0.019766999641433358
A_S48_U_m0.010,train,A_S48:47500002:2,True,False,0.2919950485229492,0.19924441445618868,-0.09275063406676054
A_S48_U_m0.010,train,A_S48:47500002:3,True,False,0.2824303209781647,0.20784049900248647,-0.0745898219756782
A_S48_U_m0.010,train,A_S48:47500002:15,True,False,0.1972099244594574,0.17985458532348275,-0.017355339135974646
A_S48_U_m0.010,train,A_S48:47500002:25,True,False,0.19933778047561646,0.16787231876514852,-0.031465461710467935
A_S48_U_m0.010,train,A_S48:47500002:33,True,False,0.18970796465873718,0.16896210657432675,-0.02074585808441043
A_S48_U_m0.010,train,A_S48:47500002:55,True,True,0.17491461336612701,0.15359737328253686,-0.02131724008359015
A_S48_U_m0.010,train,A_S48:47500002:101,True,True,0.20363090932369232,0.17083018214907497,-0.03280072717461735
A_S48_U_m0.010,train,A_S48:47500002:114,True,True,0.1939615160226822,0.16829379368573427,-0.025667722336947918
A_S48_U_m0.010,train,A_S48:47500002:152,True,True,0.19442451000213623,0.16253678384236991,-0.031887726159766316
A_S48_U_m0.010,train,A_S48:47500002:178,True,True,0.1665593832731247,0.15030268777627498,-0.016256695496849716
A_S48_U_m0.010,train,A_S48:47500003:4,True,False,0.25529247522354126,0.19345727423205972,-0.06183520099148154
A_S48_U_m0.010,train,A_S48:47500003:16,True,False,0.20701657235622406,0.173113944940269,-0.03390262741595507
A_S48_U_m0.010,train,A_S48:47500003:24,True,False,0.22439923882484436,0.18303135922178626,-0.0413678796030581
A_S48_U_m0.010,train,A_S48:47500003:41,True,False,0.20014555752277374,0.17325110640376806,-0.02689445111900568
A_S48_U_m0.010,train,A_S48:47500003:46,True,False,0.18942345678806305,0.17504219664260745,-0.014381260145455599
A_S48_U_m0.010,train,A_S48:47500003:80,True,True,0.2465618997812271,0.16542575764469802,-0.08113614213652909
A_S48_U_m0.010,train,A_S48:47500003:91,True,True,0.20675814151763916,0.1884706444106996,-0.018287497106939554
A_S48_U_m0.010,train,A_S48:47500003:109,True,True,0.21169419586658478,0.19115748396143317,-0.020536711905151606
A_S48_U_m0.010,train,A_S48:47500003:149,True,True,0.18230557441711426,0.15669493237510324,-0.025610642042011023
A_S48_U_m0.010,train,A_S48:47500003:180,True,True,0.18320615589618683,0.1629977859556675,-0.020208369940519333
A_S48_U_m0.010,train,A_S48:47500005:2,True,False,0.29944050312042236,0.22079110285267234,-0.07864940026775002
A_S48_U_m0.010,train,A_S48:47500005:6,True,False,0.21965675055980682,0.19920881581492722,-0.020447934744879603
A_S48_U_m0.010,train,A_S48:47500005:13,True,False,0.22091788053512573,0.18291437823791057,-0.038003502297215164
A_S48_U_m0.010,train,A_S48:47500005:45,True,False,0.19771334528923035,0.17790317302569747,-0.019810172263532877
A_S48_U_m0.010,train,A_S48:47500005:46,True,False,0.2153463065624237,0.18310200748965144,-0.032244299072772264
A_S48_U_m0.010,train,A_S48:47500005:67,True,True,0.1904909312725067,0.16506074415519834,-0.025430187117308378
A_S48_U_m0.010,train,A_S48:47500005:106,True,True,0.18196940422058105,0.15726725850254297,-0.024702145718038082
A_S48_U_m0.010,train,A_S48:47500005:120,True,True,0.21040305495262146,0.17859323509037495,-0.03180981986224651
A_S48_U_m0.010,train,A_S48:47500005:170,True,True,0.17175565659999847,0.14630341436713934,-0.025452242232859135
A_S48_U_m0.010,train,A_S48:47500006:4,True,False,0.3816244602203369,0.22921141795814037,-0.15241304226219654
A_S48_U_m0.010,train,A_S48:47500006:5,True,False,0.2578508257865906,0.21885452466085553,-0.038996301125735044
A_S48_U_m0.010,train,A_S48:47500006:8,True,False,0.2378307431936264,0.203566349693574,-0.03426439350005239
A_S48_U_m0.010,train,A_S48:47500006:10,True,False,0.21734128892421722,0.18696056865155697,-0.030380720272660255
A_S48_U_m0.010,train,A_S48:47500006:89,True,True,0.19463001191616058,0.17157976794987917,-0.023050243966281414
A_S48_U_m0.010,train,A_S48:47500006:102,True,True,0.18132932484149933,0.15152904437854886,-0.029800280462950468
A_S48_U_m0.010,train,A_S48:47500006:118,True,True,0.19738468527793884,0.18184128496795893,-0.015543400309979916
A_S48_U_m0.010,train,A_S48:47500006:136,True,True,0.21378114819526672,0.18613060284405947,-0.027650545351207256
A_S48_U_m0.010,train,A_S48:47500006:169,True,True,0.19034945964813232,0.15813146252185106,-0.03221799712628126
A_S48_U_m0.010,train,A_S48:47500007:4,True,False,0.2409573644399643,0.21127839107066393,-0.029678973369300365
A_S48_U_m0.010,train,A_S48:47500007:6,True,False,0.2696322500705719,0.1968556083738804,-0.07277664169669151
A_S48_U_m0.010,train,A_S48:47500007:13,True,False,0.21081875264644623,0.18563362769782543,-0.025185124948620796
A_S48_U_m0.010,train,A_S48:47500007:36,True,False,0.18423956632614136,0.1696857511997223,-0.014553815126419067
A_S48_U_m0.010,train,A_S48:47500007:97,True,True,0.17309264838695526,0.1595873567275703,-0.013505291659384966
A_S48_U_m0.010,train,A_S48:47500007:118,True,True,0.16230008006095886,0.1555927824229002,-0.006707297638058662
A_S48_U_m0.010,train,A_S48:47500007:134,True,True,0.18389026820659637,0.15563475713133812,-0.028255511075258255
A_S48_U_m0.010,train,A_S48:47500007:168,True,True,0.19549113512039185,0.15942313964478672,-0.03606799547560513
A_S48_U_m0.010,train,A_S48:47500008:4,True,False,0.2588064670562744,0.20907084131613374,-0.049735625740140676
A_S48_U_m0.010,train,A_S48:47500008:10,True,False,0.21518948674201965,0.1762638008221984,-0.03892568591982126
A_S48_U_m0.010,train,A_S48:47500008:20,True,False,0.21646791696548462,0.17846809001639485,-0.037999826949089766
A_S48_U_m0.010,train,A_S48:47500008:28,True,False,0.21339303255081177,0.17653567087836564,-0.03685736167244613
A_S48_U_m0.010,train,A_S48:47500008:34,True,False,0.25351059436798096,0.20735563663765788,-0.046154957730323076
A_S48_U_m0.010,train,A_S48:47500008:112,True,True,0.2008066028356552,0.16997743886895478,-0.030829163966700435
A_S48_U_m0.010,train,A_S48:47500008:131,True,True,0.18390874564647675,0.14760273322463036,-0.03630601242184639
A_S48_U_m0.010,train,A_S48:47500008:172,True,True,0.1844286471605301,0.1710147389676422,-0.013413908192887902
A_S48_U_m0.010,train,A_S48:47500009:6,True,False,0.2336055040359497,0.19451089389622211,-0.03909461013972759
A_S48_U_m0.010,train,A_S48:47500009:11,True,False,0.24474585056304932,0.2067847247235477,-0.03796112583950162
A_S48_U_m0.010,train,A_S48:47500009:15,True,False,0.2301107496023178,0.19580869562923908,-0.03430205397307873
A_S48_U_m0.010,train,A_S48:47500009:20,True,False,0.23047848045825958,0.1874606292694807,-0.04301785118877888
A_S48_U_m0.010,train,A_S48:47500009:26,True,False,0.23258145153522491,0.18997174012474716,-0.04260971141047776
A_S48_U_m0.010,train,A_S48:47500009:36,True,False,0.23485571146011353,0.18129738373681903,-0.0535583277232945
A_S48_U_m0.010,train,A_S48:47500009:68,True,True,0.1989370435476303,0.1579109989106655,-0.0410260446369648
A_S48_U_m0.010,train,A_S48:47500009:142,True,True,0.21215558052062988,0.176966113736853,-0.03518946678377688
A_S48_U_m0.010,train,A_S48:47500011:5,True,False,0.263857364654541,0.2132222728105262,-0.05063509184401482
A_S48_U_m0.010,train,A_S48:47500011:15,True,False,0.21788974106311798,0.18361847009509802,-0.03427127096801996
A_S48_U_m0.010,train,A_S48:47500011:26,True,False,0.22016650438308716,0.17699622176587582,-0.04317028261721134
A_S48_U_m0.010,train,A_S48:47500011:29,True,False,0.21004897356033325,0.17943901452235878,-0.030609959037974477
A_S48_U_m0.010,train,A_S48:47500011:31,True,False,0.2180761992931366,0.17998541065026075,-0.03809078864287585
A_S48_U_m0.010,train,A_S48:47500011:36,True,False,0.20524708926677704,0.16915677580982447,-0.03609031345695257
A_S48_U_m0.010,train,A_S48:47500011:49,True,True,0.1831395924091339,0.15913224802352488,-0.02400734438560903
A_S48_U_m0.010,train,A_S48:47500011:56,True,True,0.21931597590446472,0.17170167481526732,-0.0476143010891974
A_S48_U_m0.010,train,A_S48:47500011:74,True,True,0.18279248476028442,0.16015636548399925,-0.02263611927628517
A_S48_U_m0.010,train,A_S48:47500011:167,True,True,0.19891512393951416,0.17211951036006212,-0.026795613579452038
A_S48_U_m0.010,train,A_S48:47500013:14,True,False,0.24900023639202118,0.2001845669001341,-0.04881566949188709
A_S48_U_m0.010,train,A_S48:47500013:15,True,False,0.29108187556266785,0.18340861704200506,-0.10767325852066278
A_S48_U_m0.010,train,A_S48:47500013:28,True,False,0.20421479642391205,0.17701819352805614,-0.027196602895855904
A_S48_U_m0.010,train,A_S48:47500013:32,True,False,0.1948523074388504,0.17056711413897574,-0.024285193299874663
A_S48_U_m0.010,train,A_S48:47500013:58,True,True,0.22489860653877258,0.1859741793014109,-0.03892442723736167
A_S48_U_m0.010,train,A_S48:47500013:83,True,True,0.20428796112537384,0.16255109407939017,-0.04173686704598367
A_S48_U_m0.010,train,A_S48:47500013:119,True,True,0.19288675487041473,0.1725230566225946,-0.02036369824782014
A_S48_U_m0.010,train,A_S48:47500013:128,True,True,0.18780449032783508,0.15012284507974982,-0.03768164524808526
A_S48_U_m0.010,train,A_S48:47500013:162,True,True,0.19085723161697388,0.16513136820867658,-0.0257258634082973
A_S48_U_m0.010,train,A_S48:47500013:165,True,True,0.21889916062355042,0.1646179601084441,-0.05428120051510632
A_S48_U_m0.010,train,A_S48:47500014:9,True,False,0.23171725869178772,0.19953981414437294,-0.03217744454741478
A_S48_U_m0.010,train,A_S48:47500014:10,True,False,0.22371777892112732,0.1824192525818944,-0.04129852633923292
A_S48_U_m0.010,train,A_S48:47500014:20,True,False,0.2477136254310608,0.1951445140875876,-0.052569111343473196
A_S48_U_m0.010,train,A_S48:47500014:43,True,False,0.18591873347759247,0.16527201142162085,-0.020646722055971622
A_S48_U_m0.010,train,A_S48:47500014:60,True,True,0.186689555644989,0.1625533343758434,-0.024136221269145608
A_S48_U_m0.010,train,A_S48:47500014:78,True,True,0.194785475730896,0.1671155885560438,-0.027669887174852192
A_S48_U_m0.010,train,A_S48:47500014:99,True,True,0.1778906285762787,0.16229415033012629,-0.015596478246152401
A_S48_U_m0.010,train,A_S48:47500014:134,True,True,0.1854730248451233,0.16036985139362514,-0.02510317345149815
A_S48_U_m0.010,train,A_S48:47500014:161,True,True,0.2152853161096573,0.16744394064880908,-0.04784137546084821
A_S48_U_m0.010,train,A_S48:47500014:170,True,True,0.20064906775951385,0.16875192220322788,-0.03189714555628598
A_S48_U_m0.010,train,A_S48:47500016:4,True,False,0.24661526083946228,0.21587053616531193,-0.030744724674150348
A_S48_U_m0.010,train,A_S48:47500016:5,True,False,0.25026610493659973,0.20384183432906866,-0.04642427060753107
A_S48_U_m0.010,train,A_S48:47500016:30,True,False,0.23157759010791779,0.19469980895519257,-0.03687778115272522
A_S48_U_m0.010,train,A_S48:47500016:42,True,False,0.21488578617572784,0.1740180931519717,-0.040867693023756146
A_S48_U_m0.010,train,A_S48:47500016:43,True,False,0.1888401210308075,0.16926971566863358,-0.019570405362173915
A_S48_U_m0.010,train,A_S48:47500016:108,True,True,0.2025519460439682,0.1740490449592471,-0.02850290108472109
A_S48_U_m0.010,train,A_S48:47500016:129,True,True,0.17517270147800446,0.16178422863595188,-0.013388472842052579
A_S48_U_m0.010,train,A_S48:47500016:165,True,True,0.1751469373703003,0.16199017595499754,-0.013156761415302753
A_S48_U_m0.010,train,A_S48:47500016:169,True,True,0.19190457463264465,0.15834356425330043,-0.033561010379344225
A_S48_U_m0.010,development,A_S48:47600000:3,True,False,0.26183968782424927,0.2234879516181536,-0.038351736206095666
A_S48_U_m0.010,development,A_S48:47600000:14,True,False,0.2192249596118927,0.2273479006253183,0.008122941013425589
A_S48_U_m0.010,development,A_S48:47600000:17,True,False,0.21838149428367615,0.2213081071531633,0.002926612869487144
A_S48_U_m0.010,development,A_S48:47600000:21,True,False,0.23086242377758026,0.22106565297872294,-0.009796770798857324
A_S48_U_m0.010,development,A_S48:47600000:29,True,False,0.213240385055542,0.20696109486743808,-0.006279290188103914
A_S48_U_m0.010,development,A_S48:47600000:32,True,False,0.20127254724502563,0.20265016827033833,0.001377621025312692
A_S48_U_m0.010,development,A_S48:47600000:76,True,True,0.1810779571533203,0.16452030326763634,-0.016557653885683976
A_S48_U_m0.010,development,A_S48:47600000:83,True,True,0.15501543879508972,0.20816131416358985,0.05314587536850013
A_S48_U_m0.010,development,A_S48:47600000:157,True,True,0.1802714616060257,0.23286970786284655,0.05259824625682086
A_S48_U_m0.010,development,A_S48:47600002:2,True,False,0.12208078056573868,0.24498394707916304,0.12290316651342437
A_S48_U_m0.010,development,A_S48:47600002:16,True,False,0.18317529559135437,0.1871507831965573,0.003975487605202943
A_S48_U_m0.010,development,A_S48:47600002:30,True,False,0.21294592320919037,0.19123823559493758,-0.02170768761425279
A_S48_U_m0.010,development,A_S48:47600002:36,True,False,0.19702425599098206,0.17576030065538362,-0.02126395533559844
A_S48_U_m0.010,development,A_S48:47600002:68,True,True,0.13144682347774506,0.13874768295499962,0.007300859477254562
A_S48_U_m0.010,development,A_S48:47600002:76,True,True,0.1405976116657257,0.15991397821926512,0.01931636655353941
A_S48_U_m0.010,development,A_S48:47600002:79,True,True,0.18147943913936615,0.20464051452290732,0.023161075383541174
A_S48_U_m0.010,development,A_S48:47600002:89,True,True,0.11818142235279083,0.11467740999069065,-0.003504012362100184
A_S48_U_m0.010,development,A_S48:47600002:107,True,True,0.12008266150951385,0.10959980181360152,-0.010482859695912339
A_S48_U_m0.010,development,A_S48:47600003:1,True,False,0.18848596513271332,0.23136058324598707,0.042874618113273755
A_S48_U_m0.010,development,A_S48:47600003:3,True,False,0.21835239231586456,0.16650473276968114,-0.05184765954618342
A_S48_U_m0.010,development,A_S48:47600003:4,True,False,0.15416766703128815,0.1506925265857717,-0.0034751404455164447
A_S48_U_m0.010,development,A_S48:47600003:11,True,False,0.18328246474266052,0.1867094158224063,0.003426951079745777
A_S48_U_m0.010,development,A_S48:47600003:12,True,False,0.20015279948711395,0.1953096464567352,-0.004843153030378744
A_S48_U_m0.010,development,A_S48:47600003:22,True,False,0.18803298473358154,0.19503145570342895,0.0069984709698474035
A_S48_U_m0.010,development,A_S48:47600003:70,True,True,0.15406349301338196,0.15810786324436776,0.004044370230985805
A_S48_U_m0.010,development,A_S48:47600003:90,True,True,0.15316912531852722,0.17329819995211437,0.020129074633587152
A_S48_U_m0.010,development,A_S48:47600003:112,True,True,0.1534019261598587,0.1569323453004472,0.003530419140588492
A_S48_U_m0.010,development,A_S48:47600003:125,True,True,0.15385793149471283,0.15901696847868152,0.00515903698396869
A_S48_U_m0.010,development,A_S48:47600004:3,True,False,0.2533063590526581,0.18257142137736082,-0.07073493767529726
A_S48_U_m0.010,development,A_S48:47600004:8,True,False,0.19223357737064362,0.1655567845737096,-0.026676792796934023
A_S48_U_m0.010,development,A_S48:47600004:53,True,True,0.13046427071094513,0.12304271331231575,-0.007421557398629375
A_S48_U_m0.010,development,A_S48:47600004:65,True,True,0.1214214563369751,0.11959496929193847,-0.0018264870450366288
A_S48_U_m0.010,development,A_S48:47600004:92,True,True,0.11718740314245224,0.12300833739573136,0.00582093425327912
A_S48_U_m0.010,development,A_S48:47600004:109,True,True,0.1175650954246521,0.11498205590760335,-0.0025830395170487463
A_S48_U_m0.010,development,A_S48:47600004:122,True,True,0.13347186148166656,0.12073144502937794,-0.012740416452288628
A_S48_U_m0.010,development,A_S48:47600005:2,True,False,0.16896234452724457,0.1932661421597004,0.024303797632455826
A_S48_U_m0.010,development,A_S48:47600005:5,True,False,0.15076394379138947,0.1686976853525266,0.01793374156113714
A_S48_U_m0.010,development,A_S48:47600005:15,True,False,0.2340366393327713,0.2260102678410476,-0.008026371491723694
A_S48_U_m0.010,development,A_S48:47600005:24,True,False,0.19091808795928955,0.1794144661835162,-0.011503621775773354
A_S48_U_m0.010,development,A_S48:47600005:33,True,False,0.17749764025211334,0.1673210096778348,-0.010176630574278533
A_S48_U_m0.010,development,A_S48:47600005:48,True,True,0.16229559481143951,0.16580096338293515,0.0035053685714956373
A_S48_U_m0.010,development,A_S48:47600005:86,True,True,0.15887987613677979,0.15339584229514003,-0.005484033841639757
A_S48_U_m0.010,development,A_S48:47600005:88,True,True,0.14721857011318207,0.1691006740584271,0.021882103945245035
A_S48_U_m0.010,development,A_S48:47600005:105,True,True,0.1918209344148636,0.18127416903735138,-0.010546765377512202
A_S48_U_m0.010,development,A_S48:47600005:119,True,True,0.1535792052745819,0.15552963173831813,0.0019504264637362212
A_S48_U_m0.010,development,A_S48:47600006:2,True,False,0.2230297476053238,0.19929939327994362,-0.023730354325380176
A_S48_U_m0.010,development,A_S48:47600006:11,True,False,0.2773304283618927,0.22611979121575132,-0.05121063714614138
A_S48_U_m0.010,development,A_S48:47600006:13,True,False,0.2812786400318146,0.3083258478436619,0.02704720781184733
A_S48_U_m0.010,development,A_S48:47600006:16,True,False,0.3584921360015869,0.3177838447445538,-0.040708291257033125
A_S48_U_m0.010,development,A_S48:47600006:25,True,False,0.2685346305370331,0.2361107300966978,-0.032423900440335274
A_S48_U_m0.010,development,A_S48:47600006:38,True,False,0.18095219135284424,0.18458128048223443,0.003629089129390195
A_S48_U_m0.010,development,A_S48:47600006:72,True,True,0.1923447698354721,0.19148158316966146,-0.0008631866658106446
A_S48_U_m0.010,development,A_S48:47600006:101,True,True,0.23761603236198425,0.20478434381948318,-0.03283168854250107
A_S48_U_m0.010,development,A_S48:47600006:132,True,True,0.1931426227092743,0.18258927852730267,-0.010553344181971624
A_S48_U_m0.010,development,A_S48:47600006:177,True,True,0.18504928052425385,0.16501643363153562,-0.020032846892718226
A_S48_U_m0.010,development,A_S48:47600007:4,True,False,0.1832113415002823,0.1490936265035998,-0.03411771499668248
A_S48_U_m0.010,development,A_S48:47600007:7,True,False,0.15596644580364227,0.1443640536890598,-0.011602392114582472
A_S48_U_m0.010,development,A_S48:47600007:10,True,False,0.1644096076488495,0.15125889345654286,-0.013150714192306623
A_S48_U_m0.010,development,A_S48:47600007:17,True,False,0.16138361394405365,0.13672315242001787,-0.02466046152403578
A_S48_U_m0.010,development,A_S48:47600007:27,True,False,0.13616938889026642,0.1395722877641674,0.0034028988739009947
A_S48_U_m0.010,development,A_S48:47600007:28,True,False,0.13574399054050446,0.14063807198544964,0.004894081444945186
A_S48_U_m0.010,development,A_S48:47600007:61,True,True,0.16798299551010132,0.16412234333984088,-0.003860652170260437
A_S48_U_m0.010,development,A_S48:47600007:66,True,True,0.1692461520433426,0.15879604333895259,-0.010450108704390004
A_S48_U_m0.010,development,A_S48:47600007:87,True,True,0.1491466611623764,0.14966705220285803,0.000520391040481627
A_S48_U_m0.010,development,A_S48:47600007:117,True,True,0.1345430612564087,0.13902970940398518,0.0044866481475764886
A_S48_U_m0.010,development,A_S48:47600008:6,True,False,0.15070337057113647,0.14786533298320137,-0.002838037587935105
A_S48_U_m0.010,development,A_S48:47600008:8,True,False,0.14636604487895966,0.13586217793636024,-0.010503866942599416
A_S48_U_m0.010,development,A_S48:47600008:21,True,False,0.11858005076646805,0.11750659511017147,-0.0010734556562965736
A_S48_U_m0.010,development,A_S48:47600008:23,True,False,0.12273012846708298,0.11363058123970404,-0.009099547227378935
A_S48_U_m0.010,development,A_S48:47600008:49,True,True,0.0861949622631073,0.09385025042865891,0.00765528816555161
A_S48_U_m0.010,development,A_S48:47600008:54,True,True,0.10520641505718231,0.11014640898793004,0.0049399939307477325
A_S48_U_m0.010,development,A_S48:47600008:61,True,True,0.12308895587921143,0.12178915894764941,-0.001299796931562014
A_S48_U_m0.010,development,A_S48:47600008:87,True,True,0.1211661770939827,0.11629812867613509,-0.0048680484178476036
A_S48_U_m0.010,development,A_S48:47600008:101,True,True,0.0917125791311264,0.11103880178416148,0.019326222653035074
A_S48_U_m0.030,train,A_S48:47500000:1,True,False,0.39701399207115173,0.2794826440513134,-0.11753134801983833
A_S48_U_m0.030,train,A_S48:47500000:8,True,False,0.294788658618927,0.18986080458853394,-0.10492785403039306
A_S48_U_m0.030,train,A_S48:47500000:26,True,False,0.26188549399375916,0.1647716131992638,-0.09711388079449534
A_S48_U_m0.030,train,A_S48:47500000:39,True,False,0.22183173894882202,0.1831539715640247,-0.038677767384797335
A_S48_U_m0.030,train,A_S48:47500000:84,True,True,0.2737087905406952,0.17779756034724414,-0.09591123019345105
A_S48_U_m0.030,train,A_S48:47500000:141,True,True,0.21474824845790863,0.17166627221740782,-0.04308197624050081
A_S48_U_m0.030,train,A_S48:47500000:144,True,True,0.2625095248222351,0.1568966454360634,-0.1056128793861717
A_S48_U_m0.030,train,A_S48:47500000:155,True,True,0.22244280576705933,0.1746729965088889,-0.047769809258170426
A_S48_U_m0.030,train,A_S48:47500000:169,True,True,0.2100701481103897,0.16700066928751767,-0.04306947882287204
A_S48_U_m0.030,train,A_S48:47500000:179,True,True,0.21581661701202393,0.16384404595009983,-0.0519725710619241
A_S48_U_m0.030,train,A_S48:47500002:2,True,False,0.35495784878730774,0.21532630652654916,-0.13963154226075858
A_S48_U_m0.030,train,A_S48:47500002:3,True,False,0.2967544198036194,0.21725292690098286,-0.07950149290263653
A_S48_U_m0.030,train,A_S48:47500002:15,True,False,0.2819960117340088,0.17964899470098317,-0.10234701703302562
A_S48_U_m0.030,train,A_S48:47500002:25,True,False,0.22647689282894135,0.16546613606624305,-0.06101075676269829
A_S48_U_m0.030,train,A_S48:47500002:33,True,False,0.2584291398525238,0.16791952797211707,-0.09050961188040674
A_S48_U_m0.030,train,A_S48:47500002:55,True,True,0.2045091688632965,0.14516272163018584,-0.059346447233110666
A_S48_U_m0.030,train,A_S48:47500002:101,True,True,0.2926231622695923,0.16892326716333628,-0.12369989510625601
A_S48_U_m0.030,train,A_S48:47500002:114,True,True,0.2501657009124756,0.1602009383495897,-0.08996476256288588
A_S48_U_m0.030,train,A_S48:47500002:152,True,True,0.29936155676841736,0.16661730979103595,-0.1327442469773814
A_S48_U_m0.030,train,A_S48:47500002:178,True,True,0.18841062486171722,0.14895120705477893,-0.03945941780693829
A_S48_U_m0.030,train,A_S48:47500003:4,True,False,0.2935976982116699,0.17316058976575732,-0.1204371084459126
A_S48_U_m0.030,train,A_S48:47500003:16,True,False,0.21847258508205414,0.16707124724052846,-0.051401337841525674
A_S48_U_m0.030,train,A_S48:47500003:24,True,False,0.258628249168396,0.18630178924649954,-0.07232645992189646
A_S48_U_m0.030,train,A_S48:47500003:41,True,False,0.23413778841495514,0.16391022503376007,-0.07022756338119507
A_S48_U_m0.030,train,A_S48:47500003:46,True,False,0.23849083483219147,0.18606201745569706,-0.05242881737649441
A_S48_U_m0.030,train,A_S48:47500003:80,True,True,0.20106364786624908,0.15484706847928464,-0.04621657938696444
A_S48_U_m0.030,train,A_S48:47500003:91,True,True,0.24473074078559875,0.1960246537346393,-0.04870608705095947
A_S48_U_m0.030,train,A_S48:47500003:109,True,True,0.2432243674993515,0.18245162069797516,-0.06077274680137634
A_S48_U_m0.030,train,A_S48:47500003:149,True,True,0.20145583152770996,0.15157665661536157,-0.04987917491234839
A_S48_U_m0.030,train,A_S48:47500003:180,True,True,0.21412615478038788,0.14638755121268332,-0.06773860356770456
A_S48_U_m0.030,train,A_S48:47500005:2,True,False,0.3408169448375702,0.23569480376318097,-0.10512214107438922
A_S48_U_m0.030,train,A_S48:47500005:6,True,False,0.2333415001630783,0.1814711440820247,-0.051870356081053615
A_S48_U_m0.030,train,A_S48:47500005:13,True,False,0.30631616711616516,0.16680832474958152,-0.13950784236658365
A_S48_U_m0.030,train,A_S48:47500005:45,True,False,0.19721508026123047,0.16606255946680903,-0.031152520794421434
A_S48_U_m0.030,train,A_S48:47500005:46,True,False,0.2379850149154663,0.1823225812986493,-0.055662433616817
A_S48_U_m0.030,train,A_S48:47500005:67,True,True,0.22440168261528015,0.16435163747519255,-0.060050045140087605
A_S48_U_m0.030,train,A_S48:47500005:106,True,True,0.20039288699626923,0.15397982043214142,-0.0464130665641278
A_S48_U_m0.030,train,A_S48:47500005:120,True,True,0.23260898888111115,0.16622682032175362,-0.06638216855935752
A_S48_U_m0.030,train,A_S48:47500005:170,True,True,0.18969331681728363,0.14538319106213748,-0.044310125755146146
A_S48_U_m0.030,train,A_S48:47500006:4,True,False,0.3020201027393341,0.22440696135163307,-0.07761314138770103
A_S48_U_m0.030,train,A_S48:47500006:5,True,False,0.2595452666282654,0.21705237403512,-0.04249289259314537
A_S48_U_m0.030,train,A_S48:47500006:8,True,False,0.2882061004638672,0.20574876095633954,-0.08245733950752765
A_S48_U_m0.030,train,A_S48:47500006:10,True,False,0.2305201292037964,0.186350790085271,-0.044169339118525386
A_S48_U_m0.030,train,A_S48:47500006:89,True,True,0.1930236667394638,0.15902717178687453,-0.03399649495258927
A_S48_U_m0.030,train,A_S48:47500006:102,True,True,0.1930406540632248,0.12091688381042331,-0.07212377025280148
A_S48_U_m0.030,train,A_S48:47500006:118,True,True,0.21214325726032257,0.1698799559380859,-0.04226330132223666
A_S48_U_m0.030,train,A_S48:47500006:136,True,True,0.22547240555286407,0.17403948586434126,-0.051432919688522816
A_S48_U_m0.030,train,A_S48:47500006:169,True,True,0.20349115133285522,0.15967823844403028,-0.04381291288882494
A_S48_U_m0.030,train,A_S48:47500007:4,True,False,0.24998420476913452,0.19318036222830415,-0.056803842540830374
A_S48_U_m0.030,train,A_S48:47500007:6,True,False,0.23364873230457306,0.18409533984959126,-0.049553392454981804
A_S48_U_m0.030,train,A_S48:47500007:13,True,False,0.2397059053182602,0.19570452021434903,-0.04400138510391116
A_S48_U_m0.030,train,A_S48:47500007:36,True,False,0.20102830231189728,0.15045930352061987,-0.05056899879127741
A_S48_U_m0.030,train,A_S48:47500007:97,True,True,0.22123965620994568,0.1567232646048069,-0.06451639160513878
A_S48_U_m0.030,train,A_S48:47500007:118,True,True,0.20307567715644836,0.14507302385754883,-0.05800265329889953
A_S48_U_m0.030,train,A_S48:47500007:134,True,True,0.22575874626636505,0.15291355561930686,-0.07284519064705819
A_S48_U_m0.030,train,A_S48:47500007:168,True,True,0.23054128885269165,0.16887260740622878,-0.06166868144646287
A_S48_U_m0.030,train,A_S48:47500008:4,True,False,0.28645384311676025,0.20565983036067337,-0.08079401275608689
A_S48_U_m0.030,train,A_S48:47500008:10,True,False,0.1961747109889984,0.1486844934988767,-0.04749021749012172
A_S48_U_m0.030,train,A_S48:47500008:20,True,False,0.24510756134986877,0.17156729707494378,-0.073540264274925
A_S48_U_m0.030,train,A_S48:47500008:28,True,False,0.21460136771202087,0.16597595671191812,-0.04862541100010276
A_S48_U_m0.030,train,A_S48:47500008:34,True,False,0.2622309923171997,0.21489490056410432,-0.04733609175309539
A_S48_U_m0.030,train,A_S48:47500008:112,True,True,0.24875442683696747,0.14404897985514253,-0.10470544698182493
A_S48_U_m0.030,train,A_S48:47500008:131,True,True,0.2095697820186615,0.12908898177556694,-0.08048080024309456
A_S48_U_m0.030,train,A_S48:47500008:172,True,True,0.2389414757490158,0.1734601310454309,-0.06548134470358491
A_S48_U_m0.030,train,A_S48:47500009:6,True,False,0.21936996281147003,0.1759601798839867,-0.04340978292748332
A_S48_U_m0.030,train,A_S48:47500009:11,True,False,0.21816980838775635,0.16550931334495544,-0.0526604950428009
A_S48_U_m0.030,train,A_S48:47500009:15,True,False,0.22470223903656006,0.17674900917336345,-0.04795322986319661
A_S48_U_m0.030,train,A_S48:47500009:20,True,False,0.22789640724658966,0.16491180891171098,-0.06298459833487868
A_S48_U_m0.030,train,A_S48:47500009:26,True,False,0.23395180702209473,0.17315403104294091,-0.06079777597915381
A_S48_U_m0.030,train,A_S48:47500009:36,True,False,0.20086486637592316,0.17972447676584125,-0.02114038961008191
A_S48_U_m0.030,train,A_S48:47500009:68,True,True,0.19389374554157257,0.13222479773685336,-0.06166894780471921
A_S48_U_m0.030,train,A_S48:47500009:142,True,True,0.22652550041675568,0.15507768234238029,-0.07144781807437539
A_S48_U_m0.030,train,A_S48:47500011:5,True,False,0.2681069076061249,0.19362884270958602,-0.07447806489653885
A_S48_U_m0.030,train,A_S48:47500011:15,True,False,0.21358612179756165,0.16071308916434646,-0.05287303263321519
A_S48_U_m0.030,train,A_S48:47500011:26,True,False,0.23261208832263947,0.19273246871307492,-0.03987961960956454
A_S48_U_m0.030,train,A_S48:47500011:29,True,False,0.2310630977153778,0.17042898503132164,-0.06063411268405616
A_S48_U_m0.030,train,A_S48:47500011:31,True,False,0.23614667356014252,0.17271081742364913,-0.06343585613649338
A_S48_U_m0.030,train,A_S48:47500011:36,True,False,0.21727578341960907,0.17010122584179044,-0.04717455757781863
A_S48_U_m0.030,train,A_S48:47500011:49,True,True,0.2191799134016037,0.13592523022089154,-0.08325468318071216
A_S48_U_m0.030,train,A_S48:47500011:56,True,True,0.20017093420028687,0.16121907997876406,-0.03895185422152281
A_S48_U_m0.030,train,A_S48:47500011:74,True,True,0.2159203588962555,0.1604941883124411,-0.05542617058381438
A_S48_U_m0.030,train,A_S48:47500011:167,True,True,0.21594245731830597,0.17398636834695935,-0.04195608897134662
A_S48_U_m0.030,train,A_S48:47500013:14,True,False,0.298173189163208,0.24572428688406944,-0.052448902279138565
A_S48_U_m0.030,train,A_S48:47500013:15,True,False,0.2730475962162018,0.20124431094154716,-0.07180328527465463
A_S48_U_m0.030,train,A_S48:47500013:28,True,False,0.18550078570842743,0.15564531716518104,-0.02985546854324639
A_S48_U_m0.030,train,A_S48:47500013:32,True,False,0.24196653068065643,0.17108836176339537,-0.07087816891726106
A_S48_U_m0.030,train,A_S48:47500013:58,True,True,0.284743994474411,0.1536927141714841,-0.1310512803029269
A_S48_U_m0.030,train,A_S48:47500013:83,True,True,0.21000128984451294,0.14347503508906811,-0.06652625475544482
A_S48_U_m0.030,train,A_S48:47500013:119,True,True,0.2018597424030304,0.14514473965391517,-0.05671500274911523
A_S48_U_m0.030,train,A_S48:47500013:128,True,True,0.21110008656978607,0.15393336885608733,-0.057166717713698745
A_S48_U_m0.030,train,A_S48:47500013:162,True,True,0.1786874681711197,0.1447224053554237,-0.033965062815696
A_S48_U_m0.030,train,A_S48:47500013:165,True,True,0.19526100158691406,0.13946458604186773,-0.05579641554504633
A_S48_U_m0.030,train,A_S48:47500014:9,True,False,0.22018419206142426,0.17396687343716621,-0.04621731862425804
A_S48_U_m0.030,train,A_S48:47500014:10,True,False,0.2325255125761032,0.16128823964390904,-0.07123727293219417
A_S48_U_m0.030,train,A_S48:47500014:20,True,False,0.23754483461380005,0.1768947090022266,-0.06065012561157346
A_S48_U_m0.030,train,A_S48:47500014:43,True,False,0.2187058925628662,0.15971430006902665,-0.05899159249383956
A_S48_U_m0.030,train,A_S48:47500014:60,True,True,0.1918898969888687,0.16206598398275673,-0.02982391300611198
A_S48_U_m0.030,train,A_S48:47500014:78,True,True,0.31649333238601685,0.1329704187810421,-0.18352291360497475
A_S48_U_m0.030,train,A_S48:47500014:99,True,True,0.19716142117977142,0.15573870111256838,-0.041422720067203045
A_S48_U_m0.030,train,A_S48:47500014:134,True,True,0.2238265722990036,0.1557887833332643,-0.06803778896573931
A_S48_U_m0.030,train,A_S48:47500014:161,True,True,0.2180022895336151,0.15108905965462327,-0.06691322987899184
A_S48_U_m0.030,train,A_S48:47500014:170,True,True,0.23956771194934845,0.1618429464288056,-0.07772476552054286
A_S48_U_m0.030,train,A_S48:47500016:4,True,False,0.2646573781967163,0.19322933559305966,-0.07142804260365665
A_S48_U_m0.030,train,A_S48:47500016:5,True,False,0.23275098204612732,0.17278581950813532,-0.059965162537992
A_S48_U_m0.030,train,A_S48:47500016:30,True,False,0.24526819586753845,0.18920436967164278,-0.05606382619589567
A_S48_U_m0.030,train,A_S48:47500016:42,True,False,0.2356356978416443,0.15453723981045187,-0.08109845803119242
A_S48_U_m0.030,train,A_S48:47500016:43,True,False,0.19206368923187256,0.14471538830548525,-0.04734830092638731
A_S48_U_m0.030,train,A_S48:47500016:108,True,True,0.22887082397937775,0.17547619808465242,-0.05339462589472532
A_S48_U_m0.030,train,A_S48:47500016:129,True,True,0.21741102635860443,0.1524187191389501,-0.06499230721965432
A_S48_U_m0.030,train,A_S48:47500016:165,True,True,0.288812518119812,0.16274821502156556,-0.12606430309824646
A_S48_U_m0.030,train,A_S48:47500016:169,True,True,0.2166750580072403,0.15802429302129894,-0.05865076498594135
A_S48_U_m0.030,development,A_S48:47600000:3,True,False,0.3193076550960541,0.235964617197169,-0.08334303789888509
A_S48_U_m0.030,development,A_S48:47600000:14,True,False,0.21591687202453613,0.24636466198717244,0.030447789962636307
A_S48_U_m0.030,development,A_S48:47600000:17,True,False,0.23383408784866333,0.2205896054074401,-0.013244482441223226
A_S48_U_m0.030,development,A_S48:47600000:21,True,False,0.21520866453647614,0.22012057635583915,0.004911911819363013
A_S48_U_m0.030,development,A_S48:47600000:29,True,False,0.18328556418418884,0.18671597633510828,0.0034304121509194374
A_S48_U_m0.030,development,A_S48:47600000:32,True,False,0.1711658239364624,0.1713207958091516,0.00015497187268920243
A_S48_U_m0.030,development,A_S48:47600000:76,True,True,0.2152647227048874,0.17038113689341117,-0.04488358581147622
A_S48_U_m0.030,development,A_S48:47600000:83,True,True,0.1102437898516655,0.211928923294181,0.10168513344251551
A_S48_U_m0.030,development,A_S48:47600000:157,True,True,0.18817879259586334,0.19263539687381126,0.004456604277947918
A_S48_U_m0.030,development,A_S48:47600002:2,True,False,0.12310252338647842,0.2184452627261635,0.09534273933968507
A_S48_U_m0.030,development,A_S48:47600002:16,True,False,0.20348158478736877,0.1958876088465331,-0.007593975940835662
A_S48_U_m0.030,development,A_S48:47600002:30,True,False,0.22280944883823395,0.19154751843598206,-0.03126193040225189
A_S48_U_m0.030,development,A_S48:47600002:36,True,False,0.23724356293678284,0.17199069935304578,-0.06525286358373705
A_S48_U_m0.030,development,A_S48:47600002:68,True,True,0.09824072569608688,0.11487438484618906,0.016633659150102176
A_S48_U_m0.030,development,A_S48:47600002:76,True,True,0.12009234726428986,0.1600443118804833,0.039951964616193436
A_S48_U_m0.030,development,A_S48:47600002:79,True,True,0.18236614763736725,0.20303662921651267,0.020670481579145417
A_S48_U_m0.030,development,A_S48:47600002:89,True,True,0.10561440140008926,0.09787043070537038,-0.0077439706947188824
A_S48_U_m0.030,development,A_S48:47600002:107,True,True,0.11499402672052383,0.10531423962675035,-0.009679787093773484
A_S48_U_m0.030,development,A_S48:47600003:1,True,False,0.34636926651000977,0.2587886582768988,-0.08758060823311098
A_S48_U_m0.030,development,A_S48:47600003:3,True,False,0.20477911829948425,0.14920585266372655,-0.05557326563575771
A_S48_U_m0.030,development,A_S48:47600003:4,True,False,0.14416912198066711,0.12958689760125708,-0.014582224379410036
A_S48_U_m0.030,development,A_S48:47600003:11,True,False,0.17027486860752106,0.17238125811854843,0.0021063895110273734
A_S48_U_m0.030,development,A_S48:47600003:12,True,False,0.19163300096988678,0.1718617084552534,-0.019771292514633387
A_S48_U_m0.030,development,A_S48:47600003:22,True,False,0.18703006207942963,0.1643627481535077,-0.022667313925921917
A_S48_U_m0.030,development,A_S48:47600003:70,True,True,0.14281350374221802,0.14947088054032065,0.006657376798102632
A_S48_U_m0.030,development,A_S48:47600003:90,True,True,0.13969941437244415,0.17415527655975893,0.03445586218731478
A_S48_U_m0.030,development,A_S48:47600003:112,True,True,0.14716021716594696,0.14952564184204675,0.002365424676099792
A_S48_U_m0.030,development,A_S48:47600003:125,True,True,0.15859568119049072,0.14972215196758043,-0.008873529222910292
A_S48_U_m0.030,development,A_S48:47600004:3,True,False,0.210808664560318,0.15954967538709752,-0.05125898917322047
A_S48_U_m0.030,development,A_S48:47600004:8,True,False,0.1746695190668106,0.13833357440307736,-0.036335944663733244
A_S48_U_m0.030,development,A_S48:47600004:53,True,True,0.12743529677391052,0.11341542025911622,-0.014019876514794305
A_S48_U_m0.030,development,A_S48:47600004:65,True,True,0.11402653902769089,0.11138902173843235,-0.0026375172892585397
A_S48_U_m0.030,development,A_S48:47600004:92,True,True,0.10840015113353729,0.11584891789243557,0.007448766758898273
A_S48_U_m0.030,development,A_S48:47600004:109,True,True,0.10440701246261597,0.10200709047785494,-0.002399921984761022
A_S48_U_m0.030,development,A_S48:47600004:122,True,True,0.1185133308172226,0.1100827828340698,-0.008430547983152792
A_S48_U_m0.030,development,A_S48:47600005:2,True,False,0.20245948433876038,0.19277744088321924,-0.009682043455541134
A_S48_U_m0.030,development,A_S48:47600005:5,True,False,0.11077043414115906,0.15471866086591035,0.043948226724751294
A_S48_U_m0.030,development,A_S48:47600005:15,True,False,0.23879601061344147,0.2260854239721084,-0.012710586641333066
A_S48_U_m0.030,development,A_S48:47600005:24,True,False,0.19934812188148499,0.1613053417968331,-0.038042780084651895
A_S48_U_m0.030,development,A_S48:47600005:33,True,False,0.1595446914434433,0.1540225038479548,-0.005522187595488504
A_S48_U_m0.030,development,A_S48:47600005:48,True,True,0.1633370816707611,0.14615710731595755,-0.017179974354803562
A_S48_U_m0.030,development,A_S48:47600005:86,True,True,0.15712366998195648,0.13339731754967943,-0.023726352432277054
A_S48_U_m0.030,development,A_S48:47600005:88,True,True,0.11297765374183655,0.15934338569059037,0.04636573194875382
A_S48_U_m0.030,development,A_S48:47600005:105,True,True,0.13476237654685974,0.15527325654693414,0.020510880000074394
A_S48_U_m0.030,development,A_S48:47600005:119,True,True,0.1473318487405777,0.1494891994225327,0.002157350681954995
A_S48_U_m0.030,development,A_S48:47600006:2,True,False,0.2669920027256012,0.21497910504695028,-0.052012897678650916
A_S48_U_m0.030,development,A_S48:47600006:11,True,False,0.22991567850112915,0.21458050244837068,-0.01533517605275847
A_S48_U_m0.030,development,A_S48:47600006:13,True,False,0.2759830355644226,0.37351618614047766,0.09753315057605505
A_S48_U_m0.030,development,A_S48:47600006:16,True,False,0.44739481806755066,0.35167609964264557,-0.09571871842490509
A_S48_U_m0.030,development,A_S48:47600006:25,True,False,0.2907038629055023,0.2439767528703669,-0.04672711003513541
A_S48_U_m0.030,development,A_S48:47600006:38,True,False,0.1876307874917984,0.1962457234330941,0.008614935941295698
A_S48_U_m0.030,development,A_S48:47600006:72,True,True,0.17632678151130676,0.16614550874510314,-0.01018127276620362
A_S48_U_m0.030,development,A_S48:47600006:101,True,True,0.29345136880874634,0.22069440463383216,-0.07275696417491417
A_S48_U_m0.030,development,A_S48:47600006:132,True,True,0.19268304109573364,0.17561760358512402,-0.017065437510609627
A_S48_U_m0.030,development,A_S48:47600006:177,True,True,0.17788144946098328,0.14419749306398444,-0.03368395639699884
A_S48_U_m0.030,development,A_S48:47600007:4,True,False,0.13440527021884918,0.11459787076455541,-0.019807399454293773
A_S48_U_m0.030,development,A_S48:47600007:7,True,False,0.13189730048179626,0.11283266633108724,-0.019064634150709026
A_S48_U_m0.030,development,A_S48:47600007:10,True,False,0.15636315941810608,0.1484426823008107,-0.007920477117295377
A_S48_U_m0.030,development,A_S48:47600007:17,True,False,0.16615654528141022,0.13638192147482187,-0.02977462380658835
A_S48_U_m0.030,development,A_S48:47600007:27,True,False,0.10353679209947586,0.1188758352509467,0.015339043151470833
A_S48_U_m0.030,development,A_S48:47600007:28,True,False,0.1287248283624649,0.13009561621583998,0.0013707878533750772
A_S48_U_m0.030,development,A_S48:47600007:61,True,True,0.18646132946014404,0.17361496252124198,-0.012846366938902065
A_S48_U_m0.030,development,A_S48:47600007:66,True,True,0.17731019854545593,0.1569781513971975,-0.020332047148258425
A_S48_U_m0.030,development,A_S48:47600007:87,True,True,0.12769444286823273,0.13490235435892828,0.007207911490695551
A_S48_U_m0.030,development,A_S48:47600007:117,True,True,0.11842245608568192,0.11988469668722246,0.0014622406015405431
A_S48_U_m0.030,development,A_S48:47600008:6,True,False,0.13348500430583954,0.12636817306338344,-0.007116831242456101
A_S48_U_m0.030,development,A_S48:47600008:8,True,False,0.1301504224538803,0.11592384619871154,-0.014226576255168766
A_S48_U_m0.030,development,A_S48:47600008:21,True,False,0.10148465633392334,0.10182740500749787,0.0003427486735745333
A_S48_U_m0.030,development,A_S48:47600008:23,True,False,0.10554435849189758,0.09880616510054097,-0.006738193391356617
A_S48_U_m0.030,development,A_S48:47600008:49,True,True,0.06904327869415283,0.08519865554990247,0.016155376855749637
A_S48_U_m0.030,development,A_S48:47600008:54,True,True,0.09015677124261856,0.10612222869531251,0.015965457452693954
A_S48_U_m0.030,development,A_S48:47600008:61,True,True,0.11880090832710266,0.1145846544241067,-0.004216253902995959
A_S48_U_m0.030,development,A_S48:47600008:87,True,True,0.11538678407669067,0.10822127012943383,-0.007165513947256841
A_S48_U_m0.030,development,A_S48:47600008:101,True,True,0.07334169000387192,0.1029630835109856,0.02962139350711368
A_S48_U_m0.050,train,A_S48:47500000:1,True,False,0.4443373680114746,0.280331511516124,-0.1640058564953506
A_S48_U_m0.050,train,A_S48:47500000:8,True,False,0.2603905498981476,0.1760543982964009,-0.08433615160174668
A_S48_U_m0.050,train,A_S48:47500000:26,True,False,0.22419099509716034,0.1569591793231666,-0.06723181577399373
A_S48_U_m0.050,train,A_S48:47500000:39,True,False,0.3053387999534607,0.1824342436157167,-0.122904556337744
A_S48_U_m0.050,train,A_S48:47500000:84,True,True,0.2700401246547699,0.1777447946369648,-0.0922953300178051
A_S48_U_m0.050,train,A_S48:47500000:141,True,True,0.22215071320533752,0.14200414228253067,-0.08014657092280686
A_S48_U_m0.050,train,A_S48:47500000:144,True,True,0.20154167711734772,0.1348486440256238,-0.06669303309172392
A_S48_U_m0.050,train,A_S48:47500000:155,True,True,0.26919153332710266,0.17227900685975328,-0.09691252646734938
A_S48_U_m0.050,train,A_S48:47500000:169,True,True,0.22335176169872284,0.15016135829500854,-0.0731904034037143
A_S48_U_m0.050,train,A_S48:47500000:179,True,True,0.20208115875720978,0.1531926274765283,-0.04888853128068149
A_S48_U_m0.050,train,A_S48:47500002:2,True,False,0.43353450298309326,0.2658277302980423,-0.16770677268505096
A_S48_U_m0.050,train,A_S48:47500002:3,True,False,0.39108753204345703,0.24283935502171516,-0.14824817702174187
A_S48_U_m0.050,train,A_S48:47500002:15,True,False,0.23847301304340363,0.16563472268171608,-0.07283829036168754
A_S48_U_m0.050,train,A_S48:47500002:25,True,False,0.21682794392108917,0.1584551784908399,-0.058372765430249274
A_S48_U_m0.050,train,A_S48:47500002:33,True,False,0.2587442696094513,0.16534979827702045,-0.09339447133243084
A_S48_U_m0.050,train,A_S48:47500002:55,True,True,0.21908004581928253,0.15138858754653484,-0.0676914582727477
A_S48_U_m0.050,train,A_S48:47500002:101,True,True,0.30283045768737793,0.19092891388572752,-0.1119015438016504
A_S48_U_m0.050,train,A_S48:47500002:114,True,True,0.31888869404792786,0.17166621517390013,-0.14722247887402773
A_S48_U_m0.050,train,A_S48:47500002:152,True,True,0.29037395119667053,0.16073061840143055,-0.12964333279523998
A_S48_U_m0.050,train,A_S48:47500002:178,True,True,0.3059532642364502,0.16136792168254033,-0.14458534255390987
A_S48_U_m0.050,train,A_S48:47500003:4,True,False,0.3083113729953766,0.14541478641331196,-0.16289658658206463
A_S48_U_m0.050,train,A_S48:47500003:16,True,False,0.2624818682670593,0.1525716301985085,-0.10991023806855083
A_S48_U_m0.050,train,A_S48:47500003:24,True,False,0.2936497628688812,0.20794442109763622,-0.085705341771245
A_S48_U_m0.050,train,A_S48:47500003:41,True,False,0.2693195343017578,0.1445392556488514,-0.12478027865290642
A_S48_U_m0.050,train,A_S48:47500003:46,True,False,0.24123185873031616,0.1727426613215357,-0.06848919740878046
A_S48_U_m0.050,train,A_S48:47500003:80,True,True,0.23696038126945496,0.14149408880621195,-0.09546629246324301
A_S48_U_m0.050,train,A_S48:47500003:91,True,True,0.2734282910823822,0.17697961744852364,-0.09644867363385856
A_S48_U_m0.050,train,A_S48:47500003:109,True,True,0.268085777759552,0.17971963714808226,-0.08836614061146975
A_S48_U_m0.050,train,A_S48:47500003:149,True,True,0.22158685326576233,0.14234441076405346,-0.07924244250170887
A_S48_U_m0.050,train,A_S48:47500003:180,True,True,0.3171066641807556,0.1364933813456446,-0.18061328283511102
A_S48_U_m0.050,train,A_S48:47500005:2,True,False,0.37208667397499084,0.2666634819470346,-0.10542319202795625
A_S48_U_m0.050,train,A_S48:47500005:6,True,False,0.24331393837928772,0.1740256273187697,-0.06928831106051803
A_S48_U_m0.050,train,A_S48:47500005:13,True,False,0.29891806840896606,0.14360689464956522,-0.15531117375940084
A_S48_U_m0.050,train,A_S48:47500005:45,True,False,0.17419245839118958,0.1180137648480013,-0.056178693543188274
A_S48_U_m0.050,train,A_S48:47500005:46,True,False,0.21494734287261963,0.12126735714264214,-0.09367998572997749
A_S48_U_m0.050,train,A_S48:47500005:67,True,True,0.21257144212722778,0.13763402053155005,-0.07493742159567773
A_S48_U_m0.050,train,A_S48:47500005:106,True,True,0.25844457745552063,0.12489136913791299,-0.13355320831760764
A_S48_U_m0.050,train,A_S48:47500005:120,True,True,0.23819170892238617,0.16119803418405354,-0.07699367473833263
A_S48_U_m0.050,train,A_S48:47500005:170,True,True,0.2405177801847458,0.12852880102582276,-0.11198897915892303
A_S48_U_m0.050,train,A_S48:47500006:4,True,False,0.407759428024292,0.2387249255552888,-0.1690345024690032
A_S48_U_m0.050,train,A_S48:47500006:5,True,False,0.3398132920265198,0.21158330189064145,-0.12822999013587832
A_S48_U_m0.050,train,A_S48:47500006:8,True,False,0.3065815269947052,0.1954447329044342,-0.111136794090271
A_S48_U_m0.050,train,A_S48:47500006:10,True,False,0.2595568597316742,0.18116859905421734,-0.07838826067745686
A_S48_U_m0.050,train,A_S48:47500006:89,True,True,0.18611232936382294,0.1516884525772184,-0.034423876786604524
A_S48_U_m0.050,train,A_S48:47500006:102,True,True,0.15696436166763306,0.09082990494789556,-0.0661344567197375
A_S48_U_m0.050,train,A_S48:47500006:118,True,True,0.22221635282039642,0.13793660409282893,-0.0842797487275675
A_S48_U_m0.050,train,A_S48:47500006:136,True,True,0.2085365504026413,0.15382294193841517,-0.05471360846422613
A_S48_U_m0.050,train,A_S48:47500006:169,True,True,0.23309557139873505,0.1374726069625467,-0.09562296443618834
A_S48_U_m0.050,train,A_S48:47500007:4,True,False,0.4255404770374298,0.19607164897024632,-0.2294688280671835
A_S48_U_m0.050,train,A_S48:47500007:6,True,False,0.2630477845668793,0.1864890088327229,-0.07655877573415637
A_S48_U_m0.050,train,A_S48:47500007:13,True,False,0.24267935752868652,0.17956876126118004,-0.06311059626750648
A_S48_U_m0.050,train,A_S48:47500007:36,True,False,0.18715150654315948,0.11159003397915512,-0.07556147256400436
A_S48_U_m0.050,train,A_S48:47500007:97,True,True,0.24346302449703217,0.15101419296115637,-0.0924488315358758
A_S48_U_m0.050,train,A_S48:47500007:118,True,True,0.19222037494182587,0.1362444486003369,-0.05597592634148896
A_S48_U_m0.050,train,A_S48:47500007:134,True,True,0.23754756152629852,0.1382400965085253,-0.09930746501777321
A_S48_U_m0.050,train,A_S48:47500007:168,True,True,0.22240713238716125,0.1433940854622051,-0.07901304692495614
A_S48_U_m0.050,train,A_S48:47500008:4,True,False,0.35199499130249023,0.24230799998622388,-0.10968699131626636
A_S48_U_m0.050,train,A_S48:47500008:10,True,False,0.2714928984642029,0.11654685437679291,-0.15494604408740997
A_S48_U_m0.050,train,A_S48:47500008:20,True,False,0.2527353763580322,0.15224235341884196,-0.10049302293919027
A_S48_U_m0.050,train,A_S48:47500008:28,True,False,0.20385496318340302,0.1364055615849793,-0.06744940159842372
A_S48_U_m0.050,train,A_S48:47500008:34,True,False,0.24998098611831665,0.1743509229272604,-0.07563006319105625
A_S48_U_m0.050,train,A_S48:47500008:112,True,True,0.39401012659072876,0.17352724343072623,-0.22048288316000253
A_S48_U_m0.050,train,A_S48:47500008:131,True,True,0.20171330869197845,0.11501664126990363,-0.08669666742207482
A_S48_U_m0.050,train,A_S48:47500008:172,True,True,0.21468615531921387,0.17583960038609803,-0.03884655493311584
A_S48_U_m0.050,train,A_S48:47500009:6,True,False,0.36505770683288574,0.16970614111050963,-0.1953515657223761
A_S48_U_m0.050,train,A_S48:47500009:11,True,False,0.2669239640235901,0.1525501103606075,-0.11437385366298258
A_S48_U_m0.050,train,A_S48:47500009:15,True,False,0.23770590126514435,0.1586610923986882,-0.07904480886645615
A_S48_U_m0.050,train,A_S48:47500009:20,True,False,0.23648640513420105,0.1785167541820556,-0.05796965095214546
A_S48_U_m0.050,train,A_S48:47500009:26,True,False,0.2940634787082672,0.1795621738419868,-0.1145013048662804
A_S48_U_m0.050,train,A_S48:47500009:36,True,False,0.2917518615722656,0.1827220618724823,-0.10902979969978333
A_S48_U_m0.050,train,A_S48:47500009:68,True,True,0.18086233735084534,0.12219344702316448,-0.058668890327680856
A_S48_U_m0.050,train,A_S48:47500009:142,True,True,0.21270360052585602,0.1454307110980153,-0.06727288942784071
A_S48_U_m0.050,train,A_S48:47500011:5,True,False,0.2534748911857605,0.1567065715789795,-0.096768319606781
A_S48_U_m0.050,train,A_S48:47500011:15,True,False,0.2226404994726181,0.14044506195932627,-0.08219543751329184
A_S48_U_m0.050,train,A_S48:47500011:26,True,False,0.2718706429004669,0.17999896593391895,-0.09187167696654797
A_S48_U_m0.050,train,A_S48:47500011:29,True,False,0.4159422516822815,0.13831437414046377,-0.2776278775418177
A_S48_U_m0.050,train,A_S48:47500011:31,True,False,0.1950961798429489,0.120821847114712,-0.07427433272823691
A_S48_U_m0.050,train,A_S48:47500011:36,True,False,0.23809795081615448,0.17780431103892624,-0.060293639777228236
A_S48_U_m0.050,train,A_S48:47500011:49,True,True,0.3017873764038086,0.13058281945995986,-0.17120455694384873
A_S48_U_m0.050,train,A_S48:47500011:56,True,True,0.21298150718212128,0.13240706198848784,-0.08057444519363344
A_S48_U_m0.050,train,A_S48:47500011:74,True,True,0.25611400604248047,0.14782917313277721,-0.10828483290970325
A_S48_U_m0.050,train,A_S48:47500011:167,True,True,0.22509390115737915,0.17241049162112176,-0.052683409536257386
A_S48_U_m0.050,train,A_S48:47500013:14,True,False,0.4561837613582611,0.22860842081718147,-0.22757534054107964
A_S48_U_m0.050,train,A_S48:47500013:15,True,False,0.3835534155368805,0.17146518593654037,-0.21208822960034013
A_S48_U_m0.050,train,A_S48:47500013:28,True,False,0.1834336221218109,0.12561136460863054,-0.057822257513180375
A_S48_U_m0.050,train,A_S48:47500013:32,True,False,0.32185766100883484,0.1323632868588902,-0.18949437414994463
A_S48_U_m0.050,train,A_S48:47500013:58,True,True,0.3498450219631195,0.17240848415531218,-0.17743653780780733
A_S48_U_m0.050,train,A_S48:47500013:83,True,True,0.19932368397712708,0.1418194108409807,-0.05750427313614637
A_S48_U_m0.050,train,A_S48:47500013:119,True,True,0.2762489914894104,0.1599700888618827,-0.11627890262752771
A_S48_U_m0.050,train,A_S48:47500013:128,True,True,0.22863507270812988,0.12553628091700375,-0.10309879179112613
A_S48_U_m0.050,train,A_S48:47500013:162,True,True,0.2434106320142746,0.1433977426495403,-0.10001288936473429
A_S48_U_m0.050,train,A_S48:47500013:165,True,True,0.2599232792854309,0.15194471029099077,-0.10797856899444014
A_S48_U_m0.050,train,A_S48:47500014:9,True,False,0.21923628449440002,0.14794638054445386,-0.07128990394994617
A_S48_U_m0.050,train,A_S48:47500014:10,True,False,0.19763992726802826,0.13919573684688658,-0.058444190421141684
A_S48_U_m0.050,train,A_S48:47500014:20,True,False,0.2962140738964081,0.17855306796263903,-0.11766100593376905
A_S48_U_m0.050,train,A_S48:47500014:43,True,False,0.21397222578525543,0.1345315717626363,-0.07944065402261913
A_S48_U_m0.050,train,A_S48:47500014:60,True,True,0.2865370512008667,0.1729849020484835,-0.11355214915238321
A_S48_U_m0.050,train,A_S48:47500014:78,True,True,0.28237199783325195,0.14005340717267245,-0.1423185906605795
A_S48_U_m0.050,train,A_S48:47500014:99,True,True,0.22165466845035553,0.13699546759016812,-0.08465920086018741
A_S48_U_m0.050,train,A_S48:47500014:134,True,True,0.2672154903411865,0.14986530056921765,-0.11735018977196887
A_S48_U_m0.050,train,A_S48:47500014:161,True,True,0.2673161029815674,0.15765087865293026,-0.10966522432863712
A_S48_U_m0.050,train,A_S48:47500014:170,True,True,0.26392391324043274,0.13880254980176687,-0.12512136343866587
A_S48_U_m0.050,train,A_S48:47500016:4,True,False,0.5036001205444336,0.21878084330819547,-0.2848192772362381
A_S48_U_m0.050,train,A_S48:47500016:5,True,False,0.32133638858795166,0.19370242510922253,-0.12763396347872913
A_S48_U_m0.050,train,A_S48:47500016:30,True,False,0.3823705017566681,0.19788307999260724,-0.18448742176406085
A_S48_U_m0.050,train,A_S48:47500016:42,True,False,0.281069815158844,0.15637090778909624,-0.12469890736974776
A_S48_U_m0.050,train,A_S48:47500016:43,True,False,0.22795772552490234,0.13753252057358623,-0.09042520495131612
A_S48_U_m0.050,train,A_S48:47500016:108,True,True,0.2447333037853241,0.16875024139881134,-0.07598306238651276
A_S48_U_m0.050,train,A_S48:47500016:129,True,True,0.2596413493156433,0.15510444878600538,-0.10453690052963793
A_S48_U_m0.050,train,A_S48:47500016:165,True,True,0.24740543961524963,0.15651239675935358,-0.09089304285589606
A_S48_U_m0.050,train,A_S48:47500016:169,True,True,0.24785251915454865,0.1428701351978816,-0.10498238395666704
A_S48_U_m0.050,development,A_S48:47600000:3,True,False,0.360070139169693,0.26566606943379156,-0.09440406973590143
A_S48_U_m0.050,development,A_S48:47600000:14,True,False,0.16103670001029968,0.20628495418350212,0.04524825417320244
A_S48_U_m0.050,development,A_S48:47600000:17,True,False,0.2407625913619995,0.21490513077151263,-0.02585746059048688
A_S48_U_m0.050,development,A_S48:47600000:21,True,False,0.2549232840538025,0.19760162521561142,-0.05732165883819107
A_S48_U_m0.050,development,A_S48:47600000:29,True,False,0.2435367852449417,0.22325343741977122,-0.020283347825170495
A_S48_U_m0.050,development,A_S48:47600000:32,True,False,0.20378705859184265,0.19936351499927696,-0.004423543592565693
A_S48_U_m0.050,development,A_S48:47600000:76,True,True,0.18329519033432007,0.15693944953818573,-0.02635574079613434
A_S48_U_m0.050,development,A_S48:47600000:83,True,True,0.08343539386987686,0.2223502116103191,0.13891481774044223
A_S48_U_m0.050,development,A_S48:47600000:157,True,True,0.21678230166435242,0.2299614450603258,0.01317914339597337
A_S48_U_m0.050,development,A_S48:47600002:2,True,False,0.13029985129833221,0.27408928064687643,0.14378942934854422
A_S48_U_m0.050,development,A_S48:47600002:16,True,False,0.2088063508272171,0.16011879246798344,-0.04868755835923366
A_S48_U_m0.050,development,A_S48:47600002:30,True,False,0.22299262881278992,0.19107589716440998,-0.03191673164837994
A_S48_U_m0.050,development,A_S48:47600002:36,True,False,0.2108985036611557,0.16018491993600037,-0.05071358372515533
A_S48_U_m0.050,development,A_S48:47600002:68,True,True,0.09251030534505844,0.1021282535730279,0.009617948227969464
A_S48_U_m0.050,development,A_S48:47600002:76,True,True,0.1038784310221672,0.13216765384277096,0.028289222820603754
A_S48_U_m0.050,development,A_S48:47600002:79,True,True,0.21693629026412964,0.20633539221307728,-0.010600898051052354
A_S48_U_m0.050,development,A_S48:47600002:89,True,True,0.08785295486450195,0.08223477035062388,-0.005618184513878077
A_S48_U_m0.050,development,A_S48:47600002:107,True,True,0.09862703084945679,0.08736923101969296,-0.011257799829763826
A_S48_U_m0.050,development,A_S48:47600003:1,True,False,0.4576035141944885,0.33978100382955745,-0.11782251036493108
A_S48_U_m0.050,development,A_S48:47600003:3,True,False,0.3605839014053345,0.18504037239472382,-0.17554352901061065
A_S48_U_m0.050,development,A_S48:47600003:4,True,False,0.13916613161563873,0.1585985981801059,0.019432466564467177
A_S48_U_m0.050,development,A_S48:47600003:11,True,False,0.14049924910068512,0.15830630966229364,0.017807060561608523
A_S48_U_m0.050,development,A_S48:47600003:12,True,False,0.16351284086704254,0.16771291868644767,0.004200077819405124
A_S48_U_m0.050,development,A_S48:47600003:22,True,False,0.1631103754043579,0.186883500769909,0.023773125365551095
A_S48_U_m0.050,development,A_S48:47600003:70,True,True,0.11049256473779678,0.13336779580276925,0.022875231064972468
A_S48_U_m0.050,development,A_S48:47600003:90,True,True,0.12264273315668106,0.18063659043400548,0.05799385727732442
A_S48_U_m0.050,development,A_S48:47600003:112,True,True,0.1246044710278511,0.12651725596515462,0.0019127849373035133
A_S48_U_m0.050,development,A_S48:47600003:125,True,True,0.14059877395629883,0.13537412520236103,-0.0052246487539377995
A_S48_U_m0.050,development,A_S48:47600004:3,True,False,0.21459083259105682,0.17024927308375482,-0.04434155950730201
A_S48_U_m0.050,development,A_S48:47600004:8,True,False,0.21311290562152863,0.14407055321498774,-0.06904235240654089
A_S48_U_m0.050,development,A_S48:47600004:53,True,True,0.12038318067789078,0.1164679302892182,-0.003915250388672575
A_S48_U_m0.050,development,A_S48:47600004:65,True,True,0.1116442084312439,0.11077674914849922,-0.0008674592827446759
A_S48_U_m0.050,development,A_S48:47600004:92,True,True,0.11559265851974487,0.11811203378601931,0.0025193752662744373
A_S48_U_m0.050,development,A_S48:47600004:109,True,True,0.09042906761169434,0.09550777410913724,0.005078706497442909
A_S48_U_m0.050,development,A_S48:47600004:122,True,True,0.11523082852363586,0.10989661729399813,-0.005334211229637731
A_S48_U_m0.050,development,A_S48:47600005:2,True,False,0.2820403575897217,0.18495087255723774,-0.09708948503248394
A_S48_U_m0.050,development,A_S48:47600005:5,True,False,0.08103615045547485,0.12969834031537175,0.0486621898598969
A_S48_U_m0.050,development,A_S48:47600005:15,True,False,0.21104036271572113,0.21854882235493278,0.007508459639211651
A_S48_U_m0.050,development,A_S48:47600005:24,True,False,0.17295148968696594,0.15824145717488136,-0.014710032512084581
A_S48_U_m0.050,development,A_S48:47600005:33,True,False,0.16132256388664246,0.17018177304998972,0.00885920916334726
A_S48_U_m0.050,development,A_S48:47600005:48,True,True,0.18900719285011292,0.16329868567117956,-0.02570850717893336
A_S48_U_m0.050,development,A_S48:47600005:86,True,True,0.11907174438238144,0.12817644974711584,0.0091047053647344
A_S48_U_m0.050,development,A_S48:47600005:88,True,True,0.12866158783435822,0.16803566438466078,0.03937407655030256
A_S48_U_m0.050,development,A_S48:47600005:105,True,True,0.17432470619678497,0.16150443475635257,-0.012820271440432407
A_S48_U_m0.050,development,A_S48:47600005:119,True,True,0.11664951592683792,0.12743279380811146,0.010783277881273534
A_S48_U_m0.050,development,A_S48:47600006:2,True,False,0.254341721534729,0.23082215001340955,-0.02351957152131945
A_S48_U_m0.050,development,A_S48:47600006:11,True,False,0.2718009054660797,0.23578435539093334,-0.03601655007514637
A_S48_U_m0.050,development,A_S48:47600006:13,True,False,0.25567156076431274,0.3714848798554158,0.11581331909110304
A_S48_U_m0.050,development,A_S48:47600006:16,True,False,0.3760271668434143,0.34276573899842333,-0.033261427844990976
A_S48_U_m0.050,development,A_S48:47600006:25,True,False,0.27389419078826904,0.214850506890798,-0.059043683897471055
A_S48_U_m0.050,development,A_S48:47600006:38,True,False,0.18603971600532532,0.17602143473050091,-0.010018281274824403
A_S48_U_m0.050,development,A_S48:47600006:72,True,True,0.19453772902488708,0.1848679606191581,-0.009669768405728973
A_S48_U_m0.050,development,A_S48:47600006:101,True,True,0.3234720826148987,0.2410471533657983,-0.08242492924910039
A_S48_U_m0.050,development,A_S48:47600006:132,True,True,0.1444002389907837,0.1462778260174673,0.0018775870266836137
A_S48_U_m0.050,development,A_S48:47600006:177,True,True,0.17004276812076569,0.14645812658272916,-0.02358464153803652
A_S48_U_m0.050,development,A_S48:47600007:4,True,False,0.1860753446817398,0.12202456055092625,-0.06405078413081355
A_S48_U_m0.050,development,A_S48:47600007:7,True,False,0.10325124859809875,0.09797777223138837,-0.0052734763667103834
A_S48_U_m0.050,development,A_S48:47600007:10,True,False,0.16221950948238373,0.12538449476414826,-0.03683501471823547
A_S48_U_m0.050,development,A_S48:47600007:17,True,False,0.16029319167137146,0.13410481195751345,-0.026188379713858012
A_S48_U_m0.050,development,A_S48:47600007:27,True,False,0.09719237685203552,0.10796986662535346,0.010777489773317939
A_S48_U_m0.050,development,A_S48:47600007:28,True,False,0.1388939768075943,0.12158278423885349,-0.017311192568740807
A_S48_U_m0.050,development,A_S48:47600007:61,True,True,0.12571720778942108,0.15057344549131813,0.024856237701897044
A_S48_U_m0.050,development,A_S48:47600007:66,True,True,0.15873664617538452,0.13100882092112442,-0.027727825254260097
A_S48_U_m0.050,development,A_S48:47600007:87,True,True,0.10936330258846283,0.12232617817062419,0.01296287558216136
A_S48_U_m0.050,development,A_S48:47600007:117,True,True,0.10161013901233673,0.11436985433101654,0.01275971531867981
A_S48_U_m0.050,development,A_S48:47600008:6,True,False,0.09939481317996979,0.12130657145462465,0.021911758274654858
A_S48_U_m0.050,development,A_S48:47600008:8,True,False,0.1199793666601181,0.1011018123535905,-0.0188775543065276
A_S48_U_m0.050,development,A_S48:47600008:21,True,False,0.09244187921285629,0.08241303450631676,-0.01002884470653953
A_S48_U_m0.050,development,A_S48:47600008:23,True,False,0.0903950035572052,0.076968369729002,-0.013426633828203194
A_S48_U_m0.050,development,A_S48:47600008:49,True,True,0.06984040141105652,0.0915011955803493,0.021660794169292785
A_S48_U_m0.050,development,A_S48:47600008:54,True,True,0.09276337921619415,0.11142932951042894,0.01866595029423479
A_S48_U_m0.050,development,A_S48:47600008:61,True,True,0.12696205079555511,0.13093347819085466,0.003971427395299543
A_S48_U_m0.050,development,A_S48:47600008:87,True,True,0.1325724869966507,0.1164595099107828,-0.016112977085867897
A_S48_U_m0.050,development,A_S48:47600008:101,True,True,0.06104331836104393,0.10696563075907761,0.04592231239803368
B_S24_W_baseline,train,B_S24:47500000:1,True,False,0.45742976665496826,0.43490218464285135,-0.02252758201211691
B_S24_W_baseline,train,B_S24:47500000:8,True,False,0.3192415237426758,0.2944240616634488,-0.02481746207922697
B_S24_W_baseline,train,B_S24:47500000:26,False,True,0.0118085453286767,0.011885687912581488,7.71425839047879e-05
B_S24_W_baseline,train,B_S24:47500000:39,False,True,0.013119659386575222,0.010112758696777746,-0.003006900689797476
B_S24_W_baseline,train,B_S24:47500000:84,False,True,0.022995585575699806,0.01427580846939236,-0.008719777106307447
B_S24_W_baseline,train,B_S24:47500000:141,False,True,0.008427848108112812,0.011144727657665499,0.0027168795495526865
B_S24_W_baseline,train,B_S24:47500000:144,False,True,0.010946751572191715,0.014112968521658331,0.003166216949466616
B_S24_W_baseline,train,B_S24:47500000:155,False,True,0.007463938556611538,0.009385121549712494,0.001921182993100956
B_S24_W_baseline,train,B_S24:47500000:169,False,True,0.005950874648988247,0.009669637540355325,0.003718762891367078
B_S24_W_baseline,train,B_S24:47500000:179,False,True,0.008142227306962013,0.008376091456739232,0.0002338641497772187
B_S24_W_baseline,train,B_S24:47500002:2,True,False,0.44463664293289185,0.42771192360669374,-0.0169247193261981
B_S24_W_baseline,train,B_S24:47500002:3,True,False,0.43129962682724,0.4134426349774003,-0.017856991849839687
B_S24_W_baseline,train,B_S24:47500002:15,True,False,0.22612231969833374,0.15149372722953558,-0.07462859246879816
B_S24_W_baseline,train,B_S24:47500002:25,True,False,0.05796372890472412,0.026551779264991637,-0.031411949639732484
B_S24_W_baseline,train,B_S24:47500002:33,False,True,0.027773043140769005,0.02799805303220637,0.0002250098914373666
B_S24_W_baseline,train,B_S24:47500002:55,False,True,0.01304088719189167,0.010293878993252292,-0.002747008198639378
B_S24_W_baseline,train,B_S24:47500002:101,False,True,0.01675829105079174,0.011920275268494152,-0.004838015782297589
B_S24_W_baseline,train,B_S24:47500002:114,False,True,0.019070900976657867,0.016266884107608348,-0.0028040168690495193
B_S24_W_baseline,train,B_S24:47500002:152,False,True,0.016697710379958153,0.014670602307887748,-0.002027108072070405
B_S24_W_baseline,train,B_S24:47500002:178,False,True,0.008227887563407421,0.007978975787409581,-0.00024891177599783987
B_S24_W_baseline,train,B_S24:47500003:4,True,False,0.41449296474456787,0.36850285716354847,-0.0459901075810194
B_S24_W_baseline,train,B_S24:47500003:16,True,False,0.17719554901123047,0.14524703286588192,-0.03194851614534855
B_S24_W_baseline,train,B_S24:47500003:24,True,False,0.023145372048020363,0.008704314852366224,-0.014441057195654139
B_S24_W_baseline,train,B_S24:47500003:41,False,True,0.009303523227572441,0.01587470600497909,0.006571182777406648
B_S24_W_baseline,train,B_S24:47500003:46,False,True,0.01655677892267704,0.017188445839565247,0.0006316669168882072
B_S24_W_baseline,train,B_S24:47500003:80,False,True,0.04341752827167511,0.026103732525371015,-0.017313795746304095
B_S24_W_baseline,train,B_S24:47500003:91,False,True,0.023203251883387566,0.019567057897802442,-0.0036361939855851233
B_S24_W_baseline,train,B_S24:47500003:109,False,True,0.011258687824010849,0.020294123416533694,0.009035435592522845
B_S24_W_baseline,train,B_S24:47500003:149,False,True,0.005830743350088596,0.008005630123079754,0.002174886772991158
B_S24_W_baseline,train,B_S24:47500003:180,False,True,0.007539980113506317,0.00824174661829602,0.0007017665047897026
B_S24_W_baseline,train,B_S24:47500005:2,True,False,0.42841941118240356,0.41173685900866985,-0.01668255217373371
B_S24_W_baseline,train,B_S24:47500005:6,True,False,0.3476942479610443,0.30529777240008116,-0.042396475560963154
B_S24_W_baseline,train,B_S24:47500005:13,True,False,0.2089759260416031,0.1678822268731892,-0.04109369916841388
B_S24_W_baseline,train,B_S24:47500005:45,False,True,0.016657594591379166,0.014487348293187097,-0.002170246298192069
B_S24_W_baseline,train,B_S24:47500005:46,False,True,0.024053413420915604,0.011775709921494126,-0.012277703499421477
B_S24_W_baseline,train,B_S24:47500005:67,False,True,0.007478015031665564,0.010741664198576473,0.003263649166910909
B_S24_W_baseline,train,B_S24:47500005:106,False,True,0.005817192606627941,0.009471835976000875,0.003654643369372934
B_S24_W_baseline,train,B_S24:47500005:120,False,True,0.04474351182579994,0.050408785755280405,0.005665273929480463
B_S24_W_baseline,train,B_S24:47500005:170,False,True,0.012150672264397144,0.015283742337487638,0.0031330700730904937
B_S24_W_baseline,train,B_S24:47500006:4,True,False,0.4121881425380707,0.38061635196208954,-0.03157179057598114
B_S24_W_baseline,train,B_S24:47500006:5,True,False,0.3989320695400238,0.35715093184262514,-0.04178113769739866
B_S24_W_baseline,train,B_S24:47500006:8,True,False,0.331297367811203,0.29245235677808523,-0.03884501103311777
B_S24_W_baseline,train,B_S24:47500006:10,True,False,0.29047340154647827,0.23530347691848874,-0.05516992462798953
B_S24_W_baseline,train,B_S24:47500006:89,False,True,0.007987515069544315,0.009823283704463392,0.0018357686349190772
B_S24_W_baseline,train,B_S24:47500006:102,False,True,0.015524039976298809,0.01826028441428207,0.0027362444379832596
B_S24_W_baseline,train,B_S24:47500006:118,False,True,0.021048767492175102,0.020816895994357765,-0.0002318714978173375
B_S24_W_baseline,train,B_S24:47500006:136,False,True,0.0244886577129364,0.025080750143388286,0.0005920924304518849
B_S24_W_baseline,train,B_S24:47500006:169,False,True,0.00743358489125967,0.011462676629889756,0.004029091738630086
B_S24_W_baseline,train,B_S24:47500007:4,True,False,0.4055899381637573,0.3843246065080166,-0.021265331655740738
B_S24_W_baseline,train,B_S24:47500007:6,True,False,0.3601928651332855,0.3348391680046916,-0.02535369712859392
B_S24_W_baseline,train,B_S24:47500007:13,True,False,0.1913529634475708,0.15635019051842391,-0.035002772929146886
B_S24_W_baseline,train,B_S24:47500007:36,False,True,0.017908092588186264,0.03499975678278133,0.01709166419459507
B_S24_W_baseline,train,B_S24:47500007:97,False,True,0.018614783883094788,0.016674900747602805,-0.001939883135491982
B_S24_W_baseline,train,B_S24:47500007:118,False,True,0.012114068493247032,0.011608108383370563,-0.0005059601098764688
B_S24_W_baseline,train,B_S24:47500007:134,False,True,0.009355232119560242,0.011332325433613732,0.0019770933140534908
B_S24_W_baseline,train,B_S24:47500007:168,False,True,0.011556432582437992,0.011459692672360688,-9.673991007730365e-05
B_S24_W_baseline,train,B_S24:47500008:4,True,False,0.3987487852573395,0.3837517136707902,-0.014997071586549282
B_S24_W_baseline,train,B_S24:47500008:10,True,False,0.2846733629703522,0.22875738004222512,-0.05591598292812705
B_S24_W_baseline,train,B_S24:47500008:20,True,False,0.04949578270316124,0.0181826047191862,-0.03131317798397504
B_S24_W_baseline,train,B_S24:47500008:28,False,True,0.005795392207801342,0.007641895310371183,0.0018465031025698408
B_S24_W_baseline,train,B_S24:47500008:34,False,True,0.010070374235510826,0.01407072861911729,0.004000354383606464
B_S24_W_baseline,train,B_S24:47500008:112,False,True,0.011046413332223892,0.012150153415859677,0.0011037400836357847
B_S24_W_baseline,train,B_S24:47500008:131,False,True,0.01319087389856577,0.013015730801271275,-0.0001751430972944945
B_S24_W_baseline,train,B_S24:47500008:172,False,True,0.01370477769523859,0.017142636119388044,0.0034378584241494536
B_S24_W_baseline,train,B_S24:47500009:6,True,False,0.379086971282959,0.33410196751356125,-0.044985003769397736
B_S24_W_baseline,train,B_S24:47500009:11,True,False,0.23458412289619446,0.17024409933947027,-0.06434002355672419
B_S24_W_baseline,train,B_S24:47500009:15,True,False,0.14808104932308197,0.10676304390653968,-0.04131800541654229
B_S24_W_baseline,train,B_S24:47500009:20,True,False,0.040835004299879074,0.012008553050691262,-0.028826451249187812
B_S24_W_baseline,train,B_S24:47500009:26,False,True,0.008941972628235817,0.00851686172245536,-0.00042511090578045696
B_S24_W_baseline,train,B_S24:47500009:36,False,True,0.009616674855351448,0.008987124267150648,-0.0006295505882008001
B_S24_W_baseline,train,B_S24:47500009:68,False,True,0.013193666934967041,0.010306927215424366,-0.0028867397195426747
B_S24_W_baseline,train,B_S24:47500009:142,False,True,0.009497193619608879,0.016173233598237857,0.006676039978628978
B_S24_W_baseline,train,B_S24:47500011:5,True,False,0.384040892124176,0.3224595948122442,-0.06158129731193185
B_S24_W_baseline,train,B_S24:47500011:15,True,False,0.13836456835269928,0.09378312260378152,-0.04458144574891776
B_S24_W_baseline,train,B_S24:47500011:26,False,True,0.01281784102320671,0.01346344871853944,0.0006456076953327283
B_S24_W_baseline,train,B_S24:47500011:29,False,True,0.011640282347798347,0.011103324839496054,-0.0005369575083022937
B_S24_W_baseline,train,B_S24:47500011:31,False,True,0.015243045054376125,0.013007517118239775,-0.00223552793613635
B_S24_W_baseline,train,B_S24:47500011:36,False,True,0.010776425711810589,0.010671964118955657,-0.00010446159285493195
B_S24_W_baseline,train,B_S24:47500011:49,False,True,0.02275395579636097,0.02028531627729535,-0.0024686395190656185
B_S24_W_baseline,train,B_S24:47500011:56,False,True,0.015063407830893993,0.016122074710438028,0.0010586668795440346
B_S24_W_baseline,train,B_S24:47500011:74,False,True,0.014770030975341797,0.013845329289324582,-0.0009247016860172153
B_S24_W_baseline,train,B_S24:47500011:167,False,True,0.01584499701857567,0.017336908174911514,0.0014919111563358456
B_S24_W_baseline,train,B_S24:47500013:14,True,False,0.12185336649417877,0.06028512411285192,-0.061568242381326854
B_S24_W_baseline,train,B_S24:47500013:15,True,False,0.10629542917013168,0.05931442219298333,-0.046981006977148354
B_S24_W_baseline,train,B_S24:47500013:28,False,True,0.07023628801107407,0.0798734143609181,0.009637126349844038
B_S24_W_baseline,train,B_S24:47500013:32,False,True,0.039271026849746704,0.029108513990649953,-0.01016251285909675
B_S24_W_baseline,train,B_S24:47500013:58,False,True,0.03773494064807892,0.04139635502360761,0.003661414375528693
B_S24_W_baseline,train,B_S24:47500013:83,False,True,0.010405401699244976,0.008492391236359254,-0.0019130104628857225
B_S24_W_baseline,train,B_S24:47500013:119,False,True,0.05160548537969589,0.03806837589945644,-0.013537109480239451
B_S24_W_baseline,train,B_S24:47500013:128,False,True,0.0071718995459377766,0.010145734311663546,0.002973834765725769
B_S24_W_baseline,train,B_S24:47500013:162,False,True,0.013819186948239803,0.015012221861979924,0.0011930349137401208
B_S24_W_baseline,train,B_S24:47500013:165,False,True,0.011492439545691013,0.026882050762651488,0.015389611216960475
B_S24_W_baseline,train,B_S24:47500014:9,True,False,0.31385716795921326,0.2911318391561508,-0.02272532880306244
B_S24_W_baseline,train,B_S24:47500014:10,True,False,0.30190253257751465,0.2719239257276058,-0.02997860684990883
B_S24_W_baseline,train,B_S24:47500014:20,True,False,0.03262008726596832,0.015035492251627147,-0.017584595014341176
B_S24_W_baseline,train,B_S24:47500014:43,False,True,0.008586017414927483,0.017346608714433387,0.008760591299505904
B_S24_W_baseline,train,B_S24:47500014:60,False,True,0.01703510992228985,0.016845893871504813,-0.0001892160507850349
B_S24_W_baseline,train,B_S24:47500014:78,False,True,0.014681799337267876,0.009554496165947057,-0.005127303171320818
B_S24_W_baseline,train,B_S24:47500014:99,False,True,0.006975121330469847,0.007689017889788374,0.0007138965593185276
B_S24_W_baseline,train,B_S24:47500014:134,False,True,0.015888137742877007,0.017370142857544124,0.0014820051146671176
B_S24_W_baseline,train,B_S24:47500014:161,False,True,0.006359218619763851,0.007085255056153983,0.0007260364363901317
B_S24_W_baseline,train,B_S24:47500014:170,False,True,0.011400912888348103,0.011356251270626672,-4.466161772143096e-05
B_S24_W_baseline,train,B_S24:47500016:4,True,False,0.3929004371166229,0.3745734849944711,-0.01832695212215185
B_S24_W_baseline,train,B_S24:47500016:5,True,False,0.3796021640300751,0.358989673666656,-0.020612490363419056
B_S24_W_baseline,train,B_S24:47500016:30,False,True,0.006279509048908949,0.011818620972917415,0.005539111924008466
B_S24_W_baseline,train,B_S24:47500016:42,False,True,0.017695970833301544,0.027476346294861287,0.009780375461559743
B_S24_W_baseline,train,B_S24:47500016:43,False,True,0.01977788656949997,0.04240865906467661,0.022630772495176643
B_S24_W_baseline,train,B_S24:47500016:108,False,True,0.01488605048507452,0.011261468229349703,-0.0036245822557248175
B_S24_W_baseline,train,B_S24:47500016:129,False,True,0.0106509979814291,0.010990736525855027,0.0003397385444259271
B_S24_W_baseline,train,B_S24:47500016:165,False,True,0.011366160586476326,0.011159335364936851,-0.00020682522153947502
B_S24_W_baseline,train,B_S24:47500016:169,False,True,0.018066907301545143,0.011887864413438365,-0.006179042888106778
B_S24_W_baseline,development,B_S24:47600000:3,True,False,0.4327418804168701,0.4111360339447856,-0.021605846472084522
B_S24_W_baseline,development,B_S24:47600000:14,True,False,0.03896598890423775,0.03564836757686862,-0.0033176213273691246
B_S24_W_baseline,development,B_S24:47600000:17,True,False,0.01697061024606228,0.02004842447786359,0.0030778142318013124
B_S24_W_baseline,development,B_S24:47600000:21,True,False,0.01139061525464058,0.012310134174185805,0.0009195189195452258
B_S24_W_baseline,development,B_S24:47600000:29,False,True,0.01722022332251072,0.016930955029238248,-0.00028926829327247106
B_S24_W_baseline,development,B_S24:47600000:32,False,True,0.01669101044535637,0.03847489655163372,0.02178388610627735
B_S24_W_baseline,development,B_S24:47600000:76,False,True,0.011691262945532799,0.022034320845705224,0.010343057900172425
B_S24_W_baseline,development,B_S24:47600000:83,False,True,0.022745966911315918,0.0189821476196812,-0.003763819291634718
B_S24_W_baseline,development,B_S24:47600000:157,False,True,0.004455698654055595,0.009602203439499135,0.00514650478544354
B_S24_W_baseline,development,B_S24:47600002:2,True,False,0.4489816129207611,0.42989037034567446,-0.019091242575086653
B_S24_W_baseline,development,B_S24:47600002:16,True,False,0.026309585198760033,0.029291272312548244,0.0029816871137882117
B_S24_W_baseline,development,B_S24:47600002:30,False,True,0.005046043545007706,0.0084653738704219,0.003419330325414194
B_S24_W_baseline,development,B_S24:47600002:36,False,True,0.01003025658428669,0.011538895128978766,0.0015086385446920758
B_S24_W_baseline,development,B_S24:47600002:68,False,True,0.007420044392347336,0.007656211511857691,0.0002361671195103554
B_S24_W_baseline,development,B_S24:47600002:76,False,True,0.00958845391869545,0.006099043092945067,-0.003489410825750383
B_S24_W_baseline,development,B_S24:47600002:79,False,True,0.015567803755402565,0.02017719955802022,0.004609395802617655
B_S24_W_baseline,development,B_S24:47600002:89,False,True,0.012020203284919262,0.014785544448386645,0.002765341163467383
B_S24_W_baseline,development,B_S24:47600002:107,False,True,0.0381535142660141,0.029722499224590138,-0.008431015041423962
B_S24_W_baseline,development,B_S24:47600003:1,True,False,0.46058788895606995,0.43832399300299585,-0.022263895953074098
B_S24_W_baseline,development,B_S24:47600003:3,True,False,0.4218605160713196,0.39860380173195153,-0.023256714339368045
B_S24_W_baseline,development,B_S24:47600003:4,True,False,0.385580450296402,0.35511029919143766,-0.030470151104964316
B_S24_W_baseline,development,B_S24:47600003:11,True,False,0.11832699924707413,0.05297458928725973,-0.0653524099598144
B_S24_W_baseline,development,B_S24:47600003:12,True,False,0.03880530595779419,0.07608941079524811,0.037284104837453924
B_S24_W_baseline,development,B_S24:47600003:22,True,False,0.006109775044023991,0.005852256702382874,-0.0002575183416411164
B_S24_W_baseline,development,B_S24:47600003:70,False,True,0.01307830959558487,0.013147154573744047,6.884497815917712e-05
B_S24_W_baseline,development,B_S24:47600003:90,False,True,0.015755023807287216,0.012671382846747292,-0.003083640960539924
B_S24_W_baseline,development,B_S24:47600003:112,False,True,0.01186000369489193,0.011676137108224793,-0.0001838665866671363
B_S24_W_baseline,development,B_S24:47600003:125,False,True,0.008303208276629448,0.010051341263533686,0.0017481329869042384
B_S24_W_baseline,development,B_S24:47600004:3,True,False,0.4213884174823761,0.38688557513523847,-0.03450284234713763
B_S24_W_baseline,development,B_S24:47600004:8,True,False,0.2864539623260498,0.23061959905317053,-0.05583436327287927
B_S24_W_baseline,development,B_S24:47600004:53,False,True,0.007465336937457323,0.007652368651179131,0.00018703171372180805
B_S24_W_baseline,development,B_S24:47600004:65,False,True,0.006647107657045126,0.0067886429405916715,0.00014153528354654554
B_S24_W_baseline,development,B_S24:47600004:92,False,True,0.005920878145843744,0.007690302745686495,0.0017694245998427505
B_S24_W_baseline,development,B_S24:47600004:109,False,True,0.006966868881136179,0.007755608704428596,0.000788739823292417
B_S24_W_baseline,development,B_S24:47600004:122,False,True,0.007752866018563509,0.007606741600284295,-0.0001461244182792143
B_S24_W_baseline,development,B_S24:47600005:2,True,False,0.44066765904426575,0.42453103291336447,-0.016136626130901277
B_S24_W_baseline,development,B_S24:47600005:5,True,False,0.3678719699382782,0.3476548515027389,-0.020217118435539305
B_S24_W_baseline,development,B_S24:47600005:15,True,False,0.023537853732705116,0.013976874142827,-0.009560979589878116
B_S24_W_baseline,development,B_S24:47600005:24,False,True,0.008439299650490284,0.010652919756466872,0.002213620105976588
B_S24_W_baseline,development,B_S24:47600005:33,False,True,0.008021280169487,0.010364949564973358,0.0023436693954863586
B_S24_W_baseline,development,B_S24:47600005:48,False,True,0.019539883360266685,0.017986714397920878,-0.0015531689623458078
B_S24_W_baseline,development,B_S24:47600005:86,False,True,0.01781722716987133,0.01311286502641451,-0.0047043621434568195
B_S24_W_baseline,development,B_S24:47600005:88,False,True,0.01320301927626133,0.017175853907247074,0.003972834630985744
B_S24_W_baseline,development,B_S24:47600005:105,False,True,0.009373452514410019,0.013784635513729881,0.004411182999319863
B_S24_W_baseline,development,B_S24:47600005:119,False,True,0.010594857856631279,0.015631361195119098,0.005036503338487819
B_S24_W_baseline,development,B_S24:47600006:2,True,False,0.44207483530044556,0.4244773661484942,-0.017597469151951373
B_S24_W_baseline,development,B_S24:47600006:11,True,False,0.1517191380262375,0.23382074135588482,0.08210160332964733
B_S24_W_baseline,development,B_S24:47600006:13,True,False,0.078521728515625,0.10058445690083317,0.022062728385208175
B_S24_W_baseline,development,B_S24:47600006:16,True,False,0.0496554970741272,0.026978134717865032,-0.022677362356262165
B_S24_W_baseline,development,B_S24:47600006:25,False,True,0.019793692976236343,0.026780055715789786,0.006986362739553442
B_S24_W_baseline,development,B_S24:47600006:38,False,True,0.062124479562044144,0.062231171781604644,0.00010669221956050023
B_S24_W_baseline,development,B_S24:47600006:72,False,True,0.007165390532463789,0.040886373637476936,0.03372098310501315
B_S24_W_baseline,development,B_S24:47600006:101,False,True,0.029327545315027237,0.02413726574741304,-0.005190279567614198
B_S24_W_baseline,development,B_S24:47600006:132,False,True,0.01849859580397606,0.01739804688259028,-0.00110054892138578
B_S24_W_baseline,development,B_S24:47600006:177,False,True,0.00788349099457264,0.012139139584178338,0.004255648589605698
B_S24_W_baseline,development,B_S24:47600007:4,True,False,0.3750780522823334,0.33581634471192956,-0.039261707570403814
B_S24_W_baseline,development,B_S24:47600007:7,True,False,0.2650741934776306,0.21626519598066807,-0.04880899749696255
B_S24_W_baseline,development,B_S24:47600007:10,True,False,0.22866638004779816,0.14324185604345985,-0.08542452400433831
B_S24_W_baseline,development,B_S24:47600007:17,True,False,0.008081668987870216,0.009456855374082807,0.0013751863862125902
B_S24_W_baseline,development,B_S24:47600007:27,False,True,0.008055637590587139,0.00871321684189752,0.0006575792513103806
B_S24_W_baseline,development,B_S24:47600007:28,False,True,0.008173243142664433,0.010567535186055466,0.002394292043391033
B_S24_W_baseline,development,B_S24:47600007:61,False,True,0.00869281217455864,0.009155787589406827,0.00046297541484818794
B_S24_W_baseline,development,B_S24:47600007:66,False,True,0.008339401334524155,0.007987955788848922,-0.000351445545675233
B_S24_W_baseline,development,B_S24:47600007:87,False,True,0.009583176113665104,0.00779414228600217,-0.0017890338276629336
B_S24_W_baseline,development,B_S24:47600007:117,False,True,0.005267009139060974,0.007413258841552306,0.002146249702491332
B_S24_W_baseline,development,B_S24:47600008:6,True,False,0.3659217953681946,0.34786197228822857,-0.01805982307996601
B_S24_W_baseline,development,B_S24:47600008:8,True,False,0.33961912989616394,0.296473192574922,-0.043145937321241945
B_S24_W_baseline,development,B_S24:47600008:21,True,False,0.025471383705735207,0.0337863184940943,0.008314934788359096
B_S24_W_baseline,development,B_S24:47600008:23,False,True,0.03798028454184532,0.024867265867214883,-0.013113018674630439
B_S24_W_baseline,development,B_S24:47600008:49,False,True,0.05814075842499733,0.04001781358238077,-0.018122944842616562
B_S24_W_baseline,development,B_S24:47600008:54,False,True,0.017845245078206062,0.021806360822665738,0.003961115744459676
B_S24_W_baseline,development,B_S24:47600008:61,False,True,0.020038431510329247,0.017203105719090672,-0.0028353257912385743
B_S24_W_baseline,development,B_S24:47600008:87,False,True,0.017993297427892685,0.02004758485054481,0.0020542874226521235
B_S24_W_baseline,development,B_S24:47600008:101,False,True,0.023613521829247475,0.021539476882026065,-0.0020740449472214095
B_S24_W_m0.010,train,B_S24:47500000:1,True,False,0.45742976665496826,0.43490218464285135,-0.02252758201211691
B_S24_W_m0.010,train,B_S24:47500000:8,True,False,0.3192415237426758,0.2944240616634488,-0.02481746207922697
B_S24_W_m0.010,train,B_S24:47500000:26,False,True,0.0118085453286767,0.011885687912581488,7.71425839047879e-05
B_S24_W_m0.010,train,B_S24:47500000:39,False,True,0.013119659386575222,0.010112758696777746,-0.003006900689797476
B_S24_W_m0.010,train,B_S24:47500000:84,False,True,0.022995585575699806,0.01427580846939236,-0.008719777106307447
B_S24_W_m0.010,train,B_S24:47500000:141,False,True,0.008427848108112812,0.011144727657665499,0.0027168795495526865
B_S24_W_m0.010,train,B_S24:47500000:144,False,True,0.010946751572191715,0.014112968521658331,0.003166216949466616
B_S24_W_m0.010,train,B_S24:47500000:155,False,True,0.007463938556611538,0.009385121549712494,0.001921182993100956
B_S24_W_m0.010,train,B_S24:47500000:169,False,True,0.005950874648988247,0.009669637540355325,0.003718762891367078
B_S24_W_m0.010,train,B_S24:47500000:179,False,True,0.008142227306962013,0.008376091456739232,0.0002338641497772187
B_S24_W_m0.010,train,B_S24:47500002:2,True,False,0.44463664293289185,0.42771192360669374,-0.0169247193261981
B_S24_W_m0.010,train,B_S24:47500002:3,True,False,0.43129962682724,0.4134426349774003,-0.017856991849839687
B_S24_W_m0.010,train,B_S24:47500002:15,True,False,0.22612231969833374,0.15149372722953558,-0.07462859246879816
B_S24_W_m0.010,train,B_S24:47500002:25,True,False,0.05796372890472412,0.026551779264991637,-0.031411949639732484
B_S24_W_m0.010,train,B_S24:47500002:33,False,True,0.027773043140769005,0.02799805303220637,0.0002250098914373666
B_S24_W_m0.010,train,B_S24:47500002:55,False,True,0.01304088719189167,0.010293878993252292,-0.002747008198639378
B_S24_W_m0.010,train,B_S24:47500002:101,False,True,0.01675829105079174,0.011920275268494152,-0.004838015782297589
B_S24_W_m0.010,train,B_S24:47500002:114,False,True,0.019070900976657867,0.016266884107608348,-0.0028040168690495193
B_S24_W_m0.010,train,B_S24:47500002:152,False,True,0.016697710379958153,0.014670602307887748,-0.002027108072070405
B_S24_W_m0.010,train,B_S24:47500002:178,False,True,0.008227887563407421,0.007978975787409581,-0.00024891177599783987
B_S24_W_m0.010,train,B_S24:47500003:4,True,False,0.41449296474456787,0.36850285716354847,-0.0459901075810194
B_S24_W_m0.010,train,B_S24:47500003:16,True,False,0.17719554901123047,0.14524703286588192,-0.03194851614534855
B_S24_W_m0.010,train,B_S24:47500003:24,True,False,0.023145372048020363,0.008704314852366224,-0.014441057195654139
B_S24_W_m0.010,train,B_S24:47500003:41,False,True,0.009303523227572441,0.01587470600497909,0.006571182777406648
B_S24_W_m0.010,train,B_S24:47500003:46,False,True,0.01655677892267704,0.017188445839565247,0.0006316669168882072
B_S24_W_m0.010,train,B_S24:47500003:80,False,True,0.04341752827167511,0.026103732525371015,-0.017313795746304095
B_S24_W_m0.010,train,B_S24:47500003:91,False,True,0.023203251883387566,0.019567057897802442,-0.0036361939855851233
B_S24_W_m0.010,train,B_S24:47500003:109,False,True,0.011258687824010849,0.020294123416533694,0.009035435592522845
B_S24_W_m0.010,train,B_S24:47500003:149,False,True,0.005830743350088596,0.008005630123079754,0.002174886772991158
B_S24_W_m0.010,train,B_S24:47500003:180,False,True,0.007539980113506317,0.00824174661829602,0.0007017665047897026
B_S24_W_m0.010,train,B_S24:47500005:2,True,False,0.42841941118240356,0.41173685900866985,-0.01668255217373371
B_S24_W_m0.010,train,B_S24:47500005:6,True,False,0.3476942479610443,0.30529777240008116,-0.042396475560963154
B_S24_W_m0.010,train,B_S24:47500005:13,True,False,0.2089759260416031,0.1678822268731892,-0.04109369916841388
B_S24_W_m0.010,train,B_S24:47500005:45,False,True,0.016657594591379166,0.014487348293187097,-0.002170246298192069
B_S24_W_m0.010,train,B_S24:47500005:46,False,True,0.024053413420915604,0.011775709921494126,-0.012277703499421477
B_S24_W_m0.010,train,B_S24:47500005:67,False,True,0.007478015031665564,0.010741664198576473,0.003263649166910909
B_S24_W_m0.010,train,B_S24:47500005:106,False,True,0.005817192606627941,0.009471835976000875,0.003654643369372934
B_S24_W_m0.010,train,B_S24:47500005:120,False,True,0.04474351182579994,0.050408785755280405,0.005665273929480463
B_S24_W_m0.010,train,B_S24:47500005:170,False,True,0.012150672264397144,0.015283742337487638,0.0031330700730904937
B_S24_W_m0.010,train,B_S24:47500006:4,True,False,0.4121881425380707,0.38061635196208954,-0.03157179057598114
B_S24_W_m0.010,train,B_S24:47500006:5,True,False,0.3989320695400238,0.35715093184262514,-0.04178113769739866
B_S24_W_m0.010,train,B_S24:47500006:8,True,False,0.331297367811203,0.29245235677808523,-0.03884501103311777
B_S24_W_m0.010,train,B_S24:47500006:10,True,False,0.29047340154647827,0.23530347691848874,-0.05516992462798953
B_S24_W_m0.010,train,B_S24:47500006:89,False,True,0.007987515069544315,0.009823283704463392,0.0018357686349190772
B_S24_W_m0.010,train,B_S24:47500006:102,False,True,0.015524039976298809,0.01826028441428207,0.0027362444379832596
B_S24_W_m0.010,train,B_S24:47500006:118,False,True,0.021048767492175102,0.020816895994357765,-0.0002318714978173375
B_S24_W_m0.010,train,B_S24:47500006:136,False,True,0.0244886577129364,0.025080750143388286,0.0005920924304518849
B_S24_W_m0.010,train,B_S24:47500006:169,False,True,0.00743358489125967,0.011462676629889756,0.004029091738630086
B_S24_W_m0.010,train,B_S24:47500007:4,True,False,0.4055899381637573,0.3843246065080166,-0.021265331655740738
B_S24_W_m0.010,train,B_S24:47500007:6,True,False,0.3601928651332855,0.3348391680046916,-0.02535369712859392
B_S24_W_m0.010,train,B_S24:47500007:13,True,False,0.1913529634475708,0.15635019051842391,-0.035002772929146886
B_S24_W_m0.010,train,B_S24:47500007:36,False,True,0.017908092588186264,0.03499975678278133,0.01709166419459507
B_S24_W_m0.010,train,B_S24:47500007:97,False,True,0.018614783883094788,0.016674900747602805,-0.001939883135491982
B_S24_W_m0.010,train,B_S24:47500007:118,False,True,0.012114068493247032,0.011608108383370563,-0.0005059601098764688
B_S24_W_m0.010,train,B_S24:47500007:134,False,True,0.009355232119560242,0.011332325433613732,0.0019770933140534908
B_S24_W_m0.010,train,B_S24:47500007:168,False,True,0.011556432582437992,0.011459692672360688,-9.673991007730365e-05
B_S24_W_m0.010,train,B_S24:47500008:4,True,False,0.3987487852573395,0.3837517136707902,-0.014997071586549282
B_S24_W_m0.010,train,B_S24:47500008:10,True,False,0.2846733629703522,0.22875738004222512,-0.05591598292812705
B_S24_W_m0.010,train,B_S24:47500008:20,True,False,0.04949578270316124,0.0181826047191862,-0.03131317798397504
B_S24_W_m0.010,train,B_S24:47500008:28,False,True,0.005795392207801342,0.007641895310371183,0.0018465031025698408
B_S24_W_m0.010,train,B_S24:47500008:34,False,True,0.010070374235510826,0.01407072861911729,0.004000354383606464
B_S24_W_m0.010,train,B_S24:47500008:112,False,True,0.011046413332223892,0.012150153415859677,0.0011037400836357847
B_S24_W_m0.010,train,B_S24:47500008:131,False,True,0.01319087389856577,0.013015730801271275,-0.0001751430972944945
B_S24_W_m0.010,train,B_S24:47500008:172,False,True,0.01370477769523859,0.017142636119388044,0.0034378584241494536
B_S24_W_m0.010,train,B_S24:47500009:6,True,False,0.379086971282959,0.33410196751356125,-0.044985003769397736
B_S24_W_m0.010,train,B_S24:47500009:11,True,False,0.23458412289619446,0.17024409933947027,-0.06434002355672419
B_S24_W_m0.010,train,B_S24:47500009:15,True,False,0.14808104932308197,0.10676304390653968,-0.04131800541654229
B_S24_W_m0.010,train,B_S24:47500009:20,True,False,0.040835004299879074,0.012008553050691262,-0.028826451249187812
B_S24_W_m0.010,train,B_S24:47500009:26,False,True,0.008941972628235817,0.00851686172245536,-0.00042511090578045696
B_S24_W_m0.010,train,B_S24:47500009:36,False,True,0.009616674855351448,0.008987124267150648,-0.0006295505882008001
B_S24_W_m0.010,train,B_S24:47500009:68,False,True,0.013193666934967041,0.010306927215424366,-0.0028867397195426747
B_S24_W_m0.010,train,B_S24:47500009:142,False,True,0.009497193619608879,0.016173233598237857,0.006676039978628978
B_S24_W_m0.010,train,B_S24:47500011:5,True,False,0.384040892124176,0.3224595948122442,-0.06158129731193185
B_S24_W_m0.010,train,B_S24:47500011:15,True,False,0.13836456835269928,0.09378312260378152,-0.04458144574891776
B_S24_W_m0.010,train,B_S24:47500011:26,False,True,0.01281784102320671,0.01346344871853944,0.0006456076953327283
B_S24_W_m0.010,train,B_S24:47500011:29,False,True,0.011640282347798347,0.011103324839496054,-0.0005369575083022937
B_S24_W_m0.010,train,B_S24:47500011:31,False,True,0.015243045054376125,0.013007517118239775,-0.00223552793613635
B_S24_W_m0.010,train,B_S24:47500011:36,False,True,0.010776425711810589,0.010671964118955657,-0.00010446159285493195
B_S24_W_m0.010,train,B_S24:47500011:49,False,True,0.02275395579636097,0.02028531627729535,-0.0024686395190656185
B_S24_W_m0.010,train,B_S24:47500011:56,False,True,0.015063407830893993,0.016122074710438028,0.0010586668795440346
B_S24_W_m0.010,train,B_S24:47500011:74,False,True,0.014770030975341797,0.013845329289324582,-0.0009247016860172153
B_S24_W_m0.010,train,B_S24:47500011:167,False,True,0.01584499701857567,0.017336908174911514,0.0014919111563358456
B_S24_W_m0.010,train,B_S24:47500013:14,True,False,0.12185336649417877,0.06028512411285192,-0.061568242381326854
B_S24_W_m0.010,train,B_S24:47500013:15,True,False,0.10629542917013168,0.05931442219298333,-0.046981006977148354
B_S24_W_m0.010,train,B_S24:47500013:28,False,True,0.07023628801107407,0.0798734143609181,0.009637126349844038
B_S24_W_m0.010,train,B_S24:47500013:32,False,True,0.039271026849746704,0.029108513990649953,-0.01016251285909675
B_S24_W_m0.010,train,B_S24:47500013:58,False,True,0.03773494064807892,0.04139635502360761,0.003661414375528693
B_S24_W_m0.010,train,B_S24:47500013:83,False,True,0.010405401699244976,0.008492391236359254,-0.0019130104628857225
B_S24_W_m0.010,train,B_S24:47500013:119,False,True,0.05160548537969589,0.03806837589945644,-0.013537109480239451
B_S24_W_m0.010,train,B_S24:47500013:128,False,True,0.0071718995459377766,0.010145734311663546,0.002973834765725769
B_S24_W_m0.010,train,B_S24:47500013:162,False,True,0.013819186948239803,0.015012221861979924,0.0011930349137401208
B_S24_W_m0.010,train,B_S24:47500013:165,False,True,0.011492439545691013,0.026882050762651488,0.015389611216960475
B_S24_W_m0.010,train,B_S24:47500014:9,True,False,0.31385716795921326,0.2911318391561508,-0.02272532880306244
B_S24_W_m0.010,train,B_S24:47500014:10,True,False,0.30190253257751465,0.2719239257276058,-0.02997860684990883
B_S24_W_m0.010,train,B_S24:47500014:20,True,False,0.03262008726596832,0.015035492251627147,-0.017584595014341176
B_S24_W_m0.010,train,B_S24:47500014:43,False,True,0.008586017414927483,0.017346608714433387,0.008760591299505904
B_S24_W_m0.010,train,B_S24:47500014:60,False,True,0.01703510992228985,0.016845893871504813,-0.0001892160507850349
B_S24_W_m0.010,train,B_S24:47500014:78,False,True,0.014681799337267876,0.009554496165947057,-0.005127303171320818
B_S24_W_m0.010,train,B_S24:47500014:99,False,True,0.006975121330469847,0.007689017889788374,0.0007138965593185276
B_S24_W_m0.010,train,B_S24:47500014:134,False,True,0.015888137742877007,0.017370142857544124,0.0014820051146671176
B_S24_W_m0.010,train,B_S24:47500014:161,False,True,0.006359218619763851,0.007085255056153983,0.0007260364363901317
B_S24_W_m0.010,train,B_S24:47500014:170,False,True,0.011400912888348103,0.011356251270626672,-4.466161772143096e-05
B_S24_W_m0.010,train,B_S24:47500016:4,True,False,0.3929004371166229,0.3745734849944711,-0.01832695212215185
B_S24_W_m0.010,train,B_S24:47500016:5,True,False,0.3796021640300751,0.358989673666656,-0.020612490363419056
B_S24_W_m0.010,train,B_S24:47500016:30,False,True,0.006279509048908949,0.011818620972917415,0.005539111924008466
B_S24_W_m0.010,train,B_S24:47500016:42,False,True,0.017695970833301544,0.027476346294861287,0.009780375461559743
B_S24_W_m0.010,train,B_S24:47500016:43,False,True,0.01977788656949997,0.04240865906467661,0.022630772495176643
B_S24_W_m0.010,train,B_S24:47500016:108,False,True,0.01488605048507452,0.011261468229349703,-0.0036245822557248175
B_S24_W_m0.010,train,B_S24:47500016:129,False,True,0.0106509979814291,0.010990736525855027,0.0003397385444259271
B_S24_W_m0.010,train,B_S24:47500016:165,False,True,0.011366160586476326,0.011159335364936851,-0.00020682522153947502
B_S24_W_m0.010,train,B_S24:47500016:169,False,True,0.018066907301545143,0.011887864413438365,-0.006179042888106778
B_S24_W_m0.010,development,B_S24:47600000:3,True,False,0.4327418804168701,0.4111360339447856,-0.021605846472084522
B_S24_W_m0.010,development,B_S24:47600000:14,True,False,0.03896598890423775,0.03564836757686862,-0.0033176213273691246
B_S24_W_m0.010,development,B_S24:47600000:17,True,False,0.01697061024606228,0.02004842447786359,0.0030778142318013124
B_S24_W_m0.010,development,B_S24:47600000:21,True,False,0.01139061525464058,0.012310134174185805,0.0009195189195452258
B_S24_W_m0.010,development,B_S24:47600000:29,False,True,0.01722022332251072,0.016930955029238248,-0.00028926829327247106
B_S24_W_m0.010,development,B_S24:47600000:32,False,True,0.01669101044535637,0.03847489655163372,0.02178388610627735
B_S24_W_m0.010,development,B_S24:47600000:76,False,True,0.011691262945532799,0.022034320845705224,0.010343057900172425
B_S24_W_m0.010,development,B_S24:47600000:83,False,True,0.022745966911315918,0.0189821476196812,-0.003763819291634718
B_S24_W_m0.010,development,B_S24:47600000:157,False,True,0.004455698654055595,0.009602203439499135,0.00514650478544354
B_S24_W_m0.010,development,B_S24:47600002:2,True,False,0.4489816129207611,0.42989037034567446,-0.019091242575086653
B_S24_W_m0.010,development,B_S24:47600002:16,True,False,0.026309585198760033,0.029291272312548244,0.0029816871137882117
B_S24_W_m0.010,development,B_S24:47600002:30,False,True,0.005046043545007706,0.0084653738704219,0.003419330325414194
B_S24_W_m0.010,development,B_S24:47600002:36,False,True,0.01003025658428669,0.011538895128978766,0.0015086385446920758
B_S24_W_m0.010,development,B_S24:47600002:68,False,True,0.007420044392347336,0.007656211511857691,0.0002361671195103554
B_S24_W_m0.010,development,B_S24:47600002:76,False,True,0.00958845391869545,0.006099043092945067,-0.003489410825750383
B_S24_W_m0.010,development,B_S24:47600002:79,False,True,0.015567803755402565,0.02017719955802022,0.004609395802617655
B_S24_W_m0.010,development,B_S24:47600002:89,False,True,0.012020203284919262,0.014785544448386645,0.002765341163467383
B_S24_W_m0.010,development,B_S24:47600002:107,False,True,0.0381535142660141,0.029722499224590138,-0.008431015041423962
B_S24_W_m0.010,development,B_S24:47600003:1,True,False,0.46058788895606995,0.43832399300299585,-0.022263895953074098
B_S24_W_m0.010,development,B_S24:47600003:3,True,False,0.4218605160713196,0.39860380173195153,-0.023256714339368045
B_S24_W_m0.010,development,B_S24:47600003:4,True,False,0.385580450296402,0.35511029919143766,-0.030470151104964316
B_S24_W_m0.010,development,B_S24:47600003:11,True,False,0.11832699924707413,0.05297458928725973,-0.0653524099598144
B_S24_W_m0.010,development,B_S24:47600003:12,True,False,0.03880530595779419,0.07608941079524811,0.037284104837453924
B_S24_W_m0.010,development,B_S24:47600003:22,True,False,0.006109775044023991,0.005852256702382874,-0.0002575183416411164
B_S24_W_m0.010,development,B_S24:47600003:70,False,True,0.01307830959558487,0.013147154573744047,6.884497815917712e-05
B_S24_W_m0.010,development,B_S24:47600003:90,False,True,0.015755023807287216,0.012671382846747292,-0.003083640960539924
B_S24_W_m0.010,development,B_S24:47600003:112,False,True,0.01186000369489193,0.011676137108224793,-0.0001838665866671363
B_S24_W_m0.010,development,B_S24:47600003:125,False,True,0.008303208276629448,0.010051341263533686,0.0017481329869042384
B_S24_W_m0.010,development,B_S24:47600004:3,True,False,0.4213884174823761,0.38688557513523847,-0.03450284234713763
B_S24_W_m0.010,development,B_S24:47600004:8,True,False,0.2864539623260498,0.23061959905317053,-0.05583436327287927
B_S24_W_m0.010,development,B_S24:47600004:53,False,True,0.007465336937457323,0.007652368651179131,0.00018703171372180805
B_S24_W_m0.010,development,B_S24:47600004:65,False,True,0.006647107657045126,0.0067886429405916715,0.00014153528354654554
B_S24_W_m0.010,development,B_S24:47600004:92,False,True,0.005920878145843744,0.007690302745686495,0.0017694245998427505
B_S24_W_m0.010,development,B_S24:47600004:109,False,True,0.006966868881136179,0.007755608704428596,0.000788739823292417
B_S24_W_m0.010,development,B_S24:47600004:122,False,True,0.007752866018563509,0.007606741600284295,-0.0001461244182792143
B_S24_W_m0.010,development,B_S24:47600005:2,True,False,0.44066765904426575,0.42453103291336447,-0.016136626130901277
B_S24_W_m0.010,development,B_S24:47600005:5,True,False,0.3678719699382782,0.3476548515027389,-0.020217118435539305
B_S24_W_m0.010,development,B_S24:47600005:15,True,False,0.023537853732705116,0.013976874142827,-0.009560979589878116
B_S24_W_m0.010,development,B_S24:47600005:24,False,True,0.008439299650490284,0.010652919756466872,0.002213620105976588
B_S24_W_m0.010,development,B_S24:47600005:33,False,True,0.008021280169487,0.010364949564973358,0.0023436693954863586
B_S24_W_m0.010,development,B_S24:47600005:48,False,True,0.019539883360266685,0.017986714397920878,-0.0015531689623458078
B_S24_W_m0.010,development,B_S24:47600005:86,False,True,0.01781722716987133,0.01311286502641451,-0.0047043621434568195
B_S24_W_m0.010,development,B_S24:47600005:88,False,True,0.01320301927626133,0.017175853907247074,0.003972834630985744
B_S24_W_m0.010,development,B_S24:47600005:105,False,True,0.009373452514410019,0.013784635513729881,0.004411182999319863
B_S24_W_m0.010,development,B_S24:47600005:119,False,True,0.010594857856631279,0.015631361195119098,0.005036503338487819
B_S24_W_m0.010,development,B_S24:47600006:2,True,False,0.44207483530044556,0.4244773661484942,-0.017597469151951373
B_S24_W_m0.010,development,B_S24:47600006:11,True,False,0.1517191380262375,0.23382074135588482,0.08210160332964733
B_S24_W_m0.010,development,B_S24:47600006:13,True,False,0.078521728515625,0.10058445690083317,0.022062728385208175
B_S24_W_m0.010,development,B_S24:47600006:16,True,False,0.0496554970741272,0.026978134717865032,-0.022677362356262165
B_S24_W_m0.010,development,B_S24:47600006:25,False,True,0.019793692976236343,0.026780055715789786,0.006986362739553442
B_S24_W_m0.010,development,B_S24:47600006:38,False,True,0.062124479562044144,0.062231171781604644,0.00010669221956050023
B_S24_W_m0.010,development,B_S24:47600006:72,False,True,0.007165390532463789,0.040886373637476936,0.03372098310501315
B_S24_W_m0.010,development,B_S24:47600006:101,False,True,0.029327545315027237,0.02413726574741304,-0.005190279567614198
B_S24_W_m0.010,development,B_S24:47600006:132,False,True,0.01849859580397606,0.01739804688259028,-0.00110054892138578
B_S24_W_m0.010,development,B_S24:47600006:177,False,True,0.00788349099457264,0.012139139584178338,0.004255648589605698
B_S24_W_m0.010,development,B_S24:47600007:4,True,False,0.3750780522823334,0.33581634471192956,-0.039261707570403814
B_S24_W_m0.010,development,B_S24:47600007:7,True,False,0.2650741934776306,0.21626519598066807,-0.04880899749696255
B_S24_W_m0.010,development,B_S24:47600007:10,True,False,0.22866638004779816,0.14324185604345985,-0.08542452400433831
B_S24_W_m0.010,development,B_S24:47600007:17,True,False,0.008081668987870216,0.009456855374082807,0.0013751863862125902
B_S24_W_m0.010,development,B_S24:47600007:27,False,True,0.008055637590587139,0.00871321684189752,0.0006575792513103806
B_S24_W_m0.010,development,B_S24:47600007:28,False,True,0.008173243142664433,0.010567535186055466,0.002394292043391033
B_S24_W_m0.010,development,B_S24:47600007:61,False,True,0.00869281217455864,0.009155787589406827,0.00046297541484818794
B_S24_W_m0.010,development,B_S24:47600007:66,False,True,0.008339401334524155,0.007987955788848922,-0.000351445545675233
B_S24_W_m0.010,development,B_S24:47600007:87,False,True,0.009583176113665104,0.00779414228600217,-0.0017890338276629336
B_S24_W_m0.010,development,B_S24:47600007:117,False,True,0.005267009139060974,0.007413258841552306,0.002146249702491332
B_S24_W_m0.010,development,B_S24:47600008:6,True,False,0.3659217953681946,0.34786197228822857,-0.01805982307996601
B_S24_W_m0.010,development,B_S24:47600008:8,True,False,0.33961912989616394,0.296473192574922,-0.043145937321241945
B_S24_W_m0.010,development,B_S24:47600008:21,True,False,0.025471383705735207,0.0337863184940943,0.008314934788359096
B_S24_W_m0.010,development,B_S24:47600008:23,False,True,0.03798028454184532,0.024867265867214883,-0.013113018674630439
B_S24_W_m0.010,development,B_S24:47600008:49,False,True,0.05814075842499733,0.04001781358238077,-0.018122944842616562
B_S24_W_m0.010,development,B_S24:47600008:54,False,True,0.017845245078206062,0.021806360822665738,0.003961115744459676
B_S24_W_m0.010,development,B_S24:47600008:61,False,True,0.020038431510329247,0.017203105719090672,-0.0028353257912385743
B_S24_W_m0.010,development,B_S24:47600008:87,False,True,0.017993297427892685,0.02004758485054481,0.0020542874226521235
B_S24_W_m0.010,development,B_S24:47600008:101,False,True,0.023613521829247475,0.021539476882026065,-0.0020740449472214095
B_S24_W_m0.030,train,B_S24:47500000:1,True,False,0.7267179489135742,0.6772616673260927,-0.0494562815874815
B_S24_W_m0.030,train,B_S24:47500000:8,True,False,0.4957137107849121,0.4579756036400795,-0.03773810714483261
B_S24_W_m0.030,train,B_S24:47500000:26,False,True,0.01622256264090538,0.017629841371672228,0.0014072787307668477
B_S24_W_m0.030,train,B_S24:47500000:39,False,True,0.017836805433034897,0.012659664411330596,-0.005177141021704301
B_S24_W_m0.030,train,B_S24:47500000:84,False,True,0.02567164972424507,0.021305761474650353,-0.004365888249594718
B_S24_W_m0.030,train,B_S24:47500000:141,False,True,0.007111213635653257,0.010733593691838905,0.003622380056185648
B_S24_W_m0.030,train,B_S24:47500000:144,False,True,0.011961452662944794,0.01633133989525959,0.004369887232314795
B_S24_W_m0.030,train,B_S24:47500000:155,False,True,0.008766669780015945,0.009937269976944663,0.0011706001969287172
B_S24_W_m0.030,train,B_S24:47500000:169,False,True,0.0058624641969799995,0.0091145492187934,0.0032520850218134
B_S24_W_m0.030,train,B_S24:47500000:179,False,True,0.00916601438075304,0.009470637553022243,0.00030462317226920277
B_S24_W_m0.030,train,B_S24:47500002:2,True,False,0.6795820593833923,0.6384723912924528,-0.04110966809093952
B_S24_W_m0.030,train,B_S24:47500002:3,True,False,0.6516576409339905,0.6110585574060678,-0.04059908352792263
B_S24_W_m0.030,train,B_S24:47500002:15,True,False,0.2584940791130066,0.1798391251359135,-0.0786549539770931
B_S24_W_m0.030,train,B_S24:47500002:25,True,False,0.05510697141289711,0.01935382298688637,-0.03575314842601074
B_S24_W_m0.030,train,B_S24:47500002:33,False,True,0.019924825057387352,0.019514730403898284,-0.00041009465348906815
B_S24_W_m0.030,train,B_S24:47500002:55,False,True,0.0163448266685009,0.011597015021834522,-0.004747811646666378
B_S24_W_m0.030,train,B_S24:47500002:101,False,True,0.026519641280174255,0.015545159578323364,-0.010974481701850891
B_S24_W_m0.030,train,B_S24:47500002:114,False,True,0.020366612821817398,0.018365057330811396,-0.002001555491006002
B_S24_W_m0.030,train,B_S24:47500002:152,False,True,0.028020231053233147,0.015117119473870844,-0.012903111579362303
B_S24_W_m0.030,train,B_S24:47500002:178,False,True,0.007873916067183018,0.008249028935097158,0.0003751128679141402
B_S24_W_m0.030,train,B_S24:47500003:4,True,False,0.6212420463562012,0.5763215366750956,-0.044920509681105614
B_S24_W_m0.030,train,B_S24:47500003:16,True,False,0.30309465527534485,0.24088780721649528,-0.06220684805884957
B_S24_W_m0.030,train,B_S24:47500003:24,True,False,0.09754610061645508,0.023793309446773492,-0.07375279116968159
B_S24_W_m0.030,train,B_S24:47500003:41,False,True,0.015119547955691814,0.027413001807872206,0.012293453852180392
B_S24_W_m0.030,train,B_S24:47500003:46,False,True,0.02393500693142414,0.025689958914881572,0.0017549519834574312
B_S24_W_m0.030,train,B_S24:47500003:80,False,True,0.06530731171369553,0.04022462040302344,-0.02508269131067209
B_S24_W_m0.030,train,B_S24:47500003:91,False,True,0.03459841385483742,0.02810106228571385,-0.006497351569123566
B_S24_W_m0.030,train,B_S24:47500003:109,False,True,0.015610920265316963,0.038680111290887,0.023069191025570035
B_S24_W_m0.030,train,B_S24:47500003:149,False,True,0.0066856080666184425,0.008174592410796322,0.0014889843441778794
B_S24_W_m0.030,train,B_S24:47500003:180,False,True,0.006234194617718458,0.007942038049804978,0.00170784343208652
B_S24_W_m0.030,train,B_S24:47500005:2,True,False,0.6797059774398804,0.6241460591554642,-0.0555599182844162
B_S24_W_m0.030,train,B_S24:47500005:6,True,False,0.540680468082428,0.49385634902864695,-0.04682411905378103
B_S24_W_m0.030,train,B_S24:47500005:13,True,False,0.3228614330291748,0.2607979658059776,-0.06206346722319722
B_S24_W_m0.030,train,B_S24:47500005:45,False,True,0.02486739680171013,0.021578917338047177,-0.003288479463662952
B_S24_W_m0.030,train,B_S24:47500005:46,False,True,0.02162512019276619,0.019196905137505382,-0.0024282150552608073
B_S24_W_m0.030,train,B_S24:47500005:67,False,True,0.008427293971180916,0.014195815165294334,0.0057685211941134185
B_S24_W_m0.030,train,B_S24:47500005:106,False,True,0.006381091196089983,0.010106773130246438,0.003725681934156455
B_S24_W_m0.030,train,B_S24:47500005:120,False,True,0.08762171119451523,0.09555315063335001,0.007931439438834786
B_S24_W_m0.030,train,B_S24:47500005:170,False,True,0.01324419118463993,0.016223637721850537,0.002979446537210606
B_S24_W_m0.030,train,B_S24:47500006:4,True,False,0.630831241607666,0.581959193572402,-0.048872048035264015
B_S24_W_m0.030,train,B_S24:47500006:5,True,False,0.5945549011230469,0.5537495668977499,-0.040805334225296974
B_S24_W_m0.030,train,B_S24:47500006:8,True,False,0.5099073052406311,0.4641449898481369,-0.0457623153924942
B_S24_W_m0.030,train,B_S24:47500006:10,True,False,0.4563200771808624,0.381212105974555,-0.07510797120630741
B_S24_W_m0.030,train,B_S24:47500006:89,False,True,0.009634089656174183,0.01184289384400472,0.0022088041878305376
B_S24_W_m0.030,train,B_S24:47500006:102,False,True,0.017226463183760643,0.02512713566829916,0.007900672484538518
B_S24_W_m0.030,train,B_S24:47500006:118,False,True,0.027558166533708572,0.02529512014007196,-0.002263046393636614
B_S24_W_m0.030,train,B_S24:47500006:136,False,True,0.03843838721513748,0.03564654791262001,-0.0027918393025174737
B_S24_W_m0.030,train,B_S24:47500006:169,False,True,0.010098586790263653,0.014384746522409841,0.004286159732146189
B_S24_W_m0.030,train,B_S24:47500007:4,True,False,0.6104186773300171,0.5633693607524037,-0.047049316577613354
B_S24_W_m0.030,train,B_S24:47500007:6,True,False,0.5403225421905518,0.49665320850908756,-0.043669333681464195
B_S24_W_m0.030,train,B_S24:47500007:13,True,False,0.3203392028808594,0.25601647328585386,-0.06432272959500551
B_S24_W_m0.030,train,B_S24:47500007:36,False,True,0.02925749495625496,0.053997282520867884,0.024739787564612925
B_S24_W_m0.030,train,B_S24:47500007:97,False,True,0.024591214954853058,0.020581865828717127,-0.00400934912613593
B_S24_W_m0.030,train,B_S24:47500007:118,False,True,0.021143728867173195,0.019402806472498924,-0.0017409223946742713
B_S24_W_m0.030,train,B_S24:47500007:134,False,True,0.01014470960944891,0.011007093053194694,0.0008623834437457845
B_S24_W_m0.030,train,B_S24:47500007:168,False,True,0.013139022514224052,0.01391227327985689,0.000773250765632838
B_S24_W_m0.030,train,B_S24:47500008:4,True,False,0.6289198398590088,0.5905638076364994,-0.038356032222509384
B_S24_W_m0.030,train,B_S24:47500008:10,True,False,0.44874081015586853,0.37805101182311773,-0.0706897983327508
B_S24_W_m0.030,train,B_S24:47500008:20,True,False,0.10235732048749924,0.04061005328549072,-0.061747267202008516
B_S24_W_m0.030,train,B_S24:47500008:28,False,True,0.015689335763454437,0.015531171404290944,-0.00015816435916349292
B_S24_W_m0.030,train,B_S24:47500008:34,False,True,0.017397547140717506,0.021207257319474593,0.0038097101787570864
B_S24_W_m0.030,train,B_S24:47500008:112,False,True,0.0135426614433527,0.015437159134307876,0.001894497690955177
B_S24_W_m0.030,train,B_S24:47500008:131,False,True,0.01511258352547884,0.013483838469255716,-0.0016287450562231243
B_S24_W_m0.030,train,B_S24:47500008:172,False,True,0.011336316354572773,0.018432844983180985,0.007096528628608212
B_S24_W_m0.030,train,B_S24:47500009:6,True,False,0.5674046874046326,0.5193374427035451,-0.048067244701087475
B_S24_W_m0.030,train,B_S24:47500009:11,True,False,0.3375862240791321,0.28359650261700153,-0.05398972146213055
B_S24_W_m0.030,train,B_S24:47500009:15,True,False,0.2445436418056488,0.17668207036331296,-0.06786157144233584
B_S24_W_m0.030,train,B_S24:47500009:20,True,False,0.10623589158058167,0.031293620384531096,-0.07494227119605057
B_S24_W_m0.030,train,B_S24:47500009:26,False,True,0.010825707577168941,0.01414874209149275,0.0033230345143238083
B_S24_W_m0.030,train,B_S24:47500009:36,False,True,0.014763973653316498,0.012691389536485076,-0.002072584116831422
B_S24_W_m0.030,train,B_S24:47500009:68,False,True,0.02191554754972458,0.010258671871270053,-0.011656875678454526
B_S24_W_m0.030,train,B_S24:47500009:142,False,True,0.02007361687719822,0.0325211237068288,0.012447506829630584
B_S24_W_m0.030,train,B_S24:47500011:5,True,False,0.5568439960479736,0.5109827686101198,-0.04586122743785381
B_S24_W_m0.030,train,B_S24:47500011:15,True,False,0.20494398474693298,0.12943959538824856,-0.07550438935868442
B_S24_W_m0.030,train,B_S24:47500011:26,False,True,0.015984879806637764,0.01504255345207639,-0.0009423263545613736
B_S24_W_m0.030,train,B_S24:47500011:29,False,True,0.01807156577706337,0.017567326402058825,-0.0005042393750045449
B_S24_W_m0.030,train,B_S24:47500011:31,False,True,0.020234858617186546,0.01955291797639802,-0.0006819406407885253
B_S24_W_m0.030,train,B_S24:47500011:36,False,True,0.016494957730174065,0.015142708973144181,-0.0013522487570298836
B_S24_W_m0.030,train,B_S24:47500011:49,False,True,0.025885803624987602,0.02952975541120395,0.0036439517862163484
B_S24_W_m0.030,train,B_S24:47500011:56,False,True,0.02260686457157135,0.022827395820058882,0.00022053124848753214
B_S24_W_m0.030,train,B_S24:47500011:74,False,True,0.01903102919459343,0.016911993036046624,-0.0021190361585468054
B_S24_W_m0.030,train,B_S24:47500011:167,False,True,0.0156135568395257,0.019538935244781896,0.003925378405256197
B_S24_W_m0.030,train,B_S24:47500013:14,True,False,0.2652927041053772,0.16159762209281325,-0.10369508201256394
B_S24_W_m0.030,train,B_S24:47500013:15,True,False,0.2180798202753067,0.13122034398838878,-0.08685947628691792
B_S24_W_m0.030,train,B_S24:47500013:28,False,True,0.09588555246591568,0.1152090709656477,0.019323518499732018
B_S24_W_m0.030,train,B_S24:47500013:32,False,True,0.09375746548175812,0.0469955682347063,-0.04676189724705182
B_S24_W_m0.030,train,B_S24:47500013:58,False,True,0.07915471494197845,0.08330028166528791,0.004145566723309457
B_S24_W_m0.030,train,B_S24:47500013:83,False,True,0.018350688740611076,0.01359238063741941,-0.004758308103191666
B_S24_W_m0.030,train,B_S24:47500013:119,False,True,0.11868128925561905,0.0883152021560818,-0.030366087099537253
B_S24_W_m0.030,train,B_S24:47500013:128,False,True,0.008260855451226234,0.010606289622955956,0.002345434171729721
B_S24_W_m0.030,train,B_S24:47500013:162,False,True,0.017820773646235466,0.02134245315392036,0.003521679507684894
B_S24_W_m0.030,train,B_S24:47500013:165,False,True,0.009217179380357265,0.027705285319825634,0.01848810593946837
B_S24_W_m0.030,train,B_S24:47500014:9,True,False,0.4273586869239807,0.3684465307742357,-0.05891215614974499
B_S24_W_m0.030,train,B_S24:47500014:10,True,False,0.3805616497993469,0.3263856372795999,-0.05417601251974702
B_S24_W_m0.030,train,B_S24:47500014:20,True,False,0.053415291011333466,0.023048311180900782,-0.030366979830432683
B_S24_W_m0.030,train,B_S24:47500014:43,False,True,0.009506672620773315,0.021244397707050666,0.01173772508627735
B_S24_W_m0.030,train,B_S24:47500014:60,False,True,0.013064241968095303,0.015424167329911143,0.00235992536181584
B_S24_W_m0.030,train,B_S24:47500014:78,False,True,0.016242360696196556,0.011047226202208549,-0.005195134493988007
B_S24_W_m0.030,train,B_S24:47500014:99,False,True,0.0063474117778241634,0.007772627228405327,0.0014252154505811632
B_S24_W_m0.030,train,B_S24:47500014:134,False,True,0.023012913763523102,0.020262001315131783,-0.0027509124483913183
B_S24_W_m0.030,train,B_S24:47500014:161,False,True,0.008256548084318638,0.008688002795679495,0.0004314547113608569
B_S24_W_m0.030,train,B_S24:47500014:170,False,True,0.013446674682199955,0.011413548316340894,-0.0020331263658590615
B_S24_W_m0.030,train,B_S24:47500016:4,True,False,0.6186879277229309,0.5709091182798147,-0.04777880944311619
B_S24_W_m0.030,train,B_S24:47500016:5,True,False,0.5832255482673645,0.5404084529727697,-0.042817095294594765
B_S24_W_m0.030,train,B_S24:47500016:30,False,True,0.0062087285332381725,0.010376276171882637,0.004167547638644464
B_S24_W_m0.030,train,B_S24:47500016:42,False,True,0.01911991462111473,0.021902448061155155,0.0027825334400404245
B_S24_W_m0.030,train,B_S24:47500016:43,False,True,0.016914326697587967,0.03678097575902939,0.01986664906144142
B_S24_W_m0.030,train,B_S24:47500016:108,False,True,0.022593043744564056,0.016869151819264516,-0.00572389192529954
B_S24_W_m0.030,train,B_S24:47500016:129,False,True,0.019615337252616882,0.016379453503759578,-0.0032358837488573045
B_S24_W_m0.030,train,B_S24:47500016:165,False,True,0.009089752100408077,0.01305301536922343,0.0039632632688153535
B_S24_W_m0.030,train,B_S24:47500016:169,False,True,0.02559981495141983,0.014569411345291883,-0.011030403606127948
B_S24_W_m0.030,development,B_S24:47600000:3,True,False,0.6813647150993347,0.6406533461995423,-0.04071136889979243
B_S24_W_m0.030,development,B_S24:47600000:14,True,False,0.06697139143943787,0.05269880773994373,-0.014272583699494135
B_S24_W_m0.030,development,B_S24:47600000:17,True,False,0.017404980957508087,0.02536553202480718,0.007960551067299093
B_S24_W_m0.030,development,B_S24:47600000:21,True,False,0.011236537247896194,0.010635423697749502,-0.0006011135501466924
B_S24_W_m0.030,development,B_S24:47600000:29,False,True,0.04182199761271477,0.03582000121969031,-0.006001996393024456
B_S24_W_m0.030,development,B_S24:47600000:32,False,True,0.04052134230732918,0.08982817625656025,0.04930683394923108
B_S24_W_m0.030,development,B_S24:47600000:76,False,True,0.017171887680888176,0.03187104834796628,0.014699160667078104
B_S24_W_m0.030,development,B_S24:47600000:83,False,True,0.02761916071176529,0.029627632076881127,0.002008471365115838
B_S24_W_m0.030,development,B_S24:47600000:157,False,True,0.007674647029489279,0.00882866557003581,0.0011540185405465309
B_S24_W_m0.030,development,B_S24:47600002:2,True,False,0.693710207939148,0.643473224947229,-0.05023698299191892
B_S24_W_m0.030,development,B_S24:47600002:16,True,False,0.07208896428346634,0.04086321131399018,-0.03122575296947616
B_S24_W_m0.030,development,B_S24:47600002:30,False,True,0.006889053620398045,0.01763217064399214,0.010743117023594095
B_S24_W_m0.030,development,B_S24:47600002:36,False,True,0.013151331804692745,0.017637084163652617,0.004485752358959871
B_S24_W_m0.030,development,B_S24:47600002:68,False,True,0.007012934423983097,0.008017027721507475,0.0010040932975243777
B_S24_W_m0.030,development,B_S24:47600002:76,False,True,0.010260719805955887,0.009490483077570389,-0.0007702367283854983
B_S24_W_m0.030,development,B_S24:47600002:79,False,True,0.0603981614112854,0.06151040121039841,0.0011122397991130129
B_S24_W_m0.030,development,B_S24:47600002:89,False,True,0.02106565795838833,0.02231126125116134,0.001245603292773012
B_S24_W_m0.030,development,B_S24:47600002:107,False,True,0.07315104454755783,0.06255808817513753,-0.010592956372420304
B_S24_W_m0.030,development,B_S24:47600003:1,True,False,0.7234438061714172,0.682428329018876,-0.04101547715254128
B_S24_W_m0.030,development,B_S24:47600003:3,True,False,0.6396535634994507,0.6172838334459811,-0.02236973005346954
B_S24_W_m0.030,development,B_S24:47600003:4,True,False,0.5982861518859863,0.5607940475456417,-0.03749210434034467
B_S24_W_m0.030,development,B_S24:47600003:11,True,False,0.14162571728229523,0.08519643413092126,-0.056429283151373966
B_S24_W_m0.030,development,B_S24:47600003:12,True,False,0.04761410504579544,0.11670921683253255,0.0690951117867371
B_S24_W_m0.030,development,B_S24:47600003:22,True,False,0.00988030806183815,0.008758670617680764,-0.0011216374441573862
B_S24_W_m0.030,development,B_S24:47600003:70,False,True,0.01553451456129551,0.017386818650265923,0.0018523040889704134
B_S24_W_m0.030,development,B_S24:47600003:90,False,True,0.033051200211048126,0.028024628740240587,-0.005026571470807539
B_S24_W_m0.030,development,B_S24:47600003:112,False,True,0.01577933132648468,0.01597417314951599,0.00019484182303131092
B_S24_W_m0.030,development,B_S24:47600003:125,False,True,0.011608955450356007,0.013405548705122783,0.0017965932547667762
B_S24_W_m0.030,development,B_S24:47600004:3,True,False,0.6448985934257507,0.5878309807740152,-0.057067612651735544
B_S24_W_m0.030,development,B_S24:47600004:8,True,False,0.4434753656387329,0.3793875912670046,-0.0640877743717283
B_S24_W_m0.030,development,B_S24:47600004:53,False,True,0.007450072560459375,0.007159028560636216,-0.00029104399982315954
B_S24_W_m0.030,development,B_S24:47600004:65,False,True,0.007000523153692484,0.006603664925933117,-0.00039685822775936686
B_S24_W_m0.030,development,B_S24:47600004:92,False,True,0.004967701155692339,0.008446332263702061,0.003478631108009722
B_S24_W_m0.030,development,B_S24:47600004:109,False,True,0.0074300216510891914,0.008299960503791226,0.0008699388527020346
B_S24_W_m0.030,development,B_S24:47600004:122,False,True,0.009664938785135746,0.008078819691945682,-0.0015861190931900637
B_S24_W_m0.030,development,B_S24:47600005:2,True,False,0.6865482330322266,0.6285211243666708,-0.058027108665555716
B_S24_W_m0.030,development,B_S24:47600005:5,True,False,0.5263401865959167,0.5019965546671301,-0.024343631928786635
B_S24_W_m0.030,development,B_S24:47600005:15,True,False,0.08952109515666962,0.03108387885185948,-0.058437216304810136
B_S24_W_m0.030,development,B_S24:47600005:24,False,True,0.012379609048366547,0.015240852988426923,0.002861243940060376
B_S24_W_m0.030,development,B_S24:47600005:33,False,True,0.02495083026587963,0.02529848584890715,0.0003476555830275174
B_S24_W_m0.030,development,B_S24:47600005:48,False,True,0.030632203444838524,0.029903763861511834,-0.0007284395833266899
B_S24_W_m0.030,development,B_S24:47600005:86,False,True,0.025202486664056778,0.020054127850016812,-0.005148358814039966
B_S24_W_m0.030,development,B_S24:47600005:88,False,True,0.020985793322324753,0.020178750819468405,-0.0008070425028563477
B_S24_W_m0.030,development,B_S24:47600005:105,False,True,0.019076701253652573,0.02553759359216201,0.0064608923385094386
B_S24_W_m0.030,development,B_S24:47600005:119,False,True,0.011758898384869099,0.017966105884624994,0.006207207499755896
B_S24_W_m0.030,development,B_S24:47600006:2,True,False,0.6833275556564331,0.6545292786322534,-0.028798277024179697
B_S24_W_m0.030,development,B_S24:47600006:11,True,False,0.2616152763366699,0.2882404562551528,0.0266251799184829
B_S24_W_m0.030,development,B_S24:47600006:13,True,False,0.1565278023481369,0.13769051068084082,-0.018837291667296086
B_S24_W_m0.030,development,B_S24:47600006:16,True,False,0.07568615674972534,0.027827560543300933,-0.04785859620642441
B_S24_W_m0.030,development,B_S24:47600006:25,False,True,0.023290438577532768,0.024993657560116844,0.001703218982584076
B_S24_W_m0.030,development,B_S24:47600006:38,False,True,0.130372554063797,0.07745333133789245,-0.05291922272590455
B_S24_W_m0.030,development,B_S24:47600006:72,False,True,0.006913201417773962,0.06598709075115039,0.05907388933337643
B_S24_W_m0.030,development,B_S24:47600006:101,False,True,0.07254666090011597,0.04795383778036921,-0.024592823119746754
B_S24_W_m0.030,development,B_S24:47600006:132,False,True,0.018697606399655342,0.020407933905516984,0.0017103275058616418
B_S24_W_m0.030,development,B_S24:47600006:177,False,True,0.007951904088258743,0.014374719110492151,0.006422815022233408
B_S24_W_m0.030,development,B_S24:47600007:4,True,False,0.5743559002876282,0.5205349249299616,-0.05382097535766661
B_S24_W_m0.030,development,B_S24:47600007:7,True,False,0.41914430260658264,0.3721023630350828,-0.047041939571499825
B_S24_W_m0.030,development,B_S24:47600007:10,True,False,0.3549087643623352,0.23547894041985273,-0.11942982394248247
B_S24_W_m0.030,development,B_S24:47600007:17,True,False,0.009016700088977814,0.012729483606563008,0.003712783517585194
B_S24_W_m0.030,development,B_S24:47600007:27,False,True,0.01981726475059986,0.017061544676835183,-0.002755720073764678
B_S24_W_m0.030,development,B_S24:47600007:28,False,True,0.015127580612897873,0.019813250370134483,0.00468566975723661
B_S24_W_m0.030,development,B_S24:47600007:61,False,True,0.011446907185018063,0.009647056216635974,-0.0017998509683820885
B_S24_W_m0.030,development,B_S24:47600007:66,False,True,0.007012791465967894,0.0072773511110426625,0.0002645596450747689
B_S24_W_m0.030,development,B_S24:47600007:87,False,True,0.01001617033034563,0.007508707440138096,-0.0025074628902075347
B_S24_W_m0.030,development,B_S24:47600007:117,False,True,0.006273328792303801,0.008477130830215174,0.002203802037911373
B_S24_W_m0.030,development,B_S24:47600008:6,True,False,0.5757635831832886,0.5477377113420516,-0.02802587184123695
B_S24_W_m0.030,development,B_S24:47600008:8,True,False,0.537946879863739,0.48180150310508907,-0.056145376758649945
B_S24_W_m0.030,development,B_S24:47600008:21,True,False,0.04986970126628876,0.06489818012050819,0.01502847885421943
B_S24_W_m0.030,development,B_S24:47600008:23,False,True,0.0729873850941658,0.048347633328376105,-0.024639751765789697
B_S24_W_m0.030,development,B_S24:47600008:49,False,True,0.092521533370018,0.0624601221861667,-0.030061411183851305
B_S24_W_m0.030,development,B_S24:47600008:54,False,True,0.018121588975191116,0.021093213003041456,0.002971624027850339
B_S24_W_m0.030,development,B_S24:47600008:61,False,True,0.018191123381257057,0.016302679941873066,-0.001888443439383991
B_S24_W_m0.030,development,B_S24:47600008:87,False,True,0.01522641908377409,0.014016383946000133,-0.001210035137773957
B_S24_W_m0.030,development,B_S24:47600008:101,False,True,0.018799658864736557,0.014883008385368157,-0.0039166504793684
B_S24_W_m0.050,train,B_S24:47500000:1,True,False,0.9219760298728943,0.8539414219558239,-0.06803460791707039
B_S24_W_m0.050,train,B_S24:47500000:8,True,False,0.5480501651763916,0.4850399363785982,-0.06301022879779339
B_S24_W_m0.050,train,B_S24:47500000:26,False,True,0.011953076347708702,0.013232480399892665,0.0012794040521839634
B_S24_W_m0.050,train,B_S24:47500000:39,False,True,0.018208075314760208,0.012806799175450578,-0.00540127613930963
B_S24_W_m0.050,train,B_S24:47500000:84,False,True,0.0464690662920475,0.028161239897599444,-0.018307826394448057
B_S24_W_m0.050,train,B_S24:47500000:141,False,True,0.006033116485923529,0.010180625336943194,0.004147508851019666
B_S24_W_m0.050,train,B_S24:47500000:144,False,True,0.011518193408846855,0.017440005496609956,0.005921812087763101
B_S24_W_m0.050,train,B_S24:47500000:155,False,True,0.008033365942537785,0.008138718141708523,0.00010535219917073846
B_S24_W_m0.050,train,B_S24:47500000:169,False,True,0.004864554386585951,0.007819896054570563,0.0029553416679846123
B_S24_W_m0.050,train,B_S24:47500000:179,False,True,0.008283446542918682,0.010337969826650806,0.0020545232837321237
B_S24_W_m0.050,train,B_S24:47500002:2,True,False,0.858147382736206,0.7821677327156067,-0.07597965002059937
B_S24_W_m0.050,train,B_S24:47500002:3,True,False,0.7986890077590942,0.7252550814300776,-0.07343392632901669
B_S24_W_m0.050,train,B_S24:47500002:15,True,False,0.20712953805923462,0.1279528511222452,-0.07917668693698943
B_S24_W_m0.050,train,B_S24:47500002:25,True,False,0.08451203256845474,0.018528183449234348,-0.0659838491192204
B_S24_W_m0.050,train,B_S24:47500002:33,False,True,0.015512448735535145,0.016844478173879907,0.0013320294383447617
B_S24_W_m0.050,train,B_S24:47500002:55,False,True,0.011342699639499187,0.009040148492204025,-0.002302551147295162
B_S24_W_m0.050,train,B_S24:47500002:101,False,True,0.026169553399086,0.013290434377267957,-0.012879119021818042
B_S24_W_m0.050,train,B_S24:47500002:114,False,True,0.01827119290828705,0.018415661790641025,0.00014446888235397637
B_S24_W_m0.050,train,B_S24:47500002:152,False,True,0.04012928903102875,0.01511857399600558,-0.025010715035023168
B_S24_W_m0.050,train,B_S24:47500002:178,False,True,0.007708942051976919,0.008153022281476296,0.0004440802294993773
B_S24_W_m0.050,train,B_S24:47500003:4,True,False,0.7460693717002869,0.6747200172394514,-0.07134935446083546
B_S24_W_m0.050,train,B_S24:47500003:16,True,False,0.27382174134254456,0.18699658662080765,-0.08682515472173691
B_S24_W_m0.050,train,B_S24:47500003:24,True,False,0.09481827169656754,0.01984916109358892,-0.07496911060297862
B_S24_W_m0.050,train,B_S24:47500003:41,False,True,0.016572773456573486,0.03304250672226772,0.01646973326569423
B_S24_W_m0.050,train,B_S24:47500003:46,False,True,0.02703763172030449,0.029760959441773593,0.0027233277214691043
B_S24_W_m0.050,train,B_S24:47500003:80,False,True,0.06936726719141006,0.0407491656660568,-0.028618101525353268
B_S24_W_m0.050,train,B_S24:47500003:91,False,True,0.026022279635071754,0.029771140543743968,0.0037488609086722136
B_S24_W_m0.050,train,B_S24:47500003:109,False,True,0.03196200728416443,0.08777999179437757,0.05581798451021314
B_S24_W_m0.050,train,B_S24:47500003:149,False,True,0.006440949160605669,0.006744808022631332,0.00030385886202566326
B_S24_W_m0.050,train,B_S24:47500003:180,False,True,0.004732309374958277,0.0059716721007134765,0.0012393627257551998
B_S24_W_m0.050,train,B_S24:47500005:2,True,False,0.8396288156509399,0.7648086100816727,-0.07482020556926727
B_S24_W_m0.050,train,B_S24:47500005:6,True,False,0.6142595410346985,0.535019719041884,-0.07923982199281454
B_S24_W_m0.050,train,B_S24:47500005:13,True,False,0.2880958318710327,0.20697456481866539,-0.08112126705236733
B_S24_W_m0.050,train,B_S24:47500005:45,False,True,0.035232387483119965,0.028580922342371196,-0.006651465140748769
B_S24_W_m0.050,train,B_S24:47500005:46,False,True,0.026347443461418152,0.025260816502850503,-0.0010866269585676491
B_S24_W_m0.050,train,B_S24:47500005:67,False,True,0.010988113470375538,0.018901704461313784,0.007913590990938246
B_S24_W_m0.050,train,B_S24:47500005:106,False,True,0.007147328462451696,0.015860701678320765,0.008713373215869069
B_S24_W_m0.050,train,B_S24:47500005:120,False,True,0.08220618963241577,0.08532371290493757,0.003117523272521794
B_S24_W_m0.050,train,B_S24:47500005:170,False,True,0.014149919152259827,0.01580289489356801,0.0016529757413081825
B_S24_W_m0.050,train,B_S24:47500006:4,True,False,0.7463390827178955,0.670006737112999,-0.07633234560489655
B_S24_W_m0.050,train,B_S24:47500006:5,True,False,0.6942569613456726,0.6189489308744669,-0.07530803047120571
B_S24_W_m0.050,train,B_S24:47500006:8,True,False,0.548626720905304,0.4799121357500553,-0.06871458515524864
B_S24_W_m0.050,train,B_S24:47500006:10,True,False,0.4500775635242462,0.3691561548039317,-0.0809214087203145
B_S24_W_m0.050,train,B_S24:47500006:89,False,True,0.005848574452102184,0.009538968122797087,0.0036903936706949025
B_S24_W_m0.050,train,B_S24:47500006:102,False,True,0.012037583626806736,0.019342051629791968,0.007304468002985232
B_S24_W_m0.050,train,B_S24:47500006:118,False,True,0.024150654673576355,0.02809396560769528,0.0039433109341189265
B_S24_W_m0.050,train,B_S24:47500006:136,False,True,0.0314452163875103,0.03219489986076951,0.0007496834732592106
B_S24_W_m0.050,train,B_S24:47500006:169,False,True,0.008876522071659565,0.011561966588487849,0.0026854445168282837
B_S24_W_m0.050,train,B_S24:47500007:4,True,False,0.7259278893470764,0.6479564271867275,-0.07797146216034889
B_S24_W_m0.050,train,B_S24:47500007:6,True,False,0.6120644807815552,0.5242831623181701,-0.0877813184633851
B_S24_W_m0.050,train,B_S24:47500007:13,True,False,0.3039040267467499,0.18206885713152587,-0.121835169615224
B_S24_W_m0.050,train,B_S24:47500007:36,False,True,0.01575729437172413,0.02929186454275623,0.013534570171032101
B_S24_W_m0.050,train,B_S24:47500007:97,False,True,0.030157683417201042,0.02083772877813317,-0.009319954639067873
B_S24_W_m0.050,train,B_S24:47500007:118,False,True,0.024154463782906532,0.020188592927297577,-0.003965870855608955
B_S24_W_m0.050,train,B_S24:47500007:134,False,True,0.01138052437454462,0.012297477194806561,0.0009169528202619404
B_S24_W_m0.050,train,B_S24:47500007:168,False,True,0.01180215459316969,0.013906319043599069,0.00210416445042938
B_S24_W_m0.050,train,B_S24:47500008:4,True,False,0.7454463243484497,0.680212227627635,-0.0652340967208147
B_S24_W_m0.050,train,B_S24:47500008:10,True,False,0.4830116331577301,0.38028816413134336,-0.10272346902638674
B_S24_W_m0.050,train,B_S24:47500008:20,True,False,0.11123740673065186,0.03868865955155343,-0.07254874717909843
B_S24_W_m0.050,train,B_S24:47500008:28,False,True,0.014324428513646126,0.020556300412863493,0.006231871899217367
B_S24_W_m0.050,train,B_S24:47500008:34,False,True,0.024394992738962173,0.032963000412564725,0.008568007673602551
B_S24_W_m0.050,train,B_S24:47500008:112,False,True,0.010939231142401695,0.023133170339860953,0.012193939197459258
B_S24_W_m0.050,train,B_S24:47500008:131,False,True,0.018233919516205788,0.017233123682672158,-0.0010007958335336298
B_S24_W_m0.050,train,B_S24:47500008:172,False,True,0.009805685840547085,0.015485321331652813,0.005679635491105728
B_S24_W_m0.050,train,B_S24:47500009:6,True,False,0.643186628818512,0.5689162481576204,-0.07427038066089153
B_S24_W_m0.050,train,B_S24:47500009:11,True,False,0.35419437289237976,0.29501332622021437,-0.059181046672165394
B_S24_W_m0.050,train,B_S24:47500009:15,True,False,0.24547091126441956,0.159044821979478,-0.08642608928494155
B_S24_W_m0.050,train,B_S24:47500009:20,True,False,0.11024291068315506,0.02754802507115528,-0.08269488561199978
B_S24_W_m0.050,train,B_S24:47500009:26,False,True,0.009272725321352482,0.011944391502765939,0.002671666181413457
B_S24_W_m0.050,train,B_S24:47500009:36,False,True,0.014583483338356018,0.012381659980746917,-0.0022018233576091006
B_S24_W_m0.050,train,B_S24:47500009:68,False,True,0.024866478517651558,0.00945002974185627,-0.015416448775795288
B_S24_W_m0.050,train,B_S24:47500009:142,False,True,0.028377322480082512,0.03481995203765109,0.00644262955756858
B_S24_W_m0.050,train,B_S24:47500011:5,True,False,0.6685101985931396,0.5792942438274622,-0.08921595476567745
B_S24_W_m0.050,train,B_S24:47500011:15,True,False,0.129144087433815,0.050974020443391055,-0.07817006699042395
B_S24_W_m0.050,train,B_S24:47500011:26,False,True,0.009356792084872723,0.010400952669442631,0.0010441605845699087
B_S24_W_m0.050,train,B_S24:47500011:29,False,True,0.021328719332814217,0.023158765397965908,0.0018300460651516914
B_S24_W_m0.050,train,B_S24:47500011:31,False,True,0.02453795075416565,0.03141124249668792,0.0068732917425222695
B_S24_W_m0.050,train,B_S24:47500011:36,False,True,0.02208414115011692,0.01794919153326191,-0.00413494961685501
B_S24_W_m0.050,train,B_S24:47500011:49,False,True,0.025313321501016617,0.03440084998146631,0.009087528480449691
B_S24_W_m0.050,train,B_S24:47500011:56,False,True,0.023018216714262962,0.0266810217872262,0.0036628050729632378
B_S24_W_m0.050,train,B_S24:47500011:74,False,True,0.018888814374804497,0.01433746749535203,-0.004551346879452467
B_S24_W_m0.050,train,B_S24:47500011:167,False,True,0.011697561480104923,0.011948179861065,0.00025061838096007705
B_S24_W_m0.050,train,B_S24:47500013:14,True,False,0.23926205933094025,0.1294612621422857,-0.10980079718865454
B_S24_W_m0.050,train,B_S24:47500013:15,True,False,0.2642616033554077,0.12224112055264413,-0.14202048280276358
B_S24_W_m0.050,train,B_S24:47500013:28,False,True,0.06354017555713654,0.08052749978378415,0.016987324226647615
B_S24_W_m0.050,train,B_S24:47500013:32,False,True,0.05703960359096527,0.028381448501022533,-0.02865815508994274
B_S24_W_m0.050,train,B_S24:47500013:58,False,True,0.05563322827219963,0.06211128644645214,0.00647805817425251
B_S24_W_m0.050,train,B_S24:47500013:83,False,True,0.013272512704133987,0.01329991256352514,2.739985939115286e-05
B_S24_W_m0.050,train,B_S24:47500013:119,False,True,0.07156369090080261,0.05511762946844101,-0.016446061432361603
B_S24_W_m0.050,train,B_S24:47500013:128,False,True,0.007712459657341242,0.006888849238748662,-0.0008236104185925797
B_S24_W_m0.050,train,B_S24:47500013:162,False,True,0.019939078018069267,0.03470300945627969,0.01476393143821042
B_S24_W_m0.050,train,B_S24:47500013:165,False,True,0.012326088733971119,0.03480018232949078,0.022474093595519662
B_S24_W_m0.050,train,B_S24:47500014:9,True,False,0.4401692748069763,0.36162147857248783,-0.07854779623448849
B_S24_W_m0.050,train,B_S24:47500014:10,True,False,0.395129531621933,0.3081570975482464,-0.0869724340736866
B_S24_W_m0.050,train,B_S24:47500014:20,True,False,0.05604715272784233,0.017593912096344866,-0.038453240631497465
B_S24_W_m0.050,train,B_S24:47500014:43,False,True,0.007411245722323656,0.020384059505886398,0.012972813783562742
B_S24_W_m0.050,train,B_S24:47500014:60,False,True,0.013535688631236553,0.01556389665347524,0.0020282080222386867
B_S24_W_m0.050,train,B_S24:47500014:78,False,True,0.013350725173950195,0.013456219137879089,0.00010549396392889321
B_S24_W_m0.050,train,B_S24:47500014:99,False,True,0.005221646279096603,0.006244352036446799,0.0010227057573501952
B_S24_W_m0.050,train,B_S24:47500014:134,False,True,0.019319845363497734,0.014091062403167598,-0.005228782960330136
B_S24_W_m0.050,train,B_S24:47500014:161,False,True,0.007714817300438881,0.007294666836969554,-0.0004201504634693265
B_S24_W_m0.050,train,B_S24:47500014:170,False,True,0.006012243684381247,0.007082605778123252,0.0010703620937420055
B_S24_W_m0.050,train,B_S24:47500016:4,True,False,0.736929714679718,0.6610076241195202,-0.07592209056019783
B_S24_W_m0.050,train,B_S24:47500016:5,True,False,0.6811656951904297,0.6107653211802244,-0.07040037401020527
B_S24_W_m0.050,train,B_S24:47500016:30,False,True,0.0050523411482572556,0.009047664076206274,0.003995322927949019
B_S24_W_m0.050,train,B_S24:47500016:42,False,True,0.02851446159183979,0.029917212814325467,0.0014027512224856764
B_S24_W_m0.050,train,B_S24:47500016:43,False,True,0.029539719223976135,0.05612651078263298,0.02658679155865684
B_S24_W_m0.050,train,B_S24:47500016:108,False,True,0.03446229174733162,0.018421252258121967,-0.016041039489209652
B_S24_W_m0.050,train,B_S24:47500016:129,False,True,0.02064540609717369,0.014936642633983865,-0.005708763463189825
B_S24_W_m0.050,train,B_S24:47500016:165,False,True,0.012271350249648094,0.012553860215120949,0.0002825099654728547
B_S24_W_m0.050,train,B_S24:47500016:169,False,True,0.02134152315557003,0.014302821044111624,-0.007038702111458406
B_S24_W_m0.050,development,B_S24:47600000:3,True,False,0.8373380303382874,0.7697868668474257,-0.06755116349086165
B_S24_W_m0.050,development,B_S24:47600000:14,True,False,0.07011541724205017,0.04898352277086815,-0.021131894471182022
B_S24_W_m0.050,development,B_S24:47600000:17,True,False,0.02204727567732334,0.02733208741665294,0.005284811739329598
B_S24_W_m0.050,development,B_S24:47600000:21,True,False,0.011418677866458893,0.010977688152706833,-0.0004409897137520602
B_S24_W_m0.050,development,B_S24:47600000:29,False,True,0.057856637984514236,0.049878699086548295,-0.007977938897965942
B_S24_W_m0.050,development,B_S24:47600000:32,False,True,0.04615774378180504,0.09107183964079013,0.04491409585898509
B_S24_W_m0.050,development,B_S24:47600000:76,False,True,0.017255516722798347,0.02239468941661471,0.005139172693816363
B_S24_W_m0.050,development,B_S24:47600000:83,False,True,0.030473653227090836,0.02997217185111367,-0.0005014813759771641
B_S24_W_m0.050,development,B_S24:47600000:157,False,True,0.00596030056476593,0.009729639137731283,0.003769338572965353
B_S24_W_m0.050,development,B_S24:47600002:2,True,False,0.8532371520996094,0.7865802815649658,-0.06665687053464353
B_S24_W_m0.050,development,B_S24:47600002:16,True,False,0.06572277843952179,0.04181845276252716,-0.02390432567699463
B_S24_W_m0.050,development,B_S24:47600002:30,False,True,0.005703270435333252,0.016025754250222235,0.010322483814888983
B_S24_W_m0.050,development,B_S24:47600002:36,False,True,0.010862472467124462,0.017854057312433724,0.006991584845309262
B_S24_W_m0.050,development,B_S24:47600002:68,False,True,0.004958968609571457,0.006804090328841994,0.0018451217192705371
B_S24_W_m0.050,development,B_S24:47600002:76,False,True,0.00785946473479271,0.007809723978425609,-4.97407563671004e-05
B_S24_W_m0.050,development,B_S24:47600002:79,False,True,0.03899405524134636,0.04489453978931124,0.005900484547964879
B_S24_W_m0.050,development,B_S24:47600002:89,False,True,0.016849178820848465,0.017981689394218847,0.0011325105733703822
B_S24_W_m0.050,development,B_S24:47600002:107,False,True,0.056797247380018234,0.053329958293034,-0.0034672890869842377
B_S24_W_m0.050,development,B_S24:47600003:1,True,False,0.9180286526679993,0.8493134330492467,-0.0687152196187526
B_S24_W_m0.050,development,B_S24:47600003:3,True,False,0.7900311350822449,0.7297123959288001,-0.06031873915344477
B_S24_W_m0.050,development,B_S24:47600003:4,True,False,0.7123365998268127,0.6490224895533174,-0.06331411027349532
B_S24_W_m0.050,development,B_S24:47600003:11,True,False,0.1615857630968094,0.09001055388398527,-0.07157520921282412
B_S24_W_m0.050,development,B_S24:47600003:12,True,False,0.054503463208675385,0.10477691854612203,0.05027345533744665
B_S24_W_m0.050,development,B_S24:47600003:22,True,False,0.00735608721151948,0.009321189514594153,0.001965102303074673
B_S24_W_m0.050,development,B_S24:47600003:70,False,True,0.01845444180071354,0.020197555242702947,0.0017431134419894079
B_S24_W_m0.050,development,B_S24:47600003:90,False,True,0.0285745058208704,0.035199149562686216,0.006624643741815817
B_S24_W_m0.050,development,B_S24:47600003:112,False,True,0.010956176556646824,0.012503087865297857,0.0015469113086510333
B_S24_W_m0.050,development,B_S24:47600003:125,False,True,0.011349641717970371,0.012383288790260849,0.0010336470722904778
B_S24_W_m0.050,development,B_S24:47600004:3,True,False,0.8056684136390686,0.7319290244486183,-0.07373938919045031
B_S24_W_m0.050,development,B_S24:47600004:8,True,False,0.45058879256248474,0.35419952089432627,-0.09638927166815847
B_S24_W_m0.050,development,B_S24:47600004:53,False,True,0.007950985804200172,0.006815697990532499,-0.0011352878136676736
B_S24_W_m0.050,development,B_S24:47600004:65,False,True,0.00684379693120718,0.006262746315769618,-0.0005810506154375616
B_S24_W_m0.050,development,B_S24:47600004:92,False,True,0.004253803286701441,0.009192897121465649,0.004939093834764208
B_S24_W_m0.050,development,B_S24:47600004:109,False,True,0.007803337182849646,0.008887669622708927,0.0010843324398592813
B_S24_W_m0.050,development,B_S24:47600004:122,False,True,0.00964415818452835,0.008658465229018475,-0.000985692955509876
B_S24_W_m0.050,development,B_S24:47600005:2,True,False,0.8559161424636841,0.7843880541622639,-0.07152808830142021
B_S24_W_m0.050,development,B_S24:47600005:5,True,False,0.6184014081954956,0.577541281003505,-0.040860127191990614
B_S24_W_m0.050,development,B_S24:47600005:15,True,False,0.11820100247859955,0.03795207121220301,-0.08024893126639654
B_S24_W_m0.050,development,B_S24:47600005:24,False,True,0.012398805469274521,0.01351057368083275,0.0011117682115582284
B_S24_W_m0.050,development,B_S24:47600005:33,False,True,0.0318012535572052,0.029791893754008925,-0.0020093598031962756
B_S24_W_m0.050,development,B_S24:47600005:48,False,True,0.04070642590522766,0.04095386658991629,0.0002474406846886268
B_S24_W_m0.050,development,B_S24:47600005:86,False,True,0.026637276634573936,0.015663952017348493,-0.010973324617225444
B_S24_W_m0.050,development,B_S24:47600005:88,False,True,0.011213838122785091,0.02014664502348751,0.008932806900702417
B_S24_W_m0.050,development,B_S24:47600005:105,False,True,0.020091896876692772,0.04281468845147174,0.022722791574778967
B_S24_W_m0.050,development,B_S24:47600005:119,False,True,0.011445483192801476,0.01827881396820885,0.006833330775407376
B_S24_W_m0.050,development,B_S24:47600006:2,True,False,0.8360416889190674,0.7905455511063337,-0.04549613781273365
B_S24_W_m0.050,development,B_S24:47600006:11,True,False,0.1901421695947647,0.22397264387109317,0.03383047427632846
B_S24_W_m0.050,development,B_S24:47600006:13,True,False,0.0930979996919632,0.07296256208792329,-0.020135437604039907
B_S24_W_m0.050,development,B_S24:47600006:16,True,False,0.03459518775343895,0.019065207436142373,-0.015529980317296577
B_S24_W_m0.050,development,B_S24:47600006:25,False,True,0.021262692287564278,0.0342860424243554,0.013023350136791123
B_S24_W_m0.050,development,B_S24:47600006:38,False,True,0.10101375728845596,0.048498405718419235,-0.05251535157003673
B_S24_W_m0.050,development,B_S24:47600006:72,False,True,0.007109314668923616,0.05091888619426754,0.04380957152534393
B_S24_W_m0.050,development,B_S24:47600006:101,False,True,0.046781934797763824,0.03619015350705013,-0.010591781290713698
B_S24_W_m0.050,development,B_S24:47600006:132,False,True,0.014910313300788403,0.024018358653847827,0.009108045353059424
B_S24_W_m0.050,development,B_S24:47600006:177,False,True,0.00992016401141882,0.014448193594944314,0.004528029583525495
B_S24_W_m0.050,development,B_S24:47600007:4,True,False,0.6693251132965088,0.5692466627806425,-0.10007845051586628
B_S24_W_m0.050,development,B_S24:47600007:7,True,False,0.4054577648639679,0.31933003262383863,-0.08612773224012926
B_S24_W_m0.050,development,B_S24:47600007:10,True,False,0.3122852146625519,0.15322801006550435,-0.15905720459704753
B_S24_W_m0.050,development,B_S24:47600007:17,True,False,0.007956769317388535,0.009876495299067756,0.0019197259816792211
B_S24_W_m0.050,development,B_S24:47600007:27,False,True,0.01791347749531269,0.01604207869786478,-0.0018713987974479096
B_S24_W_m0.050,development,B_S24:47600007:28,False,True,0.013561682775616646,0.020000704718768247,0.006439021943151602
B_S24_W_m0.050,development,B_S24:47600007:61,False,True,0.007718055509030819,0.007861670464080817,0.00014361495504999766
B_S24_W_m0.050,development,B_S24:47600007:66,False,True,0.005090014543384314,0.005124845688442292,3.4831145057978574e-05
B_S24_W_m0.050,development,B_S24:47600007:87,False,True,0.007248249836266041,0.005674169172380061,-0.0015740806638859794
B_S24_W_m0.050,development,B_S24:47600007:117,False,True,0.004469211678951979,0.006125250914919889,0.00165603923596791
B_S24_W_m0.050,development,B_S24:47600008:6,True,False,0.664764940738678,0.6168614469934255,-0.04790349374525249
B_S24_W_m0.050,development,B_S24:47600008:8,True,False,0.57773357629776,0.5203980668447912,-0.057335509452968836
B_S24_W_m0.050,development,B_S24:47600008:21,True,False,0.03157223388552666,0.04992624140504631,0.018354007519519655
B_S24_W_m0.050,development,B_S24:47600008:23,False,True,0.05779237672686577,0.03808855149145529,-0.019703825235410477
B_S24_W_m0.050,development,B_S24:47600008:49,False,True,0.06115049123764038,0.050646209994738456,-0.010504281242901925
B_S24_W_m0.050,development,B_S24:47600008:54,False,True,0.01625344157218933,0.022463255852926522,0.0062098142807371914
B_S24_W_m0.050,development,B_S24:47600008:61,False,True,0.02069191262125969,0.01635153524148336,-0.004340377379776328
B_S24_W_m0.050,development,B_S24:47600008:87,False,True,0.012538295239210129,0.013414513474344858,0.0008762182351347292
B_S24_W_m0.050,development,B_S24:47600008:101,False,True,0.017423175275325775,0.014064647813938791,-0.003358527461386984
B_S24_W_m0.100,train,B_S24:47500000:1,True,False,0.9204306602478027,0.7963385358452797,-0.12409212440252304
B_S24_W_m0.100,train,B_S24:47500000:8,True,False,0.45007964968681335,0.2865933855064213,-0.16348626418039203
B_S24_W_m0.100,train,B_S24:47500000:26,False,True,0.00465988228097558,0.006555674735864159,0.0018957924548885785
B_S24_W_m0.100,train,B_S24:47500000:39,False,True,0.026884738355875015,0.023101150058209896,-0.003783588297665119
B_S24_W_m0.100,train,B_S24:47500000:84,False,True,0.031150802969932556,0.028904716891702265,-0.0022460860782302916
B_S24_W_m0.100,train,B_S24:47500000:141,False,True,0.006456793285906315,0.013985063560539857,0.007528270274633542
B_S24_W_m0.100,train,B_S24:47500000:144,False,True,0.015414930880069733,0.02369338905555196,0.008278458175482228
B_S24_W_m0.100,train,B_S24:47500000:155,False,True,0.010339364409446716,0.00809789630875457,-0.0022414681006921455
B_S24_W_m0.100,train,B_S24:47500000:169,False,True,0.002930948045104742,0.007845090098271612,0.00491414205316687
B_S24_W_m0.100,train,B_S24:47500000:179,False,True,0.007754932157695293,0.013434568274533376,0.005679636116838083
B_S24_W_m0.100,train,B_S24:47500002:2,True,False,0.840225100517273,0.6942128669470549,-0.1460122335702181
B_S24_W_m0.100,train,B_S24:47500002:3,True,False,0.747289776802063,0.6037649195641279,-0.14352485723793507
B_S24_W_m0.100,train,B_S24:47500002:15,True,False,0.3258889615535736,0.131568314274773,-0.1943206472788006
B_S24_W_m0.100,train,B_S24:47500002:25,True,False,0.24759480357170105,0.03543054205510998,-0.21216426151659107
B_S24_W_m0.100,train,B_S24:47500002:33,False,True,0.013200336135923862,0.028948944091098383,0.01574860795517452
B_S24_W_m0.100,train,B_S24:47500002:55,False,True,0.012366085313260555,0.013364832746447064,0.0009987474331865087
B_S24_W_m0.100,train,B_S24:47500002:101,False,True,0.024479061365127563,0.015165288699790835,-0.009313772665336728
B_S24_W_m0.100,train,B_S24:47500002:114,False,True,0.032590512186288834,0.02126164609217085,-0.011328866094117984
B_S24_W_m0.100,train,B_S24:47500002:152,False,True,0.05904077738523483,0.011015420430339873,-0.04802535695489496
B_S24_W_m0.100,train,B_S24:47500002:178,False,True,0.01144599448889494,0.0067210318593424745,-0.004724962629552465
B_S24_W_m0.100,train,B_S24:47500003:4,True,False,0.6828148365020752,0.5274772793054581,-0.15533755719661713
B_S24_W_m0.100,train,B_S24:47500003:16,True,False,0.336879700422287,0.15281852369662374,-0.18406117672566324
B_S24_W_m0.100,train,B_S24:47500003:24,True,False,0.24294424057006836,0.04766152119555045,-0.1952827193745179
B_S24_W_m0.100,train,B_S24:47500003:41,False,True,0.014581686817109585,0.04301856178790331,0.028436874970793724
B_S24_W_m0.100,train,B_S24:47500003:46,False,True,0.014421219937503338,0.02174795654718764,0.007326736609684303
B_S24_W_m0.100,train,B_S24:47500003:80,False,True,0.13649648427963257,0.05826387819251977,-0.0782326060871128
B_S24_W_m0.100,train,B_S24:47500003:91,False,True,0.013864279724657536,0.023406898573739454,0.009542618849081919
B_S24_W_m0.100,train,B_S24:47500003:109,False,True,0.02704671397805214,0.056367672979831696,0.029320959001779556
B_S24_W_m0.100,train,B_S24:47500003:149,False,True,0.00700509874150157,0.008297399173898157,0.001292300432396587
B_S24_W_m0.100,train,B_S24:47500003:180,False,True,0.007680858951061964,0.008186956081772223,0.0005060971307102591
B_S24_W_m0.100,train,B_S24:47500005:2,True,False,0.8303883671760559,0.6929965745657682,-0.13739179261028767
B_S24_W_m0.100,train,B_S24:47500005:6,True,False,0.48417842388153076,0.3576902407221496,-0.12648818315938115
B_S24_W_m0.100,train,B_S24:47500005:13,True,False,0.28661417961120605,0.14945271858596243,-0.13716146102524363
B_S24_W_m0.100,train,B_S24:47500005:45,False,True,0.009830214083194733,0.018512103910325095,0.008681889827130362
B_S24_W_m0.100,train,B_S24:47500005:46,False,True,0.020489273592829704,0.01990998550900258,-0.000579288083827123
B_S24_W_m0.100,train,B_S24:47500005:67,False,True,0.011116371490061283,0.018854907772038132,0.007738536281976849
B_S24_W_m0.100,train,B_S24:47500005:106,False,True,0.005806139670312405,0.012532534979982302,0.006726395309669897
B_S24_W_m0.100,train,B_S24:47500005:120,False,True,0.07412584125995636,0.09802939801011235,0.023903556750155985
B_S24_W_m0.100,train,B_S24:47500005:170,False,True,0.011918851174414158,0.012608574055775534,0.0006897228813613765
B_S24_W_m0.100,train,B_S24:47500006:4,True,False,0.7104406952857971,0.5338025968521833,-0.17663809843361378
B_S24_W_m0.100,train,B_S24:47500006:5,True,False,0.6139248609542847,0.4643832165747881,-0.14954164437949657
B_S24_W_m0.100,train,B_S24:47500006:8,True,False,0.4837036430835724,0.2963914870051667,-0.18731215607840568
B_S24_W_m0.100,train,B_S24:47500006:10,True,False,0.3972037434577942,0.1776057289680466,-0.21959801448974758
B_S24_W_m0.100,train,B_S24:47500006:89,False,True,0.006101811304688454,0.011482909831102006,0.0053810985264135525
B_S24_W_m0.100,train,B_S24:47500006:102,False,True,0.015334553085267544,0.0302414727921132,0.014906919706845656
B_S24_W_m0.100,train,B_S24:47500006:118,False,True,0.013224813155829906,0.017438928334740922,0.004214115178911015
B_S24_W_m0.100,train,B_S24:47500006:136,False,True,0.04221782088279724,0.03739094245247543,-0.004826878430321813
B_S24_W_m0.100,train,B_S24:47500006:169,False,True,0.007242292165756226,0.0126467700174544,0.005404477851698175
B_S24_W_m0.100,train,B_S24:47500007:4,True,False,0.7165911197662354,0.5361624332144856,-0.1804286865517497
B_S24_W_m0.100,train,B_S24:47500007:6,True,False,0.5134326815605164,0.4041807954199612,-0.10925188614055514
B_S24_W_m0.100,train,B_S24:47500007:13,True,False,0.3432442545890808,0.11026566964574158,-0.23297858494333923
B_S24_W_m0.100,train,B_S24:47500007:36,False,True,0.012485971674323082,0.03240026088315062,0.01991428920882754
B_S24_W_m0.100,train,B_S24:47500007:97,False,True,0.03646311163902283,0.01427273458102718,-0.022190377057995647
B_S24_W_m0.100,train,B_S24:47500007:118,False,True,0.01961955614387989,0.014933177692000754,-0.004686378451879136
B_S24_W_m0.100,train,B_S24:47500007:134,False,True,0.012632779777050018,0.01176958522410132,-0.0008631945529486984
B_S24_W_m0.100,train,B_S24:47500007:168,False,True,0.006155345588922501,0.007546566368546337,0.0013912207796238363
B_S24_W_m0.100,train,B_S24:47500008:4,True,False,0.6651695966720581,0.5538518177345395,-0.1113177789375186
B_S24_W_m0.100,train,B_S24:47500008:10,True,False,0.44179293513298035,0.2467242581769824,-0.19506867695599794
B_S24_W_m0.100,train,B_S24:47500008:20,True,False,0.18844717741012573,0.05427673482336104,-0.1341704425867647
B_S24_W_m0.100,train,B_S24:47500008:28,False,True,0.018762292340397835,0.025403219769941643,0.006640927429543808
B_S24_W_m0.100,train,B_S24:47500008:34,False,True,0.019432740285992622,0.023001663881586865,0.003568923595594242
B_S24_W_m0.100,train,B_S24:47500008:112,False,True,0.01151968166232109,0.03317182496539317,0.02165214330307208
B_S24_W_m0.100,train,B_S24:47500008:131,False,True,0.026900198310613632,0.021891582990065217,-0.005008615320548415
B_S24_W_m0.100,train,B_S24:47500008:172,False,True,0.006610465236008167,0.01578145907842554,0.009170993842417374
B_S24_W_m0.100,train,B_S24:47500009:6,True,False,0.5444116592407227,0.42084998451173306,-0.1235616747289896
B_S24_W_m0.100,train,B_S24:47500009:11,True,False,0.43553799390792847,0.31046301824972034,-0.12507497565820813
B_S24_W_m0.100,train,B_S24:47500009:15,True,False,0.34954699873924255,0.1563149718567729,-0.19323202688246965
B_S24_W_m0.100,train,B_S24:47500009:20,True,False,0.19620876014232635,0.038880307372892275,-0.15732845276943408
B_S24_W_m0.100,train,B_S24:47500009:26,False,True,0.011343308724462986,0.03623450295708608,0.024891194232623093
B_S24_W_m0.100,train,B_S24:47500009:36,False,True,0.014825824648141861,0.017674156100838445,0.002848331452696584
B_S24_W_m0.100,train,B_S24:47500009:68,False,True,0.028054406866431236,0.01120035903295502,-0.016854047833476216
B_S24_W_m0.100,train,B_S24:47500009:142,False,True,0.023600932210683823,0.0334592055878602,0.009858273377176374
B_S24_W_m0.100,train,B_S24:47500011:5,True,False,0.5674607157707214,0.39515830436721444,-0.172302411403507
B_S24_W_m0.100,train,B_S24:47500011:15,True,False,0.26403701305389404,0.07482440036255866,-0.18921261269133538
B_S24_W_m0.100,train,B_S24:47500011:26,False,True,0.008292190730571747,0.011791885539423674,0.0034996948088519275
B_S24_W_m0.100,train,B_S24:47500011:29,False,True,0.026494015008211136,0.028119332026108168,0.0016253170178970322
B_S24_W_m0.100,train,B_S24:47500011:31,False,True,0.023446766659617424,0.0224361713626422,-0.0010105952969752252
B_S24_W_m0.100,train,B_S24:47500011:36,False,True,0.0344666913151741,0.020319481336628087,-0.014147209978546016
B_S24_W_m0.100,train,B_S24:47500011:49,False,True,0.08819765597581863,0.06600705726305023,-0.022190598712768406
B_S24_W_m0.100,train,B_S24:47500011:56,False,True,0.021302388980984688,0.02715445970534347,0.005852070724358782
B_S24_W_m0.100,train,B_S24:47500011:74,False,True,0.015445277094841003,0.012357859595795162,-0.0030874174990458414
B_S24_W_m0.100,train,B_S24:47500011:167,False,True,0.013961473479866982,0.01347273487772327,-0.0004887386021437123
B_S24_W_m0.100,train,B_S24:47500013:14,True,False,0.3309841752052307,0.11231869843322784,-0.21866547677200288
B_S24_W_m0.100,train,B_S24:47500013:15,True,False,0.3025165796279907,0.09982514230068773,-0.202691437327303
B_S24_W_m0.100,train,B_S24:47500013:28,False,True,0.018222665414214134,0.05029580515110865,0.03207313973689452
B_S24_W_m0.100,train,B_S24:47500013:32,False,True,0.043286196887493134,0.02386514758109115,-0.019421049306401983
B_S24_W_m0.100,train,B_S24:47500013:58,False,True,0.0678560808300972,0.10744537971913815,0.03958929888904095
B_S24_W_m0.100,train,B_S24:47500013:83,False,True,0.016866067424416542,0.01867853604198899,0.0018124686175724491
B_S24_W_m0.100,train,B_S24:47500013:119,False,True,0.1386656016111374,0.07518805132713169,-0.0634775502840057
B_S24_W_m0.100,train,B_S24:47500013:128,False,True,0.007370443549007177,0.007689153884712141,0.00031871033570496365
B_S24_W_m0.100,train,B_S24:47500013:162,False,True,0.009111269377171993,0.03395378524874104,0.02484251587156905
B_S24_W_m0.100,train,B_S24:47500013:165,False,True,0.019986819475889206,0.05341758675058372,0.03343076727469452
B_S24_W_m0.100,train,B_S24:47500014:9,True,False,0.4609810709953308,0.27511085174046457,-0.18587021925486624
B_S24_W_m0.100,train,B_S24:47500014:10,True,False,0.4494248926639557,0.19922798970947042,-0.25019690295448527
B_S24_W_m0.100,train,B_S24:47500014:20,True,False,0.1911441683769226,0.04061106377048418,-0.15053310460643843
B_S24_W_m0.100,train,B_S24:47500014:43,False,True,0.007969632744789124,0.028655474918195978,0.020685842173406854
B_S24_W_m0.100,train,B_S24:47500014:60,False,True,0.012178147211670876,0.015088836051290855,0.0029106888396199793
B_S24_W_m0.100,train,B_S24:47500014:78,False,True,0.014499674551188946,0.023564717528643087,0.00906504297745414
B_S24_W_m0.100,train,B_S24:47500014:99,False,True,0.006518471520394087,0.012477280222810805,0.005958808702416718
B_S24_W_m0.100,train,B_S24:47500014:134,False,True,0.026974961161613464,0.021780823677545413,-0.005194137484068051
B_S24_W_m0.100,train,B_S24:47500014:161,False,True,0.026427991688251495,0.01585893840820063,-0.010569053280050866
B_S24_W_m0.100,train,B_S24:47500014:170,False,True,0.007265092339366674,0.011746595933800563,0.004481503594433889
B_S24_W_m0.100,train,B_S24:47500016:4,True,False,0.6824577450752258,0.5366150764748454,-0.14584266860038042
B_S24_W_m0.100,train,B_S24:47500016:5,True,False,0.5753200650215149,0.4592304127290845,-0.1160896522924304
B_S24_W_m0.100,train,B_S24:47500016:30,False,True,0.002946124877780676,0.006861583133286331,0.003915458255505655
B_S24_W_m0.100,train,B_S24:47500016:42,False,True,0.03538772463798523,0.02142658960656263,-0.0139611350314226
B_S24_W_m0.100,train,B_S24:47500016:43,False,True,0.02424408122897148,0.026902875601081178,0.0026587943721096963
B_S24_W_m0.100,train,B_S24:47500016:108,False,True,0.0435507670044899,0.019877582730259746,-0.023673184274230152
B_S24_W_m0.100,train,B_S24:47500016:129,False,True,0.014247303828597069,0.015725192046375014,0.001477888217777945
B_S24_W_m0.100,train,B_S24:47500016:165,False,True,0.00914138462394476,0.010257267684210092,0.0011158830602653325
B_S24_W_m0.100,train,B_S24:47500016:169,False,True,0.013617094606161118,0.00872218850417994,-0.004894906101981178
B_S24_W_m0.100,development,B_S24:47600000:3,True,False,0.7822062373161316,0.6818700802978128,-0.10033615701831877
B_S24_W_m0.100,development,B_S24:47600000:14,True,False,0.021341364830732346,0.015516702368586266,-0.00582466246214608
B_S24_W_m0.100,development,B_S24:47600000:17,True,False,0.0134500153362751,0.015240736011946865,0.0017907206756717642
B_S24_W_m0.100,development,B_S24:47600000:21,True,False,0.009148664772510529,0.0102534201769231,0.0011047554044125718
B_S24_W_m0.100,development,B_S24:47600000:29,False,True,0.06250163167715073,0.04748449589169468,-0.015017135785456048
B_S24_W_m0.100,development,B_S24:47600000:32,False,True,0.0462748222053051,0.10243114336481085,0.05615632115950575
B_S24_W_m0.100,development,B_S24:47600000:76,False,True,0.01730559952557087,0.008415481513111445,-0.008890118012459425
B_S24_W_m0.100,development,B_S24:47600000:83,False,True,0.010449578054249287,0.012945355250849389,0.002495777196600102
B_S24_W_m0.100,development,B_S24:47600000:157,False,True,0.0066076479852199554,0.009670327398453082,0.003062679413233127
B_S24_W_m0.100,development,B_S24:47600002:2,True,False,0.8481625318527222,0.7224978171288967,-0.12566471472382545
B_S24_W_m0.100,development,B_S24:47600002:16,True,False,0.034032728523015976,0.029737630447925767,-0.004295098075090209
B_S24_W_m0.100,development,B_S24:47600002:30,False,True,0.005942192859947681,0.014582827088815975,0.008640634228868294
B_S24_W_m0.100,development,B_S24:47600002:36,False,True,0.016966650262475014,0.013461230926623102,-0.0035054193358519115
B_S24_W_m0.100,development,B_S24:47600002:68,False,True,0.007321929559111595,0.010153416997127351,0.002831487438015756
B_S24_W_m0.100,development,B_S24:47600002:76,False,True,0.012246944010257721,0.0070345594322134275,-0.0052123845780442934
B_S24_W_m0.100,development,B_S24:47600002:79,False,True,0.07884156703948975,0.05572653264243854,-0.023115034397051204
B_S24_W_m0.100,development,B_S24:47600002:89,False,True,0.012856744229793549,0.014716738310198707,0.0018599940804051585
B_S24_W_m0.100,development,B_S24:47600002:107,False,True,0.08870994299650192,0.06202116480926634,-0.026688778187235584
B_S24_W_m0.100,development,B_S24:47600003:1,True,False,0.9320229291915894,0.8330458994023502,-0.09897702978923917
B_S24_W_m0.100,development,B_S24:47600003:3,True,False,0.7536471486091614,0.6409338049124926,-0.11271334369666874
B_S24_W_m0.100,development,B_S24:47600003:4,True,False,0.5812112092971802,0.5158379094209522,-0.06537329987622797
B_S24_W_m0.100,development,B_S24:47600003:11,True,False,0.05126972496509552,0.03520592600489181,-0.016063798960203712
B_S24_W_m0.100,development,B_S24:47600003:12,True,False,0.013646524399518967,0.04508991345119284,0.031443389051673876
B_S24_W_m0.100,development,B_S24:47600003:22,True,False,0.006176006514579058,0.01220025451584661,0.0060242480012675514
B_S24_W_m0.100,development,B_S24:47600003:70,False,True,0.021402085199952126,0.02059989380722982,-0.0008021913927223068
B_S24_W_m0.100,development,B_S24:47600003:90,False,True,0.038748592138290405,0.05553195683751255,0.016783364699222147
B_S24_W_m0.100,development,B_S24:47600003:112,False,True,0.02630191668868065,0.021529833139538823,-0.004772083549141826
B_S24_W_m0.100,development,B_S24:47600003:125,False,True,0.03826313465833664,0.02714314644526894,-0.0111199882130677
B_S24_W_m0.100,development,B_S24:47600004:3,True,False,0.7612400054931641,0.6402214450063184,-0.12101856048684567
B_S24_W_m0.100,development,B_S24:47600004:8,True,False,0.30058756470680237,0.26505491946591064,-0.035532645240891725
B_S24_W_m0.100,development,B_S24:47600004:53,False,True,0.0071944789960980415,0.007267904315085616,7.342531898757443e-05
B_S24_W_m0.100,development,B_S24:47600004:65,False,True,0.0072109452448785305,0.006899779359628155,-0.00031116588525037514
B_S24_W_m0.100,development,B_S24:47600004:92,False,True,0.003644012613222003,0.008527027695890865,0.004883015082668862
B_S24_W_m0.100,development,B_S24:47600004:109,False,True,0.011314286850392818,0.010688924485293683,-0.0006253623650991358
B_S24_W_m0.100,development,B_S24:47600004:122,False,True,0.007584028411656618,0.01097964552900521,0.0033956171173485927
B_S24_W_m0.100,development,B_S24:47600005:2,True,False,0.864611804485321,0.7400656475219876,-0.12454615696333349
B_S24_W_m0.100,development,B_S24:47600005:5,True,False,0.5513216853141785,0.5021868775365874,-0.04913480777759105
B_S24_W_m0.100,development,B_S24:47600005:15,True,False,0.09801362454891205,0.05925412624128512,-0.03875949830762693
B_S24_W_m0.100,development,B_S24:47600005:24,False,True,0.012675931677222252,0.015456360604730435,0.002780428927508183
B_S24_W_m0.100,development,B_S24:47600005:33,False,True,0.04325537383556366,0.059095800806971965,0.015840426971408306
B_S24_W_m0.100,development,B_S24:47600005:48,False,True,0.07879658043384552,0.04829288950713817,-0.03050369092670735
B_S24_W_m0.100,development,B_S24:47600005:86,False,True,0.016235092654824257,0.016979455882392358,0.0007443632275681011
B_S24_W_m0.100,development,B_S24:47600005:88,False,True,0.019041994586586952,0.023465749427487026,0.004423754840900074
B_S24_W_m0.100,development,B_S24:47600005:105,False,True,0.04223967716097832,0.05695467175246449,0.014714994591486175
B_S24_W_m0.100,development,B_S24:47600005:119,False,True,0.010275815613567829,0.01823548713582568,0.00795967152225785
B_S24_W_m0.100,development,B_S24:47600006:2,True,False,0.8341362476348877,0.7421697194222361,-0.09196652821265161
B_S24_W_m0.100,development,B_S24:47600006:11,True,False,0.24652251601219177,0.18531361750683573,-0.061208898505356046
B_S24_W_m0.100,development,B_S24:47600006:13,True,False,0.12361478060483932,0.06392772948765924,-0.05968705111718009
B_S24_W_m0.100,development,B_S24:47600006:16,True,False,0.0348283052444458,0.012161220393863914,-0.022667084850581887
B_S24_W_m0.100,development,B_S24:47600006:25,False,True,0.01418709009885788,0.028300869735176093,0.014113779636318213
B_S24_W_m0.100,development,B_S24:47600006:38,False,True,0.1454324722290039,0.03285555252114136,-0.11257691970786254
B_S24_W_m0.100,development,B_S24:47600006:72,False,True,0.010512293316423893,0.11997585749486461,0.10946356417844072
B_S24_W_m0.100,development,B_S24:47600006:101,False,True,0.07959279417991638,0.04565124446162372,-0.03394154971829266
B_S24_W_m0.100,development,B_S24:47600006:132,False,True,0.01759718358516693,0.026137232558539836,0.008540048973372905
B_S24_W_m0.100,development,B_S24:47600006:177,False,True,0.009450594894587994,0.016258223149634432,0.006807628255046438
B_S24_W_m0.100,development,B_S24:47600007:4,True,False,0.5692509412765503,0.44313245674129575,-0.12611848453525454
B_S24_W_m0.100,development,B_S24:47600007:7,True,False,0.29793524742126465,0.27933428395772353,-0.01860096346354112
B_S24_W_m0.100,development,B_S24:47600007:10,True,False,0.27439212799072266,0.10824958688317565,-0.166142541107547
B_S24_W_m0.100,development,B_S24:47600007:17,True,False,0.00936257466673851,0.012091504110685491,0.0027289294439469813
B_S24_W_m0.100,development,B_S24:47600007:27,False,True,0.018391801044344902,0.025280032563387067,0.006888231519042165
B_S24_W_m0.100,development,B_S24:47600007:28,False,True,0.017776286229491234,0.025461873242420552,0.007685587012929318
B_S24_W_m0.100,development,B_S24:47600007:61,False,True,0.004751626867800951,0.009473532703850651,0.0047219058360497
B_S24_W_m0.100,development,B_S24:47600007:66,False,True,0.005295855458825827,0.004694505664247117,-0.0006013497945787094
B_S24_W_m0.100,development,B_S24:47600007:87,False,True,0.005811886861920357,0.007080672431584389,0.0012687855696640327
B_S24_W_m0.100,development,B_S24:47600007:117,False,True,0.0031608291901648045,0.007064081713906489,0.003903252523741685
B_S24_W_m0.100,development,B_S24:47600008:6,True,False,0.48557886481285095,0.4751295727910474,-0.010449292021803558
B_S24_W_m0.100,development,B_S24:47600008:8,True,False,0.4503019154071808,0.38789192782132886,-0.06240998758585192
B_S24_W_m0.100,development,B_S24:47600008:21,True,False,0.02570715732872486,0.05595146631185344,0.030244308983128576
B_S24_W_m0.100,development,B_S24:47600008:23,False,True,0.07126122713088989,0.04016352034796,-0.03109770678292989
B_S24_W_m0.100,development,B_S24:47600008:49,False,True,0.05945014953613281,0.06799187629621883,0.008541726760086021
B_S24_W_m0.100,development,B_S24:47600008:54,False,True,0.014945331029593945,0.024789344975943095,0.00984401394634915
B_S24_W_m0.100,development,B_S24:47600008:61,False,True,0.020368700847029686,0.011453361479652813,-0.008915339367376873
B_S24_W_m0.100,development,B_S24:47600008:87,False,True,0.00921119749546051,0.009946646739990683,0.000735449244530173
B_S24_W_m0.100,development,B_S24:47600008:101,False,True,0.016198957338929176,0.010630981122631056,-0.0055679762162981206
B_S24_W_m0.150,train,B_S24:47500000:1,True,False,0.8802908062934875,0.6278939051553607,-0.25239690113812685
B_S24_W_m0.150,train,B_S24:47500000:8,True,False,0.3205206096172333,0.12053514970466495,-0.19998545991256833
B_S24_W_m0.150,train,B_S24:47500000:26,False,True,0.008070827461779118,0.007955668392241932,-0.00011515906953718513
B_S24_W_m0.150,train,B_S24:47500000:39,False,True,0.034295015037059784,0.029070455726468936,-0.005224559310590848
B_S24_W_m0.150,train,B_S24:47500000:84,False,True,0.024095017462968826,0.022755177691578865,-0.0013398397713899612
B_S24_W_m0.150,train,B_S24:47500000:141,False,True,0.006528227590024471,0.012598337503732182,0.006070109913707711
B_S24_W_m0.150,train,B_S24:47500000:144,False,True,0.01425353903323412,0.021345546090742573,0.007092007057508454
B_S24_W_m0.150,train,B_S24:47500000:155,False,True,0.013814561069011688,0.011436716435127892,-0.0023778446338837966
B_S24_W_m0.150,train,B_S24:47500000:169,False,True,0.005653209052979946,0.013325257255928591,0.007672048202948645
B_S24_W_m0.150,train,B_S24:47500000:179,False,True,0.012527666054666042,0.021241084061330184,0.008713418006664142
B_S24_W_m0.150,train,B_S24:47500002:2,True,False,0.7901274561882019,0.5041696783155203,-0.2859577778726816
B_S24_W_m0.150,train,B_S24:47500002:3,True,False,0.6232422590255737,0.4072249075397849,-0.21601735148578882
B_S24_W_m0.150,train,B_S24:47500002:15,True,False,0.39838719367980957,0.16530789341777563,-0.23307930026203394
B_S24_W_m0.150,train,B_S24:47500002:25,True,False,0.4025028944015503,0.10482992460310925,-0.29767296979844104
B_S24_W_m0.150,train,B_S24:47500002:33,False,True,0.0419732928276062,0.08624048781348392,0.04426719498587772
B_S24_W_m0.150,train,B_S24:47500002:55,False,True,0.032601144164800644,0.04097857669694349,0.008377432532142848
B_S24_W_m0.150,train,B_S24:47500002:101,False,True,0.023773282766342163,0.019507780132698826,-0.004265502633643337
B_S24_W_m0.150,train,B_S24:47500002:114,False,True,0.03395872935652733,0.02473790929070674,-0.00922082006582059
B_S24_W_m0.150,train,B_S24:47500002:152,False,True,0.07719644904136658,0.023555929627036676,-0.0536405194143299
B_S24_W_m0.150,train,B_S24:47500002:178,False,True,0.026509763672947884,0.007909739957540296,-0.018600023715407588
B_S24_W_m0.150,train,B_S24:47500003:4,True,False,0.5806738138198853,0.31379122752696276,-0.2668825862929225
B_S24_W_m0.150,train,B_S24:47500003:16,True,False,0.29637062549591064,0.11723378906026483,-0.17913683643564582
B_S24_W_m0.150,train,B_S24:47500003:24,True,False,0.22462230920791626,0.04049949072941672,-0.18412281847849954
B_S24_W_m0.150,train,B_S24:47500003:41,False,True,0.04297982528805733,0.09165175241651013,0.04867192712845281
B_S24_W_m0.150,train,B_S24:47500003:46,False,True,0.03015577793121338,0.03738968924153596,0.007233911310322583
B_S24_W_m0.150,train,B_S24:47500003:80,False,True,0.18028759956359863,0.10045738372718915,-0.07983021583640948
B_S24_W_m0.150,train,B_S24:47500003:91,False,True,0.016268888488411903,0.03520320585812442,0.018934317369712517
B_S24_W_m0.150,train,B_S24:47500003:109,False,True,0.017454419285058975,0.02169993842835538,0.004245519143296406
B_S24_W_m0.150,train,B_S24:47500003:149,False,True,0.010453921742737293,0.011056767194531858,0.0006028454517945647
B_S24_W_m0.150,train,B_S24:47500003:180,False,True,0.007260921411216259,0.010880607311264612,0.0036196859000483528
B_S24_W_m0.150,train,B_S24:47500005:2,True,False,0.7379045486450195,0.5158632677048445,-0.22204128094017506
B_S24_W_m0.150,train,B_S24:47500005:6,True,False,0.3955305516719818,0.21906516212038696,-0.17646538955159485
B_S24_W_m0.150,train,B_S24:47500005:13,True,False,0.26468393206596375,0.10621307106339373,-0.15847086100257002
B_S24_W_m0.150,train,B_S24:47500005:45,False,True,0.011007827706634998,0.021423286452773027,0.010415458746138029
B_S24_W_m0.150,train,B_S24:47500005:46,False,True,0.023523742333054543,0.022628160077147186,-0.0008955822559073567
B_S24_W_m0.150,train,B_S24:47500005:67,False,True,0.008695044554769993,0.02748065275955014,0.018785608204780146
B_S24_W_m0.150,train,B_S24:47500005:106,False,True,0.00978173315525055,0.01575790756032802,0.005976174405077472
B_S24_W_m0.150,train,B_S24:47500005:120,False,True,0.08891710638999939,0.12695510522462428,0.038037998834624887
B_S24_W_m0.150,train,B_S24:47500005:170,False,True,0.013174701482057571,0.01641949291661149,0.0032447914345539175
B_S24_W_m0.150,train,B_S24:47500006:4,True,False,0.6150817275047302,0.3564926185645163,-0.2585891089402139
B_S24_W_m0.150,train,B_S24:47500006:5,True,False,0.4682352542877197,0.28015966480597854,-0.1880755894817412
B_S24_W_m0.150,train,B_S24:47500006:8,True,False,0.44884857535362244,0.17726498481351882,-0.2715835905401036
B_S24_W_m0.150,train,B_S24:47500006:10,True,False,0.33834120631217957,0.10242626251420006,-0.2359149437979795
B_S24_W_m0.150,train,B_S24:47500006:89,False,True,0.0056382124312222,0.014312522005639039,0.008674309574416839
B_S24_W_m0.150,train,B_S24:47500006:102,False,True,0.01724507287144661,0.045058389645419084,0.027813316773972474
B_S24_W_m0.150,train,B_S24:47500006:118,False,True,0.011113042943179607,0.02642179977556225,0.015308756832382642
B_S24_W_m0.150,train,B_S24:47500006:136,False,True,0.05633198097348213,0.048559524526353925,-0.0077724564471282065
B_S24_W_m0.150,train,B_S24:47500006:169,False,True,0.013291398994624615,0.02242182573536411,0.009130426740739495
B_S24_W_m0.150,train,B_S24:47500007:4,True,False,0.6409095525741577,0.3291609287261963,-0.3117486238479614
B_S24_W_m0.150,train,B_S24:47500007:6,True,False,0.35295069217681885,0.20045646419748664,-0.1524942279793322
B_S24_W_m0.150,train,B_S24:47500007:13,True,False,0.2719985246658325,0.05639863479882479,-0.21559988986700773
B_S24_W_m0.150,train,B_S24:47500007:36,False,True,0.01225121971219778,0.029258635608130135,0.017007415895932354
B_S24_W_m0.150,train,B_S24:47500007:97,False,True,0.0874708890914917,0.03469431678240653,-0.05277657230908517
B_S24_W_m0.150,train,B_S24:47500007:118,False,True,0.03977121785283089,0.029043074464425445,-0.010728143388405442
B_S24_W_m0.150,train,B_S24:47500007:134,False,True,0.037473078817129135,0.03554741994594224,-0.0019256588711868972
B_S24_W_m0.150,train,B_S24:47500007:168,False,True,0.011741053313016891,0.019839768821839243,0.008098715508822352
B_S24_W_m0.150,train,B_S24:47500008:4,True,False,0.5499120950698853,0.37953463569283485,-0.1703774593770504
B_S24_W_m0.150,train,B_S24:47500008:10,True,False,0.4253792464733124,0.19799973908811808,-0.2273795073851943
B_S24_W_m0.150,train,B_S24:47500008:20,True,False,0.4349285662174225,0.15516981959808618,-0.2797587466193363
B_S24_W_m0.150,train,B_S24:47500008:28,False,True,0.030246639624238014,0.03900048654759303,0.008753846923355013
B_S24_W_m0.150,train,B_S24:47500008:34,False,True,0.020496968179941177,0.025960305240005255,0.005463337060064077
B_S24_W_m0.150,train,B_S24:47500008:112,False,True,0.00598905561491847,0.025775438407436013,0.019786382792517543
B_S24_W_m0.150,train,B_S24:47500008:131,False,True,0.020065084099769592,0.02013911204994656,7.402795017696917e-05
B_S24_W_m0.150,train,B_S24:47500008:172,False,True,0.005433827172964811,0.014059280263609253,0.008625453090644442
B_S24_W_m0.150,train,B_S24:47500009:6,True,False,0.4150850474834442,0.22004743432626128,-0.19503761315718293
B_S24_W_m0.150,train,B_S24:47500009:11,True,False,0.2573908865451813,0.15678242343710735,-0.10060846310807392
B_S24_W_m0.150,train,B_S24:47500009:15,True,False,0.31427764892578125,0.10016583453398198,-0.21411181439179927
B_S24_W_m0.150,train,B_S24:47500009:20,True,False,0.1834540218114853,0.02931441659166012,-0.15413960521982517
B_S24_W_m0.150,train,B_S24:47500009:26,False,True,0.011064617894589901,0.023688658475293778,0.012624040580703877
B_S24_W_m0.150,train,B_S24:47500009:36,False,True,0.007284966297447681,0.011779072956414893,0.004494106658967212
B_S24_W_m0.150,train,B_S24:47500009:68,False,True,0.03424045816063881,0.012456000782549381,-0.021784457378089428
B_S24_W_m0.150,train,B_S24:47500009:142,False,True,0.03633236512541771,0.03378223953768611,-0.0025501255877316
B_S24_W_m0.150,train,B_S24:47500011:5,True,False,0.45900532603263855,0.2726960848085582,-0.18630924122408032
B_S24_W_m0.150,train,B_S24:47500011:15,True,False,0.3064223825931549,0.09478845912963152,-0.2116339234635234
B_S24_W_m0.150,train,B_S24:47500011:26,False,True,0.011239350773394108,0.014123578570433892,0.0028842277970397845
B_S24_W_m0.150,train,B_S24:47500011:29,False,True,0.028292912989854813,0.026895239774603397,-0.001397673215251416
B_S24_W_m0.150,train,B_S24:47500011:31,False,True,0.020829256623983383,0.01986112870508805,-0.000968127918895334
B_S24_W_m0.150,train,B_S24:47500011:36,False,True,0.034137990325689316,0.016441636529634707,-0.01769635379605461
B_S24_W_m0.150,train,B_S24:47500011:49,False,True,0.133138045668602,0.07646808621939272,-0.05666995944920927
B_S24_W_m0.150,train,B_S24:47500011:56,False,True,0.022915557026863098,0.022305581369437277,-0.0006099756574258208
B_S24_W_m0.150,train,B_S24:47500011:74,False,True,0.019874438643455505,0.013685804646229371,-0.006188633997226134
B_S24_W_m0.150,train,B_S24:47500011:167,False,True,0.01775703765451908,0.015850073177716695,-0.0019069644768023863
B_S24_W_m0.150,train,B_S24:47500013:14,True,False,0.343412309885025,0.1065048050659243,-0.23690750481910072
B_S24_W_m0.150,train,B_S24:47500013:15,True,False,0.29226118326187134,0.08128124653012492,-0.21097993673174642
B_S24_W_m0.150,train,B_S24:47500013:28,False,True,0.010317114181816578,0.03894179908093065,0.028624684899114072
B_S24_W_m0.150,train,B_S24:47500013:32,False,True,0.03044991008937359,0.03375743322249036,0.0033075231331167743
B_S24_W_m0.150,train,B_S24:47500013:58,False,True,0.09313951432704926,0.1532456730492413,0.06010615872219205
B_S24_W_m0.150,train,B_S24:47500013:83,False,True,0.018624356016516685,0.017647081876930315,-0.0009772741395863704
B_S24_W_m0.150,train,B_S24:47500013:119,False,True,0.1733654886484146,0.08187919529154897,-0.09148629335686564
B_S24_W_m0.150,train,B_S24:47500013:128,False,True,0.01259056106209755,0.012908813121612184,0.0003182520595146343
B_S24_W_m0.150,train,B_S24:47500013:162,False,True,0.008660435676574707,0.03207316806947347,0.02341273239289876
B_S24_W_m0.150,train,B_S24:47500013:165,False,True,0.022697122767567635,0.03982384130358696,0.017126718536019325
B_S24_W_m0.150,train,B_S24:47500014:9,True,False,0.3707354664802551,0.15157432027626783,-0.2191611462039873
B_S24_W_m0.150,train,B_S24:47500014:10,True,False,0.38887062668800354,0.1123880248342175,-0.27648260185378604
B_S24_W_m0.150,train,B_S24:47500014:20,True,False,0.2642725706100464,0.036954327195417136,-0.22731824341462925
B_S24_W_m0.150,train,B_S24:47500014:43,False,True,0.009709457866847515,0.02771241369191557,0.018002955825068057
B_S24_W_m0.150,train,B_S24:47500014:60,False,True,0.01613847352564335,0.01726164542196784,0.001123171896324493
B_S24_W_m0.150,train,B_S24:47500014:78,False,True,0.017675550654530525,0.023916375008411705,0.00624082435388118
B_S24_W_m0.150,train,B_S24:47500014:99,False,True,0.009508566930890083,0.015114997193450108,0.005606430262560025
B_S24_W_m0.150,train,B_S24:47500014:134,False,True,0.029742378741502762,0.025741819088580087,-0.004000559652922675
B_S24_W_m0.150,train,B_S24:47500014:161,False,True,0.03420932590961456,0.019463057134998962,-0.0147462687746156
B_S24_W_m0.150,train,B_S24:47500014:170,False,True,0.008324878290295601,0.012863135387306102,0.004538257097010501
B_S24_W_m0.150,train,B_S24:47500016:4,True,False,0.57506263256073,0.32361290883272886,-0.2514497237280011
B_S24_W_m0.150,train,B_S24:47500016:5,True,False,0.41602790355682373,0.25117681454867125,-0.16485108900815248
B_S24_W_m0.150,train,B_S24:47500016:30,False,True,0.0032588897738605738,0.009995011903811246,0.006736122129950672
B_S24_W_m0.150,train,B_S24:47500016:42,False,True,0.026210134848952293,0.01620603838819079,-0.010004096460761502
B_S24_W_m0.150,train,B_S24:47500016:43,False,True,0.021598709747195244,0.01760049760923721,-0.003998212137958035
B_S24_W_m0.150,train,B_S24:47500016:108,False,True,0.04691850766539574,0.024097221350530162,-0.022821286314865574
B_S24_W_m0.150,train,B_S24:47500016:129,False,True,0.023327292874455452,0.022105640004156157,-0.0012216528702992946
B_S24_W_m0.150,train,B_S24:47500016:165,False,True,0.013507213443517685,0.017656608659308404,0.004149395215790719
B_S24_W_m0.150,train,B_S24:47500016:169,False,True,0.021017424762248993,0.014215369839803316,-0.006802054922445677
B_S24_W_m0.150,development,B_S24:47600000:3,True,False,0.5947700142860413,0.4731457931920886,-0.12162422109395266
B_S24_W_m0.150,development,B_S24:47600000:14,True,False,0.02592393569648266,0.018814315265444748,-0.007109620431037911
B_S24_W_m0.150,development,B_S24:47600000:17,True,False,0.020555542781949043,0.02996994830755284,0.009414405525603797
B_S24_W_m0.150,development,B_S24:47600000:21,True,False,0.01961294747889042,0.015741459519631462,-0.003871487959258957
B_S24_W_m0.150,development,B_S24:47600000:29,False,True,0.13655754923820496,0.08650573675186024,-0.050051812486344716
B_S24_W_m0.150,development,B_S24:47600000:32,False,True,0.06827937811613083,0.13102292340772692,0.06274354529159609
B_S24_W_m0.150,development,B_S24:47600000:76,False,True,0.026223428547382355,0.007310261747079494,-0.01891316680030286
B_S24_W_m0.150,development,B_S24:47600000:83,False,True,0.009410073049366474,0.011054816146497615,0.0016447430971311405
B_S24_W_m0.150,development,B_S24:47600000:157,False,True,0.007130774203687906,0.011447884630797489,0.004317110427109583
B_S24_W_m0.150,development,B_S24:47600002:2,True,False,0.7221916913986206,0.6152621767250821,-0.1069295146735385
B_S24_W_m0.150,development,B_S24:47600002:16,True,False,0.024928811937570572,0.030824325538560515,0.005895513600989943
B_S24_W_m0.150,development,B_S24:47600002:30,False,True,0.005826203618198633,0.015228816579110571,0.009402612960911938
B_S24_W_m0.150,development,B_S24:47600002:36,False,True,0.01922181434929371,0.014342940280585026,-0.004878874068708683
B_S24_W_m0.150,development,B_S24:47600002:68,False,True,0.009240828454494476,0.015359530529167387,0.00611870207467291
B_S24_W_m0.150,development,B_S24:47600002:76,False,True,0.015819452702999115,0.009655613512222772,-0.0061638391907763435
B_S24_W_m0.150,development,B_S24:47600002:79,False,True,0.08598402142524719,0.0602754830615595,-0.025708538363687694
B_S24_W_m0.150,development,B_S24:47600002:89,False,True,0.012046456336975098,0.020945905651387875,0.008899449314412777
B_S24_W_m0.150,development,B_S24:47600002:107,False,True,0.08611050993204117,0.09222063980996609,0.006110129877924919
B_S24_W_m0.150,development,B_S24:47600003:1,True,False,0.8783159852027893,0.7212502544280142,-0.15706573077477515
B_S24_W_m0.150,development,B_S24:47600003:3,True,False,0.6184472441673279,0.4583276668563485,-0.16011957731097937
B_S24_W_m0.150,development,B_S24:47600003:4,True,False,0.29642412066459656,0.3212335957796313,0.02480947511503473
B_S24_W_m0.150,development,B_S24:47600003:11,True,False,0.031824562698602676,0.023224033227961627,-0.00860052947064105
B_S24_W_m0.150,development,B_S24:47600003:12,True,False,0.015266260132193565,0.027798317685665097,0.012532057553471532
B_S24_W_m0.150,development,B_S24:47600003:22,True,False,0.006491239182651043,0.0145821345558943,0.008090895373243256
B_S24_W_m0.150,development,B_S24:47600003:70,False,True,0.02348303608596325,0.020707304702227702,-0.002775731383735547
B_S24_W_m0.150,development,B_S24:47600003:90,False,True,0.057433269917964935,0.09235671085843933,0.03492344094047439
B_S24_W_m0.150,development,B_S24:47600003:112,False,True,0.02448355406522751,0.02715474881551927,0.002671194750291761
B_S24_W_m0.150,development,B_S24:47600003:125,False,True,0.05047011375427246,0.035818181955619366,-0.014651931798653095
B_S24_W_m0.150,development,B_S24:47600004:3,True,False,0.6191559433937073,0.4505349703831598,-0.16862097301054746
B_S24_W_m0.150,development,B_S24:47600004:8,True,False,0.2374761700630188,0.22252108075190336,-0.014955089311115444
B_S24_W_m0.150,development,B_S24:47600004:53,False,True,0.02332651987671852,0.01623194225521729,-0.00709457762150123
B_S24_W_m0.150,development,B_S24:47600004:65,False,True,0.019480524584650993,0.017717328237267793,-0.0017631963473832002
B_S24_W_m0.150,development,B_S24:47600004:92,False,True,0.007995029911398888,0.020296732469432754,0.012301702558033867
B_S24_W_m0.150,development,B_S24:47600004:109,False,True,0.033410508185625076,0.024633300577988848,-0.008777207607636228
B_S24_W_m0.150,development,B_S24:47600004:122,False,True,0.015364721417427063,0.03018922507726529,0.014824503659838228
B_S24_W_m0.150,development,B_S24:47600005:2,True,False,0.7904266119003296,0.6387692918069661,-0.15165732009336352
B_S24_W_m0.150,development,B_S24:47600005:5,True,False,0.3830786943435669,0.3224974074109923,-0.060581286932574585
B_S24_W_m0.150,development,B_S24:47600005:15,True,False,0.06815481930971146,0.059195440558141854,-0.008959378751569602
B_S24_W_m0.150,development,B_S24:47600005:24,False,True,0.009780439548194408,0.011629012716184661,0.0018485731679902528
B_S24_W_m0.150,development,B_S24:47600005:33,False,True,0.04100733622908592,0.06074269213422667,0.01973535590514075
B_S24_W_m0.150,development,B_S24:47600005:48,False,True,0.056655075401067734,0.03517379948061716,-0.02148127592045057
B_S24_W_m0.150,development,B_S24:47600005:86,False,True,0.01771046593785286,0.013010284121264704,-0.004700181816588156
B_S24_W_m0.150,development,B_S24:47600005:88,False,True,0.015766436234116554,0.02040390606453002,0.004637469830413465
B_S24_W_m0.150,development,B_S24:47600005:105,False,True,0.025573529303073883,0.04184723897924414,0.016273709676170256
B_S24_W_m0.150,development,B_S24:47600005:119,False,True,0.007639180403202772,0.010785615118948044,0.003146434715745272
B_S24_W_m0.150,development,B_S24:47600006:2,True,False,0.7208139896392822,0.5700040294323117,-0.15080996020697057
B_S24_W_m0.150,development,B_S24:47600006:11,True,False,0.24085378646850586,0.14585254592020647,-0.09500124054829939
B_S24_W_m0.150,development,B_S24:47600006:13,True,False,0.12008597701787949,0.05972768046922283,-0.060358296548656654
B_S24_W_m0.150,development,B_S24:47600006:16,True,False,0.05420486629009247,0.013331912072317209,-0.04087295421777526
B_S24_W_m0.150,development,B_S24:47600006:25,False,True,0.010877391323447227,0.019327424461152987,0.00845003313770576
B_S24_W_m0.150,development,B_S24:47600006:38,False,True,0.13407453894615173,0.035647394270199584,-0.09842714467595215
B_S24_W_m0.150,development,B_S24:47600006:72,False,True,0.012267906218767166,0.12195664321916411,0.10968873700039694
B_S24_W_m0.150,development,B_S24:47600006:101,False,True,0.0855170413851738,0.055883493201690726,-0.02963354818348307
B_S24_W_m0.150,development,B_S24:47600006:132,False,True,0.016316814348101616,0.02181770513925585,0.005500890791154234
B_S24_W_m0.150,development,B_S24:47600006:177,False,True,0.007590398192405701,0.01273502807089244,0.0051446298784867395
B_S24_W_m0.150,development,B_S24:47600007:4,True,False,0.37060293555259705,0.32808336202288046,-0.04251957352971658
B_S24_W_m0.150,development,B_S24:47600007:7,True,False,0.21182480454444885,0.17980461750994436,-0.03202018703450449
B_S24_W_m0.150,development,B_S24:47600007:10,True,False,0.2178734987974167,0.06525318337298813,-0.15262031542442855
B_S24_W_m0.150,development,B_S24:47600007:17,True,False,0.01083234790712595,0.01146658834113623,0.0006342404340102803
B_S24_W_m0.150,development,B_S24:47600007:27,False,True,0.01566281169652939,0.02581078751700261,0.01014797582047322
B_S24_W_m0.150,development,B_S24:47600007:28,False,True,0.012985479086637497,0.025243848645914113,0.012258369559276616
B_S24_W_m0.150,development,B_S24:47600007:61,False,True,0.005522326100617647,0.011790952509727504,0.0062686264091098565
B_S24_W_m0.150,development,B_S24:47600007:66,False,True,0.006711249239742756,0.006668061030723038,-4.318820901971776e-05
B_S24_W_m0.150,development,B_S24:47600007:87,False,True,0.007856130599975586,0.01074145640450297,0.0028853258045273833
B_S24_W_m0.150,development,B_S24:47600007:117,False,True,0.0038666720502078533,0.010504202404263197,0.006637530354055343
B_S24_W_m0.150,development,B_S24:47600008:6,True,False,0.2607114613056183,0.2936499930219725,0.03293853171635419
B_S24_W_m0.150,development,B_S24:47600008:8,True,False,0.2554539740085602,0.22436657828075113,-0.031087395727809053
B_S24_W_m0.150,development,B_S24:47600008:21,True,False,0.029468344524502754,0.05473776261169405,0.025269418087191298
B_S24_W_m0.150,development,B_S24:47600008:23,False,True,0.12054958939552307,0.053310486964619486,-0.06723910243090359
B_S24_W_m0.150,development,B_S24:47600008:49,False,True,0.09849370270967484,0.10034716652444331,0.0018534638147684745
B_S24_W_m0.150,development,B_S24:47600008:54,False,True,0.03654018044471741,0.04529658542560355,0.008756404980886145
B_S24_W_m0.150,development,B_S24:47600008:61,False,True,0.03973441198468208,0.01744169961057196,-0.022292712374110124
B_S24_W_m0.150,development,B_S24:47600008:87,False,True,0.010324912145733833,0.012710356497336761,0.0023854443516029278
B_S24_W_m0.150,development,B_S24:47600008:101,False,True,0.013368123210966587,0.012613669017810025,-0.0007544541931565618
B_S24_U_baseline,train,B_S24:47500000:1,True,False,0.3625996708869934,0.23708929121494293,-0.12551037967205048
B_S24_U_baseline,train,B_S24:47500000:8,True,False,0.20946204662322998,0.1884969426319003,-0.02096510399132967
B_S24_U_baseline,train,B_S24:47500000:26,True,True,0.1759558767080307,0.16126155946403742,-0.014694317243993282
B_S24_U_baseline,train,B_S24:47500000:39,True,True,0.1894470453262329,0.18023410765454173,-0.00921293767169118
B_S24_U_baseline,train,B_S24:47500000:84,True,True,0.21960562467575073,0.19104931224137545,-0.028556312434375286
B_S24_U_baseline,train,B_S24:47500000:141,True,True,0.18286195397377014,0.17724637920036912,-0.005615574773401022
B_S24_U_baseline,train,B_S24:47500000:144,True,True,0.18638107180595398,0.17109387111850083,-0.01528720068745315
B_S24_U_baseline,train,B_S24:47500000:155,True,True,0.18929077684879303,0.17608833452686667,-0.013202442321926355
B_S24_U_baseline,train,B_S24:47500000:169,True,True,0.21370764076709747,0.18270948948338628,-0.030998151283711195
B_S24_U_baseline,train,B_S24:47500000:179,True,True,0.20633095502853394,0.18368987133726478,-0.02264108369126916
B_S24_U_baseline,train,B_S24:47500002:2,True,False,0.260925829410553,0.1863404861651361,-0.07458534324541688
B_S24_U_baseline,train,B_S24:47500002:3,True,False,0.24903741478919983,0.20253520039841533,-0.0465022143907845
B_S24_U_baseline,train,B_S24:47500002:15,True,False,0.20298713445663452,0.19190137507393956,-0.01108575938269496
B_S24_U_baseline,train,B_S24:47500002:25,True,False,0.1793084740638733,0.16573467664420605,-0.013573797419667244
B_S24_U_baseline,train,B_S24:47500002:33,True,True,0.18251952528953552,0.1677713911049068,-0.014748134184628725
B_S24_U_baseline,train,B_S24:47500002:55,True,True,0.18288007378578186,0.1658956198953092,-0.01698445389047265
B_S24_U_baseline,train,B_S24:47500002:101,True,True,0.17990513145923615,0.16746815736405551,-0.01243697409518063
B_S24_U_baseline,train,B_S24:47500002:114,True,True,0.20138336718082428,0.16704173618927598,-0.0343416309915483
B_S24_U_baseline,train,B_S24:47500002:152,True,True,0.19639618694782257,0.17097321583423764,-0.025422971113584936
B_S24_U_baseline,train,B_S24:47500002:178,True,True,0.17593169212341309,0.1620665150694549,-0.013865177053958178
B_S24_U_baseline,train,B_S24:47500003:4,True,False,0.25051796436309814,0.16869928408414125,-0.08181868027895689
B_S24_U_baseline,train,B_S24:47500003:16,True,False,0.18461677432060242,0.17258244333788753,-0.012034330982714891
B_S24_U_baseline,train,B_S24:47500003:24,True,False,0.19615739583969116,0.1770648704841733,-0.019092525355517864
B_S24_U_baseline,train,B_S24:47500003:41,True,True,0.1756933480501175,0.16997651848942041,-0.005716829560697079
B_S24_U_baseline,train,B_S24:47500003:46,True,True,0.2118123173713684,0.17244766419753432,-0.039364653173834085
B_S24_U_baseline,train,B_S24:47500003:80,True,True,0.18126364052295685,0.16821186523884535,-0.0130517752841115
B_S24_U_baseline,train,B_S24:47500003:91,True,True,0.21128076314926147,0.17757966136559844,-0.033701101783663034
B_S24_U_baseline,train,B_S24:47500003:109,True,True,0.22832518815994263,0.20618577161803842,-0.02213941654190421
B_S24_U_baseline,train,B_S24:47500003:149,True,True,0.1970393806695938,0.17785106739029288,-0.019188313279300928
B_S24_U_baseline,train,B_S24:47500003:180,True,True,0.1889117807149887,0.1786879519931972,-0.010223828721791506
B_S24_U_baseline,train,B_S24:47500005:2,True,False,0.270480751991272,0.18692626804113388,-0.08355448395013809
B_S24_U_baseline,train,B_S24:47500005:6,True,False,0.21672911942005157,0.1778731106314808,-0.03885600878857076
B_S24_U_baseline,train,B_S24:47500005:13,True,False,0.20743654668331146,0.19093186943791807,-0.016504677245393395
B_S24_U_baseline,train,B_S24:47500005:45,True,True,0.20579642057418823,0.1745597068220377,-0.031236713752150536
B_S24_U_baseline,train,B_S24:47500005:46,True,True,0.19709740579128265,0.18588904850184917,-0.01120835728943348
B_S24_U_baseline,train,B_S24:47500005:67,True,True,0.19873906672000885,0.17763102753087878,-0.021108039189130068
B_S24_U_baseline,train,B_S24:47500005:106,True,True,0.1815670132637024,0.171539994655177,-0.010027018608525395
B_S24_U_baseline,train,B_S24:47500005:120,True,True,0.1858280897140503,0.1785132559016347,-0.0073148338124156
B_S24_U_baseline,train,B_S24:47500005:170,True,True,0.16289839148521423,0.14903532387688756,-0.013863067608326674
B_S24_U_baseline,train,B_S24:47500006:4,True,False,0.2345508486032486,0.21407864335924387,-0.020472205244004726
B_S24_U_baseline,train,B_S24:47500006:5,True,False,0.23183606564998627,0.2037856513634324,-0.02805041428655386
B_S24_U_baseline,train,B_S24:47500006:8,True,False,0.2486891746520996,0.19752284104470164,-0.051166333607397974
B_S24_U_baseline,train,B_S24:47500006:10,True,False,0.21752198040485382,0.19538744166493416,-0.022134538739919662
B_S24_U_baseline,train,B_S24:47500006:89,True,True,0.19012700021266937,0.1796042788773775,-0.010522721335291862
B_S24_U_baseline,train,B_S24:47500006:102,True,True,0.18630987405776978,0.16254970827139914,-0.023760165786370635
B_S24_U_baseline,train,B_S24:47500006:118,True,True,0.18174000084400177,0.17444821842946112,-0.0072917824145406485
B_S24_U_baseline,train,B_S24:47500006:136,True,True,0.19355373084545135,0.18301363056525588,-0.010540100280195475
B_S24_U_baseline,train,B_S24:47500006:169,True,True,0.18330463767051697,0.17676503537222743,-0.006539602298289537
B_S24_U_baseline,train,B_S24:47500007:4,True,False,0.2478940635919571,0.2101294444873929,-0.03776461910456419
B_S24_U_baseline,train,B_S24:47500007:6,True,False,0.21624000370502472,0.20287720626220107,-0.013362797442823648
B_S24_U_baseline,train,B_S24:47500007:13,True,False,0.21378067135810852,0.20324709825217724,-0.010533573105931282
B_S24_U_baseline,train,B_S24:47500007:36,True,True,0.19290365278720856,0.17785559524782002,-0.015048057539388537
B_S24_U_baseline,train,B_S24:47500007:97,True,True,0.1989579051733017,0.1676390254870057,-0.031318879686295986
B_S24_U_baseline,train,B_S24:47500007:118,True,True,0.18216775357723236,0.17256289394572377,-0.009604859631508589
B_S24_U_baseline,train,B_S24:47500007:134,True,True,0.18120548129081726,0.16909470967948437,-0.012110771611332893
B_S24_U_baseline,train,B_S24:47500007:168,True,True,0.19399958848953247,0.19324814388528466,-0.0007514446042478085
B_S24_U_baseline,train,B_S24:47500008:4,True,False,0.2290951907634735,0.19735944690182805,-0.03173574386164546
B_S24_U_baseline,train,B_S24:47500008:10,True,False,0.2134464979171753,0.1965225520543754,-0.016923945862799883
B_S24_U_baseline,train,B_S24:47500008:20,True,False,0.1771581619977951,0.16507831681519747,-0.012079845182597637
B_S24_U_baseline,train,B_S24:47500008:28,True,True,0.1953810453414917,0.17832153080962598,-0.017059514531865716
B_S24_U_baseline,train,B_S24:47500008:34,True,True,0.21808715164661407,0.1995967524126172,-0.018490399233996868
B_S24_U_baseline,train,B_S24:47500008:112,True,True,0.21430067718029022,0.16045690886676311,-0.05384376831352711
B_S24_U_baseline,train,B_S24:47500008:131,True,True,0.17792953550815582,0.1671867382247001,-0.01074279728345573
B_S24_U_baseline,train,B_S24:47500008:172,True,True,0.20683106780052185,0.16676347656175494,-0.04006759123876691
B_S24_U_baseline,train,B_S24:47500009:6,True,False,0.22614876925945282,0.19121900387108326,-0.03492976538836956
B_S24_U_baseline,train,B_S24:47500009:11,True,False,0.22014594078063965,0.19477385515347123,-0.025372085627168417
B_S24_U_baseline,train,B_S24:47500009:15,True,False,0.21146462857723236,0.19060731679201126,-0.0208573117852211
B_S24_U_baseline,train,B_S24:47500009:20,True,False,0.1886264979839325,0.1756449812091887,-0.012981516774743795
B_S24_U_baseline,train,B_S24:47500009:26,True,True,0.17430652678012848,0.16586624504998326,-0.008440281730145216
B_S24_U_baseline,train,B_S24:47500009:36,True,True,0.18357530236244202,0.17843913519755006,-0.005136167164891958
B_S24_U_baseline,train,B_S24:47500009:68,True,True,0.17761625349521637,0.16474021109752357,-0.0128760423976928
B_S24_U_baseline,train,B_S24:47500009:142,True,True,0.19206111133098602,0.17736883414909244,-0.014692277181893587
B_S24_U_baseline,train,B_S24:47500011:5,True,False,0.23080666363239288,0.17784434894565493,-0.052962314686737955
B_S24_U_baseline,train,B_S24:47500011:15,True,False,0.19707365334033966,0.18065991532057524,-0.016413738019764423
B_S24_U_baseline,train,B_S24:47500011:26,True,True,0.18965929746627808,0.17199411429464817,-0.017665183171629906
B_S24_U_baseline,train,B_S24:47500011:29,True,True,0.19168373942375183,0.16025916789658368,-0.031424571527168155
B_S24_U_baseline,train,B_S24:47500011:31,True,True,0.20232005417346954,0.16578916599974036,-0.03653088817372918
B_S24_U_baseline,train,B_S24:47500011:36,True,True,0.2162410020828247,0.1861122129485011,-0.030128789134323597
B_S24_U_baseline,train,B_S24:47500011:49,True,True,0.1891247034072876,0.17077143862843513,-0.018353264778852463
B_S24_U_baseline,train,B_S24:47500011:56,True,True,0.17536389827728271,0.17141423909924924,-0.003949659178033471
B_S24_U_baseline,train,B_S24:47500011:74,True,True,0.19117066264152527,0.17495608376339078,-0.01621457887813449
B_S24_U_baseline,train,B_S24:47500011:167,True,True,0.22267217934131622,0.19395502237603068,-0.02871715696528554
B_S24_U_baseline,train,B_S24:47500013:14,True,False,0.2297103852033615,0.20160425640642643,-0.02810612879693508
B_S24_U_baseline,train,B_S24:47500013:15,True,False,0.4302758574485779,0.1856622714549303,-0.24461358599364758
B_S24_U_baseline,train,B_S24:47500013:28,True,True,0.19112350046634674,0.18308551562950015,-0.00803798483684659
B_S24_U_baseline,train,B_S24:47500013:32,True,True,0.19696471095085144,0.1744874168653041,-0.022477294085547328
B_S24_U_baseline,train,B_S24:47500013:58,True,True,0.19065994024276733,0.17656560009345412,-0.014094340149313211
B_S24_U_baseline,train,B_S24:47500013:83,True,True,0.19215533137321472,0.17340866569429636,-0.01874666567891836
B_S24_U_baseline,train,B_S24:47500013:119,True,True,0.19306759536266327,0.17519353469833732,-0.017874060664325953
B_S24_U_baseline,train,B_S24:47500013:128,True,True,0.16800381243228912,0.15438097901642323,-0.013622833415865898
B_S24_U_baseline,train,B_S24:47500013:162,True,True,0.19868750870227814,0.1796126887202263,-0.01907481998205185
B_S24_U_baseline,train,B_S24:47500013:165,True,True,0.24333086609840393,0.15698177181184292,-0.08634909428656101
B_S24_U_baseline,train,B_S24:47500014:9,True,False,0.23509633541107178,0.21448566485196352,-0.020610670559108257
B_S24_U_baseline,train,B_S24:47500014:10,True,False,0.2339790314435959,0.2090646179858595,-0.024914413457736373
B_S24_U_baseline,train,B_S24:47500014:20,True,False,0.19775503873825073,0.18100443668663502,-0.016750602051615715
B_S24_U_baseline,train,B_S24:47500014:43,True,True,0.18016110360622406,0.17106022383086383,-0.009100879775360227
B_S24_U_baseline,train,B_S24:47500014:60,True,True,0.1912689357995987,0.16773159173317254,-0.023537344066426158
B_S24_U_baseline,train,B_S24:47500014:78,True,True,0.1875154823064804,0.16725808777846396,-0.020257394528016448
B_S24_U_baseline,train,B_S24:47500014:99,True,True,0.1813449114561081,0.1708706389181316,-0.010474272537976503
B_S24_U_baseline,train,B_S24:47500014:134,True,True,0.17959906160831451,0.1796570613514632,5.79997431486845e-05
B_S24_U_baseline,train,B_S24:47500014:161,True,True,0.20805884897708893,0.1914694639854133,-0.016589384991675615
B_S24_U_baseline,train,B_S24:47500014:170,True,True,0.1863633692264557,0.18262589816004038,-0.00373747106641531
B_S24_U_baseline,train,B_S24:47500016:4,True,False,0.22946251928806305,0.20781921315938234,-0.021643306128680706
B_S24_U_baseline,train,B_S24:47500016:5,True,False,0.2052956372499466,0.19699023035354912,-0.008305406896397471
B_S24_U_baseline,train,B_S24:47500016:30,True,True,0.20361366868019104,0.1929975003004074,-0.01061616837978363
B_S24_U_baseline,train,B_S24:47500016:42,True,True,0.20953935384750366,0.19367041159421206,-0.015868942253291607
B_S24_U_baseline,train,B_S24:47500016:43,True,True,0.20961831510066986,0.18043386028148234,-0.029184454819187522
B_S24_U_baseline,train,B_S24:47500016:108,True,True,0.18560531735420227,0.18072851095348597,-0.004876806400716305
B_S24_U_baseline,train,B_S24:47500016:129,True,True,0.1751936972141266,0.16466047917492688,-0.01053321803919971
B_S24_U_baseline,train,B_S24:47500016:165,True,True,0.1706089824438095,0.16616378352046013,-0.0044451989233493805
B_S24_U_baseline,train,B_S24:47500016:169,True,True,0.1827160120010376,0.1710176405031234,-0.011698371497914195
B_S24_U_baseline,development,B_S24:47600000:3,True,False,0.27212414145469666,0.22566457383800298,-0.046459567616693676
B_S24_U_baseline,development,B_S24:47600000:14,True,False,0.21089765429496765,0.20532744564116,-0.00557020865380764
B_S24_U_baseline,development,B_S24:47600000:17,True,False,0.2041676789522171,0.20384073953027837,-0.00032693942193873227
B_S24_U_baseline,development,B_S24:47600000:21,True,False,0.19767606258392334,0.19656549443607219,-0.0011105681478511542
B_S24_U_baseline,development,B_S24:47600000:29,True,True,0.20477622747421265,0.20118830117280595,-0.0035879263014066964
B_S24_U_baseline,development,B_S24:47600000:32,True,True,0.19886057078838348,0.1917289888660889,-0.007131581922294572
B_S24_U_baseline,development,B_S24:47600000:76,True,True,0.16784752905368805,0.15552992577431723,-0.012317603279370815
B_S24_U_baseline,development,B_S24:47600000:83,True,True,0.16306321322917938,0.1833472660946427,0.02028405286546331
B_S24_U_baseline,development,B_S24:47600000:157,True,True,0.1911509484052658,0.19140930159483105,0.00025835318956524134
B_S24_U_baseline,development,B_S24:47600002:2,True,False,0.11668752133846283,0.22161588360904716,0.10492836227058433
B_S24_U_baseline,development,B_S24:47600002:16,True,False,0.1667177379131317,0.16127217485336587,-0.0054455630597658455
B_S24_U_baseline,development,B_S24:47600002:30,True,True,0.1967112272977829,0.18528381388750859,-0.011427413410274312
B_S24_U_baseline,development,B_S24:47600002:36,True,True,0.17769700288772583,0.1716142805380514,-0.006082722349674441
B_S24_U_baseline,development,B_S24:47600002:68,True,True,0.14209289848804474,0.14987126569030806,0.0077783672022633255
B_S24_U_baseline,development,B_S24:47600002:76,True,True,0.15504151582717896,0.1801948883512523,0.025153372524073347
B_S24_U_baseline,development,B_S24:47600002:79,True,True,0.1800108700990677,0.21831326221581548,0.0383023921167478
B_S24_U_baseline,development,B_S24:47600002:89,True,True,0.15028221905231476,0.14146411154069938,-0.00881810751161538
B_S24_U_baseline,development,B_S24:47600002:107,True,True,0.1369468867778778,0.13471977319568396,-0.0022271135821938515
B_S24_U_baseline,development,B_S24:47600003:1,True,False,0.23201335966587067,0.24189047329127789,0.009877113625407219
B_S24_U_baseline,development,B_S24:47600003:3,True,False,0.19052083790302277,0.16982402084977366,-0.020696817053249106
B_S24_U_baseline,development,B_S24:47600003:4,True,False,0.17620307207107544,0.14679648680612445,-0.02940658526495099
B_S24_U_baseline,development,B_S24:47600003:11,True,False,0.18785730004310608,0.20804811600828543,0.020190815965179354
B_S24_U_baseline,development,B_S24:47600003:12,True,False,0.2170860469341278,0.2036396964394953,-0.013446350494632497
B_S24_U_baseline,development,B_S24:47600003:22,True,False,0.1951500028371811,0.19580334657803178,0.000653343740850687
B_S24_U_baseline,development,B_S24:47600003:70,True,True,0.1607576161623001,0.16778336660354398,0.007025750441243872
B_S24_U_baseline,development,B_S24:47600003:90,True,True,0.1619367003440857,0.18530701959389262,0.023370319249806926
B_S24_U_baseline,development,B_S24:47600003:112,True,True,0.17780274152755737,0.17330856143962592,-0.004494180087931454
B_S24_U_baseline,development,B_S24:47600003:125,True,True,0.18370307981967926,0.17370130156632513,-0.010001778253354132
B_S24_U_baseline,development,B_S24:47600004:3,True,False,0.19239789247512817,0.1605050329817459,-0.031892859493382275
B_S24_U_baseline,development,B_S24:47600004:8,True,False,0.16569194197654724,0.153372454456985,-0.012319487519562244
B_S24_U_baseline,development,B_S24:47600004:53,True,True,0.15290512144565582,0.14985837134008761,-0.003046750105568208
B_S24_U_baseline,development,B_S24:47600004:65,True,True,0.14429917931556702,0.1447871294512879,0.00048795013572089374
B_S24_U_baseline,development,B_S24:47600004:92,True,True,0.1548406183719635,0.1466881278611254,-0.008152490510838106
B_S24_U_baseline,development,B_S24:47600004:109,True,True,0.15097276866436005,0.14013857484678738,-0.010834193817572668
B_S24_U_baseline,development,B_S24:47600004:122,True,True,0.1381889432668686,0.1434459124575369,0.005256969190668315
B_S24_U_baseline,development,B_S24:47600005:2,True,False,0.2148379236459732,0.230957091844175,0.016119168198201805
B_S24_U_baseline,development,B_S24:47600005:5,True,False,0.1881600171327591,0.20228405026136898,0.01412403312860988
B_S24_U_baseline,development,B_S24:47600005:15,True,False,0.20387135446071625,0.21470769538427703,0.010836340923560783
B_S24_U_baseline,development,B_S24:47600005:24,True,True,0.1735682636499405,0.15991402877261862,-0.01365423487732187
B_S24_U_baseline,development,B_S24:47600005:33,True,True,0.18743197619915009,0.15883310796925798,-0.028598868229892105
B_S24_U_baseline,development,B_S24:47600005:48,True,True,0.16426104307174683,0.15947285888250917,-0.004788184189237654
B_S24_U_baseline,development,B_S24:47600005:86,True,True,0.16658805310726166,0.1702242516039405,0.003636198496678844
B_S24_U_baseline,development,B_S24:47600005:88,True,True,0.1638525426387787,0.16764479945413768,0.0037922568153589964
B_S24_U_baseline,development,B_S24:47600005:105,True,True,0.21284528076648712,0.2088700990716461,-0.003975181694841012
B_S24_U_baseline,development,B_S24:47600005:119,True,True,0.1527622491121292,0.15837215958163142,0.005609910469502211
B_S24_U_baseline,development,B_S24:47600006:2,True,False,0.2400137186050415,0.21488035048241727,-0.025133368122624233
B_S24_U_baseline,development,B_S24:47600006:11,True,False,0.24505339562892914,0.1766369629476685,-0.06841643268126063
B_S24_U_baseline,development,B_S24:47600006:13,True,False,0.24460844695568085,0.2330583210568875,-0.01155012589879334
B_S24_U_baseline,development,B_S24:47600006:16,True,False,0.2538870573043823,0.22793456193176098,-0.025952495372621343
B_S24_U_baseline,development,B_S24:47600006:25,True,True,0.18839503824710846,0.1724716870521661,-0.01592335119494237
B_S24_U_baseline,development,B_S24:47600006:38,True,True,0.16733412444591522,0.15311735309660435,-0.014216771349310875
B_S24_U_baseline,development,B_S24:47600006:72,True,True,0.1762932538986206,0.18096607457846403,0.004672820679843426
B_S24_U_baseline,development,B_S24:47600006:101,True,True,0.2321864664554596,0.20558754564262927,-0.02659892081283033
B_S24_U_baseline,development,B_S24:47600006:132,True,True,0.18780165910720825,0.1708361864584731,-0.016965472648735158
B_S24_U_baseline,development,B_S24:47600006:177,True,True,0.19110605120658875,0.18930876877857372,-0.0017972824280150235
B_S24_U_baseline,development,B_S24:47600007:4,True,False,0.1550976186990738,0.14285443592234515,-0.012243182776728645
B_S24_U_baseline,development,B_S24:47600007:7,True,False,0.13269613683223724,0.15018088735814672,0.017484750525909476
B_S24_U_baseline,development,B_S24:47600007:10,True,False,0.1683773696422577,0.15641284140292555,-0.01196452823933214
B_S24_U_baseline,development,B_S24:47600007:17,True,False,0.16038335859775543,0.1364594818733167,-0.023923876724438742
B_S24_U_baseline,development,B_S24:47600007:27,True,True,0.13390767574310303,0.14218695761519484,0.008279281872091815
B_S24_U_baseline,development,B_S24:47600007:28,True,True,0.14329794049263,0.14330040047934745,2.459986717440188e-06
B_S24_U_baseline,development,B_S24:47600007:61,True,True,0.18164293467998505,0.17599811716354452,-0.005644817516440526
B_S24_U_baseline,development,B_S24:47600007:66,True,True,0.17977184057235718,0.1733338264602935,-0.006438014112063684
B_S24_U_baseline,development,B_S24:47600007:87,True,True,0.16582250595092773,0.16058669239282608,-0.005235813558101654
B_S24_U_baseline,development,B_S24:47600007:117,True,True,0.15216417610645294,0.15529562562005594,0.003131449513603002
B_S24_U_baseline,development,B_S24:47600008:6,True,False,0.16395510733127594,0.15081415316672064,-0.013140954164555296
B_S24_U_baseline,development,B_S24:47600008:8,True,False,0.13033854961395264,0.13985776214394718,0.009519212529994547
B_S24_U_baseline,development,B_S24:47600008:21,True,False,0.12787283957004547,0.13027048697404098,0.0023976474039955065
B_S24_U_baseline,development,B_S24:47600008:23,True,True,0.13330323994159698,0.1229586114641279,-0.010344628477469087
B_S24_U_baseline,development,B_S24:47600008:49,True,True,0.09694746136665344,0.10111133419559337,0.00416387282893993
B_S24_U_baseline,development,B_S24:47600008:54,True,True,0.11053600162267685,0.11710465644137003,0.006568654818693176
B_S24_U_baseline,development,B_S24:47600008:61,True,True,0.1300126016139984,0.12943973141955212,-0.0005728701944462955
B_S24_U_baseline,development,B_S24:47600008:87,True,True,0.12490169703960419,0.12539892276981845,0.000497225730214268
B_S24_U_baseline,development,B_S24:47600008:101,True,True,0.10179846733808517,0.11697556280705612,0.015177095468970947
B_S24_U_m0.000,train,B_S24:47500000:1,True,False,0.24280087649822235,0.2340871726628393,-0.008713703835383058
B_S24_U_m0.000,train,B_S24:47500000:8,True,False,0.21153196692466736,0.1831233745906502,-0.028408592334017158
B_S24_U_m0.000,train,B_S24:47500000:26,True,True,0.19630984961986542,0.18158677499741316,-0.014723074622452259
B_S24_U_m0.000,train,B_S24:47500000:39,True,True,0.19452497363090515,0.1779048852622509,-0.01662008836865425
B_S24_U_m0.000,train,B_S24:47500000:84,True,True,0.19349192082881927,0.1849975073710084,-0.008494413457810879
B_S24_U_m0.000,train,B_S24:47500000:141,True,True,0.1739247739315033,0.16482754610478878,-0.009097227826714516
B_S24_U_m0.000,train,B_S24:47500000:144,True,True,0.17479364573955536,0.16552521847188473,-0.009268427267670631
B_S24_U_m0.000,train,B_S24:47500000:155,True,True,0.18522858619689941,0.17841415270231664,-0.006814433494582772
B_S24_U_m0.000,train,B_S24:47500000:169,True,True,0.20429345965385437,0.18090478796511889,-0.023388671688735485
B_S24_U_m0.000,train,B_S24:47500000:179,True,True,0.18852528929710388,0.18015732383355498,-0.008367965463548899
B_S24_U_m0.000,train,B_S24:47500002:2,True,False,0.255245178937912,0.18841703911311924,-0.06682813982479274
B_S24_U_m0.000,train,B_S24:47500002:3,True,False,0.22484081983566284,0.1984583525918424,-0.02638246724382043
B_S24_U_m0.000,train,B_S24:47500002:15,True,False,0.20384031534194946,0.19237341079860926,-0.011466904543340206
B_S24_U_m0.000,train,B_S24:47500002:25,True,False,0.18082600831985474,0.16166532854549587,-0.01916067977435887
B_S24_U_m0.000,train,B_S24:47500002:33,True,True,0.1792873740196228,0.17233918560668826,-0.006948188412934542
B_S24_U_m0.000,train,B_S24:47500002:55,True,True,0.18378949165344238,0.1710093072615564,-0.012780184391885996
B_S24_U_m0.000,train,B_S24:47500002:101,True,True,0.35548192262649536,0.16963564150501043,-0.18584628112148494
B_S24_U_m0.000,train,B_S24:47500002:114,True,True,0.18879297375679016,0.16463567642495036,-0.0241572973318398
B_S24_U_m0.000,train,B_S24:47500002:152,True,True,0.19594812393188477,0.18551265296991915,-0.01043547096196562
B_S24_U_m0.000,train,B_S24:47500002:178,True,True,0.17702963948249817,0.166640208568424,-0.010389430914074183
B_S24_U_m0.000,train,B_S24:47500003:4,True,False,0.2508363425731659,0.19696688186377287,-0.053869460709393024
B_S24_U_m0.000,train,B_S24:47500003:16,True,False,0.1903701275587082,0.17176871793344617,-0.018601409625262022
B_S24_U_m0.000,train,B_S24:47500003:24,True,False,0.18333888053894043,0.1768415323458612,-0.006497348193079233
B_S24_U_m0.000,train,B_S24:47500003:41,True,True,0.19643227756023407,0.1855967054143548,-0.010835572145879269
B_S24_U_m0.000,train,B_S24:47500003:46,True,True,0.22405874729156494,0.18798436364158988,-0.03607438364997506
B_S24_U_m0.000,train,B_S24:47500003:80,True,True,0.19217993319034576,0.18689502915367484,-0.005284904036670923
B_S24_U_m0.000,train,B_S24:47500003:91,True,True,0.213753342628479,0.19453115016222,-0.019222192466259003
B_S24_U_m0.000,train,B_S24:47500003:109,True,True,0.24125224351882935,0.19676165329292417,-0.04449059022590518
B_S24_U_m0.000,train,B_S24:47500003:149,True,True,0.1898890733718872,0.17900014063343406,-0.01088893273845315
B_S24_U_m0.000,train,B_S24:47500003:180,True,True,0.1896771788597107,0.18216539500281215,-0.007511783856898546
B_S24_U_m0.000,train,B_S24:47500005:2,True,False,0.2673078775405884,0.2015336430631578,-0.06577423447743058
B_S24_U_m0.000,train,B_S24:47500005:6,True,False,0.224846750497818,0.19393797777593136,-0.030908772721886635
B_S24_U_m0.000,train,B_S24:47500005:13,True,False,0.21176840364933014,0.1898322522174567,-0.02193615143187344
B_S24_U_m0.000,train,B_S24:47500005:45,True,True,0.19381678104400635,0.16769110946916044,-0.02612567157484591
B_S24_U_m0.000,train,B_S24:47500005:46,True,True,0.19326123595237732,0.1741226171143353,-0.01913861883804202
B_S24_U_m0.000,train,B_S24:47500005:67,True,True,0.17782029509544373,0.17416203441098332,-0.0036582606844604015
B_S24_U_m0.000,train,B_S24:47500005:106,True,True,0.18027514219284058,0.17005364620126784,-0.010221495991572738
B_S24_U_m0.000,train,B_S24:47500005:120,True,True,0.20248712599277496,0.19436144782230258,-0.008125678170472383
B_S24_U_m0.000,train,B_S24:47500005:170,True,True,0.17365172505378723,0.15734657226130366,-0.016305152792483568
B_S24_U_m0.000,train,B_S24:47500006:4,True,False,0.23338447511196136,0.20164977898821235,-0.03173469612374902
B_S24_U_m0.000,train,B_S24:47500006:5,True,False,0.23410291969776154,0.1959095885977149,-0.038193331100046635
B_S24_U_m0.000,train,B_S24:47500006:8,True,False,0.23510077595710754,0.19569683738518506,-0.03940393857192248
B_S24_U_m0.000,train,B_S24:47500006:10,True,False,0.21172143518924713,0.19590785400941968,-0.01581358117982745
B_S24_U_m0.000,train,B_S24:47500006:89,True,True,0.2040148228406906,0.19140619924291968,-0.01260862359777093
B_S24_U_m0.000,train,B_S24:47500006:102,True,True,0.18755745887756348,0.16495720855891705,-0.02260025031864643
B_S24_U_m0.000,train,B_S24:47500006:118,True,True,0.19184856116771698,0.1789784135762602,-0.012870147591456771
B_S24_U_m0.000,train,B_S24:47500006:136,True,True,0.19580340385437012,0.18768886663019657,-0.008114537224173546
B_S24_U_m0.000,train,B_S24:47500006:169,True,True,0.1999073624610901,0.1869458518922329,-0.012961510568857193
B_S24_U_m0.000,train,B_S24:47500007:4,True,False,0.22109635174274445,0.19786397786810994,-0.023232373874634504
B_S24_U_m0.000,train,B_S24:47500007:6,True,False,0.20868882536888123,0.19377089431509376,-0.01491793105378747
B_S24_U_m0.000,train,B_S24:47500007:13,True,False,0.22200636565685272,0.2116176555864513,-0.01038871007040143
B_S24_U_m0.000,train,B_S24:47500007:36,True,True,0.19450931251049042,0.18000189797021449,-0.014507414540275931
B_S24_U_m0.000,train,B_S24:47500007:97,True,True,0.18571752309799194,0.17544961534440517,-0.010267907753586769
B_S24_U_m0.000,train,B_S24:47500007:118,True,True,0.1842181533575058,0.17396582732908428,-0.010252326028421521
B_S24_U_m0.000,train,B_S24:47500007:134,True,True,0.1718965768814087,0.1633551437407732,-0.00854143314063549
B_S24_U_m0.000,train,B_S24:47500007:168,True,True,0.1903848946094513,0.18137199943885207,-0.009012895170599222
B_S24_U_m0.000,train,B_S24:47500008:4,True,False,0.22365064918994904,0.21072981203906238,-0.012920837150886655
B_S24_U_m0.000,train,B_S24:47500008:10,True,False,0.22369816899299622,0.1768665174022317,-0.04683165159076452
B_S24_U_m0.000,train,B_S24:47500008:20,True,False,0.1949409693479538,0.18015894573181868,-0.01478202361613512
B_S24_U_m0.000,train,B_S24:47500008:28,True,True,0.19574092328548431,0.17032716586254537,-0.025413757422938943
B_S24_U_m0.000,train,B_S24:47500008:34,True,True,0.1897120177745819,0.1781577500514686,-0.011554267723113298
B_S24_U_m0.000,train,B_S24:47500008:112,True,True,0.19919542968273163,0.17159151518717408,-0.027603914495557547
B_S24_U_m0.000,train,B_S24:47500008:131,True,True,0.16624605655670166,0.15722802537493408,-0.009018031181767583
B_S24_U_m0.000,train,B_S24:47500008:172,True,True,0.18355700373649597,0.17184550454840064,-0.011711499188095331
B_S24_U_m0.000,train,B_S24:47500009:6,True,False,0.22776052355766296,0.1790694803930819,-0.04869104316458106
B_S24_U_m0.000,train,B_S24:47500009:11,True,False,0.20005083084106445,0.18804888520389795,-0.0120019456371665
B_S24_U_m0.000,train,B_S24:47500009:15,True,False,0.20817749202251434,0.19049887685105205,-0.017678615171462297
B_S24_U_m0.000,train,B_S24:47500009:20,True,False,0.2050204575061798,0.18418555171228945,-0.020834905793890357
B_S24_U_m0.000,train,B_S24:47500009:26,True,True,0.1985703557729721,0.17479157773777843,-0.02377877803519368
B_S24_U_m0.000,train,B_S24:47500009:36,True,True,0.19845326244831085,0.18620669981464744,-0.012246562633663416
B_S24_U_m0.000,train,B_S24:47500009:68,True,True,0.1841926872730255,0.17133443127386272,-0.012858255999162793
B_S24_U_m0.000,train,B_S24:47500009:142,True,True,0.1993163526058197,0.18512624315917492,-0.014190109446644783
B_S24_U_m0.000,train,B_S24:47500011:5,True,False,0.2344701886177063,0.1799362978199497,-0.05453389079775661
B_S24_U_m0.000,train,B_S24:47500011:15,True,False,0.19889578223228455,0.18783972365781665,-0.011056058574467897
B_S24_U_m0.000,train,B_S24:47500011:26,True,True,0.19225063920021057,0.177463810890913,-0.014786828309297562
B_S24_U_m0.000,train,B_S24:47500011:29,True,True,0.1720939725637436,0.15570811065845191,-0.016385861905291677
B_S24_U_m0.000,train,B_S24:47500011:31,True,True,0.17253120243549347,0.1556714742910117,-0.016859728144481778
B_S24_U_m0.000,train,B_S24:47500011:36,True,True,0.19934441149234772,0.18382953363470733,-0.015514877857640386
B_S24_U_m0.000,train,B_S24:47500011:49,True,True,0.18525740504264832,0.172719121677801,-0.012538283364847302
B_S24_U_m0.000,train,B_S24:47500011:56,True,True,0.17970392107963562,0.16572266328148544,-0.013981257798150182
B_S24_U_m0.000,train,B_S24:47500011:74,True,True,0.18794560432434082,0.17298310529440641,-0.014962499029934406
B_S24_U_m0.000,train,B_S24:47500011:167,True,True,0.20011386275291443,0.18757174164056778,-0.01254212111234665
B_S24_U_m0.000,train,B_S24:47500013:14,True,False,0.2333691269159317,0.19865708518773317,-0.03471204172819853
B_S24_U_m0.000,train,B_S24:47500013:15,True,False,0.2145259827375412,0.1932242326438427,-0.0213017500936985
B_S24_U_m0.000,train,B_S24:47500013:28,True,True,0.18069475889205933,0.17393133277073503,-0.006763426121324301
B_S24_U_m0.000,train,B_S24:47500013:32,True,True,0.19563066959381104,0.17707134038209915,-0.018559329211711884
B_S24_U_m0.000,train,B_S24:47500013:58,True,True,0.21312667429447174,0.19993193028494716,-0.013194744009524584
B_S24_U_m0.000,train,B_S24:47500013:83,True,True,0.20573900640010834,0.18706110632047057,-0.018677900079637766
B_S24_U_m0.000,train,B_S24:47500013:119,True,True,0.19993971288204193,0.1808501365594566,-0.019089576322585344
B_S24_U_m0.000,train,B_S24:47500013:128,True,True,0.18634463846683502,0.1721252598799765,-0.014219378586858511
B_S24_U_m0.000,train,B_S24:47500013:162,True,True,0.17500637471675873,0.16342481598258018,-0.011581558734178543
B_S24_U_m0.000,train,B_S24:47500013:165,True,True,0.190996453166008,0.15691723371855915,-0.03407921944744885
B_S24_U_m0.000,train,B_S24:47500014:9,True,False,0.20758946239948273,0.20339057873934507,-0.004198883660137653
B_S24_U_m0.000,train,B_S24:47500014:10,True,False,0.21015918254852295,0.20154771162196994,-0.008611470926553011
B_S24_U_m0.000,train,B_S24:47500014:20,True,False,0.19977858662605286,0.17912630503997207,-0.02065228158608079
B_S24_U_m0.000,train,B_S24:47500014:43,True,True,0.19752287864685059,0.15868280874565244,-0.03884006990119815
B_S24_U_m0.000,train,B_S24:47500014:60,True,True,0.1873406022787094,0.1733371161390096,-0.014003486139699817
B_S24_U_m0.000,train,B_S24:47500014:78,True,True,0.20178905129432678,0.1885169381275773,-0.013272113166749477
B_S24_U_m0.000,train,B_S24:47500014:99,True,True,0.1797368824481964,0.16325979214161634,-0.016477090306580067
B_S24_U_m0.000,train,B_S24:47500014:134,True,True,0.1836376190185547,0.17488895263522863,-0.008748666383326054
B_S24_U_m0.000,train,B_S24:47500014:161,True,True,0.1872774362564087,0.17788849654607475,-0.009388939710333943
B_S24_U_m0.000,train,B_S24:47500014:170,True,True,0.19142629206180573,0.18438376439735293,-0.007042527664452791
B_S24_U_m0.000,train,B_S24:47500016:4,True,False,0.24626785516738892,0.20152828050777316,-0.044739574659615755
B_S24_U_m0.000,train,B_S24:47500016:5,True,False,0.20114903151988983,0.19542428711429238,-0.005724744405597448
B_S24_U_m0.000,train,B_S24:47500016:30,True,True,0.20449316501617432,0.18682177900336683,-0.01767138601280749
B_S24_U_m0.000,train,B_S24:47500016:42,True,True,0.19567227363586426,0.1808426391799003,-0.01482963445596397
B_S24_U_m0.000,train,B_S24:47500016:43,True,True,0.19142578542232513,0.17015857296064496,-0.021267212461680174
B_S24_U_m0.000,train,B_S24:47500016:108,True,True,0.19317907094955444,0.18030536314472556,-0.012873707804828882
B_S24_U_m0.000,train,B_S24:47500016:129,True,True,0.181842640042305,0.17217320390045643,-0.009669436141848564
B_S24_U_m0.000,train,B_S24:47500016:165,True,True,0.19150619208812714,0.1770842031110078,-0.014421988977119327
B_S24_U_m0.000,train,B_S24:47500016:169,True,True,0.19360046088695526,0.18061363277956843,-0.012986828107386827
B_S24_U_m0.000,development,B_S24:47600000:3,True,False,0.20718316733837128,0.21296459465520456,0.0057814273168332875
B_S24_U_m0.000,development,B_S24:47600000:14,True,False,0.21104775369167328,0.19668192995595746,-0.014365823735715821
B_S24_U_m0.000,development,B_S24:47600000:17,True,False,0.1887895166873932,0.18712707149097696,-0.001662445196416229
B_S24_U_m0.000,development,B_S24:47600000:21,True,False,0.173024982213974,0.1741563522227807,0.001131370008806698
B_S24_U_m0.000,development,B_S24:47600000:29,True,True,0.20780128240585327,0.19661868059483822,-0.011182601811015047
B_S24_U_m0.000,development,B_S24:47600000:32,True,True,0.20209285616874695,0.19018274813424796,-0.01191010803449899
B_S24_U_m0.000,development,B_S24:47600000:76,True,True,0.18315830826759338,0.171351902972674,-0.011806405294919387
B_S24_U_m0.000,development,B_S24:47600000:83,True,True,0.1591562181711197,0.17880870726366993,0.01965248909255024
B_S24_U_m0.000,development,B_S24:47600000:157,True,True,0.18773530423641205,0.18921278085326776,0.0014774766168557107
B_S24_U_m0.000,development,B_S24:47600002:2,True,False,0.10940136760473251,0.1884884681494441,0.07908710054471157
B_S24_U_m0.000,development,B_S24:47600002:16,True,False,0.1756860464811325,0.1674854054581374,-0.008200641022995114
B_S24_U_m0.000,development,B_S24:47600002:30,True,True,0.19599615037441254,0.19193877815268934,-0.004057372221723199
B_S24_U_m0.000,development,B_S24:47600002:36,True,True,0.18693454563617706,0.17562699057452846,-0.0113075550616486
B_S24_U_m0.000,development,B_S24:47600002:68,True,True,0.14667467772960663,0.1543882971163839,0.007713619386777282
B_S24_U_m0.000,development,B_S24:47600002:76,True,True,0.15738359093666077,0.19558371469611302,0.038200123759452254
B_S24_U_m0.000,development,B_S24:47600002:79,True,True,0.21863681077957153,0.23798092399374582,0.019344113214174286
B_S24_U_m0.000,development,B_S24:47600002:89,True,True,0.15403962135314941,0.14512142748571932,-0.008918193867430091
B_S24_U_m0.000,development,B_S24:47600002:107,True,True,0.1466733068227768,0.14151394375949167,-0.005159363063285127
B_S24_U_m0.000,development,B_S24:47600003:1,True,False,0.1993241310119629,0.20937687600962818,0.010052744997665286
B_S24_U_m0.000,development,B_S24:47600003:3,True,False,0.17220869660377502,0.1620686362439301,-0.010140060359844938
B_S24_U_m0.000,development,B_S24:47600003:4,True,False,0.14345964789390564,0.1497405300324317,0.006280882138526067
B_S24_U_m0.000,development,B_S24:47600003:11,True,False,0.18066562712192535,0.20233948610257357,0.02167385898064822
B_S24_U_m0.000,development,B_S24:47600003:12,True,False,0.21480293571949005,0.19857034800224937,-0.016232587717240676
B_S24_U_m0.000,development,B_S24:47600003:22,True,False,0.17461669445037842,0.18300847572390921,0.008391781273530796
B_S24_U_m0.000,development,B_S24:47600003:70,True,True,0.1505473554134369,0.1666200444160495,0.016072689002612606
B_S24_U_m0.000,development,B_S24:47600003:90,True,True,0.1719321310520172,0.19730732002062723,0.02537518896861002
B_S24_U_m0.000,development,B_S24:47600003:112,True,True,0.18754537403583527,0.18331907567335293,-0.004226298362482339
B_S24_U_m0.000,development,B_S24:47600003:125,True,True,0.18884581327438354,0.1735959033248946,-0.015249909949488938
B_S24_U_m0.000,development,B_S24:47600004:3,True,False,0.19534170627593994,0.1749726090929471,-0.020369097182992846
B_S24_U_m0.000,development,B_S24:47600004:8,True,False,0.16827455163002014,0.15852691754116677,-0.009747634088853374
B_S24_U_m0.000,development,B_S24:47600004:53,True,True,0.148553729057312,0.1444970473239664,-0.004056681733345613
B_S24_U_m0.000,development,B_S24:47600004:65,True,True,0.13753612339496613,0.138990198407555,0.0014540750125888735
B_S24_U_m0.000,development,B_S24:47600004:92,True,True,0.14072208106517792,0.14094223352731206,0.00022015246213413775
B_S24_U_m0.000,development,B_S24:47600004:109,True,True,0.14176923036575317,0.1364247579476796,-0.005344472418073565
B_S24_U_m0.000,development,B_S24:47600004:122,True,True,0.13957765698432922,0.13682904845336452,-0.0027486085309647024
B_S24_U_m0.000,development,B_S24:47600005:2,True,False,0.1672283262014389,0.1767086582549382,0.009480332053499296
B_S24_U_m0.000,development,B_S24:47600005:5,True,False,0.1619601547718048,0.17127082086517476,0.009310666093369946
B_S24_U_m0.000,development,B_S24:47600005:15,True,False,0.19864749908447266,0.2016136257443577,0.002966126659885049
B_S24_U_m0.000,development,B_S24:47600005:24,True,True,0.16665560007095337,0.16724616287683602,0.0005905628058826551
B_S24_U_m0.000,development,B_S24:47600005:33,True,True,0.1901879906654358,0.17330615760874934,-0.016881833056686446
B_S24_U_m0.000,development,B_S24:47600005:48,True,True,0.15776704251766205,0.15702945590601303,-0.0007375866116490215
B_S24_U_m0.000,development,B_S24:47600005:86,True,True,0.13846494257450104,0.1626969601784367,0.024232017603935674
B_S24_U_m0.000,development,B_S24:47600005:88,True,True,0.15514622628688812,0.15643611804989632,0.0012898917630081996
B_S24_U_m0.000,development,B_S24:47600005:105,True,True,0.2112640142440796,0.19285051693441346,-0.018413497309666127
B_S24_U_m0.000,development,B_S24:47600005:119,True,True,0.156564861536026,0.15784618444740772,0.0012813229113817215
B_S24_U_m0.000,development,B_S24:47600006:2,True,False,0.21741026639938354,0.212438641639892,-0.004971624759491533
B_S24_U_m0.000,development,B_S24:47600006:11,True,False,0.266623318195343,0.19782062945887446,-0.06880268873646855
B_S24_U_m0.000,development,B_S24:47600006:13,True,False,0.27370136976242065,0.2584707183705177,-0.015230651391902938
B_S24_U_m0.000,development,B_S24:47600006:16,True,False,0.2850019335746765,0.23082983327913098,-0.05417210029554553
B_S24_U_m0.000,development,B_S24:47600006:25,True,True,0.18083438277244568,0.1642434039968066,-0.016590978775639087
B_S24_U_m0.000,development,B_S24:47600006:38,True,True,0.17044968903064728,0.16109288489678875,-0.009356804133858532
B_S24_U_m0.000,development,B_S24:47600006:72,True,True,0.20268213748931885,0.20458329605753534,0.0019011585682164878
B_S24_U_m0.000,development,B_S24:47600006:101,True,True,0.21999801695346832,0.21349965271656401,-0.006498364236904308
B_S24_U_m0.000,development,B_S24:47600006:132,True,True,0.18610724806785583,0.16291500284569338,-0.023192245222162455
B_S24_U_m0.000,development,B_S24:47600006:177,True,True,0.19145217537879944,0.19599586937692948,0.004543693998130038
B_S24_U_m0.000,development,B_S24:47600007:4,True,False,0.1510942131280899,0.1417742921039462,-0.009319921024143696
B_S24_U_m0.000,development,B_S24:47600007:7,True,False,0.13300015032291412,0.15757409174693748,0.02457394142402336
B_S24_U_m0.000,development,B_S24:47600007:10,True,False,0.1863107979297638,0.16679420933360234,-0.019516588596161455
B_S24_U_m0.000,development,B_S24:47600007:17,True,False,0.15717719495296478,0.13012961439380888,-0.027047580559155904
B_S24_U_m0.000,development,B_S24:47600007:27,True,True,0.13327550888061523,0.13782780132896733,0.004552292448352091
B_S24_U_m0.000,development,B_S24:47600007:28,True,True,0.14329387247562408,0.14229198708198965,-0.0010018853936344385
B_S24_U_m0.000,development,B_S24:47600007:61,True,True,0.1954217553138733,0.19323549876571633,-0.002186256548156962
B_S24_U_m0.000,development,B_S24:47600007:66,True,True,0.19491775333881378,0.19005803631443996,-0.004859717024373822
B_S24_U_m0.000,development,B_S24:47600007:87,True,True,0.17288070917129517,0.1652492220455315,-0.00763148712576367
B_S24_U_m0.000,development,B_S24:47600007:117,True,True,0.15818428993225098,0.16078882469446398,0.0026045347622130066
B_S24_U_m0.000,development,B_S24:47600008:6,True,False,0.1635955572128296,0.16124207561369985,-0.0023534815991297364
B_S24_U_m0.000,development,B_S24:47600008:8,True,False,0.15271055698394775,0.15135066080256365,-0.0013598961813841015
B_S24_U_m0.000,development,B_S24:47600008:21,True,False,0.13726770877838135,0.13554942481277976,-0.0017182839656015858
B_S24_U_m0.000,development,B_S24:47600008:23,True,True,0.13808022439479828,0.12749016897578258,-0.010590055419015698
B_S24_U_m0.000,development,B_S24:47600008:49,True,True,0.09528384357690811,0.10368395812110975,0.008400114544201642
B_S24_U_m0.000,development,B_S24:47600008:54,True,True,0.12076990306377411,0.1274147410877049,0.006644838023930788
B_S24_U_m0.000,development,B_S24:47600008:61,True,True,0.13195301592350006,0.13488849339773878,0.0029354774742387235
B_S24_U_m0.000,development,B_S24:47600008:87,True,True,0.1261005997657776,0.12713926352444105,0.0010386637586634606
B_S24_U_m0.000,development,B_S24:47600008:101,True,True,0.10385473817586899,0.12016266194405034,0.016307923768181354
B_S24_U_m0.010,train,B_S24:47500000:1,True,False,0.3362477123737335,0.24841995909810066,-0.08782775327563286
B_S24_U_m0.010,train,B_S24:47500000:8,True,False,0.21909917891025543,0.18730267323553562,-0.03179650567471981
B_S24_U_m0.010,train,B_S24:47500000:26,True,True,0.18316829204559326,0.16651340015232563,-0.01665489189326763
B_S24_U_m0.010,train,B_S24:47500000:39,True,True,0.20042157173156738,0.1862245430238545,-0.014197028707712889
B_S24_U_m0.010,train,B_S24:47500000:84,True,True,0.24190457165241241,0.19182498659938574,-0.050079585053026676
B_S24_U_m0.010,train,B_S24:47500000:141,True,True,0.20111589133739471,0.18131875060498714,-0.01979714073240757
B_S24_U_m0.010,train,B_S24:47500000:144,True,True,0.19347895681858063,0.15781604987569153,-0.035662906942889094
B_S24_U_m0.010,train,B_S24:47500000:155,True,True,0.19939321279525757,0.1735381498001516,-0.025855062995105982
B_S24_U_m0.010,train,B_S24:47500000:169,True,True,0.1803547888994217,0.1706451429054141,-0.009709645994007587
B_S24_U_m0.010,train,B_S24:47500000:179,True,True,0.1938992440700531,0.16993644507601857,-0.02396279899403453
B_S24_U_m0.010,train,B_S24:47500002:2,True,False,0.28109604120254517,0.2134431549347937,-0.06765288626775146
B_S24_U_m0.010,train,B_S24:47500002:3,True,False,0.2965286076068878,0.22384261758998036,-0.07268599001690745
B_S24_U_m0.010,train,B_S24:47500002:15,True,False,0.21775086224079132,0.18368852138519287,-0.03406234085559845
B_S24_U_m0.010,train,B_S24:47500002:25,True,False,0.18962673842906952,0.1572661476675421,-0.03236059076152742
B_S24_U_m0.010,train,B_S24:47500002:33,True,True,0.20061662793159485,0.16735487687401474,-0.03326175105758011
B_S24_U_m0.010,train,B_S24:47500002:55,True,True,0.18550872802734375,0.16386906011030078,-0.02163966791704297
B_S24_U_m0.010,train,B_S24:47500002:101,True,True,0.215677872300148,0.1752160113537684,-0.0404618609463796
B_S24_U_m0.010,train,B_S24:47500002:114,True,True,0.2116694152355194,0.17425866075791419,-0.037410754477605224
B_S24_U_m0.010,train,B_S24:47500002:152,True,True,0.1976173222064972,0.16328350023832172,-0.03433382196817547
B_S24_U_m0.010,train,B_S24:47500002:178,True,True,0.1904521882534027,0.16928024613298476,-0.021171942120417953
B_S24_U_m0.010,train,B_S24:47500003:4,True,False,0.2667158246040344,0.19776769168674946,-0.06894813291728497
B_S24_U_m0.010,train,B_S24:47500003:16,True,False,0.19614385068416595,0.16242368542589247,-0.03372016525827348
B_S24_U_m0.010,train,B_S24:47500003:24,True,False,0.231448695063591,0.17522614588961005,-0.05622254917398095
B_S24_U_m0.010,train,B_S24:47500003:41,True,True,0.1951690912246704,0.1675663716159761,-0.027602719608694315
B_S24_U_m0.010,train,B_S24:47500003:46,True,True,0.19726581871509552,0.1832007528282702,-0.014065065886825323
B_S24_U_m0.010,train,B_S24:47500003:80,True,True,0.16692939400672913,0.1580559820868075,-0.008873411919921637
B_S24_U_m0.010,train,B_S24:47500003:91,True,True,0.2174094021320343,0.1954252659343183,-0.021984136197715998
B_S24_U_m0.010,train,B_S24:47500003:109,True,True,0.2392529398202896,0.2062912154942751,-0.03296172432601452
B_S24_U_m0.010,train,B_S24:47500003:149,True,True,0.20714271068572998,0.16114579513669014,-0.04599691554903984
B_S24_U_m0.010,train,B_S24:47500003:180,True,True,0.18050624430179596,0.16277304524555802,-0.017733199056237936
B_S24_U_m0.010,train,B_S24:47500005:2,True,False,0.3001435101032257,0.21903297444805503,-0.08111053565517068
B_S24_U_m0.010,train,B_S24:47500005:6,True,False,0.24148796498775482,0.1984764647204429,-0.04301150026731193
B_S24_U_m0.010,train,B_S24:47500005:13,True,False,0.20843163132667542,0.18297674017958343,-0.025454891147091985
B_S24_U_m0.010,train,B_S24:47500005:45,True,True,0.20646266639232635,0.17866067658178508,-0.027801989810541272
B_S24_U_m0.010,train,B_S24:47500005:46,True,True,0.22243396937847137,0.181129879783839,-0.04130408959463239
B_S24_U_m0.010,train,B_S24:47500005:67,True,True,0.18195214867591858,0.1701915473677218,-0.011760601308196783
B_S24_U_m0.010,train,B_S24:47500005:106,True,True,0.19050468504428864,0.16086862585507333,-0.029636059189215302
B_S24_U_m0.010,train,B_S24:47500005:120,True,True,0.19793550670146942,0.17541536735370755,-0.02252013934776187
B_S24_U_m0.010,train,B_S24:47500005:170,True,True,0.17014318704605103,0.14836005493998528,-0.02178313210606575
B_S24_U_m0.010,train,B_S24:47500006:4,True,False,0.25806498527526855,0.22352899378165603,-0.03453599149361253
B_S24_U_m0.010,train,B_S24:47500006:5,True,False,0.2585197687149048,0.21486376132816076,-0.04365600738674402
B_S24_U_m0.010,train,B_S24:47500006:8,True,False,0.24695919454097748,0.20471602433826774,-0.042243170202709734
B_S24_U_m0.010,train,B_S24:47500006:10,True,False,0.21830791234970093,0.19146123295649886,-0.026846679393202066
B_S24_U_m0.010,train,B_S24:47500006:89,True,True,0.2087404727935791,0.17957211937755346,-0.02916835341602564
B_S24_U_m0.010,train,B_S24:47500006:102,True,True,0.19971482455730438,0.13550525158643723,-0.06420957297086716
B_S24_U_m0.010,train,B_S24:47500006:118,True,True,0.19120264053344727,0.16597052209544927,-0.025232118437997997
B_S24_U_m0.010,train,B_S24:47500006:136,True,True,0.20550070703029633,0.1834415839985013,-0.022059123031795025
B_S24_U_m0.010,train,B_S24:47500006:169,True,True,0.1973697543144226,0.16178616322577,-0.03558359108865261
B_S24_U_m0.010,train,B_S24:47500007:4,True,False,0.2715107202529907,0.212646774481982,-0.05886394577100873
B_S24_U_m0.010,train,B_S24:47500007:6,True,False,0.23460663855075836,0.21253724116832018,-0.022069397382438183
B_S24_U_m0.010,train,B_S24:47500007:13,True,False,0.2261345535516739,0.20278978161513805,-0.023344771936535835
B_S24_U_m0.010,train,B_S24:47500007:36,True,True,0.1887960135936737,0.1616373520810157,-0.027158661512658
B_S24_U_m0.010,train,B_S24:47500007:97,True,True,0.18917764723300934,0.16443625604733825,-0.02474139118567109
B_S24_U_m0.010,train,B_S24:47500007:118,True,True,0.17340810596942902,0.15906585310585797,-0.014342252863571048
B_S24_U_m0.010,train,B_S24:47500007:134,True,True,0.17345532774925232,0.15461516799405217,-0.018840159755200148
B_S24_U_m0.010,train,B_S24:47500007:168,True,True,0.18641391396522522,0.1653667304199189,-0.021047183545306325
B_S24_U_m0.010,train,B_S24:47500008:4,True,False,0.24451211094856262,0.20742304110899568,-0.037089069839566946
B_S24_U_m0.010,train,B_S24:47500008:10,True,False,0.19843576848506927,0.15496136527508497,-0.0434744032099843
B_S24_U_m0.010,train,B_S24:47500008:20,True,False,0.18539483845233917,0.1642599175684154,-0.02113492088392377
B_S24_U_m0.010,train,B_S24:47500008:28,True,True,0.19353747367858887,0.17623552214354277,-0.0173019515350461
B_S24_U_m0.010,train,B_S24:47500008:34,True,True,0.21031786501407623,0.2010076253209263,-0.009310239693149924
B_S24_U_m0.010,train,B_S24:47500008:112,True,True,0.20966549217700958,0.17736772121861577,-0.03229777095839381
B_S24_U_m0.010,train,B_S24:47500008:131,True,True,0.20857524871826172,0.15649345482233912,-0.0520817938959226
B_S24_U_m0.010,train,B_S24:47500008:172,True,True,0.20614323019981384,0.1787955602630973,-0.027347669936716557
B_S24_U_m0.010,train,B_S24:47500009:6,True,False,0.23413941264152527,0.20580929797142744,-0.028330114670097828
B_S24_U_m0.010,train,B_S24:47500009:11,True,False,0.23760369420051575,0.20542818633839488,-0.03217550786212087
B_S24_U_m0.010,train,B_S24:47500009:15,True,False,0.22523880004882812,0.19698560191318393,-0.028253198135644197
B_S24_U_m0.010,train,B_S24:47500009:20,True,False,0.21294298768043518,0.17008435796014965,-0.042858629720285535
B_S24_U_m0.010,train,B_S24:47500009:26,True,True,0.18158462643623352,0.1610655279364437,-0.020519098499789834
B_S24_U_m0.010,train,B_S24:47500009:36,True,True,0.20286057889461517,0.18379261251538992,-0.019067966379225254
B_S24_U_m0.010,train,B_S24:47500009:68,True,True,0.2566685974597931,0.15698823670390993,-0.09968036075588316
B_S24_U_m0.010,train,B_S24:47500009:142,True,True,0.21680839359760284,0.17415519757196307,-0.04265319602563977
B_S24_U_m0.010,train,B_S24:47500011:5,True,False,0.22973379492759705,0.18778314790688455,-0.041950647020712495
B_S24_U_m0.010,train,B_S24:47500011:15,True,False,0.18928174674510956,0.16138325817883015,-0.02789848856627941
B_S24_U_m0.010,train,B_S24:47500011:26,True,True,0.19278104603290558,0.1647902592085302,-0.02799078682437539
B_S24_U_m0.010,train,B_S24:47500011:29,True,True,0.1973208338022232,0.16410972573794425,-0.03321110806427896
B_S24_U_m0.010,train,B_S24:47500011:31,True,True,0.18333925306797028,0.17194403591565788,-0.011395217152312398
B_S24_U_m0.010,train,B_S24:47500011:36,True,True,0.21052373945713043,0.18217804515734315,-0.028345694299787283
B_S24_U_m0.010,train,B_S24:47500011:49,True,True,0.19827799499034882,0.16130702779628336,-0.03697096719406545
B_S24_U_m0.010,train,B_S24:47500011:56,True,True,0.193632110953331,0.17662925412878394,-0.017002856824547052
B_S24_U_m0.010,train,B_S24:47500011:74,True,True,0.1884402334690094,0.1682729870080948,-0.020167246460914612
B_S24_U_m0.010,train,B_S24:47500011:167,True,True,0.19007441401481628,0.17570826411247253,-0.01436614990234375
B_S24_U_m0.010,train,B_S24:47500013:14,True,False,0.2958967089653015,0.2018412733450532,-0.09405543562024832
B_S24_U_m0.010,train,B_S24:47500013:15,True,False,0.22274313867092133,0.19148052670061588,-0.03126261197030544
B_S24_U_m0.010,train,B_S24:47500013:28,True,True,0.17520906031131744,0.15910828788764775,-0.016100772423669696
B_S24_U_m0.010,train,B_S24:47500013:32,True,True,0.18382129073143005,0.16266420134343207,-0.021157089387997985
B_S24_U_m0.010,train,B_S24:47500013:58,True,True,0.19044911861419678,0.16769625805318356,-0.022752860561013222
B_S24_U_m0.010,train,B_S24:47500013:83,True,True,0.2095744013786316,0.17054061987437308,-0.03903378150425851
B_S24_U_m0.010,train,B_S24:47500013:119,True,True,0.20942732691764832,0.16417515417560935,-0.045252172742038965
B_S24_U_m0.010,train,B_S24:47500013:128,True,True,0.18736866116523743,0.15358054777607322,-0.03378811338916421
B_S24_U_m0.010,train,B_S24:47500013:162,True,True,0.20074322819709778,0.1819558865390718,-0.01878734165802598
B_S24_U_m0.010,train,B_S24:47500013:165,True,True,0.20153173804283142,0.17156371125020087,-0.029968026792630553
B_S24_U_m0.010,train,B_S24:47500014:9,True,False,0.20825999975204468,0.19616998825222254,-0.01209001149982214
B_S24_U_m0.010,train,B_S24:47500014:10,True,False,0.21140870451927185,0.1871440950781107,-0.024264609441161156
B_S24_U_m0.010,train,B_S24:47500014:20,True,False,0.20598375797271729,0.17584347701631486,-0.03014028095640242
B_S24_U_m0.010,train,B_S24:47500014:43,True,True,0.17611989378929138,0.16317972168326378,-0.012940172106027603
B_S24_U_m0.010,train,B_S24:47500014:60,True,True,0.2013871967792511,0.174703779630363,-0.02668341714888811
B_S24_U_m0.010,train,B_S24:47500014:78,True,True,0.19918447732925415,0.16772454453166574,-0.03145993279758841
B_S24_U_m0.010,train,B_S24:47500014:99,True,True,0.17788638174533844,0.16128741879947484,-0.016598962945863605
B_S24_U_m0.010,train,B_S24:47500014:134,True,True,0.2008802443742752,0.16909875778947026,-0.03178148658480495
B_S24_U_m0.010,train,B_S24:47500014:161,True,True,0.21286247670650482,0.17558196908794343,-0.03728050761856139
B_S24_U_m0.010,train,B_S24:47500014:170,True,True,0.20026589930057526,0.17174801416695118,-0.028517885133624077
B_S24_U_m0.010,train,B_S24:47500016:4,True,False,0.25610116124153137,0.2290776188019663,-0.027023542439565063
B_S24_U_m0.010,train,B_S24:47500016:5,True,False,0.23467318713665009,0.21246750839054585,-0.02220567874610424
B_S24_U_m0.010,train,B_S24:47500016:30,True,True,0.21527034044265747,0.18340467987582088,-0.031865660566836596
B_S24_U_m0.010,train,B_S24:47500016:42,True,True,0.21721363067626953,0.191709695616737,-0.025503935059532523
B_S24_U_m0.010,train,B_S24:47500016:43,True,True,0.21775560081005096,0.185644670156762,-0.03211093065328896
B_S24_U_m0.010,train,B_S24:47500016:108,True,True,0.2309657633304596,0.17698385193943977,-0.05398191139101982
B_S24_U_m0.010,train,B_S24:47500016:129,True,True,0.1836792528629303,0.16647603432647884,-0.01720321853645146
B_S24_U_m0.010,train,B_S24:47500016:165,True,True,0.2118947058916092,0.1605089820222929,-0.05138572386931628
B_S24_U_m0.010,train,B_S24:47500016:169,True,True,0.18928183615207672,0.16032944153994322,-0.028952394612133503
B_S24_U_m0.010,development,B_S24:47600000:3,True,False,0.2631374001502991,0.22253402273054235,-0.040603377419756725
B_S24_U_m0.010,development,B_S24:47600000:14,True,False,0.19677406549453735,0.19532269742921926,-0.0014513680653180927
B_S24_U_m0.010,development,B_S24:47600000:17,True,False,0.1920379102230072,0.18633013684302568,-0.005707773379981518
B_S24_U_m0.010,development,B_S24:47600000:21,True,False,0.19095823168754578,0.17266021252726205,-0.01829801916028373
B_S24_U_m0.010,development,B_S24:47600000:29,True,True,0.1721227914094925,0.16986142910900526,-0.002261362300487235
B_S24_U_m0.010,development,B_S24:47600000:32,True,True,0.16493989527225494,0.17563440612866543,0.010694510856410488
B_S24_U_m0.010,development,B_S24:47600000:76,True,True,0.17974255979061127,0.15782546167611144,-0.021917098114499822
B_S24_U_m0.010,development,B_S24:47600000:83,True,True,0.16148026287555695,0.1891542443772778,0.027673981501720846
B_S24_U_m0.010,development,B_S24:47600000:157,True,True,0.18030649423599243,0.21301659058372024,0.03271009634772781
B_S24_U_m0.010,development,B_S24:47600002:2,True,False,0.11065831780433655,0.23433312604902312,0.12367480824468657
B_S24_U_m0.010,development,B_S24:47600002:16,True,False,0.18007300794124603,0.16610398204647936,-0.013969025894766673
B_S24_U_m0.010,development,B_S24:47600002:30,True,True,0.187716543674469,0.17664090332982596,-0.011075640344643034
B_S24_U_m0.010,development,B_S24:47600002:36,True,True,0.19841311872005463,0.17800291470484808,-0.020410204015206546
B_S24_U_m0.010,development,B_S24:47600002:68,True,True,0.13208070397377014,0.1474884354538517,0.015407731480081566
B_S24_U_m0.010,development,B_S24:47600002:76,True,True,0.15029405057430267,0.15879444978781976,0.008500399213517085
B_S24_U_m0.010,development,B_S24:47600002:79,True,True,0.19682662189006805,0.20744950900552794,0.01062288711545989
B_S24_U_m0.010,development,B_S24:47600002:89,True,True,0.1412692666053772,0.13476596407417674,-0.006503302531200461
B_S24_U_m0.010,development,B_S24:47600002:107,True,True,0.13134528696537018,0.12049408434540965,-0.010851202619960532
B_S24_U_m0.010,development,B_S24:47600003:1,True,False,0.2150847315788269,0.22850968260900117,0.01342495103017427
B_S24_U_m0.010,development,B_S24:47600003:3,True,False,0.20972034335136414,0.1647927098092623,-0.04492763354210183
B_S24_U_m0.010,development,B_S24:47600003:4,True,False,0.1544101983308792,0.15474237882881425,0.0003321804979350418
B_S24_U_m0.010,development,B_S24:47600003:11,True,False,0.16846546530723572,0.18560491013340652,0.017139444826170802
B_S24_U_m0.010,development,B_S24:47600003:12,True,False,0.2007472813129425,0.18761679696035571,-0.013130484352586791
B_S24_U_m0.010,development,B_S24:47600003:22,True,False,0.17095203697681427,0.17922398008522578,0.008271943108411506
B_S24_U_m0.010,development,B_S24:47600003:70,True,True,0.15200212597846985,0.16199364577187225,0.009991519793402404
B_S24_U_m0.010,development,B_S24:47600003:90,True,True,0.16074605286121368,0.1917026612063637,0.030956608345150016
B_S24_U_m0.010,development,B_S24:47600003:112,True,True,0.15538044273853302,0.16413643694249913,0.008755994203966111
B_S24_U_m0.010,development,B_S24:47600003:125,True,True,0.16806647181510925,0.16679926906363107,-0.0012672027514781803
B_S24_U_m0.010,development,B_S24:47600004:3,True,False,0.2204534262418747,0.16206607557251118,-0.058387350669363514
B_S24_U_m0.010,development,B_S24:47600004:8,True,False,0.16223908960819244,0.1516226906242082,-0.010616398983984254
B_S24_U_m0.010,development,B_S24:47600004:53,True,True,0.1382739245891571,0.13527236276422627,-0.003001561824930832
B_S24_U_m0.010,development,B_S24:47600004:65,True,True,0.12677764892578125,0.12804976108600385,0.0012721121602226049
B_S24_U_m0.010,development,B_S24:47600004:92,True,True,0.1284845471382141,0.13227139171794988,0.003786844579735771
B_S24_U_m0.010,development,B_S24:47600004:109,True,True,0.1307917982339859,0.12323131537414156,-0.007560482859844342
B_S24_U_m0.010,development,B_S24:47600004:122,True,True,0.13790807127952576,0.1288263729220489,-0.009081698357476853
B_S24_U_m0.010,development,B_S24:47600005:2,True,False,0.16584254801273346,0.19668908492894843,0.030846536916214973
B_S24_U_m0.010,development,B_S24:47600005:5,True,False,0.15959800779819489,0.17987358843674883,0.020275580638553947
B_S24_U_m0.010,development,B_S24:47600005:15,True,False,0.23841388523578644,0.2200039112212835,-0.01840997401450295
B_S24_U_m0.010,development,B_S24:47600005:24,True,True,0.17091506719589233,0.16397762899578083,-0.006937438200111501
B_S24_U_m0.010,development,B_S24:47600005:33,True,True,0.1572076380252838,0.15380482267937623,-0.003402815345907584
B_S24_U_m0.010,development,B_S24:47600005:48,True,True,0.15074726939201355,0.1591887073009275,0.00844143790891394
B_S24_U_m0.010,development,B_S24:47600005:86,True,True,0.17483320832252502,0.16629693370487075,-0.008536274617654271
B_S24_U_m0.010,development,B_S24:47600005:88,True,True,0.1578173041343689,0.17764742398867384,0.01983011985430494
B_S24_U_m0.010,development,B_S24:47600005:105,True,True,0.20909197628498077,0.19428874316508882,-0.014803233119891956
B_S24_U_m0.010,development,B_S24:47600005:119,True,True,0.154000923037529,0.15949371097667608,0.005492787939147092
B_S24_U_m0.010,development,B_S24:47600006:2,True,False,0.22250449657440186,0.21196523343678564,-0.010539263137616217
B_S24_U_m0.010,development,B_S24:47600006:11,True,False,0.24773836135864258,0.21157986047910526,-0.036158500879537314
B_S24_U_m0.010,development,B_S24:47600006:13,True,False,0.24073584377765656,0.2729258453473449,0.03219000156968832
B_S24_U_m0.010,development,B_S24:47600006:16,True,False,0.32200750708580017,0.2680528844939545,-0.05395462259184569
B_S24_U_m0.010,development,B_S24:47600006:25,True,True,0.20914974808692932,0.1928831477998756,-0.016266600287053734
B_S24_U_m0.010,development,B_S24:47600006:38,True,True,0.15817134082317352,0.16918943091877736,0.011018090095603839
B_S24_U_m0.010,development,B_S24:47600006:72,True,True,0.18929925560951233,0.17975329695036635,-0.009545958659145981
B_S24_U_m0.010,development,B_S24:47600006:101,True,True,0.22374632954597473,0.20617069368017837,-0.017575635865796357
B_S24_U_m0.010,development,B_S24:47600006:132,True,True,0.1989496797323227,0.18484479674953036,-0.014104882982792333
B_S24_U_m0.010,development,B_S24:47600006:177,True,True,0.19393214583396912,0.18839321125415154,-0.005538934579817578
B_S24_U_m0.010,development,B_S24:47600007:4,True,False,0.15919245779514313,0.14317030934034847,-0.01602214845479466
B_S24_U_m0.010,development,B_S24:47600007:7,True,False,0.14950105547904968,0.14116964748245664,-0.008331407996593043
B_S24_U_m0.010,development,B_S24:47600007:10,True,False,0.168259859085083,0.15737636186531745,-0.010883497219765559
B_S24_U_m0.010,development,B_S24:47600007:17,True,False,0.13159967958927155,0.11718137453135569,-0.014418305057915859
B_S24_U_m0.010,development,B_S24:47600007:27,True,True,0.1160208061337471,0.12379565188894048,0.0077748457551933825
B_S24_U_m0.010,development,B_S24:47600007:28,True,True,0.12737955152988434,0.1278445873176679,0.00046503578778356314
B_S24_U_m0.010,development,B_S24:47600007:61,True,True,0.17776142060756683,0.17482004093471915,-0.002941379672847688
B_S24_U_m0.010,development,B_S24:47600007:66,True,True,0.17739750444889069,0.16717584045545664,-0.01022166399343405
B_S24_U_m0.010,development,B_S24:47600007:87,True,True,0.15524627268314362,0.1532196594926063,-0.0020266131905373186
B_S24_U_m0.010,development,B_S24:47600007:117,True,True,0.1401464343070984,0.14616802468663082,0.006021590379532427
B_S24_U_m0.010,development,B_S24:47600008:6,True,False,0.1447102576494217,0.14860554449842311,0.0038952868490014225
B_S24_U_m0.010,development,B_S24:47600008:8,True,False,0.1491325944662094,0.1416173970210366,-0.0075151974451728165
B_S24_U_m0.010,development,B_S24:47600008:21,True,False,0.11573226749897003,0.11158494569826871,-0.00414732180070132
B_S24_U_m0.010,development,B_S24:47600008:23,True,True,0.11333788186311722,0.10668088716920465,-0.006656994693912566
B_S24_U_m0.010,development,B_S24:47600008:49,True,True,0.08234305679798126,0.09459253799286671,0.012249481194885448
B_S24_U_m0.010,development,B_S24:47600008:54,True,True,0.10022474825382233,0.10854790930170566,0.008323161047883332
B_S24_U_m0.010,development,B_S24:47600008:61,True,True,0.11925803124904633,0.1177802951715421,-0.0014777360775042325
B_S24_U_m0.010,development,B_S24:47600008:87,True,True,0.11930061131715775,0.11148057549144141,-0.007820035825716332
B_S24_U_m0.010,development,B_S24:47600008:101,True,True,0.09241099655628204,0.10652641010528896,0.014115413549006917
B_S24_U_m0.030,train,B_S24:47500000:1,True,False,0.34610649943351746,0.2466895014513284,-0.09941699798218906
B_S24_U_m0.030,train,B_S24:47500000:8,True,False,0.23036552965641022,0.15463870437815785,-0.07572682527825236
B_S24_U_m0.030,train,B_S24:47500000:26,True,True,0.20712251961231232,0.15438779909163713,-0.05273472052067518
B_S24_U_m0.030,train,B_S24:47500000:39,True,True,0.2576049566268921,0.16870817868039012,-0.08889677794650197
B_S24_U_m0.030,train,B_S24:47500000:84,True,True,0.24903392791748047,0.17574035073630512,-0.07329357718117535
B_S24_U_m0.030,train,B_S24:47500000:141,True,True,0.2116631418466568,0.16098430124111474,-0.050678840605542064
B_S24_U_m0.030,train,B_S24:47500000:144,True,True,0.20995908975601196,0.143090114928782,-0.06686897482722998
B_S24_U_m0.030,train,B_S24:47500000:155,True,True,0.23204363882541656,0.18241938564460725,-0.04962425318080932
B_S24_U_m0.030,train,B_S24:47500000:169,True,True,0.26701754331588745,0.17149849561974406,-0.09551904769614339
B_S24_U_m0.030,train,B_S24:47500000:179,True,True,0.22064049541950226,0.17763842712156475,-0.04300206829793751
B_S24_U_m0.030,train,B_S24:47500002:2,True,False,0.3248342275619507,0.2059631492011249,-0.11887107836082578
B_S24_U_m0.030,train,B_S24:47500002:3,True,False,0.2989085912704468,0.21145084290765226,-0.08745774836279452
B_S24_U_m0.030,train,B_S24:47500002:15,True,False,0.22345833480358124,0.1813288782723248,-0.04212945653125644
B_S24_U_m0.030,train,B_S24:47500002:25,True,False,0.19178934395313263,0.15320342872291803,-0.038585915230214596
B_S24_U_m0.030,train,B_S24:47500002:33,True,True,0.24089501798152924,0.16224852856248617,-0.07864648941904306
B_S24_U_m0.030,train,B_S24:47500002:55,True,True,0.2098580300807953,0.15461778920143843,-0.05524024087935686
B_S24_U_m0.030,train,B_S24:47500002:101,True,True,0.2558794319629669,0.16242533642798662,-0.0934540955349803
B_S24_U_m0.030,train,B_S24:47500002:114,True,True,0.2116049975156784,0.156669061165303,-0.054935936350375414
B_S24_U_m0.030,train,B_S24:47500002:152,True,True,0.20920445024967194,0.16470402898266912,-0.04450042126700282
B_S24_U_m0.030,train,B_S24:47500002:178,True,True,0.20142079889774323,0.16126941598486155,-0.04015138291288167
B_S24_U_m0.030,train,B_S24:47500003:4,True,False,0.2795158624649048,0.17870191182009876,-0.10081395064480603
B_S24_U_m0.030,train,B_S24:47500003:16,True,False,0.23349826037883759,0.1475857498589903,-0.08591251051984727
B_S24_U_m0.030,train,B_S24:47500003:24,True,False,0.25547322630882263,0.18632992915809155,-0.06914329715073109
B_S24_U_m0.030,train,B_S24:47500003:41,True,True,0.24007415771484375,0.16268386878073215,-0.0773902889341116
B_S24_U_m0.030,train,B_S24:47500003:46,True,True,0.21880656480789185,0.18334447545930743,-0.035462089348584414
B_S24_U_m0.030,train,B_S24:47500003:80,True,True,0.23815998435020447,0.16324539529159665,-0.07491458905860782
B_S24_U_m0.030,train,B_S24:47500003:91,True,True,0.2534849941730499,0.2035581439267844,-0.04992685024626553
B_S24_U_m0.030,train,B_S24:47500003:109,True,True,0.2616005539894104,0.1801835484802723,-0.08141700550913811
B_S24_U_m0.030,train,B_S24:47500003:149,True,True,0.20831160247325897,0.1626487635076046,-0.04566283896565437
B_S24_U_m0.030,train,B_S24:47500003:180,True,True,0.19426384568214417,0.1604482438415289,-0.03381560184061527
B_S24_U_m0.030,train,B_S24:47500005:2,True,False,0.3480525612831116,0.22323596919886768,-0.1248165920842439
B_S24_U_m0.030,train,B_S24:47500005:6,True,False,0.24411341547966003,0.17970228800550103,-0.064411127474159
B_S24_U_m0.030,train,B_S24:47500005:13,True,False,0.2079131305217743,0.16857405880000442,-0.03933907172176987
B_S24_U_m0.030,train,B_S24:47500005:45,True,True,0.21542122960090637,0.16543054371140897,-0.0499906858894974
B_S24_U_m0.030,train,B_S24:47500005:46,True,True,0.23869982361793518,0.17407963098958135,-0.06462019262835383
B_S24_U_m0.030,train,B_S24:47500005:67,True,True,0.19390235841274261,0.15271184174343944,-0.04119051666930318
B_S24_U_m0.030,train,B_S24:47500005:106,True,True,0.20542338490486145,0.13997497502714396,-0.0654484098777175
B_S24_U_m0.030,train,B_S24:47500005:120,True,True,0.26970401406288147,0.1761577702127397,-0.09354624385014176
B_S24_U_m0.030,train,B_S24:47500005:170,True,True,0.21689198911190033,0.1558078231755644,-0.06108416593633592
B_S24_U_m0.030,train,B_S24:47500006:4,True,False,0.26025697588920593,0.20804477762430906,-0.05221219826489687
B_S24_U_m0.030,train,B_S24:47500006:5,True,False,0.26119908690452576,0.19304997054859996,-0.0681491163559258
B_S24_U_m0.030,train,B_S24:47500006:8,True,False,0.23936675488948822,0.18974405981134623,-0.04962269507814199
B_S24_U_m0.030,train,B_S24:47500006:10,True,False,0.25244542956352234,0.1715989753138274,-0.08084645424969494
B_S24_U_m0.030,train,B_S24:47500006:89,True,True,0.19080688059329987,0.16961414157412946,-0.021192739019170403
B_S24_U_m0.030,train,B_S24:47500006:102,True,True,0.19143608212471008,0.12514067289885134,-0.06629540922585875
B_S24_U_m0.030,train,B_S24:47500006:118,True,True,0.22579514980316162,0.16822172119282186,-0.05757342861033976
B_S24_U_m0.030,train,B_S24:47500006:136,True,True,0.20425038039684296,0.16700280830264091,-0.03724757209420204
B_S24_U_m0.030,train,B_S24:47500006:169,True,True,0.2372535765171051,0.16213330114260316,-0.07512027537450194
B_S24_U_m0.030,train,B_S24:47500007:4,True,False,0.26932960748672485,0.20080910809338093,-0.06852049939334393
B_S24_U_m0.030,train,B_S24:47500007:6,True,False,0.2662126421928406,0.2052888327743858,-0.060923809418454766
B_S24_U_m0.030,train,B_S24:47500007:13,True,False,0.3320399820804596,0.20824574679136276,-0.12379423528909683
B_S24_U_m0.030,train,B_S24:47500007:36,True,True,0.205500528216362,0.14961517904885113,-0.05588534916751087
B_S24_U_m0.030,train,B_S24:47500007:97,True,True,0.2265377640724182,0.16330837178975344,-0.06322939228266478
B_S24_U_m0.030,train,B_S24:47500007:118,True,True,0.18247877061367035,0.1532956287264824,-0.029183141887187958
B_S24_U_m0.030,train,B_S24:47500007:134,True,True,0.19075967371463776,0.15589677693787962,-0.034862896776758134
B_S24_U_m0.030,train,B_S24:47500007:168,True,True,0.21757419407367706,0.17397661437280476,-0.0435975797008723
B_S24_U_m0.030,train,B_S24:47500008:4,True,False,0.28738924860954285,0.20278350869193673,-0.08460573991760612
B_S24_U_m0.030,train,B_S24:47500008:10,True,False,0.18621018528938293,0.14427482266910374,-0.04193536262027919
B_S24_U_m0.030,train,B_S24:47500008:20,True,False,0.3228459358215332,0.17664030147716403,-0.14620563434436917
B_S24_U_m0.030,train,B_S24:47500008:28,True,True,0.19962754845619202,0.1532931145047769,-0.04633443395141512
B_S24_U_m0.030,train,B_S24:47500008:34,True,True,0.22589705884456635,0.1810514871031046,-0.044845571741461754
B_S24_U_m0.030,train,B_S24:47500008:112,True,True,0.20265400409698486,0.1414338005706668,-0.06122020352631807
B_S24_U_m0.030,train,B_S24:47500008:131,True,True,0.1861574947834015,0.12425160326529294,-0.06190589151810855
B_S24_U_m0.030,train,B_S24:47500008:172,True,True,0.23836305737495422,0.16836327337659895,-0.06999978399835527
B_S24_U_m0.030,train,B_S24:47500009:6,True,False,0.22657370567321777,0.17953240172937512,-0.04704130394384265
B_S24_U_m0.030,train,B_S24:47500009:11,True,False,0.2375122606754303,0.18219860550016165,-0.05531365517526865
B_S24_U_m0.030,train,B_S24:47500009:15,True,False,0.21861736476421356,0.1588928857818246,-0.05972447898238897
B_S24_U_m0.030,train,B_S24:47500009:20,True,False,0.18388882279396057,0.14933081297203898,-0.03455800982192159
B_S24_U_m0.030,train,B_S24:47500009:26,True,True,0.23170948028564453,0.1515183715382591,-0.08019110874738544
B_S24_U_m0.030,train,B_S24:47500009:36,True,True,0.2110338658094406,0.17093883734196424,-0.04009502846747637
B_S24_U_m0.030,train,B_S24:47500009:68,True,True,0.1938912719488144,0.14513693749904633,-0.048754334449768066
B_S24_U_m0.030,train,B_S24:47500009:142,True,True,0.2689930200576782,0.16487158159725368,-0.10412143846042454
B_S24_U_m0.030,train,B_S24:47500011:5,True,False,0.24013672769069672,0.1744171486934647,-0.06571957899723202
B_S24_U_m0.030,train,B_S24:47500011:15,True,False,0.22844882309436798,0.1703520859591663,-0.05809673713520169
B_S24_U_m0.030,train,B_S24:47500011:26,True,True,0.21968849003314972,0.16843040008097887,-0.05125808995217085
B_S24_U_m0.030,train,B_S24:47500011:29,True,True,0.19227629899978638,0.1385175078175962,-0.05375879118219018
B_S24_U_m0.030,train,B_S24:47500011:31,True,True,0.19782577455043793,0.13343732245266438,-0.06438845209777355
B_S24_U_m0.030,train,B_S24:47500011:36,True,True,0.22477354109287262,0.16087293322198093,-0.06390060787089169
B_S24_U_m0.030,train,B_S24:47500011:49,True,True,0.24135640263557434,0.15468277782201767,-0.08667362481355667
B_S24_U_m0.030,train,B_S24:47500011:56,True,True,0.20844906568527222,0.1496862955391407,-0.058762770146131516
B_S24_U_m0.030,train,B_S24:47500011:74,True,True,0.2294377088546753,0.1658184314146638,-0.0636192774400115
B_S24_U_m0.030,train,B_S24:47500011:167,True,True,0.219898521900177,0.1831929401960224,-0.03670558170415461
B_S24_U_m0.030,train,B_S24:47500013:14,True,False,0.33916881680488586,0.19556183367967606,-0.1436069831252098
B_S24_U_m0.030,train,B_S24:47500013:15,True,False,0.4083477258682251,0.15728291869163513,-0.25106480717658997
B_S24_U_m0.030,train,B_S24:47500013:28,True,True,0.1869041621685028,0.14440684369765222,-0.04249731847085059
B_S24_U_m0.030,train,B_S24:47500013:32,True,True,0.21204514801502228,0.1505745064932853,-0.06147064152173698
B_S24_U_m0.030,train,B_S24:47500013:58,True,True,0.35705938935279846,0.18362767016515136,-0.1734317191876471
B_S24_U_m0.030,train,B_S24:47500013:83,True,True,0.18933996558189392,0.15872357075568289,-0.030616394826211035
B_S24_U_m0.030,train,B_S24:47500013:119,True,True,0.1945600062608719,0.16268236539326608,-0.031877640867605805
B_S24_U_m0.030,train,B_S24:47500013:128,True,True,0.2293146848678589,0.16042446345090866,-0.06889022141695023
B_S24_U_m0.030,train,B_S24:47500013:162,True,True,0.21602784097194672,0.1653133414220065,-0.05071449954994023
B_S24_U_m0.030,train,B_S24:47500013:165,True,True,0.2889463007450104,0.14187179249711335,-0.14707450824789703
B_S24_U_m0.030,train,B_S24:47500014:9,True,False,0.2811257839202881,0.19881135784089565,-0.08231442607939243
B_S24_U_m0.030,train,B_S24:47500014:10,True,False,0.2676253914833069,0.17396941455081105,-0.09365597693249583
B_S24_U_m0.030,train,B_S24:47500014:20,True,False,0.21102043986320496,0.16135454061441123,-0.04966589924879372
B_S24_U_m0.030,train,B_S24:47500014:43,True,True,0.18249796330928802,0.1440531787229702,-0.03844478458631784
B_S24_U_m0.030,train,B_S24:47500014:60,True,True,0.2334313541650772,0.16041899099946022,-0.07301236316561699
B_S24_U_m0.030,train,B_S24:47500014:78,True,True,0.206318661570549,0.14818974491208792,-0.058128916658461094
B_S24_U_m0.030,train,B_S24:47500014:99,True,True,0.20576801896095276,0.14963923767209053,-0.05612878128886223
B_S24_U_m0.030,train,B_S24:47500014:134,True,True,0.24122443795204163,0.1570776985026896,-0.08414673944935203
B_S24_U_m0.030,train,B_S24:47500014:161,True,True,0.19856689870357513,0.14958820189349353,-0.0489786968100816
B_S24_U_m0.030,train,B_S24:47500014:170,True,True,0.24077379703521729,0.17058073822408915,-0.07019305881112814
B_S24_U_m0.030,train,B_S24:47500016:4,True,False,0.25081679224967957,0.19214449869468808,-0.058672293554991484
B_S24_U_m0.030,train,B_S24:47500016:5,True,False,0.2501397132873535,0.17646908352617174,-0.07367062976118177
B_S24_U_m0.030,train,B_S24:47500016:30,True,True,0.2261321246623993,0.18520946917124093,-0.040922655491158366
B_S24_U_m0.030,train,B_S24:47500016:42,True,True,0.2889289855957031,0.155552823911421,-0.13337616168428212
B_S24_U_m0.030,train,B_S24:47500016:43,True,True,0.2183457762002945,0.1438940146472305,-0.07445176155306399
B_S24_U_m0.030,train,B_S24:47500016:108,True,True,0.23029270768165588,0.17710524145513773,-0.053187466226518154
B_S24_U_m0.030,train,B_S24:47500016:129,True,True,0.2071266919374466,0.1643339777365327,-0.042792714200913906
B_S24_U_m0.030,train,B_S24:47500016:165,True,True,0.21672648191452026,0.16714716237038374,-0.049579319544136524
B_S24_U_m0.030,train,B_S24:47500016:169,True,True,0.2323715090751648,0.16282209241762757,-0.06954941665753722
B_S24_U_m0.030,development,B_S24:47600000:3,True,False,0.29900112748146057,0.2297747314441949,-0.06922639603726566
B_S24_U_m0.030,development,B_S24:47600000:14,True,False,0.1763426512479782,0.20147483996697702,0.025132188718998805
B_S24_U_m0.030,development,B_S24:47600000:17,True,False,0.19582520425319672,0.18948953575454652,-0.006335668498650193
B_S24_U_m0.030,development,B_S24:47600000:21,True,False,0.18294619023799896,0.1691913915274199,-0.013754798710579053
B_S24_U_m0.030,development,B_S24:47600000:29,True,True,0.16888098418712616,0.16630180075298995,-0.002579183434136212
B_S24_U_m0.030,development,B_S24:47600000:32,True,True,0.16070452332496643,0.16984120513370726,0.009136681808740832
B_S24_U_m0.030,development,B_S24:47600000:76,True,True,0.19009046256542206,0.1633200997748645,-0.026770362790557556
B_S24_U_m0.030,development,B_S24:47600000:83,True,True,0.09707599878311157,0.20115831439034082,0.10408231560722925
B_S24_U_m0.030,development,B_S24:47600000:157,True,True,0.1770736575126648,0.1943785115290666,0.017304854016401805
B_S24_U_m0.030,development,B_S24:47600002:2,True,False,0.12237145006656647,0.22526867318083532,0.10289722311426885
B_S24_U_m0.030,development,B_S24:47600002:16,True,False,0.20765957236289978,0.16097484930651262,-0.046684723056387156
B_S24_U_m0.030,development,B_S24:47600002:30,True,True,0.1762228161096573,0.16349738114513457,-0.01272543496452272
B_S24_U_m0.030,development,B_S24:47600002:36,True,True,0.1951306164264679,0.1549036041542422,-0.04022701227222569
B_S24_U_m0.030,development,B_S24:47600002:68,True,True,0.11757173389196396,0.12376204581960337,0.006190311927639414
B_S24_U_m0.030,development,B_S24:47600002:76,True,True,0.12478798627853394,0.15315035096136853,0.028362364682834595
B_S24_U_m0.030,development,B_S24:47600002:79,True,True,0.18419678509235382,0.21024430569377728,0.026047520601423457
B_S24_U_m0.030,development,B_S24:47600002:89,True,True,0.1179017424583435,0.11432015508762561,-0.003581587370717898
B_S24_U_m0.030,development,B_S24:47600002:107,True,True,0.12918156385421753,0.1194696387683507,-0.009711925085866824
B_S24_U_m0.030,development,B_S24:47600003:1,True,False,0.3534756898880005,0.25162617352907546,-0.10184951635892503
B_S24_U_m0.030,development,B_S24:47600003:3,True,False,0.18699829280376434,0.14919473891495727,-0.03780355388880707
B_S24_U_m0.030,development,B_S24:47600003:4,True,False,0.15945349633693695,0.13617802671797108,-0.02327546961896587
B_S24_U_m0.030,development,B_S24:47600003:11,True,False,0.17133760452270508,0.17531131047871895,0.003973705956013873
B_S24_U_m0.030,development,B_S24:47600003:12,True,False,0.19706973433494568,0.17193147167563438,-0.025138262659311295
B_S24_U_m0.030,development,B_S24:47600003:22,True,False,0.15330980718135834,0.1574452595668845,0.0041354523855261505
B_S24_U_m0.030,development,B_S24:47600003:70,True,True,0.13881807029247284,0.15423086122609675,0.01541279093362391
B_S24_U_m0.030,development,B_S24:47600003:90,True,True,0.15451909601688385,0.18082574231084436,0.02630664629396051
B_S24_U_m0.030,development,B_S24:47600003:112,True,True,0.15727804601192474,0.15930259515880607,0.002024549146881327
B_S24_U_m0.030,development,B_S24:47600003:125,True,True,0.16605041921138763,0.1581364784797188,-0.007913940731668845
B_S24_U_m0.030,development,B_S24:47600004:3,True,False,0.17415834963321686,0.1479288614791585,-0.026229488154058345
B_S24_U_m0.030,development,B_S24:47600004:8,True,False,0.19117999076843262,0.14883777615614235,-0.04234221461229026
B_S24_U_m0.030,development,B_S24:47600004:53,True,True,0.14800983667373657,0.12798741174628958,-0.02002242492744699
B_S24_U_m0.030,development,B_S24:47600004:65,True,True,0.1226169764995575,0.12506114854477346,0.0024441720452159643
B_S24_U_m0.030,development,B_S24:47600004:92,True,True,0.1315234899520874,0.13347467230050825,0.0019511823484208435
B_S24_U_m0.030,development,B_S24:47600004:109,True,True,0.10932449996471405,0.11437400613795035,0.005049506173236296
B_S24_U_m0.030,development,B_S24:47600004:122,True,True,0.12811236083507538,0.1269625494023785,-0.001149811432696879
B_S24_U_m0.030,development,B_S24:47600005:2,True,False,0.2194986492395401,0.19993670460826252,-0.019561944631277584
B_S24_U_m0.030,development,B_S24:47600005:5,True,False,0.12102018296718597,0.1734221209626412,0.05240193799545523
B_S24_U_m0.030,development,B_S24:47600005:15,True,False,0.22032293677330017,0.23409364647523034,0.013770709701930173
B_S24_U_m0.030,development,B_S24:47600005:24,True,True,0.16549508273601532,0.13863872246292885,-0.026856360273086466
B_S24_U_m0.030,development,B_S24:47600005:33,True,True,0.15480367839336395,0.1527132471674122,-0.002090431225951761
B_S24_U_m0.030,development,B_S24:47600005:48,True,True,0.15646186470985413,0.14148396585369483,-0.0149778988561593
B_S24_U_m0.030,development,B_S24:47600005:86,True,True,0.15152879059314728,0.1449016603291966,-0.006627130263950676
B_S24_U_m0.030,development,B_S24:47600005:88,True,True,0.12838704884052277,0.1674257404229138,0.03903869158239104
B_S24_U_m0.030,development,B_S24:47600005:105,True,True,0.15777571499347687,0.17158707286580466,0.01381135787232779
B_S24_U_m0.030,development,B_S24:47600005:119,True,True,0.14197197556495667,0.1433766998234205,0.0014047242584638298
B_S24_U_m0.030,development,B_S24:47600006:2,True,False,0.2739090323448181,0.21100071599357761,-0.0629083163512405
B_S24_U_m0.030,development,B_S24:47600006:11,True,False,0.21945317089557648,0.18887538815033622,-0.030577782745240256
B_S24_U_m0.030,development,B_S24:47600006:13,True,False,0.23142927885055542,0.30511757187196054,0.07368829302140512
B_S24_U_m0.030,development,B_S24:47600006:16,True,False,0.3446887731552124,0.2841146615683101,-0.06057411158690229
B_S24_U_m0.030,development,B_S24:47600006:25,True,True,0.18928787112236023,0.1560840709862532,-0.03320380013610702
B_S24_U_m0.030,development,B_S24:47600006:38,True,True,0.15384696424007416,0.17400349522358738,0.02015653098351322
B_S24_U_m0.030,development,B_S24:47600006:72,True,True,0.171464741230011,0.17783093886100687,0.0063661976309958845
B_S24_U_m0.030,development,B_S24:47600006:101,True,True,0.256693959236145,0.21011744534189347,-0.04657651389425155
B_S24_U_m0.030,development,B_S24:47600006:132,True,True,0.16942180693149567,0.15309833046921995,-0.01632347646227572
B_S24_U_m0.030,development,B_S24:47600006:177,True,True,0.2012459635734558,0.17535599971597549,-0.025889963857480325
B_S24_U_m0.030,development,B_S24:47600007:4,True,False,0.14974956214427948,0.1264830188592896,-0.023266543284989893
B_S24_U_m0.030,development,B_S24:47600007:7,True,False,0.14952361583709717,0.12383742342353798,-0.025686192413559183
B_S24_U_m0.030,development,B_S24:47600007:10,True,False,0.18503479659557343,0.15471059000992682,-0.030324206585646607
B_S24_U_m0.030,development,B_S24:47600007:17,True,False,0.15358966588974,0.1261127860052511,-0.02747687988448888
B_S24_U_m0.030,development,B_S24:47600007:27,True,True,0.08876893669366837,0.10209293151274323,0.01332399481907487
B_S24_U_m0.030,development,B_S24:47600007:28,True,True,0.10357744246721268,0.11449690048902994,0.010919458021817263
B_S24_U_m0.030,development,B_S24:47600007:61,True,True,0.18373282253742218,0.17620462988270447,-0.007528192654717714
B_S24_U_m0.030,development,B_S24:47600007:66,True,True,0.17493291199207306,0.15920148816076107,-0.015731423831311986
B_S24_U_m0.030,development,B_S24:47600007:87,True,True,0.12566271424293518,0.1377598358085379,0.01209712156560272
B_S24_U_m0.030,development,B_S24:47600007:117,True,True,0.12712912261486053,0.12383344728732482,-0.0032956753275357187
B_S24_U_m0.030,development,B_S24:47600008:6,True,False,0.13525371253490448,0.13409920199774206,-0.0011545105371624231
B_S24_U_m0.030,development,B_S24:47600008:8,True,False,0.1390267312526703,0.12431446170376148,-0.014712269548908807
B_S24_U_m0.030,development,B_S24:47600008:21,True,False,0.10244758427143097,0.09653779730433598,-0.005909786967094988
B_S24_U_m0.030,development,B_S24:47600008:23,True,True,0.09897390753030777,0.09220395371085033,-0.006769953819457442
B_S24_U_m0.030,development,B_S24:47600008:49,True,True,0.08120580017566681,0.097173211252084,0.015967411076417193
B_S24_U_m0.030,development,B_S24:47600008:54,True,True,0.09423865377902985,0.10863573680398986,0.014397083024960011
B_S24_U_m0.030,development,B_S24:47600008:61,True,True,0.11357320845127106,0.11557859204185661,0.002005383590585552
B_S24_U_m0.030,development,B_S24:47600008:87,True,True,0.11077626794576645,0.10376941286085639,-0.0070068550849100575
B_S24_U_m0.030,development,B_S24:47600008:101,True,True,0.0747164711356163,0.09919691699906252,0.02448044586344622
B_S24_U_m0.050,train,B_S24:47500000:1,True,False,0.4194085896015167,0.28702186001464725,-0.13238672958686948
B_S24_U_m0.050,train,B_S24:47500000:8,True,False,0.31649428606033325,0.17814726708456874,-0.1383470189757645
B_S24_U_m0.050,train,B_S24:47500000:26,True,True,0.20103126764297485,0.1444106420967728,-0.056620625546202064
B_S24_U_m0.050,train,B_S24:47500000:39,True,True,0.23557838797569275,0.16012674965895712,-0.07545163831673563
B_S24_U_m0.050,train,B_S24:47500000:84,True,True,0.29157185554504395,0.17044460237957537,-0.12112725316546857
B_S24_U_m0.050,train,B_S24:47500000:141,True,True,0.21331419050693512,0.15851237694732845,-0.05480181355960667
B_S24_U_m0.050,train,B_S24:47500000:144,True,True,0.27700889110565186,0.15290278056636453,-0.12410611053928733
B_S24_U_m0.050,train,B_S24:47500000:155,True,True,0.2487301081418991,0.17822437727591023,-0.07050573086598888
B_S24_U_m0.050,train,B_S24:47500000:169,True,True,0.22078388929367065,0.16423462866805494,-0.056549260625615716
B_S24_U_m0.050,train,B_S24:47500000:179,True,True,0.21641457080841064,0.16523779230192304,-0.05117677850648761
B_S24_U_m0.050,train,B_S24:47500002:2,True,False,0.3686714470386505,0.23057178256567568,-0.13809966447297484
B_S24_U_m0.050,train,B_S24:47500002:3,True,False,0.31338804960250854,0.21570998337119818,-0.09767806623131037
B_S24_U_m0.050,train,B_S24:47500002:15,True,False,0.22151945531368256,0.1642819056287408,-0.05723754968494177
B_S24_U_m0.050,train,B_S24:47500002:25,True,False,0.20008189976215363,0.13212773128179833,-0.06795416848035529
B_S24_U_m0.050,train,B_S24:47500002:33,True,True,0.24128758907318115,0.1460242187604308,-0.09526337031275034
B_S24_U_m0.050,train,B_S24:47500002:55,True,True,0.2513357996940613,0.14393181866034865,-0.10740398103371263
B_S24_U_m0.050,train,B_S24:47500002:101,True,True,0.30656012892723083,0.17727476230356842,-0.1292853666236624
B_S24_U_m0.050,train,B_S24:47500002:114,True,True,0.3037658631801605,0.16767164668999612,-0.1360942164901644
B_S24_U_m0.050,train,B_S24:47500002:152,True,True,0.19863274693489075,0.14159836701583117,-0.057034379919059575
B_S24_U_m0.050,train,B_S24:47500002:178,True,True,0.30872997641563416,0.1613243364263326,-0.14740563998930156
B_S24_U_m0.050,train,B_S24:47500003:4,True,False,0.2915880084037781,0.15980315767228603,-0.13178485073149204
B_S24_U_m0.050,train,B_S24:47500003:16,True,False,0.26923635601997375,0.13572460529394448,-0.13351175072602928
B_S24_U_m0.050,train,B_S24:47500003:24,True,False,0.3075571358203888,0.19603050965815783,-0.11152662616223097
B_S24_U_m0.050,train,B_S24:47500003:41,True,True,0.31173577904701233,0.17630185233429074,-0.1354339267127216
B_S24_U_m0.050,train,B_S24:47500003:46,True,True,0.25412070751190186,0.19476336101070046,-0.05935734650120139
B_S24_U_m0.050,train,B_S24:47500003:80,True,True,0.21959476172924042,0.14270229381509125,-0.07689246791414917
B_S24_U_m0.050,train,B_S24:47500003:91,True,True,0.3157215118408203,0.19719789689406753,-0.11852361494675279
B_S24_U_m0.050,train,B_S24:47500003:109,True,True,0.33553045988082886,0.20387036120519042,-0.13166009867563844
B_S24_U_m0.050,train,B_S24:47500003:149,True,True,0.24324123561382294,0.1583468283060938,-0.08489440730772913
B_S24_U_m0.050,train,B_S24:47500003:180,True,True,0.21314549446105957,0.1477254058700055,-0.06542008859105408
B_S24_U_m0.050,train,B_S24:47500005:2,True,False,0.45751670002937317,0.25608931109309196,-0.2014273889362812
B_S24_U_m0.050,train,B_S24:47500005:6,True,False,0.41898995637893677,0.18849861179478467,-0.2304913445841521
B_S24_U_m0.050,train,B_S24:47500005:13,True,False,0.19942134618759155,0.1448141002911143,-0.05460724589647725
B_S24_U_m0.050,train,B_S24:47500005:45,True,True,0.2303026169538498,0.1573750707320869,-0.0729275462217629
B_S24_U_m0.050,train,B_S24:47500005:46,True,True,0.2792462408542633,0.15584304323419929,-0.12340319762006402
B_S24_U_m0.050,train,B_S24:47500005:67,True,True,0.22839877009391785,0.1512317368760705,-0.07716703321784735
B_S24_U_m0.050,train,B_S24:47500005:106,True,True,0.22296863794326782,0.15469057811424136,-0.06827805982902646
B_S24_U_m0.050,train,B_S24:47500005:120,True,True,0.2853245437145233,0.17618590034544468,-0.10913864336907864
B_S24_U_m0.050,train,B_S24:47500005:170,True,True,0.19875456392765045,0.12313414190430194,-0.07562042202334851
B_S24_U_m0.050,train,B_S24:47500006:4,True,False,0.28430333733558655,0.21718318900093436,-0.06712014833465219
B_S24_U_m0.050,train,B_S24:47500006:5,True,False,0.32784122228622437,0.19648444559425116,-0.1313567766919732
B_S24_U_m0.050,train,B_S24:47500006:8,True,False,0.2489010989665985,0.1771461712778546,-0.07175492768874392
B_S24_U_m0.050,train,B_S24:47500006:10,True,False,0.22778184711933136,0.16052506119012833,-0.06725678592920303
B_S24_U_m0.050,train,B_S24:47500006:89,True,True,0.21225875616073608,0.16258900379762053,-0.04966975236311555
B_S24_U_m0.050,train,B_S24:47500006:102,True,True,0.1718122363090515,0.11338765639811754,-0.05842457991093397
B_S24_U_m0.050,train,B_S24:47500006:118,True,True,0.24968892335891724,0.16340048157144338,-0.08628844178747386
B_S24_U_m0.050,train,B_S24:47500006:136,True,True,0.22789067029953003,0.16744546499103308,-0.06044520530849695
B_S24_U_m0.050,train,B_S24:47500006:169,True,True,0.20734886825084686,0.14118953491561115,-0.06615933333523571
B_S24_U_m0.050,train,B_S24:47500007:4,True,False,0.33647677302360535,0.20890230499207973,-0.1275744680315256
B_S24_U_m0.050,train,B_S24:47500007:6,True,False,0.3598081171512604,0.20428987313061953,-0.15551824402064085
B_S24_U_m0.050,train,B_S24:47500007:13,True,False,0.2652713358402252,0.19773905910551548,-0.06753227673470974
B_S24_U_m0.050,train,B_S24:47500007:36,True,True,0.19005709886550903,0.12743585859425366,-0.06262124027125537
B_S24_U_m0.050,train,B_S24:47500007:97,True,True,0.2194591909646988,0.14460547408089042,-0.07485371688380837
B_S24_U_m0.050,train,B_S24:47500007:118,True,True,0.20432159304618835,0.1349150504101999,-0.06940654263598844
B_S24_U_m0.050,train,B_S24:47500007:134,True,True,0.20598085224628448,0.14779777836520225,-0.05818307388108224
B_S24_U_m0.050,train,B_S24:47500007:168,True,True,0.25695186853408813,0.15372005407698452,-0.10323181445710361
B_S24_U_m0.050,train,B_S24:47500008:4,True,False,0.36055880784988403,0.23714198113884777,-0.12341682671103626
B_S24_U_m0.050,train,B_S24:47500008:10,True,False,0.18739715218544006,0.13052073889411986,-0.056876413291320205
B_S24_U_m0.050,train,B_S24:47500008:20,True,False,0.2662239372730255,0.16466497839428484,-0.10155895887874067
B_S24_U_m0.050,train,B_S24:47500008:28,True,True,0.23478379845619202,0.14131526672281325,-0.09346853173337877
B_S24_U_m0.050,train,B_S24:47500008:34,True,True,0.3037966787815094,0.18197786598466337,-0.12181881279684603
B_S24_U_m0.050,train,B_S24:47500008:112,True,True,0.36019402742385864,0.15099117462523282,-0.20920285279862583
B_S24_U_m0.050,train,B_S24:47500008:131,True,True,0.19987145066261292,0.11478790949331596,-0.08508354116929695
B_S24_U_m0.050,train,B_S24:47500008:172,True,True,0.2190256267786026,0.154938095016405,-0.06408753176219761
B_S24_U_m0.050,train,B_S24:47500009:6,True,False,0.26677680015563965,0.18071074364706874,-0.08606605650857091
B_S24_U_m0.050,train,B_S24:47500009:11,True,False,0.24778668582439423,0.17515671579167247,-0.07262997003272176
B_S24_U_m0.050,train,B_S24:47500009:15,True,False,0.32275092601776123,0.16689345124177635,-0.15585747477598488
B_S24_U_m0.050,train,B_S24:47500009:20,True,False,0.23011165857315063,0.15892286482267082,-0.07118879375047982
B_S24_U_m0.050,train,B_S24:47500009:26,True,True,0.24449250102043152,0.15082126477500424,-0.09367123624542728
B_S24_U_m0.050,train,B_S24:47500009:36,True,True,0.20468726754188538,0.16472679330036044,-0.039960474241524935
B_S24_U_m0.050,train,B_S24:47500009:68,True,True,0.20014865696430206,0.13059479469666258,-0.06955386226763949
B_S24_U_m0.050,train,B_S24:47500009:142,True,True,0.30914512276649475,0.15793140092864633,-0.15121372183784842
B_S24_U_m0.050,train,B_S24:47500011:5,True,False,0.2830510139465332,0.20335423102369532,-0.07969678292283788
B_S24_U_m0.050,train,B_S24:47500011:15,True,False,0.21354976296424866,0.13583725970238447,-0.07771250326186419
B_S24_U_m0.050,train,B_S24:47500011:26,True,True,0.2527449131011963,0.16353859612718225,-0.08920631697401404
B_S24_U_m0.050,train,B_S24:47500011:29,True,True,0.41296592354774475,0.14408591482788324,-0.2688800087198615
B_S24_U_m0.050,train,B_S24:47500011:31,True,True,0.2139759510755539,0.13704652956221253,-0.07692942151334137
B_S24_U_m0.050,train,B_S24:47500011:36,True,True,0.2746611535549164,0.17622211202979088,-0.0984390415251255
B_S24_U_m0.050,train,B_S24:47500011:49,True,True,0.25081953406333923,0.1210216989275068,-0.12979783513583243
B_S24_U_m0.050,train,B_S24:47500011:56,True,True,0.2712656855583191,0.1654563674237579,-0.10580931813456118
B_S24_U_m0.050,train,B_S24:47500011:74,True,True,0.2573917508125305,0.1512890662997961,-0.10610268451273441
B_S24_U_m0.050,train,B_S24:47500011:167,True,True,0.20823118090629578,0.15838632849045098,-0.0498448524158448
B_S24_U_m0.050,train,B_S24:47500013:14,True,False,0.38272619247436523,0.19939615298062563,-0.1833300394937396
B_S24_U_m0.050,train,B_S24:47500013:15,True,False,0.3109252452850342,0.15038136206567287,-0.1605438832193613
B_S24_U_m0.050,train,B_S24:47500013:28,True,True,0.1694268435239792,0.12535192258656025,-0.04407492093741894
B_S24_U_m0.050,train,B_S24:47500013:32,True,True,0.1926807165145874,0.1321160087827593,-0.060564707731828094
B_S24_U_m0.050,train,B_S24:47500013:58,True,True,0.25249654054641724,0.18114250618964434,-0.0713540343567729
B_S24_U_m0.050,train,B_S24:47500013:83,True,True,0.22444191575050354,0.1583202084293589,-0.06612170732114464
B_S24_U_m0.050,train,B_S24:47500013:119,True,True,0.24733966588974,0.16443656594492495,-0.08290309994481504
B_S24_U_m0.050,train,B_S24:47500013:128,True,True,0.21681147813796997,0.14578432799316943,-0.07102715014480054
B_S24_U_m0.050,train,B_S24:47500013:162,True,True,0.22065788507461548,0.1492023403989151,-0.07145554467570037
B_S24_U_m0.050,train,B_S24:47500013:165,True,True,0.251912921667099,0.14953800186049193,-0.10237491980660707
B_S24_U_m0.050,train,B_S24:47500014:9,True,False,0.26528847217559814,0.17913748091086745,-0.08615099126473069
B_S24_U_m0.050,train,B_S24:47500014:10,True,False,0.2726755738258362,0.15621578716672957,-0.11645978665910661
B_S24_U_m0.050,train,B_S24:47500014:20,True,False,0.3213055431842804,0.16689130663871765,-0.15441423654556274
B_S24_U_m0.050,train,B_S24:47500014:43,True,True,0.22612078487873077,0.1504234791500494,-0.07569730572868139
B_S24_U_m0.050,train,B_S24:47500014:60,True,True,0.2648601830005646,0.15938781015574932,-0.10547237284481525
B_S24_U_m0.050,train,B_S24:47500014:78,True,True,0.2779763340950012,0.15413244406227022,-0.123843890032731
B_S24_U_m0.050,train,B_S24:47500014:99,True,True,0.26350465416908264,0.1598652438260615,-0.10363941034302115
B_S24_U_m0.050,train,B_S24:47500014:134,True,True,0.3006689250469208,0.15976042492548004,-0.14090850012144074
B_S24_U_m0.050,train,B_S24:47500014:161,True,True,0.24451126158237457,0.16072372160851955,-0.08378753997385502
B_S24_U_m0.050,train,B_S24:47500014:170,True,True,0.27706441283226013,0.1545414417050779,-0.12252297112718225
B_S24_U_m0.050,train,B_S24:47500016:4,True,False,0.30868467688560486,0.22510938928462565,-0.08357528760097921
B_S24_U_m0.050,train,B_S24:47500016:5,True,False,0.31875428557395935,0.1895734408753924,-0.12918084469856694
B_S24_U_m0.050,train,B_S24:47500016:30,True,True,0.32959702610969543,0.1728198726195842,-0.15677715349011123
B_S24_U_m0.050,train,B_S24:47500016:42,True,True,0.33490291237831116,0.17869401816278696,-0.1562088942155242
B_S24_U_m0.050,train,B_S24:47500016:43,True,True,0.2577885091304779,0.1499301603762433,-0.10785834875423461
B_S24_U_m0.050,train,B_S24:47500016:108,True,True,0.23576538264751434,0.15951950941234827,-0.07624587323516607
B_S24_U_m0.050,train,B_S24:47500016:129,True,True,0.21668845415115356,0.14665660576429218,-0.07003184838686138
B_S24_U_m0.050,train,B_S24:47500016:165,True,True,0.340067595243454,0.15150694060139358,-0.1885606546420604
B_S24_U_m0.050,train,B_S24:47500016:169,True,True,0.23001787066459656,0.14416518452344462,-0.08585268614115193
B_S24_U_m0.050,development,B_S24:47600000:3,True,False,0.4236292541027069,0.25212923827348277,-0.17150001582922414
B_S24_U_m0.050,development,B_S24:47600000:14,True,False,0.14885646104812622,0.20719965080206748,0.05834318975394126
B_S24_U_m0.050,development,B_S24:47600000:17,True,False,0.19162587821483612,0.18339402144192718,-0.008231856772908941
B_S24_U_m0.050,development,B_S24:47600000:21,True,False,0.20217394828796387,0.1594567255160655,-0.04271722277189838
B_S24_U_m0.050,development,B_S24:47600000:29,True,True,0.2191390097141266,0.2057910651783459,-0.013347944535780698
B_S24_U_m0.050,development,B_S24:47600000:32,True,True,0.19962826371192932,0.20263520765001886,0.0030069439380895346
B_S24_U_m0.050,development,B_S24:47600000:76,True,True,0.20120510458946228,0.1538968984823441,-0.04730820610711817
B_S24_U_m0.050,development,B_S24:47600000:83,True,True,0.07328660041093826,0.192975623824168,0.11968902341322973
B_S24_U_m0.050,development,B_S24:47600000:157,True,True,0.17786955833435059,0.19326493356493302,0.015395375230582431
B_S24_U_m0.050,development,B_S24:47600002:2,True,False,0.15458160638809204,0.2748131882690359,0.12023158188094385
B_S24_U_m0.050,development,B_S24:47600002:16,True,False,0.19798122346401215,0.1709960276784841,-0.02698519578552805
B_S24_U_m0.050,development,B_S24:47600002:30,True,True,0.1674746423959732,0.13950277620460838,-0.027971866191364825
B_S24_U_m0.050,development,B_S24:47600002:36,True,True,0.19593749940395355,0.13710071360401344,-0.05883678579994012
B_S24_U_m0.050,development,B_S24:47600002:68,True,True,0.0948016569018364,0.1046009891142603,0.009799332212423906
B_S24_U_m0.050,development,B_S24:47600002:76,True,True,0.10688857734203339,0.15722743088554125,0.05033885354350787
B_S24_U_m0.050,development,B_S24:47600002:79,True,True,0.2086130976676941,0.23112370826129336,0.022510610593599267
B_S24_U_m0.050,development,B_S24:47600002:89,True,True,0.09176332503557205,0.08845532862324035,-0.003307996412331704
B_S24_U_m0.050,development,B_S24:47600002:107,True,True,0.11492478102445602,0.09990730884601362,-0.015017472178442404
B_S24_U_m0.050,development,B_S24:47600003:1,True,False,0.4896506071090698,0.34896934987045825,-0.14068125723861158
B_S24_U_m0.050,development,B_S24:47600003:3,True,False,0.38502857089042664,0.17991830996470526,-0.20511026092572138
B_S24_U_m0.050,development,B_S24:47600003:4,True,False,0.14163021743297577,0.1552432635362493,0.013613046103273518
B_S24_U_m0.050,development,B_S24:47600003:11,True,False,0.17761726677417755,0.18713127088267356,0.00951400410849601
B_S24_U_m0.050,development,B_S24:47600003:12,True,False,0.1932179480791092,0.1839082205115119,-0.009309727567597292
B_S24_U_m0.050,development,B_S24:47600003:22,True,False,0.13722380995750427,0.14760641318571288,0.010382603228208609
B_S24_U_m0.050,development,B_S24:47600003:70,True,True,0.13472452759742737,0.14370728056383086,0.008982752966403496
B_S24_U_m0.050,development,B_S24:47600003:90,True,True,0.16102345287799835,0.2024971084028948,0.04147365552489646
B_S24_U_m0.050,development,B_S24:47600003:112,True,True,0.11197958141565323,0.12166038842406124,0.00968080700840801
B_S24_U_m0.050,development,B_S24:47600003:125,True,True,0.13489246368408203,0.13549052791495342,0.0005980642308713868
B_S24_U_m0.050,development,B_S24:47600004:3,True,False,0.19499078392982483,0.18404533226566855,-0.01094545166415628
B_S24_U_m0.050,development,B_S24:47600004:8,True,False,0.2283944934606552,0.15921167776104994,-0.06918281569960527
B_S24_U_m0.050,development,B_S24:47600004:53,True,True,0.14882051944732666,0.1267181190341944,-0.022102400413132273
B_S24_U_m0.050,development,B_S24:47600004:65,True,True,0.13066427409648895,0.12305458448827267,-0.007609689608216286
B_S24_U_m0.050,development,B_S24:47600004:92,True,True,0.12209659069776535,0.12822475710709114,0.006128166409325786
B_S24_U_m0.050,development,B_S24:47600004:109,True,True,0.09833676367998123,0.10546978782804217,0.00713302414806094
B_S24_U_m0.050,development,B_S24:47600004:122,True,True,0.1139514371752739,0.1184803392898175,0.004528902114543598
B_S24_U_m0.050,development,B_S24:47600005:2,True,False,0.2819271981716156,0.2114414962416049,-0.07048570193001069
B_S24_U_m0.050,development,B_S24:47600005:5,True,False,0.09944557398557663,0.16027270900667645,0.06082713502109982
B_S24_U_m0.050,development,B_S24:47600005:15,True,False,0.21063931286334991,0.20627452518965583,-0.004364787673694082
B_S24_U_m0.050,development,B_S24:47600005:24,True,True,0.14564721286296844,0.12003361966344528,-0.025613593199523166
B_S24_U_m0.050,development,B_S24:47600005:33,True,True,0.12423503398895264,0.14147065745783038,0.017235623468877748
B_S24_U_m0.050,development,B_S24:47600005:48,True,True,0.16873593628406525,0.14001271870802157,-0.02872321757604368
B_S24_U_m0.050,development,B_S24:47600005:86,True,True,0.12226121127605438,0.13064585336542223,0.008384642089367844
B_S24_U_m0.050,development,B_S24:47600005:88,True,True,0.13115133345127106,0.1596323501871666,0.028481016735895537
B_S24_U_m0.050,development,B_S24:47600005:105,True,True,0.1895880550146103,0.1870346350624459,-0.002553419952164404
B_S24_U_m0.050,development,B_S24:47600005:119,True,True,0.1260039359331131,0.1404632519625011,0.014459316029387992
B_S24_U_m0.050,development,B_S24:47600006:2,True,False,0.28979310393333435,0.24339719212730415,-0.0463959118060302
B_S24_U_m0.050,development,B_S24:47600006:11,True,False,0.2498074471950531,0.1810122386814328,-0.06879520851362031
B_S24_U_m0.050,development,B_S24:47600006:13,True,False,0.2014169842004776,0.26093934071832336,0.059522356517845765
B_S24_U_m0.050,development,B_S24:47600006:16,True,False,0.28003790974617004,0.2654678606631933,-0.014570049082976766
B_S24_U_m0.050,development,B_S24:47600006:25,True,True,0.19208064675331116,0.163873861063621,-0.02820678568969015
B_S24_U_m0.050,development,B_S24:47600006:38,True,True,0.15444858372211456,0.15829110036429483,0.0038425166421802714
B_S24_U_m0.050,development,B_S24:47600006:72,True,True,0.17051802575588226,0.17528484798094723,0.0047668222250649706
B_S24_U_m0.050,development,B_S24:47600006:101,True,True,0.25886526703834534,0.20276992743310984,-0.056095339605235495
B_S24_U_m0.050,development,B_S24:47600006:132,True,True,0.17103852331638336,0.16993941884720698,-0.0010991044691763818
B_S24_U_m0.050,development,B_S24:47600006:177,True,True,0.16002383828163147,0.14568178376066498,-0.014342054520966485
B_S24_U_m0.050,development,B_S24:47600007:4,True,False,0.14733466506004333,0.13328552755410783,-0.014049137505935505
B_S24_U_m0.050,development,B_S24:47600007:7,True,False,0.11301619559526443,0.11765044277854031,0.004634247183275875
B_S24_U_m0.050,development,B_S24:47600007:10,True,False,0.15768446028232574,0.134369776584208,-0.023314683698117733
B_S24_U_m0.050,development,B_S24:47600007:17,True,False,0.17938081920146942,0.13233656888041878,-0.04704425032105064
B_S24_U_m0.050,development,B_S24:47600007:27,True,True,0.08326676487922668,0.09379859671753366,0.010531831838306971
B_S24_U_m0.050,development,B_S24:47600007:28,True,True,0.10388407111167908,0.10439713845698861,0.0005130673453095369
B_S24_U_m0.050,development,B_S24:47600007:61,True,True,0.15179388225078583,0.16260279332345817,0.010808911072672345
B_S24_U_m0.050,development,B_S24:47600007:66,True,True,0.17008376121520996,0.13921597467560787,-0.030867786539602093
B_S24_U_m0.050,development,B_S24:47600007:87,True,True,0.11478805541992188,0.12952679700538283,0.014738741585460957
B_S24_U_m0.050,development,B_S24:47600007:117,True,True,0.11614146083593369,0.1243923581787385,0.00825089734280482
B_S24_U_m0.050,development,B_S24:47600008:6,True,False,0.10180851817131042,0.12508285244985018,0.023274334278539754
B_S24_U_m0.050,development,B_S24:47600008:8,True,False,0.13483935594558716,0.10285097881569527,-0.03198837712989189
B_S24_U_m0.050,development,B_S24:47600008:21,True,False,0.07454146444797516,0.0737507422818453,-0.0007907221661298536
B_S24_U_m0.050,development,B_S24:47600008:23,True,True,0.08517930656671524,0.06891804793849587,-0.016261258628219366
B_S24_U_m0.050,development,B_S24:47600008:49,True,True,0.07919394969940186,0.09433278785581933,0.015138838156417478
B_S24_U_m0.050,development,B_S24:47600008:54,True,True,0.08680552244186401,0.10683133493876085,0.020025812496896833
B_S24_U_m0.050,development,B_S24:47600008:61,True,True,0.12350282073020935,0.1214385677521932,-0.0020642529780161567
B_S24_U_m0.050,development,B_S24:47600008:87,True,True,0.12930333614349365,0.1085312222421635,-0.020772113901330158
B_S24_U_m0.050,development,B_S24:47600008:101,True,True,0.06096966192126274,0.0980063587485347,0.03703669682727195
C_clearance_W_baseline,train,C_clearance:47500000:1,False,True,0.10173419862985611,0.07142641983227804,-0.030307778797578067
C_clearance_W_baseline,train,C_clearance:47500000:8,False,True,0.042641010135412216,0.044674475357169285,0.0020334652217570692
C_clearance_W_baseline,train,C_clearance:47500000:26,True,False,0.17353111505508423,0.053829573560506105,-0.11970154149457812
C_clearance_W_baseline,train,C_clearance:47500000:39,True,False,0.5822187662124634,0.30661356542259455,-0.27560520078986883
C_clearance_W_baseline,train,C_clearance:47500000:84,False,True,0.050776585936546326,0.06512010749429464,0.014343521557748318
C_clearance_W_baseline,train,C_clearance:47500000:141,False,True,0.046150073409080505,0.045881426020059735,-0.0002686473890207708
C_clearance_W_baseline,train,C_clearance:47500000:144,False,True,0.054588571190834045,0.10885908617638052,0.05427051498554647
C_clearance_W_baseline,train,C_clearance:47500000:155,True,False,0.08573050796985626,0.0596875044866465,-0.02604300348320976
C_clearance_W_baseline,train,C_clearance:47500000:169,False,True,0.013239387422800064,0.029070223856251687,0.015830836433451623
C_clearance_W_baseline,train,C_clearance:47500000:179,False,True,0.04117589816451073,0.040843871305696666,-0.0003320268588140607
C_clearance_W_baseline,train,C_clearance:47500002:2,True,False,0.34687429666519165,0.10711459442973137,-0.23975970223546028
C_clearance_W_baseline,train,C_clearance:47500002:3,True,False,0.2944745123386383,0.08518606296274811,-0.2092884493758902
C_clearance_W_baseline,train,C_clearance:47500002:15,False,True,0.011310884729027748,0.013524093214073218,0.0022132084850454703
C_clearance_W_baseline,train,C_clearance:47500002:25,False,True,0.01370711624622345,0.017898680438520387,0.004191564192296937
C_clearance_W_baseline,train,C_clearance:47500002:33,False,True,0.016608670353889465,0.01580306576215662,-0.0008056045917328447
C_clearance_W_baseline,train,C_clearance:47500002:55,False,True,0.01821201853454113,0.015400059754028916,-0.0028119587805122137
C_clearance_W_baseline,train,C_clearance:47500002:101,False,True,0.012819621711969376,0.013827173766912892,0.0010075520549435169
C_clearance_W_baseline,train,C_clearance:47500002:114,False,True,0.018415668979287148,0.01228073623497039,-0.006134932744316757
C_clearance_W_baseline,train,C_clearance:47500002:152,False,True,0.046805839985609055,0.05113741778768599,0.004331577802076936
C_clearance_W_baseline,train,C_clearance:47500002:178,False,True,0.046741846948862076,0.0367253320873715,-0.010016514861490577
C_clearance_W_baseline,train,C_clearance:47500003:4,True,False,0.23487937450408936,0.08118791721062735,-0.153691457293462
C_clearance_W_baseline,train,C_clearance:47500003:16,False,True,0.11708855628967285,0.12918204453308135,0.012093488243408501
C_clearance_W_baseline,train,C_clearance:47500003:24,False,True,0.06238701567053795,0.052812272566370666,-0.009574743104167283
C_clearance_W_baseline,train,C_clearance:47500003:41,False,True,0.0467778742313385,0.05414686893345788,0.00736899470211938
C_clearance_W_baseline,train,C_clearance:47500003:46,True,False,0.38615983724594116,0.18510889215394855,-0.20105094509199262
C_clearance_W_baseline,train,C_clearance:47500003:80,False,True,0.035687968134880066,0.0517379735247232,0.016050005389843136
C_clearance_W_baseline,train,C_clearance:47500003:91,False,True,0.04016333073377609,0.03887056221719831,-0.0012927685165777802
C_clearance_W_baseline,train,C_clearance:47500003:109,False,True,0.14275400340557098,0.11396667780354619,-0.028787325602024794
C_clearance_W_baseline,train,C_clearance:47500003:149,True,False,0.41983410716056824,0.2168753631412983,-0.20295874401926994
C_clearance_W_baseline,train,C_clearance:47500003:180,False,True,0.023504532873630524,0.03570755274267867,0.012203019869048148
C_clearance_W_baseline,train,C_clearance:47500005:2,False,True,0.05700922757387161,0.06212483317358419,0.0051156055997125804
C_clearance_W_baseline,train,C_clearance:47500005:6,False,True,0.032497379928827286,0.017871634889161214,-0.014625745039666072
C_clearance_W_baseline,train,C_clearance:47500005:13,False,True,0.011805346235632896,0.022191795345861465,0.010386449110228568
C_clearance_W_baseline,train,C_clearance:47500005:45,False,True,0.028483452275395393,0.03664925659541041,0.008165804320015013
C_clearance_W_baseline,train,C_clearance:47500005:46,False,True,0.018508898094296455,0.03687953413464129,0.018370636040344834
C_clearance_W_baseline,train,C_clearance:47500005:67,False,True,0.031120315194129944,0.02607090148376301,-0.0050494137103669345
C_clearance_W_baseline,train,C_clearance:47500005:106,False,True,0.02229178138077259,0.024044436868280172,0.0017526554875075817
C_clearance_W_baseline,train,C_clearance:47500005:120,False,True,0.0333736315369606,0.0424772368860431,0.0091036053490825
C_clearance_W_baseline,train,C_clearance:47500005:170,False,True,0.05047016218304634,0.03428542966139503,-0.016184732521651313
C_clearance_W_baseline,train,C_clearance:47500006:4,False,True,0.026893017813563347,0.04009163612499833,0.013198618311434984
C_clearance_W_baseline,train,C_clearance:47500006:5,False,True,0.03915092721581459,0.04595842369599268,0.006807496480178088
C_clearance_W_baseline,train,C_clearance:47500006:8,False,True,0.03985077887773514,0.06032725650584325,0.020476477628108114
C_clearance_W_baseline,train,C_clearance:47500006:10,False,True,0.06437338888645172,0.05921092609059997,-0.005162462795851752
C_clearance_W_baseline,train,C_clearance:47500006:89,False,True,0.013340240344405174,0.024434458056930453,0.011094217712525278
C_clearance_W_baseline,train,C_clearance:47500006:102,False,True,0.05093465372920036,0.06926165387267247,0.018327000143472105
C_clearance_W_baseline,train,C_clearance:47500006:118,True,False,0.12158925086259842,0.08544912454090081,-0.03614012632169761
C_clearance_W_baseline,train,C_clearance:47500006:136,True,False,0.08653294295072556,0.05927363724913448,-0.027259305701591074
C_clearance_W_baseline,train,C_clearance:47500006:169,False,True,0.04544351249933243,0.06387215037830174,0.01842863787896931
C_clearance_W_baseline,train,C_clearance:47500007:4,False,True,0.0082373833283782,0.01822729708510451,0.00998991375672631
C_clearance_W_baseline,train,C_clearance:47500007:6,False,True,0.017191382125020027,0.020199172344291583,0.0030077902192715555
C_clearance_W_baseline,train,C_clearance:47500007:13,False,True,0.014377206563949585,0.015877032856224105,0.0014998262922745198
C_clearance_W_baseline,train,C_clearance:47500007:36,False,True,0.015184969641268253,0.021990647888742387,0.006805678247474134
C_clearance_W_baseline,train,C_clearance:47500007:97,True,False,0.2459036260843277,0.11726345436181873,-0.12864017172250897
C_clearance_W_baseline,train,C_clearance:47500007:118,False,True,0.039294321089982986,0.04637661739252508,0.00708229630254209
C_clearance_W_baseline,train,C_clearance:47500007:134,False,True,0.043440040200948715,0.03773283603368327,-0.005707204167265445
C_clearance_W_baseline,train,C_clearance:47500007:168,False,True,0.0410296730697155,0.05725355492904782,0.016223881859332323
C_clearance_W_baseline,train,C_clearance:47500008:4,False,True,0.022863421589136124,0.02734507020795718,0.004481648618821055
C_clearance_W_baseline,train,C_clearance:47500008:10,False,True,0.03218833729624748,0.04068553005345166,0.008497192757204175
C_clearance_W_baseline,train,C_clearance:47500008:20,False,True,0.0485924668610096,0.06444504822138697,0.01585258136037737
C_clearance_W_baseline,train,C_clearance:47500008:28,False,True,0.03167703002691269,0.046077565231826156,0.014400535204913467
C_clearance_W_baseline,train,C_clearance:47500008:34,False,True,0.044907379895448685,0.06950000510551035,0.02459262521006167
C_clearance_W_baseline,train,C_clearance:47500008:112,True,False,0.6891372203826904,0.4467250881716609,-0.24241213221102953
C_clearance_W_baseline,train,C_clearance:47500008:131,False,True,0.061064962297677994,0.14083938649855554,0.07977442420087755
C_clearance_W_baseline,train,C_clearance:47500008:172,True,False,0.2869514226913452,0.1852526010479778,-0.10169882164336741
C_clearance_W_baseline,train,C_clearance:47500009:6,False,True,0.04070542752742767,0.057966707507148385,0.01726127997972071
C_clearance_W_baseline,train,C_clearance:47500009:11,False,True,0.06110208109021187,0.05563873809296638,-0.0054633429972454906
C_clearance_W_baseline,train,C_clearance:47500009:15,False,True,0.06339216977357864,0.0773847324308008,0.013992562657222152
C_clearance_W_baseline,train,C_clearance:47500009:20,False,True,0.07483138889074326,0.07345252251252532,-0.0013788663782179356
C_clearance_W_baseline,train,C_clearance:47500009:26,False,True,0.06282948702573776,0.060788514820160344,-0.002040972205577418
C_clearance_W_baseline,train,C_clearance:47500009:36,True,False,0.17952385544776917,0.0905067496933043,-0.08901710575446486
C_clearance_W_baseline,train,C_clearance:47500009:68,False,True,0.011525411158800125,0.03646732182824053,0.024941910669440404
C_clearance_W_baseline,train,C_clearance:47500009:142,False,True,0.01753171905875206,0.026070016261655837,0.008538297202903777
C_clearance_W_baseline,train,C_clearance:47500011:5,False,True,0.006448591127991676,0.015436243455042131,0.008987652327050455
C_clearance_W_baseline,train,C_clearance:47500011:15,False,True,0.04544384405016899,0.07127346564084291,0.025829621590673923
C_clearance_W_baseline,train,C_clearance:47500011:26,True,False,0.43520745635032654,0.05113731627352536,-0.3840701400768012
C_clearance_W_baseline,train,C_clearance:47500011:29,False,True,0.009100865572690964,0.04230973808444105,0.03320887251175009
C_clearance_W_baseline,train,C_clearance:47500011:31,False,True,0.015212862752377987,0.06850349332671613,0.05329063057433814
C_clearance_W_baseline,train,C_clearance:47500011:36,False,True,0.04421117156744003,0.04166615579742938,-0.00254501577001065
C_clearance_W_baseline,train,C_clearance:47500011:49,False,True,0.08195485174655914,0.05184409976936877,-0.030110751977190375
C_clearance_W_baseline,train,C_clearance:47500011:56,False,True,0.09040408581495285,0.0658975116093643,-0.02450657420558855
C_clearance_W_baseline,train,C_clearance:47500011:74,False,True,0.01648806594312191,0.020902285381453112,0.004414219438331202
C_clearance_W_baseline,train,C_clearance:47500011:167,False,True,0.017662042751908302,0.016410980446380563,-0.0012510623055277392
C_clearance_W_baseline,train,C_clearance:47500013:14,False,True,0.021608486771583557,0.028790024749469012,0.007181537977885455
C_clearance_W_baseline,train,C_clearance:47500013:15,False,True,0.01639528013765812,0.030061771860346198,0.013666491722688079
C_clearance_W_baseline,train,C_clearance:47500013:28,False,True,0.03344745188951492,0.03116282948758453,-0.002284622401930392
C_clearance_W_baseline,train,C_clearance:47500013:32,False,True,0.03298578038811684,0.04185883537866175,0.008873054990544915
C_clearance_W_baseline,train,C_clearance:47500013:58,False,True,0.03118513524532318,0.03235542291076854,0.0011702876654453576
C_clearance_W_baseline,train,C_clearance:47500013:83,False,True,0.07845871895551682,0.0798055399209261,0.0013468209654092789
C_clearance_W_baseline,train,C_clearance:47500013:119,False,True,0.05869970843195915,0.05565907253185287,-0.003040635900106281
C_clearance_W_baseline,train,C_clearance:47500013:128,True,False,0.4092120826244354,0.2713027512654662,-0.1379093313589692
C_clearance_W_baseline,train,C_clearance:47500013:162,False,True,0.048474088311195374,0.05745117535116151,0.008977087039966136
C_clearance_W_baseline,train,C_clearance:47500013:165,False,True,0.07200968265533447,0.05764890823047608,-0.014360774424858391
C_clearance_W_baseline,train,C_clearance:47500014:9,False,True,0.028088055551052094,0.02108238723303657,-0.007005668318015523
C_clearance_W_baseline,train,C_clearance:47500014:10,False,True,0.013744802214205265,0.024111857142997906,0.01036705492879264
C_clearance_W_baseline,train,C_clearance:47500014:20,False,True,0.04723485931754112,0.024634605448227376,-0.022600253869313747
C_clearance_W_baseline,train,C_clearance:47500014:43,False,True,0.01349359005689621,0.058798712911084294,0.045305122854188085
C_clearance_W_baseline,train,C_clearance:47500014:60,True,False,0.5787336230278015,0.43056737212464213,-0.14816625090315938
C_clearance_W_baseline,train,C_clearance:47500014:78,True,False,0.22495302557945251,0.15321887272875756,-0.07173415285069495
C_clearance_W_baseline,train,C_clearance:47500014:99,False,True,0.03893314674496651,0.0793700554058887,0.0404369086609222
C_clearance_W_baseline,train,C_clearance:47500014:134,False,True,0.0193888321518898,0.02435658557806164,0.004967753426171839
C_clearance_W_baseline,train,C_clearance:47500014:161,False,True,0.07749195396900177,0.09567045920994133,0.018178505240939558
C_clearance_W_baseline,train,C_clearance:47500014:170,False,True,0.02668491192162037,0.023103717510821298,-0.003581194410799071
C_clearance_W_baseline,train,C_clearance:47500016:4,False,True,0.01152663305401802,0.02741696685552597,0.01589033380150795
C_clearance_W_baseline,train,C_clearance:47500016:5,False,True,0.033999908715486526,0.032238184357993305,-0.0017617243574932218
C_clearance_W_baseline,train,C_clearance:47500016:30,True,False,0.4911956489086151,0.21351305372081697,-0.27768259518779814
C_clearance_W_baseline,train,C_clearance:47500016:42,False,True,0.05569184198975563,0.06654913222882897,0.010857290239073336
C_clearance_W_baseline,train,C_clearance:47500016:43,False,True,0.032801274210214615,0.06848034833092242,0.03567907412070781
C_clearance_W_baseline,train,C_clearance:47500016:108,False,True,0.02024565264582634,0.036568148469086736,0.016322495823260397
C_clearance_W_baseline,train,C_clearance:47500016:129,False,True,0.027190010994672775,0.04539614892564714,0.018206137930974364
C_clearance_W_baseline,train,C_clearance:47500016:165,False,True,0.019349560141563416,0.034534490026999265,0.01518492988543585
C_clearance_W_baseline,train,C_clearance:47500016:169,False,True,0.015151427127420902,0.03835484164301306,0.023203414515592158
C_clearance_W_baseline,development,C_clearance:47600000:3,True,False,0.06301232427358627,0.0898142555342929,0.026801931260706624
C_clearance_W_baseline,development,C_clearance:47600000:14,False,True,0.027167554944753647,0.03873638639197452,0.011568831447220873
C_clearance_W_baseline,development,C_clearance:47600000:17,False,True,0.028232915326952934,0.044213827579369536,0.0159809122524166
C_clearance_W_baseline,development,C_clearance:47600000:21,False,True,0.029910404235124588,0.034955179540702375,0.005044775305577787
C_clearance_W_baseline,development,C_clearance:47600000:29,False,True,0.05974318087100983,0.0537312126980396,-0.006011968172970228
C_clearance_W_baseline,development,C_clearance:47600000:32,False,True,0.05981133133172989,0.057034956218558364,-0.0027763751131715253
C_clearance_W_baseline,development,C_clearance:47600000:76,False,True,0.06464463472366333,0.08341855969047174,0.01877392496680841
C_clearance_W_baseline,development,C_clearance:47600000:83,True,False,0.1396203190088272,0.16117178397689713,0.021551464968069922
C_clearance_W_baseline,development,C_clearance:47600000:157,False,True,0.13049186766147614,0.22554898302769288,0.09505711536621675
C_clearance_W_baseline,development,C_clearance:47600002:2,False,True,0.11348426342010498,0.04195114385947818,-0.0715331195606268
C_clearance_W_baseline,development,C_clearance:47600002:16,False,True,0.04752224683761597,0.05457965199457249,0.00705740515695652
C_clearance_W_baseline,development,C_clearance:47600002:30,False,True,0.04343019425868988,0.056931842482299544,0.013501648223609664
C_clearance_W_baseline,development,C_clearance:47600002:36,False,True,0.06615545600652695,0.0733054939773865,0.007150037970859557
C_clearance_W_baseline,development,C_clearance:47600002:68,False,True,0.048696450889110565,0.0409282209839148,-0.007768229905195767
C_clearance_W_baseline,development,C_clearance:47600002:76,False,True,0.056219518184661865,0.06726262661686633,0.011043108432204463
C_clearance_W_baseline,development,C_clearance:47600002:79,True,False,0.12880057096481323,0.25802414504869375,0.12922357408388052
C_clearance_W_baseline,development,C_clearance:47600002:89,False,True,0.11458531767129898,0.05634235086108674,-0.05824296681021224
C_clearance_W_baseline,development,C_clearance:47600002:107,False,True,0.06345900893211365,0.0889963122390327,0.025537303306919057
C_clearance_W_baseline,development,C_clearance:47600003:1,True,False,0.018542710691690445,0.11894869045136147,0.10040597975967103
C_clearance_W_baseline,development,C_clearance:47600003:3,True,False,0.04894677922129631,0.06993070111275301,0.020983921891456703
C_clearance_W_baseline,development,C_clearance:47600003:4,True,False,0.07122131437063217,0.05884207621784299,-0.012379238152789185
C_clearance_W_baseline,development,C_clearance:47600003:11,False,True,0.07025491446256638,0.078295723789779,0.008040809327212628
C_clearance_W_baseline,development,C_clearance:47600003:12,False,True,0.0879996046423912,0.0746119869290851,-0.0133876177133061
C_clearance_W_baseline,development,C_clearance:47600003:22,True,False,0.3472541570663452,0.38967698291526176,0.042422825848916546
C_clearance_W_baseline,development,C_clearance:47600003:70,False,True,0.2034783661365509,0.2398468156461604,0.03636844950960949
C_clearance_W_baseline,development,C_clearance:47600003:90,True,False,0.05355717986822128,0.06140555064484943,0.007848370776628144
C_clearance_W_baseline,development,C_clearance:47600003:112,False,True,0.048070307821035385,0.0618113520249608,0.013741044203925412
C_clearance_W_baseline,development,C_clearance:47600003:125,False,True,0.03331330046057701,0.05705835364278755,0.02374505318221054
C_clearance_W_baseline,development,C_clearance:47600004:3,False,True,0.10735168308019638,0.05353306518554746,-0.053818617894648924
C_clearance_W_baseline,development,C_clearance:47600004:8,False,True,0.031288597732782364,0.03939070687192725,0.008102109139144886
C_clearance_W_baseline,development,C_clearance:47600004:53,False,True,0.01973097212612629,0.018857586219382938,-0.0008733859067433514
C_clearance_W_baseline,development,C_clearance:47600004:65,False,True,0.020490029826760292,0.01542589445853082,-0.005064135368229472
C_clearance_W_baseline,development,C_clearance:47600004:92,False,True,0.019140703603625298,0.016385631015509716,-0.0027550725881155813
C_clearance_W_baseline,development,C_clearance:47600004:109,False,True,0.0379628948867321,0.016924805413509603,-0.0210380894732225
C_clearance_W_baseline,development,C_clearance:47600004:122,False,True,0.011463840492069721,0.016295608915243065,0.004831768423173344
C_clearance_W_baseline,development,C_clearance:47600005:2,False,True,0.015172816812992096,0.026335942948207958,0.011163126135215862
C_clearance_W_baseline,development,C_clearance:47600005:5,False,True,0.023071611300110817,0.02566737231973093,0.002595761019620113
C_clearance_W_baseline,development,C_clearance:47600005:15,True,False,0.1184527575969696,0.14654132574651157,0.02808856814954197
C_clearance_W_baseline,development,C_clearance:47600005:24,False,True,0.03514602780342102,0.04139798089090618,0.0062519530874851625
C_clearance_W_baseline,development,C_clearance:47600005:33,False,True,0.043337102979421616,0.0322434172485373,-0.011093685730884317
C_clearance_W_baseline,development,C_clearance:47600005:48,False,True,0.18186812102794647,0.10758502560202032,-0.07428309542592615
C_clearance_W_baseline,development,C_clearance:47600005:86,True,False,0.32615432143211365,0.1460025148553541,-0.18015180657675955
C_clearance_W_baseline,development,C_clearance:47600005:88,True,False,0.11135166138410568,0.23987814974680077,0.1285264883626951
C_clearance_W_baseline,development,C_clearance:47600005:105,True,False,0.10596879571676254,0.07605938763299491,-0.02990940808376763
C_clearance_W_baseline,development,C_clearance:47600005:119,False,True,0.07039225846529007,0.08141517755939276,0.01102291909410269
C_clearance_W_baseline,development,C_clearance:47600006:2,True,False,0.20219944417476654,0.15665199908835348,-0.04554744508641306
C_clearance_W_baseline,development,C_clearance:47600006:11,False,True,0.021813055500388145,0.04610230822436279,0.02428925272397464
C_clearance_W_baseline,development,C_clearance:47600006:13,True,False,0.04986701160669327,0.08374487641412998,0.03387786480743671
C_clearance_W_baseline,development,C_clearance:47600006:16,True,False,0.09768891334533691,0.058565254003042355,-0.03912365934229456
C_clearance_W_baseline,development,C_clearance:47600006:25,False,True,0.04073164984583855,0.07376803045917768,0.033036380613339134
C_clearance_W_baseline,development,C_clearance:47600006:38,False,True,0.06745277345180511,0.09023347695620032,0.022780703504395206
C_clearance_W_baseline,development,C_clearance:47600006:72,True,False,0.08617781847715378,0.03226565063596354,-0.05391216784119024
C_clearance_W_baseline,development,C_clearance:47600006:101,False,True,0.04112410917878151,0.04862465657788562,0.007500547399104107
C_clearance_W_baseline,development,C_clearance:47600006:132,False,True,0.04652698338031769,0.04336134720870177,-0.0031656361716159154
C_clearance_W_baseline,development,C_clearance:47600006:177,True,False,0.14127857983112335,0.16828473916393705,0.027006159332813695
C_clearance_W_baseline,development,C_clearance:47600007:4,False,True,0.007020512595772743,0.01805286759736191,0.011032355001589167
C_clearance_W_baseline,development,C_clearance:47600007:7,False,True,0.02821499854326248,0.028966626752662705,0.0007516282094002236
C_clearance_W_baseline,development,C_clearance:47600007:10,False,True,0.03659173473715782,0.044895978906424716,0.008304244169266894
C_clearance_W_baseline,development,C_clearance:47600007:17,False,True,0.06173798814415932,0.022807871326222084,-0.03893011681793723
C_clearance_W_baseline,development,C_clearance:47600007:27,True,False,0.1664976179599762,0.12357960986264516,-0.04291800809733104
C_clearance_W_baseline,development,C_clearance:47600007:28,True,False,0.0944381058216095,0.12995177372795297,0.03551366790634347
C_clearance_W_baseline,development,C_clearance:47600007:61,False,True,0.025129487738013268,0.037744604280305794,0.012615116542292526
C_clearance_W_baseline,development,C_clearance:47600007:66,False,True,0.018419954925775528,0.02447357193159405,0.0060536170058185235
C_clearance_W_baseline,development,C_clearance:47600007:87,False,True,0.02753945253789425,0.03331647844606778,0.005777025908173528
C_clearance_W_baseline,development,C_clearance:47600007:117,False,True,0.0198606438934803,0.03366866270516766,0.013808018811687361
C_clearance_W_baseline,development,C_clearance:47600008:6,False,True,0.06348780542612076,0.02109351816761773,-0.04239428725850303
C_clearance_W_baseline,development,C_clearance:47600008:8,False,True,0.01475245039910078,0.020830350134929176,0.006077899735828396
C_clearance_W_baseline,development,C_clearance:47600008:21,False,True,0.02760172262787819,0.031746570577524835,0.004144847949646646
C_clearance_W_baseline,development,C_clearance:47600008:23,False,True,0.031899746507406235,0.045552359111752594,0.01365261260434636
C_clearance_W_baseline,development,C_clearance:47600008:49,False,True,0.04310234263539314,0.05883585414267145,0.01573351150727831
C_clearance_W_baseline,development,C_clearance:47600008:54,False,True,0.08198510110378265,0.05059034596342826,-0.03139475514035439
C_clearance_W_baseline,development,C_clearance:47600008:61,False,True,0.057019125670194626,0.056080610513163265,-0.000938515157031361
C_clearance_W_baseline,development,C_clearance:47600008:87,False,True,0.04754950478672981,0.0334830345636874,-0.014066470223042415
C_clearance_W_baseline,development,C_clearance:47600008:101,False,True,0.016921043395996094,0.025965256290874095,0.009044212894878001
C_clearance_W_m0.010,train,C_clearance:47500000:1,False,True,0.10173419862985611,0.07142641983227804,-0.030307778797578067
C_clearance_W_m0.010,train,C_clearance:47500000:8,False,True,0.042641010135412216,0.044674475357169285,0.0020334652217570692
C_clearance_W_m0.010,train,C_clearance:47500000:26,True,False,0.17353111505508423,0.053829573560506105,-0.11970154149457812
C_clearance_W_m0.010,train,C_clearance:47500000:39,True,False,0.5822187662124634,0.30661356542259455,-0.27560520078986883
C_clearance_W_m0.010,train,C_clearance:47500000:84,False,True,0.050776585936546326,0.06512010749429464,0.014343521557748318
C_clearance_W_m0.010,train,C_clearance:47500000:141,False,True,0.046150073409080505,0.045881426020059735,-0.0002686473890207708
C_clearance_W_m0.010,train,C_clearance:47500000:144,False,True,0.054588571190834045,0.10885908617638052,0.05427051498554647
C_clearance_W_m0.010,train,C_clearance:47500000:155,True,False,0.08573050796985626,0.0596875044866465,-0.02604300348320976
C_clearance_W_m0.010,train,C_clearance:47500000:169,False,True,0.013239387422800064,0.029070223856251687,0.015830836433451623
C_clearance_W_m0.010,train,C_clearance:47500000:179,False,True,0.04117589816451073,0.040843871305696666,-0.0003320268588140607
C_clearance_W_m0.010,train,C_clearance:47500002:2,True,False,0.34687429666519165,0.10711459442973137,-0.23975970223546028
C_clearance_W_m0.010,train,C_clearance:47500002:3,True,False,0.2944745123386383,0.08518606296274811,-0.2092884493758902
C_clearance_W_m0.010,train,C_clearance:47500002:15,False,True,0.011310884729027748,0.013524093214073218,0.0022132084850454703
C_clearance_W_m0.010,train,C_clearance:47500002:25,False,True,0.01370711624622345,0.017898680438520387,0.004191564192296937
C_clearance_W_m0.010,train,C_clearance:47500002:33,False,True,0.016608670353889465,0.01580306576215662,-0.0008056045917328447
C_clearance_W_m0.010,train,C_clearance:47500002:55,False,True,0.01821201853454113,0.015400059754028916,-0.0028119587805122137
C_clearance_W_m0.010,train,C_clearance:47500002:101,False,True,0.012819621711969376,0.013827173766912892,0.0010075520549435169
C_clearance_W_m0.010,train,C_clearance:47500002:114,False,True,0.018415668979287148,0.01228073623497039,-0.006134932744316757
C_clearance_W_m0.010,train,C_clearance:47500002:152,False,True,0.046805839985609055,0.05113741778768599,0.004331577802076936
C_clearance_W_m0.010,train,C_clearance:47500002:178,False,True,0.046741846948862076,0.0367253320873715,-0.010016514861490577
C_clearance_W_m0.010,train,C_clearance:47500003:4,True,False,0.23487937450408936,0.08118791721062735,-0.153691457293462
C_clearance_W_m0.010,train,C_clearance:47500003:16,False,True,0.11708855628967285,0.12918204453308135,0.012093488243408501
C_clearance_W_m0.010,train,C_clearance:47500003:24,False,True,0.06238701567053795,0.052812272566370666,-0.009574743104167283
C_clearance_W_m0.010,train,C_clearance:47500003:41,False,True,0.0467778742313385,0.05414686893345788,0.00736899470211938
C_clearance_W_m0.010,train,C_clearance:47500003:46,True,False,0.38615983724594116,0.18510889215394855,-0.20105094509199262
C_clearance_W_m0.010,train,C_clearance:47500003:80,False,True,0.035687968134880066,0.0517379735247232,0.016050005389843136
C_clearance_W_m0.010,train,C_clearance:47500003:91,False,True,0.04016333073377609,0.03887056221719831,-0.0012927685165777802
C_clearance_W_m0.010,train,C_clearance:47500003:109,False,True,0.14275400340557098,0.11396667780354619,-0.028787325602024794
C_clearance_W_m0.010,train,C_clearance:47500003:149,True,False,0.41983410716056824,0.2168753631412983,-0.20295874401926994
C_clearance_W_m0.010,train,C_clearance:47500003:180,False,True,0.023504532873630524,0.03570755274267867,0.012203019869048148
C_clearance_W_m0.010,train,C_clearance:47500005:2,False,True,0.05700922757387161,0.06212483317358419,0.0051156055997125804
C_clearance_W_m0.010,train,C_clearance:47500005:6,False,True,0.032497379928827286,0.017871634889161214,-0.014625745039666072
C_clearance_W_m0.010,train,C_clearance:47500005:13,False,True,0.011805346235632896,0.022191795345861465,0.010386449110228568
C_clearance_W_m0.010,train,C_clearance:47500005:45,False,True,0.028483452275395393,0.03664925659541041,0.008165804320015013
C_clearance_W_m0.010,train,C_clearance:47500005:46,False,True,0.018508898094296455,0.03687953413464129,0.018370636040344834
C_clearance_W_m0.010,train,C_clearance:47500005:67,False,True,0.031120315194129944,0.02607090148376301,-0.0050494137103669345
C_clearance_W_m0.010,train,C_clearance:47500005:106,False,True,0.02229178138077259,0.024044436868280172,0.0017526554875075817
C_clearance_W_m0.010,train,C_clearance:47500005:120,False,True,0.0333736315369606,0.0424772368860431,0.0091036053490825
C_clearance_W_m0.010,train,C_clearance:47500005:170,False,True,0.05047016218304634,0.03428542966139503,-0.016184732521651313
C_clearance_W_m0.010,train,C_clearance:47500006:4,False,True,0.026893017813563347,0.04009163612499833,0.013198618311434984
C_clearance_W_m0.010,train,C_clearance:47500006:5,False,True,0.03915092721581459,0.04595842369599268,0.006807496480178088
C_clearance_W_m0.010,train,C_clearance:47500006:8,False,True,0.03985077887773514,0.06032725650584325,0.020476477628108114
C_clearance_W_m0.010,train,C_clearance:47500006:10,False,True,0.06437338888645172,0.05921092609059997,-0.005162462795851752
C_clearance_W_m0.010,train,C_clearance:47500006:89,False,True,0.013340240344405174,0.024434458056930453,0.011094217712525278
C_clearance_W_m0.010,train,C_clearance:47500006:102,False,True,0.05093465372920036,0.06926165387267247,0.018327000143472105
C_clearance_W_m0.010,train,C_clearance:47500006:118,True,False,0.12158925086259842,0.08544912454090081,-0.03614012632169761
C_clearance_W_m0.010,train,C_clearance:47500006:136,True,False,0.08653294295072556,0.05927363724913448,-0.027259305701591074
C_clearance_W_m0.010,train,C_clearance:47500006:169,False,True,0.04544351249933243,0.06387215037830174,0.01842863787896931
C_clearance_W_m0.010,train,C_clearance:47500007:4,False,True,0.0082373833283782,0.01822729708510451,0.00998991375672631
C_clearance_W_m0.010,train,C_clearance:47500007:6,False,True,0.017191382125020027,0.020199172344291583,0.0030077902192715555
C_clearance_W_m0.010,train,C_clearance:47500007:13,False,True,0.014377206563949585,0.015877032856224105,0.0014998262922745198
C_clearance_W_m0.010,train,C_clearance:47500007:36,False,True,0.015184969641268253,0.021990647888742387,0.006805678247474134
C_clearance_W_m0.010,train,C_clearance:47500007:97,True,False,0.2459036260843277,0.11726345436181873,-0.12864017172250897
C_clearance_W_m0.010,train,C_clearance:47500007:118,False,True,0.039294321089982986,0.04637661739252508,0.00708229630254209
C_clearance_W_m0.010,train,C_clearance:47500007:134,False,True,0.043440040200948715,0.03773283603368327,-0.005707204167265445
C_clearance_W_m0.010,train,C_clearance:47500007:168,False,True,0.0410296730697155,0.05725355492904782,0.016223881859332323
C_clearance_W_m0.010,train,C_clearance:47500008:4,False,True,0.022863421589136124,0.02734507020795718,0.004481648618821055
C_clearance_W_m0.010,train,C_clearance:47500008:10,False,True,0.03218833729624748,0.04068553005345166,0.008497192757204175
C_clearance_W_m0.010,train,C_clearance:47500008:20,False,True,0.0485924668610096,0.06444504822138697,0.01585258136037737
C_clearance_W_m0.010,train,C_clearance:47500008:28,False,True,0.03167703002691269,0.046077565231826156,0.014400535204913467
C_clearance_W_m0.010,train,C_clearance:47500008:34,False,True,0.044907379895448685,0.06950000510551035,0.02459262521006167
C_clearance_W_m0.010,train,C_clearance:47500008:112,True,False,0.6891372203826904,0.4467250881716609,-0.24241213221102953
C_clearance_W_m0.010,train,C_clearance:47500008:131,False,True,0.061064962297677994,0.14083938649855554,0.07977442420087755
C_clearance_W_m0.010,train,C_clearance:47500008:172,True,False,0.2869514226913452,0.1852526010479778,-0.10169882164336741
C_clearance_W_m0.010,train,C_clearance:47500009:6,False,True,0.04070542752742767,0.057966707507148385,0.01726127997972071
C_clearance_W_m0.010,train,C_clearance:47500009:11,False,True,0.06110208109021187,0.05563873809296638,-0.0054633429972454906
C_clearance_W_m0.010,train,C_clearance:47500009:15,False,True,0.06339216977357864,0.0773847324308008,0.013992562657222152
C_clearance_W_m0.010,train,C_clearance:47500009:20,False,True,0.07483138889074326,0.07345252251252532,-0.0013788663782179356
C_clearance_W_m0.010,train,C_clearance:47500009:26,False,True,0.06282948702573776,0.060788514820160344,-0.002040972205577418
C_clearance_W_m0.010,train,C_clearance:47500009:36,True,False,0.17952385544776917,0.0905067496933043,-0.08901710575446486
C_clearance_W_m0.010,train,C_clearance:47500009:68,False,True,0.011525411158800125,0.03646732182824053,0.024941910669440404
C_clearance_W_m0.010,train,C_clearance:47500009:142,False,True,0.01753171905875206,0.026070016261655837,0.008538297202903777
C_clearance_W_m0.010,train,C_clearance:47500011:5,False,True,0.006448591127991676,0.015436243455042131,0.008987652327050455
C_clearance_W_m0.010,train,C_clearance:47500011:15,False,True,0.04544384405016899,0.07127346564084291,0.025829621590673923
C_clearance_W_m0.010,train,C_clearance:47500011:26,True,False,0.43520745635032654,0.05113731627352536,-0.3840701400768012
C_clearance_W_m0.010,train,C_clearance:47500011:29,False,True,0.009100865572690964,0.04230973808444105,0.03320887251175009
C_clearance_W_m0.010,train,C_clearance:47500011:31,False,True,0.015212862752377987,0.06850349332671613,0.05329063057433814
C_clearance_W_m0.010,train,C_clearance:47500011:36,False,True,0.04421117156744003,0.04166615579742938,-0.00254501577001065
C_clearance_W_m0.010,train,C_clearance:47500011:49,False,True,0.08195485174655914,0.05184409976936877,-0.030110751977190375
C_clearance_W_m0.010,train,C_clearance:47500011:56,False,True,0.09040408581495285,0.0658975116093643,-0.02450657420558855
C_clearance_W_m0.010,train,C_clearance:47500011:74,False,True,0.01648806594312191,0.020902285381453112,0.004414219438331202
C_clearance_W_m0.010,train,C_clearance:47500011:167,False,True,0.017662042751908302,0.016410980446380563,-0.0012510623055277392
C_clearance_W_m0.010,train,C_clearance:47500013:14,False,True,0.021608486771583557,0.028790024749469012,0.007181537977885455
C_clearance_W_m0.010,train,C_clearance:47500013:15,False,True,0.01639528013765812,0.030061771860346198,0.013666491722688079
C_clearance_W_m0.010,train,C_clearance:47500013:28,False,True,0.03344745188951492,0.03116282948758453,-0.002284622401930392
C_clearance_W_m0.010,train,C_clearance:47500013:32,False,True,0.03298578038811684,0.04185883537866175,0.008873054990544915
C_clearance_W_m0.010,train,C_clearance:47500013:58,False,True,0.03118513524532318,0.03235542291076854,0.0011702876654453576
C_clearance_W_m0.010,train,C_clearance:47500013:83,False,True,0.07845871895551682,0.0798055399209261,0.0013468209654092789
C_clearance_W_m0.010,train,C_clearance:47500013:119,False,True,0.05869970843195915,0.05565907253185287,-0.003040635900106281
C_clearance_W_m0.010,train,C_clearance:47500013:128,True,False,0.4092120826244354,0.2713027512654662,-0.1379093313589692
C_clearance_W_m0.010,train,C_clearance:47500013:162,False,True,0.048474088311195374,0.05745117535116151,0.008977087039966136
C_clearance_W_m0.010,train,C_clearance:47500013:165,False,True,0.07200968265533447,0.05764890823047608,-0.014360774424858391
C_clearance_W_m0.010,train,C_clearance:47500014:9,False,True,0.028088055551052094,0.02108238723303657,-0.007005668318015523
C_clearance_W_m0.010,train,C_clearance:47500014:10,False,True,0.013744802214205265,0.024111857142997906,0.01036705492879264
C_clearance_W_m0.010,train,C_clearance:47500014:20,False,True,0.04723485931754112,0.024634605448227376,-0.022600253869313747
C_clearance_W_m0.010,train,C_clearance:47500014:43,False,True,0.01349359005689621,0.058798712911084294,0.045305122854188085
C_clearance_W_m0.010,train,C_clearance:47500014:60,True,False,0.5787336230278015,0.43056737212464213,-0.14816625090315938
C_clearance_W_m0.010,train,C_clearance:47500014:78,True,False,0.22495302557945251,0.15321887272875756,-0.07173415285069495
C_clearance_W_m0.010,train,C_clearance:47500014:99,False,True,0.03893314674496651,0.0793700554058887,0.0404369086609222
C_clearance_W_m0.010,train,C_clearance:47500014:134,False,True,0.0193888321518898,0.02435658557806164,0.004967753426171839
C_clearance_W_m0.010,train,C_clearance:47500014:161,False,True,0.07749195396900177,0.09567045920994133,0.018178505240939558
C_clearance_W_m0.010,train,C_clearance:47500014:170,False,True,0.02668491192162037,0.023103717510821298,-0.003581194410799071
C_clearance_W_m0.010,train,C_clearance:47500016:4,False,True,0.01152663305401802,0.02741696685552597,0.01589033380150795
C_clearance_W_m0.010,train,C_clearance:47500016:5,False,True,0.033999908715486526,0.032238184357993305,-0.0017617243574932218
C_clearance_W_m0.010,train,C_clearance:47500016:30,True,False,0.4911956489086151,0.21351305372081697,-0.27768259518779814
C_clearance_W_m0.010,train,C_clearance:47500016:42,False,True,0.05569184198975563,0.06654913222882897,0.010857290239073336
C_clearance_W_m0.010,train,C_clearance:47500016:43,False,True,0.032801274210214615,0.06848034833092242,0.03567907412070781
C_clearance_W_m0.010,train,C_clearance:47500016:108,False,True,0.02024565264582634,0.036568148469086736,0.016322495823260397
C_clearance_W_m0.010,train,C_clearance:47500016:129,False,True,0.027190010994672775,0.04539614892564714,0.018206137930974364
C_clearance_W_m0.010,train,C_clearance:47500016:165,False,True,0.019349560141563416,0.034534490026999265,0.01518492988543585
C_clearance_W_m0.010,train,C_clearance:47500016:169,False,True,0.015151427127420902,0.03835484164301306,0.023203414515592158
C_clearance_W_m0.010,development,C_clearance:47600000:3,True,False,0.06301232427358627,0.0898142555342929,0.026801931260706624
C_clearance_W_m0.010,development,C_clearance:47600000:14,False,True,0.027167554944753647,0.03873638639197452,0.011568831447220873
C_clearance_W_m0.010,development,C_clearance:47600000:17,False,True,0.028232915326952934,0.044213827579369536,0.0159809122524166
C_clearance_W_m0.010,development,C_clearance:47600000:21,False,True,0.029910404235124588,0.034955179540702375,0.005044775305577787
C_clearance_W_m0.010,development,C_clearance:47600000:29,False,True,0.05974318087100983,0.0537312126980396,-0.006011968172970228
C_clearance_W_m0.010,development,C_clearance:47600000:32,False,True,0.05981133133172989,0.057034956218558364,-0.0027763751131715253
C_clearance_W_m0.010,development,C_clearance:47600000:76,False,True,0.06464463472366333,0.08341855969047174,0.01877392496680841
C_clearance_W_m0.010,development,C_clearance:47600000:83,True,False,0.1396203190088272,0.16117178397689713,0.021551464968069922
C_clearance_W_m0.010,development,C_clearance:47600000:157,False,True,0.13049186766147614,0.22554898302769288,0.09505711536621675
C_clearance_W_m0.010,development,C_clearance:47600002:2,False,True,0.11348426342010498,0.04195114385947818,-0.0715331195606268
C_clearance_W_m0.010,development,C_clearance:47600002:16,False,True,0.04752224683761597,0.05457965199457249,0.00705740515695652
C_clearance_W_m0.010,development,C_clearance:47600002:30,False,True,0.04343019425868988,0.056931842482299544,0.013501648223609664
C_clearance_W_m0.010,development,C_clearance:47600002:36,False,True,0.06615545600652695,0.0733054939773865,0.007150037970859557
C_clearance_W_m0.010,development,C_clearance:47600002:68,False,True,0.048696450889110565,0.0409282209839148,-0.007768229905195767
C_clearance_W_m0.010,development,C_clearance:47600002:76,False,True,0.056219518184661865,0.06726262661686633,0.011043108432204463
C_clearance_W_m0.010,development,C_clearance:47600002:79,True,False,0.12880057096481323,0.25802414504869375,0.12922357408388052
C_clearance_W_m0.010,development,C_clearance:47600002:89,False,True,0.11458531767129898,0.05634235086108674,-0.05824296681021224
C_clearance_W_m0.010,development,C_clearance:47600002:107,False,True,0.06345900893211365,0.0889963122390327,0.025537303306919057
C_clearance_W_m0.010,development,C_clearance:47600003:1,True,False,0.018542710691690445,0.11894869045136147,0.10040597975967103
C_clearance_W_m0.010,development,C_clearance:47600003:3,True,False,0.04894677922129631,0.06993070111275301,0.020983921891456703
C_clearance_W_m0.010,development,C_clearance:47600003:4,True,False,0.07122131437063217,0.05884207621784299,-0.012379238152789185
C_clearance_W_m0.010,development,C_clearance:47600003:11,False,True,0.07025491446256638,0.078295723789779,0.008040809327212628
C_clearance_W_m0.010,development,C_clearance:47600003:12,False,True,0.0879996046423912,0.0746119869290851,-0.0133876177133061
C_clearance_W_m0.010,development,C_clearance:47600003:22,True,False,0.3472541570663452,0.38967698291526176,0.042422825848916546
C_clearance_W_m0.010,development,C_clearance:47600003:70,False,True,0.2034783661365509,0.2398468156461604,0.03636844950960949
C_clearance_W_m0.010,development,C_clearance:47600003:90,True,False,0.05355717986822128,0.06140555064484943,0.007848370776628144
C_clearance_W_m0.010,development,C_clearance:47600003:112,False,True,0.048070307821035385,0.0618113520249608,0.013741044203925412
C_clearance_W_m0.010,development,C_clearance:47600003:125,False,True,0.03331330046057701,0.05705835364278755,0.02374505318221054
C_clearance_W_m0.010,development,C_clearance:47600004:3,False,True,0.10735168308019638,0.05353306518554746,-0.053818617894648924
C_clearance_W_m0.010,development,C_clearance:47600004:8,False,True,0.031288597732782364,0.03939070687192725,0.008102109139144886
C_clearance_W_m0.010,development,C_clearance:47600004:53,False,True,0.01973097212612629,0.018857586219382938,-0.0008733859067433514
C_clearance_W_m0.010,development,C_clearance:47600004:65,False,True,0.020490029826760292,0.01542589445853082,-0.005064135368229472
C_clearance_W_m0.010,development,C_clearance:47600004:92,False,True,0.019140703603625298,0.016385631015509716,-0.0027550725881155813
C_clearance_W_m0.010,development,C_clearance:47600004:109,False,True,0.0379628948867321,0.016924805413509603,-0.0210380894732225
C_clearance_W_m0.010,development,C_clearance:47600004:122,False,True,0.011463840492069721,0.016295608915243065,0.004831768423173344
C_clearance_W_m0.010,development,C_clearance:47600005:2,False,True,0.015172816812992096,0.026335942948207958,0.011163126135215862
C_clearance_W_m0.010,development,C_clearance:47600005:5,False,True,0.023071611300110817,0.02566737231973093,0.002595761019620113
C_clearance_W_m0.010,development,C_clearance:47600005:15,True,False,0.1184527575969696,0.14654132574651157,0.02808856814954197
C_clearance_W_m0.010,development,C_clearance:47600005:24,False,True,0.03514602780342102,0.04139798089090618,0.0062519530874851625
C_clearance_W_m0.010,development,C_clearance:47600005:33,False,True,0.043337102979421616,0.0322434172485373,-0.011093685730884317
C_clearance_W_m0.010,development,C_clearance:47600005:48,False,True,0.18186812102794647,0.10758502560202032,-0.07428309542592615
C_clearance_W_m0.010,development,C_clearance:47600005:86,True,False,0.32615432143211365,0.1460025148553541,-0.18015180657675955
C_clearance_W_m0.010,development,C_clearance:47600005:88,True,False,0.11135166138410568,0.23987814974680077,0.1285264883626951
C_clearance_W_m0.010,development,C_clearance:47600005:105,True,False,0.10596879571676254,0.07605938763299491,-0.02990940808376763
C_clearance_W_m0.010,development,C_clearance:47600005:119,False,True,0.07039225846529007,0.08141517755939276,0.01102291909410269
C_clearance_W_m0.010,development,C_clearance:47600006:2,True,False,0.20219944417476654,0.15665199908835348,-0.04554744508641306
C_clearance_W_m0.010,development,C_clearance:47600006:11,False,True,0.021813055500388145,0.04610230822436279,0.02428925272397464
C_clearance_W_m0.010,development,C_clearance:47600006:13,True,False,0.04986701160669327,0.08374487641412998,0.03387786480743671
C_clearance_W_m0.010,development,C_clearance:47600006:16,True,False,0.09768891334533691,0.058565254003042355,-0.03912365934229456
C_clearance_W_m0.010,development,C_clearance:47600006:25,False,True,0.04073164984583855,0.07376803045917768,0.033036380613339134
C_clearance_W_m0.010,development,C_clearance:47600006:38,False,True,0.06745277345180511,0.09023347695620032,0.022780703504395206
C_clearance_W_m0.010,development,C_clearance:47600006:72,True,False,0.08617781847715378,0.03226565063596354,-0.05391216784119024
C_clearance_W_m0.010,development,C_clearance:47600006:101,False,True,0.04112410917878151,0.04862465657788562,0.007500547399104107
C_clearance_W_m0.010,development,C_clearance:47600006:132,False,True,0.04652698338031769,0.04336134720870177,-0.0031656361716159154
C_clearance_W_m0.010,development,C_clearance:47600006:177,True,False,0.14127857983112335,0.16828473916393705,0.027006159332813695
C_clearance_W_m0.010,development,C_clearance:47600007:4,False,True,0.007020512595772743,0.01805286759736191,0.011032355001589167
C_clearance_W_m0.010,development,C_clearance:47600007:7,False,True,0.02821499854326248,0.028966626752662705,0.0007516282094002236
C_clearance_W_m0.010,development,C_clearance:47600007:10,False,True,0.03659173473715782,0.044895978906424716,0.008304244169266894
C_clearance_W_m0.010,development,C_clearance:47600007:17,False,True,0.06173798814415932,0.022807871326222084,-0.03893011681793723
C_clearance_W_m0.010,development,C_clearance:47600007:27,True,False,0.1664976179599762,0.12357960986264516,-0.04291800809733104
C_clearance_W_m0.010,development,C_clearance:47600007:28,True,False,0.0944381058216095,0.12995177372795297,0.03551366790634347
C_clearance_W_m0.010,development,C_clearance:47600007:61,False,True,0.025129487738013268,0.037744604280305794,0.012615116542292526
C_clearance_W_m0.010,development,C_clearance:47600007:66,False,True,0.018419954925775528,0.02447357193159405,0.0060536170058185235
C_clearance_W_m0.010,development,C_clearance:47600007:87,False,True,0.02753945253789425,0.03331647844606778,0.005777025908173528
C_clearance_W_m0.010,development,C_clearance:47600007:117,False,True,0.0198606438934803,0.03366866270516766,0.013808018811687361
C_clearance_W_m0.010,development,C_clearance:47600008:6,False,True,0.06348780542612076,0.02109351816761773,-0.04239428725850303
C_clearance_W_m0.010,development,C_clearance:47600008:8,False,True,0.01475245039910078,0.020830350134929176,0.006077899735828396
C_clearance_W_m0.010,development,C_clearance:47600008:21,False,True,0.02760172262787819,0.031746570577524835,0.004144847949646646
C_clearance_W_m0.010,development,C_clearance:47600008:23,False,True,0.031899746507406235,0.045552359111752594,0.01365261260434636
C_clearance_W_m0.010,development,C_clearance:47600008:49,False,True,0.04310234263539314,0.05883585414267145,0.01573351150727831
C_clearance_W_m0.010,development,C_clearance:47600008:54,False,True,0.08198510110378265,0.05059034596342826,-0.03139475514035439
C_clearance_W_m0.010,development,C_clearance:47600008:61,False,True,0.057019125670194626,0.056080610513163265,-0.000938515157031361
C_clearance_W_m0.010,development,C_clearance:47600008:87,False,True,0.04754950478672981,0.0334830345636874,-0.014066470223042415
C_clearance_W_m0.010,development,C_clearance:47600008:101,False,True,0.016921043395996094,0.025965256290874095,0.009044212894878001
C_clearance_W_m0.030,train,C_clearance:47500000:1,False,True,0.08556540310382843,0.067997507750988,-0.017567895352840424
C_clearance_W_m0.030,train,C_clearance:47500000:8,False,True,0.02977476269006729,0.031898713612463325,0.002123950922396034
C_clearance_W_m0.030,train,C_clearance:47500000:26,True,False,0.16935057938098907,0.060359378781868145,-0.10899120059912093
C_clearance_W_m0.030,train,C_clearance:47500000:39,True,False,0.5472339987754822,0.4316307185217738,-0.11560328025370836
C_clearance_W_m0.030,train,C_clearance:47500000:84,False,True,0.047847017645835876,0.05863679596222937,0.010789778316393495
C_clearance_W_m0.030,train,C_clearance:47500000:141,False,True,0.02720283344388008,0.029078681342070922,0.001875847898190841
C_clearance_W_m0.030,train,C_clearance:47500000:144,False,True,0.02656811662018299,0.0844242227030918,0.05785610608290881
C_clearance_W_m0.030,train,C_clearance:47500000:155,True,False,0.08232573419809341,0.04440566012635827,-0.037920074071735144
C_clearance_W_m0.030,train,C_clearance:47500000:169,False,True,0.012567421421408653,0.027527581405593082,0.014960159984184429
C_clearance_W_m0.030,train,C_clearance:47500000:179,False,True,0.043181128799915314,0.037429086689371616,-0.005752042110543698
C_clearance_W_m0.030,train,C_clearance:47500002:2,True,False,0.32772672176361084,0.09119850356364623,-0.2365282181999646
C_clearance_W_m0.030,train,C_clearance:47500002:3,True,False,0.2744373083114624,0.06960578396683559,-0.20483152434462681
C_clearance_W_m0.030,train,C_clearance:47500002:15,False,True,0.013861901126801968,0.01592124685703311,0.0020593457302311435
C_clearance_W_m0.030,train,C_clearance:47500002:25,False,True,0.01331241987645626,0.018360733840381727,0.005048313963925466
C_clearance_W_m0.030,train,C_clearance:47500002:33,False,True,0.019490905106067657,0.016554253990761936,-0.0029366511153057218
C_clearance_W_m0.030,train,C_clearance:47500002:55,False,True,0.01772361807525158,0.0159879426646512,-0.0017356754106003791
C_clearance_W_m0.030,train,C_clearance:47500002:101,False,True,0.016663679853081703,0.017043152765836567,0.0003794729127548635
C_clearance_W_m0.030,train,C_clearance:47500002:114,False,True,0.02237299270927906,0.014577778027160093,-0.007795214682118967
C_clearance_W_m0.030,train,C_clearance:47500002:152,False,True,0.04560256749391556,0.05312483286252245,0.007522265368606895
C_clearance_W_m0.030,train,C_clearance:47500002:178,False,True,0.030762851238250732,0.03597863676259294,0.005215785524342209
C_clearance_W_m0.030,train,C_clearance:47500003:4,True,False,0.3412257432937622,0.027490854321513325,-0.3137348889722489
C_clearance_W_m0.030,train,C_clearance:47500003:16,False,True,0.11699088662862778,0.1432837217580527,0.02629283512942493
C_clearance_W_m0.030,train,C_clearance:47500003:24,False,True,0.07612156122922897,0.06974401779007167,-0.006377543439157307
C_clearance_W_m0.030,train,C_clearance:47500003:41,False,True,0.0490964837372303,0.05576646653935313,0.006669982802122831
C_clearance_W_m0.030,train,C_clearance:47500003:46,True,False,0.29330575466156006,0.1662434636382386,-0.12706229102332145
C_clearance_W_m0.030,train,C_clearance:47500003:80,False,True,0.05470602586865425,0.04438841895898804,-0.01031760690966621
C_clearance_W_m0.030,train,C_clearance:47500003:91,False,True,0.03580225259065628,0.03768015338573605,0.0018779007950797677
C_clearance_W_m0.030,train,C_clearance:47500003:109,False,True,0.1897840052843094,0.1785089646000415,-0.011275040684267879
C_clearance_W_m0.030,train,C_clearance:47500003:149,True,False,0.3974761366844177,0.29358142032288015,-0.10389471636153758
C_clearance_W_m0.030,train,C_clearance:47500003:180,False,True,0.02929125539958477,0.041114380583167076,0.011823125183582306
C_clearance_W_m0.030,train,C_clearance:47500005:2,False,True,0.06706178933382034,0.05689485647599213,-0.010166932857828215
C_clearance_W_m0.030,train,C_clearance:47500005:6,False,True,0.016268881037831306,0.016952105754171498,0.0006832247163401917
C_clearance_W_m0.030,train,C_clearance:47500005:13,False,True,0.010838265530765057,0.018567235209047794,0.007728969678282738
C_clearance_W_m0.030,train,C_clearance:47500005:45,False,True,0.02081003226339817,0.02609571928041987,0.005285687017021701
C_clearance_W_m0.030,train,C_clearance:47500005:46,False,True,0.01498498860746622,0.02722617529798299,0.01224118669051677
C_clearance_W_m0.030,train,C_clearance:47500005:67,False,True,0.036217816174030304,0.034815155289834365,-0.0014026608841959387
C_clearance_W_m0.030,train,C_clearance:47500005:106,False,True,0.02742360346019268,0.03019422441138886,0.002770620951196179
C_clearance_W_m0.030,train,C_clearance:47500005:120,False,True,0.07100566476583481,0.06351223116507754,-0.007493433600757271
C_clearance_W_m0.030,train,C_clearance:47500005:170,False,True,0.07027395069599152,0.045415045344270766,-0.02485890535172075
C_clearance_W_m0.030,train,C_clearance:47500006:4,False,True,0.015803417190909386,0.04025124676991254,0.024447829579003155
C_clearance_W_m0.030,train,C_clearance:47500006:5,False,True,0.048965949565172195,0.05057786082033999,0.0016119112551677972
C_clearance_W_m0.030,train,C_clearance:47500006:8,False,True,0.03513999655842781,0.06754156784154475,0.03240157128311694
C_clearance_W_m0.030,train,C_clearance:47500006:10,False,True,0.050766557455062866,0.05733341461746022,0.006566857162397355
C_clearance_W_m0.030,train,C_clearance:47500006:89,False,True,0.015078617259860039,0.04122533684130758,0.02614671958144754
C_clearance_W_m0.030,train,C_clearance:47500006:102,False,True,0.07740864902734756,0.1248182161943987,0.047409567167051136
C_clearance_W_m0.030,train,C_clearance:47500006:118,True,False,0.2209027260541916,0.15543679369147867,-0.06546593236271292
C_clearance_W_m0.030,train,C_clearance:47500006:136,True,False,0.19541490077972412,0.13784190907608718,-0.057572991703636944
C_clearance_W_m0.030,train,C_clearance:47500006:169,False,True,0.064571313560009,0.08896119782002643,0.024389884260017425
C_clearance_W_m0.030,train,C_clearance:47500007:4,False,True,0.009856675751507282,0.0198381099908147,0.009981434239307418
C_clearance_W_m0.030,train,C_clearance:47500007:6,False,True,0.018193230032920837,0.020553240829030983,0.0023600107961101457
C_clearance_W_m0.030,train,C_clearance:47500007:13,False,True,0.011750916950404644,0.014805968676228076,0.003055051725823432
C_clearance_W_m0.030,train,C_clearance:47500007:36,False,True,0.016201769933104515,0.031329090415965766,0.01512732048286125
C_clearance_W_m0.030,train,C_clearance:47500007:97,True,False,0.2882663607597351,0.13027702656108886,-0.15798933419864625
C_clearance_W_m0.030,train,C_clearance:47500007:118,False,True,0.05017464980483055,0.05124277574941516,0.001068125944584608
C_clearance_W_m0.030,train,C_clearance:47500007:134,False,True,0.02638198621571064,0.03346029075328261,0.007078304537571967
C_clearance_W_m0.030,train,C_clearance:47500007:168,False,True,0.036510299891233444,0.060600323136895895,0.02409002324566245
C_clearance_W_m0.030,train,C_clearance:47500008:4,False,True,0.026823941618204117,0.023800620285328478,-0.003023321332875639
C_clearance_W_m0.030,train,C_clearance:47500008:10,False,True,0.026845509186387062,0.04730618090252392,0.020460671716136858
C_clearance_W_m0.030,train,C_clearance:47500008:20,False,True,0.08319401741027832,0.09288703696802258,0.009693019557744265
C_clearance_W_m0.030,train,C_clearance:47500008:28,False,True,0.028705010190606117,0.043667054967954755,0.014962044777348638
C_clearance_W_m0.030,train,C_clearance:47500008:34,False,True,0.035155873745679855,0.045799896004609764,0.010644022258929908
C_clearance_W_m0.030,train,C_clearance:47500008:112,True,False,0.7467117309570312,0.46726041845977306,-0.2794513124972582
C_clearance_W_m0.030,train,C_clearance:47500008:131,False,True,0.07001207023859024,0.18070247722789645,0.11069040698930621
C_clearance_W_m0.030,train,C_clearance:47500008:172,True,False,0.3766822814941406,0.2222403425257653,-0.15444193896837533
C_clearance_W_m0.030,train,C_clearance:47500009:6,False,True,0.03503327816724777,0.04357702302513644,0.008543744857888669
C_clearance_W_m0.030,train,C_clearance:47500009:11,False,True,0.06868129968643188,0.062006537860725075,-0.00667476182570681
C_clearance_W_m0.030,train,C_clearance:47500009:15,False,True,0.07066131383180618,0.0861624761018902,0.015501162270084023
C_clearance_W_m0.030,train,C_clearance:47500009:20,False,True,0.11165119707584381,0.11041196447331458,-0.0012392326025292277
C_clearance_W_m0.030,train,C_clearance:47500009:26,False,True,0.08111909031867981,0.08345388050656766,0.0023347901878878474
C_clearance_W_m0.030,train,C_clearance:47500009:36,True,False,0.20675764977931976,0.11136779235675931,-0.09538985742256045
C_clearance_W_m0.030,train,C_clearance:47500009:68,False,True,0.016417572274804115,0.05086314951768145,0.034445577242877334
C_clearance_W_m0.030,train,C_clearance:47500009:142,False,True,0.01645103096961975,0.024899505166104063,0.008448474196484312
C_clearance_W_m0.030,train,C_clearance:47500011:5,False,True,0.005340081639587879,0.014731117422343232,0.009391035782755353
C_clearance_W_m0.030,train,C_clearance:47500011:15,False,True,0.033885322511196136,0.037817235686816275,0.003931913175620139
C_clearance_W_m0.030,train,C_clearance:47500011:26,True,False,0.37073254585266113,0.05049030750524253,-0.3202422383474186
C_clearance_W_m0.030,train,C_clearance:47500011:29,False,True,0.010284640826284885,0.0333221661276184,0.023037525301333517
C_clearance_W_m0.030,train,C_clearance:47500011:31,False,True,0.013785416260361671,0.06780089042149484,0.05401547416113317
C_clearance_W_m0.030,train,C_clearance:47500011:36,False,True,0.05183526128530502,0.0570566545939073,0.0052213933086022735
C_clearance_W_m0.030,train,C_clearance:47500011:49,False,True,0.06557288020849228,0.048906994168646634,-0.016665886039845645
C_clearance_W_m0.030,train,C_clearance:47500011:56,False,True,0.05786474794149399,0.057130017143208534,-0.0007347307982854545
C_clearance_W_m0.030,train,C_clearance:47500011:74,False,True,0.017405087128281593,0.02011540363309905,0.002710316504817456
C_clearance_W_m0.030,train,C_clearance:47500011:167,False,True,0.01785445772111416,0.017183942632982507,-0.0006705150881316513
C_clearance_W_m0.030,train,C_clearance:47500013:14,False,True,0.022704627364873886,0.02788845752365887,0.0051838301587849855
C_clearance_W_m0.030,train,C_clearance:47500013:15,False,True,0.015005012974143028,0.025913868128554896,0.010908855154411867
C_clearance_W_m0.030,train,C_clearance:47500013:28,False,True,0.029004840180277824,0.03894809033954516,0.009943250159267336
C_clearance_W_m0.030,train,C_clearance:47500013:32,False,True,0.04344472661614418,0.05099156324286014,0.007546836626715958
C_clearance_W_m0.030,train,C_clearance:47500013:58,False,True,0.034988291561603546,0.04009420721558854,0.005105915653984994
C_clearance_W_m0.030,train,C_clearance:47500013:83,False,True,0.09324976801872253,0.0850890560541302,-0.008160711964592338
C_clearance_W_m0.030,train,C_clearance:47500013:119,False,True,0.0552619993686676,0.06309807486832142,0.007836075499653816
C_clearance_W_m0.030,train,C_clearance:47500013:128,True,False,0.4719049036502838,0.27460166765376925,-0.19730323599651456
C_clearance_W_m0.030,train,C_clearance:47500013:162,False,True,0.06956373155117035,0.0714436182170175,0.0018798866658471525
C_clearance_W_m0.030,train,C_clearance:47500013:165,False,True,0.07747754454612732,0.05837817641440779,-0.01909936813171953
C_clearance_W_m0.030,train,C_clearance:47500014:9,False,True,0.025029797106981277,0.021029407944297418,-0.0040003891626838595
C_clearance_W_m0.030,train,C_clearance:47500014:10,False,True,0.01764264516532421,0.025288917880970985,0.007646272715646774
C_clearance_W_m0.030,train,C_clearance:47500014:20,False,True,0.04148675501346588,0.029354881262406707,-0.012131873751059175
C_clearance_W_m0.030,train,C_clearance:47500014:43,False,True,0.015365010127425194,0.06381022612913512,0.04844521600170992
C_clearance_W_m0.030,train,C_clearance:47500014:60,True,False,0.6285901069641113,0.508517652284354,-0.12007245467975736
C_clearance_W_m0.030,train,C_clearance:47500014:78,True,False,0.28872036933898926,0.1916077039204538,-0.09711266541853547
C_clearance_W_m0.030,train,C_clearance:47500014:99,False,True,0.03826473280787468,0.11258384364191443,0.07431911083403975
C_clearance_W_m0.030,train,C_clearance:47500014:134,False,True,0.03697628155350685,0.03551883698673919,-0.0014574445667676628
C_clearance_W_m0.030,train,C_clearance:47500014:161,False,True,0.054484713822603226,0.11715577612631023,0.062671062303707
C_clearance_W_m0.030,train,C_clearance:47500014:170,False,True,0.027338672429323196,0.03173823334509507,0.004399560915771872
C_clearance_W_m0.030,train,C_clearance:47500016:4,False,True,0.008728811517357826,0.025822455412708223,0.017093643895350397
C_clearance_W_m0.030,train,C_clearance:47500016:5,False,True,0.04649366810917854,0.02856399747543037,-0.017929670633748174
C_clearance_W_m0.030,train,C_clearance:47500016:30,True,False,0.6005786061286926,0.23220159579068422,-0.3683770103380084
C_clearance_W_m0.030,train,C_clearance:47500016:42,False,True,0.03740689530968666,0.04549897549441084,0.008092080184724182
C_clearance_W_m0.030,train,C_clearance:47500016:43,False,True,0.02676902711391449,0.052337765228003263,0.025568738114088774
C_clearance_W_m0.030,train,C_clearance:47500016:108,False,True,0.02239404246211052,0.03835860831895843,0.015964565856847912
C_clearance_W_m0.030,train,C_clearance:47500016:129,False,True,0.02189275063574314,0.03971500549232587,0.01782225485658273
C_clearance_W_m0.030,train,C_clearance:47500016:165,False,True,0.016796069219708443,0.03911182808224112,0.022315758862532675
C_clearance_W_m0.030,train,C_clearance:47500016:169,False,True,0.014923975802958012,0.035963482601800933,0.021039506798842922
C_clearance_W_m0.030,development,C_clearance:47600000:3,True,False,0.06326955556869507,0.07797235119141988,0.014702795622724807
C_clearance_W_m0.030,development,C_clearance:47600000:14,False,True,0.0454353392124176,0.06972088164911838,0.02428554243670078
C_clearance_W_m0.030,development,C_clearance:47600000:17,False,True,0.050551772117614746,0.07195090060486109,0.021399128487246344
C_clearance_W_m0.030,development,C_clearance:47600000:21,False,True,0.031734589487314224,0.049871434584929375,0.01813684509761515
C_clearance_W_m0.030,development,C_clearance:47600000:29,False,True,0.054211895912885666,0.05453345574642299,0.00032155983353732154
C_clearance_W_m0.030,development,C_clearance:47600000:32,False,True,0.0617295540869236,0.06269639205856947,0.000966837971645873
C_clearance_W_m0.030,development,C_clearance:47600000:76,False,True,0.0735575407743454,0.11420482353423722,0.04064728275989182
C_clearance_W_m0.030,development,C_clearance:47600000:83,True,False,0.16526196897029877,0.2322527837313828,0.06699081476108404
C_clearance_W_m0.030,development,C_clearance:47600000:157,False,True,0.1937987208366394,0.24892518848355394,0.055126467646914534
C_clearance_W_m0.030,development,C_clearance:47600002:2,False,True,0.06303872168064117,0.03339071513619274,-0.029648006544448435
C_clearance_W_m0.030,development,C_clearance:47600002:16,False,True,0.048786528408527374,0.04473144467920065,-0.004055083729326725
C_clearance_W_m0.030,development,C_clearance:47600002:30,False,True,0.07304897904396057,0.05410798174852971,-0.01894099729543086
C_clearance_W_m0.030,development,C_clearance:47600002:36,False,True,0.06499280780553818,0.07282106445927639,0.007828256653738208
C_clearance_W_m0.030,development,C_clearance:47600002:68,False,True,0.04828496649861336,0.039669701240200084,-0.008615265258413274
C_clearance_W_m0.030,development,C_clearance:47600002:76,False,True,0.03745114803314209,0.05797693962813355,0.02052579159499146
C_clearance_W_m0.030,development,C_clearance:47600002:79,True,False,0.09240063279867172,0.2118405261717271,0.11943989337305538
C_clearance_W_m0.030,development,C_clearance:47600002:89,False,True,0.11230569332838058,0.05656541512144031,-0.055740278206940275
C_clearance_W_m0.030,development,C_clearance:47600002:107,False,True,0.10155883431434631,0.14009382294898387,0.03853498863463756
C_clearance_W_m0.030,development,C_clearance:47600003:1,True,False,0.028238756582140923,0.11056123163871234,0.08232247505657142
C_clearance_W_m0.030,development,C_clearance:47600003:3,True,False,0.05530206859111786,0.07441877729070256,0.019116708699584706
C_clearance_W_m0.030,development,C_clearance:47600003:4,True,False,0.0475267693400383,0.0492942691398639,0.0017674997998256003
C_clearance_W_m0.030,development,C_clearance:47600003:11,False,True,0.06958107650279999,0.10845100116421236,0.03886992466141237
C_clearance_W_m0.030,development,C_clearance:47600003:12,False,True,0.08618750423192978,0.1032261505824863,0.01703864635055652
C_clearance_W_m0.030,development,C_clearance:47600003:22,True,False,0.5498461127281189,0.5245553221320733,-0.025290790596045554
C_clearance_W_m0.030,development,C_clearance:47600003:70,False,True,0.17603857815265656,0.2904343337722821,0.11439575561962556
C_clearance_W_m0.030,development,C_clearance:47600003:90,True,False,0.04055563360452652,0.05726172259892337,0.01670608899439685
C_clearance_W_m0.030,development,C_clearance:47600003:112,False,True,0.03062411956489086,0.05443479141831631,0.023810671853425447
C_clearance_W_m0.030,development,C_clearance:47600003:125,False,True,0.03479055315256119,0.050613677041837946,0.015823123889276758
C_clearance_W_m0.030,development,C_clearance:47600004:3,False,True,0.08342278003692627,0.030727955247130012,-0.05269482478979626
C_clearance_W_m0.030,development,C_clearance:47600004:8,False,True,0.0396105982363224,0.03647568423184566,-0.003134914004476741
C_clearance_W_m0.030,development,C_clearance:47600004:53,False,True,0.01708005741238594,0.018993193114511087,0.001913135702125146
C_clearance_W_m0.030,development,C_clearance:47600004:65,False,True,0.014870451763272285,0.015379340055005741,0.0005088882917334558
C_clearance_W_m0.030,development,C_clearance:47600004:92,False,True,0.024470163509249687,0.016881606348761125,-0.007588557160488563
C_clearance_W_m0.030,development,C_clearance:47600004:109,False,True,0.02809499390423298,0.01614549667101528,-0.011949497233217699
C_clearance_W_m0.030,development,C_clearance:47600004:122,False,True,0.009245396591722965,0.0156843951317569,0.006438998540033936
C_clearance_W_m0.030,development,C_clearance:47600005:2,False,True,0.018336808308959007,0.024660741846673773,0.006323933537714765
C_clearance_W_m0.030,development,C_clearance:47600005:5,False,True,0.01619860716164112,0.02065456374839414,0.004455956586753018
C_clearance_W_m0.030,development,C_clearance:47600005:15,True,False,0.09828751534223557,0.197751173764118,0.09946365842188243
C_clearance_W_m0.030,development,C_clearance:47600005:24,False,True,0.06034000962972641,0.05917893075093161,-0.0011610788787947968
C_clearance_W_m0.030,development,C_clearance:47600005:33,False,True,0.0533902533352375,0.043985106218315195,-0.009405147116922308
C_clearance_W_m0.030,development,C_clearance:47600005:48,False,True,0.1843356490135193,0.09673355084305513,-0.08760209817046416
C_clearance_W_m0.030,development,C_clearance:47600005:86,True,False,0.3249974846839905,0.25285489836824127,-0.07214258631574921
C_clearance_W_m0.030,development,C_clearance:47600005:88,True,False,0.23202747106552124,0.2264679857325973,-0.005559485332923941
C_clearance_W_m0.030,development,C_clearance:47600005:105,True,False,0.23020516335964203,0.10129953952127835,-0.12890562383836368
C_clearance_W_m0.030,development,C_clearance:47600005:119,False,True,0.05244050920009613,0.07049360833480023,0.018053099134704098
C_clearance_W_m0.030,development,C_clearance:47600006:2,True,False,0.1547180414199829,0.14289820137855713,-0.011819840041425778
C_clearance_W_m0.030,development,C_clearance:47600006:11,False,True,0.025151662528514862,0.05440659286978189,0.029254930341267027
C_clearance_W_m0.030,development,C_clearance:47600006:13,True,False,0.05391494929790497,0.08260177692136494,0.028686827623459976
C_clearance_W_m0.030,development,C_clearance:47600006:16,True,False,0.0868389829993248,0.038719089945516316,-0.04811989305380848
C_clearance_W_m0.030,development,C_clearance:47600006:25,False,True,0.04432307556271553,0.046289634414279135,0.0019665588515636045
C_clearance_W_m0.030,development,C_clearance:47600006:38,False,True,0.059622619301080704,0.054441302749182796,-0.005181316551897908
C_clearance_W_m0.030,development,C_clearance:47600006:72,True,False,0.10048818588256836,0.03663361621875083,-0.06385456966381753
C_clearance_W_m0.030,development,C_clearance:47600006:101,False,True,0.04035414382815361,0.04746551887365058,0.00711137504549697
C_clearance_W_m0.030,development,C_clearance:47600006:132,False,True,0.0382220633327961,0.0353784988692496,-0.0028435644635464996
C_clearance_W_m0.030,development,C_clearance:47600006:177,True,False,0.3124571740627289,0.30400201356678735,-0.008455160495941527
C_clearance_W_m0.030,development,C_clearance:47600007:4,False,True,0.007694256491959095,0.017426538432118832,0.009732281940159737
C_clearance_W_m0.030,development,C_clearance:47600007:7,False,True,0.03458026424050331,0.031204670638544485,-0.003375593601958826
C_clearance_W_m0.030,development,C_clearance:47600007:10,False,True,0.04727362096309662,0.03702873279326013,-0.010244888169836486
C_clearance_W_m0.030,development,C_clearance:47600007:17,False,True,0.05186997726559639,0.023790250548699987,-0.028079726716896403
C_clearance_W_m0.030,development,C_clearance:47600007:27,True,False,0.21278761327266693,0.11210846915491857,-0.10067914411774836
C_clearance_W_m0.030,development,C_clearance:47600007:28,True,False,0.1391695886850357,0.10721693712548586,-0.03195265155954985
C_clearance_W_m0.030,development,C_clearance:47600007:61,False,True,0.03336184099316597,0.04175118318380555,0.008389342190639582
C_clearance_W_m0.030,development,C_clearance:47600007:66,False,True,0.0251156073063612,0.032149876195035176,0.007034268888673978
C_clearance_W_m0.030,development,C_clearance:47600007:87,False,True,0.027814319357275963,0.03782456256521982,0.010010243207943859
C_clearance_W_m0.030,development,C_clearance:47600007:117,False,True,0.020792996510863304,0.03184410273752292,0.011051106226659613
C_clearance_W_m0.030,development,C_clearance:47600008:6,False,True,0.06424126774072647,0.01927052144492336,-0.04497074629580311
C_clearance_W_m0.030,development,C_clearance:47600008:8,False,True,0.012785878032445908,0.019005888258107007,0.006220010225661099
C_clearance_W_m0.030,development,C_clearance:47600008:21,False,True,0.02005893923342228,0.026806362406205153,0.006747423172782874
C_clearance_W_m0.030,development,C_clearance:47600008:23,False,True,0.02996205724775791,0.04241809673112584,0.012456039483367931
C_clearance_W_m0.030,development,C_clearance:47600008:49,False,True,0.04796827211976051,0.04311938674800331,-0.004848885371757206
C_clearance_W_m0.030,development,C_clearance:47600008:54,False,True,0.054862264543771744,0.04278380549658323,-0.012078459047188517
C_clearance_W_m0.030,development,C_clearance:47600008:61,False,True,0.03313128277659416,0.04688869943311147,0.013757416656517307
C_clearance_W_m0.030,development,C_clearance:47600008:87,False,True,0.04782231152057648,0.03770249710214557,-0.010119814418430906
C_clearance_W_m0.030,development,C_clearance:47600008:101,False,True,0.019932957366108894,0.029218351759482175,0.00928539439337328
C_clearance_W_m0.050,train,C_clearance:47500000:1,False,True,0.08031295984983444,0.06732117763021961,-0.012991782219614834
C_clearance_W_m0.050,train,C_clearance:47500000:8,False,True,0.033185966312885284,0.03751416259910911,0.004328196286223829
C_clearance_W_m0.050,train,C_clearance:47500000:26,True,False,0.2560292184352875,0.06851459405152127,-0.1875146243837662
C_clearance_W_m0.050,train,C_clearance:47500000:39,True,False,0.5646730065345764,0.35160777624696493,-0.21306523028761148
C_clearance_W_m0.050,train,C_clearance:47500000:84,False,True,0.04779776930809021,0.06264560099225491,0.014847831684164703
C_clearance_W_m0.050,train,C_clearance:47500000:141,False,True,0.023444823920726776,0.030504926689900458,0.007060102769173682
C_clearance_W_m0.050,train,C_clearance:47500000:144,False,True,0.02454824000597,0.07776502170599997,0.05321678170002997
C_clearance_W_m0.050,train,C_clearance:47500000:155,True,False,0.17163650691509247,0.06420013215392828,-0.10743637476116419
C_clearance_W_m0.050,train,C_clearance:47500000:169,False,True,0.010807870887219906,0.03367032214009669,0.02286245125287678
C_clearance_W_m0.050,train,C_clearance:47500000:179,False,True,0.05439499020576477,0.043308382970280945,-0.011086607235483825
C_clearance_W_m0.050,train,C_clearance:47500002:2,True,False,0.3728843033313751,0.06324986359686591,-0.3096344397345092
C_clearance_W_m0.050,train,C_clearance:47500002:3,True,False,0.28676554560661316,0.04761291848262772,-0.23915262712398544
C_clearance_W_m0.050,train,C_clearance:47500002:15,False,True,0.010553674772381783,0.012076496030203998,0.0015228212578222156
C_clearance_W_m0.050,train,C_clearance:47500002:25,False,True,0.010236652567982674,0.014194748611771502,0.003958096043788828
C_clearance_W_m0.050,train,C_clearance:47500002:33,False,True,0.017202068120241165,0.014203205719240941,-0.002998862401000224
C_clearance_W_m0.050,train,C_clearance:47500002:55,False,True,0.017676180228590965,0.01671313270344399,-0.0009630475251469761
C_clearance_W_m0.050,train,C_clearance:47500002:101,False,True,0.018120937049388885,0.01769976766081527,-0.00042116938857361674
C_clearance_W_m0.050,train,C_clearance:47500002:114,False,True,0.02536015771329403,0.01743485694169067,-0.00792530077160336
C_clearance_W_m0.050,train,C_clearance:47500002:152,False,True,0.051245179027318954,0.06580934289377183,0.014564163866452873
C_clearance_W_m0.050,train,C_clearance:47500002:178,False,True,0.036123085767030716,0.042237889720126987,0.0061148039530962706
C_clearance_W_m0.050,train,C_clearance:47500003:4,True,False,0.2716556787490845,0.017728582592098974,-0.2539270961569855
C_clearance_W_m0.050,train,C_clearance:47500003:16,False,True,0.12973859906196594,0.1663451287895441,0.03660652972757816
C_clearance_W_m0.050,train,C_clearance:47500003:24,False,True,0.1155276894569397,0.12435348914004862,0.008825799683108926
C_clearance_W_m0.050,train,C_clearance:47500003:41,False,True,0.06541089713573456,0.07959556515561417,0.01418466801987961
C_clearance_W_m0.050,train,C_clearance:47500003:46,True,False,0.3976174294948578,0.1724623474292457,-0.22515508206561208
C_clearance_W_m0.050,train,C_clearance:47500003:80,False,True,0.07522908598184586,0.07652160077122971,0.0012925147893838584
C_clearance_W_m0.050,train,C_clearance:47500003:91,False,True,0.037097182124853134,0.035649475757963955,-0.0014477063668891788
C_clearance_W_m0.050,train,C_clearance:47500003:109,False,True,0.17936787009239197,0.14306953828781843,-0.036298331804573536
C_clearance_W_m0.050,train,C_clearance:47500003:149,True,False,0.5907374024391174,0.4617652390152216,-0.12897216342389584
C_clearance_W_m0.050,train,C_clearance:47500003:180,False,True,0.028165385127067566,0.058495970733929425,0.03033058560686186
C_clearance_W_m0.050,train,C_clearance:47500005:2,False,True,0.047182850539684296,0.03913323697634041,-0.008049613563343883
C_clearance_W_m0.050,train,C_clearance:47500005:6,False,True,0.018434341996908188,0.016414449783042073,-0.0020198922138661146
C_clearance_W_m0.050,train,C_clearance:47500005:13,False,True,0.009426417760550976,0.01898051059106365,0.009554092830512673
C_clearance_W_m0.050,train,C_clearance:47500005:45,False,True,0.020751487463712692,0.026438615896040574,0.0056871284323278815
C_clearance_W_m0.050,train,C_clearance:47500005:46,False,True,0.013818803243339062,0.027764445840148255,0.013945642596809193
C_clearance_W_m0.050,train,C_clearance:47500005:67,False,True,0.041633378714323044,0.04574625042732805,0.004112871713005006
C_clearance_W_m0.050,train,C_clearance:47500005:106,False,True,0.022320715710520744,0.030868301837472245,0.0085475861269515
C_clearance_W_m0.050,train,C_clearance:47500005:120,False,True,0.08453787118196487,0.10181434691185132,0.017276475729886442
C_clearance_W_m0.050,train,C_clearance:47500005:170,False,True,0.11876226216554642,0.06551770167425275,-0.05324456049129367
C_clearance_W_m0.050,train,C_clearance:47500006:4,False,True,0.015418310649693012,0.03458944597514346,0.01917113532545045
C_clearance_W_m0.050,train,C_clearance:47500006:5,False,True,0.040714461356401443,0.05031279264949262,0.009598331293091178
C_clearance_W_m0.050,train,C_clearance:47500006:8,False,True,0.03715796768665314,0.07125625203480013,0.03409828434814699
C_clearance_W_m0.050,train,C_clearance:47500006:10,False,True,0.06674546748399734,0.06614992883987725,-0.0005955386441200972
C_clearance_W_m0.050,train,C_clearance:47500006:89,False,True,0.0200749970972538,0.0548507490020711,0.0347757519048173
C_clearance_W_m0.050,train,C_clearance:47500006:102,False,True,0.12990908324718475,0.17121053591836244,0.041301452671177685
C_clearance_W_m0.050,train,C_clearance:47500006:118,True,False,0.4116975665092468,0.23225892579648644,-0.1794386407127604
C_clearance_W_m0.050,train,C_clearance:47500006:136,True,False,0.3121696710586548,0.1961063388735056,-0.11606333218514919
C_clearance_W_m0.050,train,C_clearance:47500006:169,False,True,0.06903646141290665,0.09458622033707798,0.02554975892417133
C_clearance_W_m0.050,train,C_clearance:47500007:4,False,True,0.007057594135403633,0.013722492847591639,0.0066648987121880054
C_clearance_W_m0.050,train,C_clearance:47500007:6,False,True,0.012484901584684849,0.015319297745008953,0.002834396160324104
C_clearance_W_m0.050,train,C_clearance:47500007:13,False,True,0.011529904790222645,0.0142388186941389,0.0027089139039162546
C_clearance_W_m0.050,train,C_clearance:47500007:36,False,True,0.01672602817416191,0.033019023248925805,0.016292995074763894
C_clearance_W_m0.050,train,C_clearance:47500007:97,True,False,0.5014058351516724,0.1883610647637397,-0.31304477038793266
C_clearance_W_m0.050,train,C_clearance:47500007:118,False,True,0.05839696526527405,0.05861563375219703,0.00021866848692297935
C_clearance_W_m0.050,train,C_clearance:47500007:134,False,True,0.02261742204427719,0.029670973570318893,0.0070535515260417014
C_clearance_W_m0.050,train,C_clearance:47500007:168,False,True,0.02827322483062744,0.053772419632878155,0.025499194802250713
C_clearance_W_m0.050,train,C_clearance:47500008:4,False,True,0.01606515794992447,0.016793416201835498,0.0007282582519110292
C_clearance_W_m0.050,train,C_clearance:47500008:10,False,True,0.020144887268543243,0.05409141903510317,0.03394653176655993
C_clearance_W_m0.050,train,C_clearance:47500008:20,False,True,0.0984685868024826,0.11451753019355237,0.01604894339106977
C_clearance_W_m0.050,train,C_clearance:47500008:28,False,True,0.023060230538249016,0.03699056978803128,0.013930339249782264
C_clearance_W_m0.050,train,C_clearance:47500008:34,False,True,0.03463808074593544,0.04228869848884642,0.007650617742910981
C_clearance_W_m0.050,train,C_clearance:47500008:112,True,False,0.7573766112327576,0.44878639420494437,-0.3085902170278132
C_clearance_W_m0.050,train,C_clearance:47500008:131,False,True,0.043242014944553375,0.15970893087796867,0.1164669159334153
C_clearance_W_m0.050,train,C_clearance:47500008:172,True,False,0.4284512996673584,0.2545377583010122,-0.17391354136634618
C_clearance_W_m0.050,train,C_clearance:47500009:6,False,True,0.030286621302366257,0.051978742732899264,0.021692121430533007
C_clearance_W_m0.050,train,C_clearance:47500009:11,False,True,0.059902459383010864,0.04630743991583586,-0.013595019467175007
C_clearance_W_m0.050,train,C_clearance:47500009:15,False,True,0.06583888083696365,0.0844649369828403,0.018626056145876646
C_clearance_W_m0.050,train,C_clearance:47500009:20,False,True,0.22602476179599762,0.21229681512340903,-0.013727946672588587
C_clearance_W_m0.050,train,C_clearance:47500009:26,False,True,0.07187704741954803,0.10306749551091343,0.031190448091365397
C_clearance_W_m0.050,train,C_clearance:47500009:36,True,False,0.3417492210865021,0.16197244124487042,-0.17977677984163165
C_clearance_W_m0.050,train,C_clearance:47500009:68,False,True,0.018047304823994637,0.05139601090922952,0.03334870608523488
C_clearance_W_m0.050,train,C_clearance:47500009:142,False,True,0.020122384652495384,0.025096332072280347,0.004973947419784963
C_clearance_W_m0.050,train,C_clearance:47500011:5,False,True,0.004869032185524702,0.018418932260829024,0.013549900075304322
C_clearance_W_m0.050,train,C_clearance:47500011:15,False,True,0.054684918373823166,0.05959838902344927,0.004913470649626106
C_clearance_W_m0.050,train,C_clearance:47500011:26,True,False,0.42932286858558655,0.05555157762137242,-0.37377129096421413
C_clearance_W_m0.050,train,C_clearance:47500011:29,False,True,0.008074577897787094,0.025613810707000084,0.01753923280921299
C_clearance_W_m0.050,train,C_clearance:47500011:31,False,True,0.012115375138819218,0.05492499493993819,0.04280961980111897
C_clearance_W_m0.050,train,C_clearance:47500011:36,False,True,0.04403907060623169,0.05270237859804183,0.008663307991810143
C_clearance_W_m0.050,train,C_clearance:47500011:49,False,True,0.08583715558052063,0.05876174778677523,-0.0270754077937454
C_clearance_W_m0.050,train,C_clearance:47500011:56,False,True,0.0533926747739315,0.04200516038690694,-0.011387514387024567
C_clearance_W_m0.050,train,C_clearance:47500011:74,False,True,0.018183927983045578,0.026244832173688337,0.00806090419064276
C_clearance_W_m0.050,train,C_clearance:47500011:167,False,True,0.02654889225959778,0.022914426954230294,-0.0036344653053674847
C_clearance_W_m0.050,train,C_clearance:47500013:14,False,True,0.023386044427752495,0.040445607039146125,0.01705956261139363
C_clearance_W_m0.050,train,C_clearance:47500013:15,False,True,0.017225930467247963,0.03573441959451884,0.018508489127270877
C_clearance_W_m0.050,train,C_clearance:47500013:28,False,True,0.030482346192002296,0.047078821051400155,0.01659647485939786
C_clearance_W_m0.050,train,C_clearance:47500013:32,False,True,0.09098172187805176,0.11091563606169075,0.01993391418363899
C_clearance_W_m0.050,train,C_clearance:47500013:58,False,True,0.03738192096352577,0.03753704420523718,0.0001551232417114079
C_clearance_W_m0.050,train,C_clearance:47500013:83,False,True,0.20122206211090088,0.1605077626882121,-0.04071429942268878
C_clearance_W_m0.050,train,C_clearance:47500013:119,False,True,0.0964227169752121,0.10484427795745432,0.008421560982242227
C_clearance_W_m0.050,train,C_clearance:47500013:128,True,False,0.6697474122047424,0.4734544651582837,-0.19629294704645872
C_clearance_W_m0.050,train,C_clearance:47500013:162,False,True,0.050561875104904175,0.07099650410236791,0.020434628997463733
C_clearance_W_m0.050,train,C_clearance:47500013:165,False,True,0.05678220093250275,0.04218595690326765,-0.014596244029235095
C_clearance_W_m0.050,train,C_clearance:47500014:9,False,True,0.027881013229489326,0.022770455820136704,-0.005110557409352623
C_clearance_W_m0.050,train,C_clearance:47500014:10,False,True,0.01677309162914753,0.028730640100548044,0.011957548471400514
C_clearance_W_m0.050,train,C_clearance:47500014:20,False,True,0.033754076808691025,0.023104998137569055,-0.01064907867112197
C_clearance_W_m0.050,train,C_clearance:47500014:43,False,True,0.011144833639264107,0.036823980350163765,0.02567914671089966
C_clearance_W_m0.050,train,C_clearance:47500014:60,True,False,0.7041792273521423,0.604881483130157,-0.09929774422198534
C_clearance_W_m0.050,train,C_clearance:47500014:78,True,False,0.4583424925804138,0.14870639459695667,-0.30963609798345715
C_clearance_W_m0.050,train,C_clearance:47500014:99,False,True,0.02428109012544155,0.06872471130918711,0.04444362118374556
C_clearance_W_m0.050,train,C_clearance:47500014:134,False,True,0.02224651910364628,0.030615417868830264,0.008368898765183985
C_clearance_W_m0.050,train,C_clearance:47500014:161,False,True,0.02996821515262127,0.065646507719066,0.035678292566444725
C_clearance_W_m0.050,train,C_clearance:47500014:170,False,True,0.03740527108311653,0.042642141750548035,0.0052368706674315035
C_clearance_W_m0.050,train,C_clearance:47500016:4,False,True,0.008356849662959576,0.02110326918773353,0.012746419524773955
C_clearance_W_m0.050,train,C_clearance:47500016:5,False,True,0.0311779472976923,0.024728201547986828,-0.006449745749705471
C_clearance_W_m0.050,train,C_clearance:47500016:30,True,False,0.690754234790802,0.28342795791104436,-0.40732627687975764
C_clearance_W_m0.050,train,C_clearance:47500016:42,False,True,0.03842094540596008,0.04024984285933897,0.001828897453378886
C_clearance_W_m0.050,train,C_clearance:47500016:43,False,True,0.02090519852936268,0.04259461956098676,0.02168942103162408
C_clearance_W_m0.050,train,C_clearance:47500016:108,False,True,0.02065994404256344,0.03677751432405785,0.01611757028149441
C_clearance_W_m0.050,train,C_clearance:47500016:129,False,True,0.023166848346590996,0.041493989643640816,0.01832714129704982
C_clearance_W_m0.050,train,C_clearance:47500016:165,False,True,0.017247674986720085,0.04185997025342658,0.024612295266706496
C_clearance_W_m0.050,train,C_clearance:47500016:169,False,True,0.013342668302357197,0.04392521266709082,0.03058254436473362
C_clearance_W_m0.050,development,C_clearance:47600000:3,True,False,0.10225089639425278,0.10321462422507466,0.0009637278308218811
C_clearance_W_m0.050,development,C_clearance:47600000:14,False,True,0.050449009984731674,0.07075316966074752,0.020304159676015843
C_clearance_W_m0.050,development,C_clearance:47600000:17,False,True,0.07172083854675293,0.07373155458844849,0.0020107160416955594
C_clearance_W_m0.050,development,C_clearance:47600000:21,False,True,0.042396120727062225,0.054156476482603466,0.01176035575554124
C_clearance_W_m0.050,development,C_clearance:47600000:29,False,True,0.09687483310699463,0.09226165611471515,-0.004613176992279477
C_clearance_W_m0.050,development,C_clearance:47600000:32,False,True,0.08967331796884537,0.10213790769921616,0.01246458973037079
C_clearance_W_m0.050,development,C_clearance:47600000:76,False,True,0.13585948944091797,0.18381441598467063,0.04795492654375266
C_clearance_W_m0.050,development,C_clearance:47600000:83,True,False,0.26126375794410706,0.26924993964348687,0.007986181699379813
C_clearance_W_m0.050,development,C_clearance:47600000:157,False,True,0.2889518439769745,0.2606752956926357,-0.028276548284338787
C_clearance_W_m0.050,development,C_clearance:47600002:2,False,True,0.060154903680086136,0.02133987072011223,-0.038815032959973905
C_clearance_W_m0.050,development,C_clearance:47600002:16,False,True,0.04239032417535782,0.039415524235664634,-0.0029747999396931846
C_clearance_W_m0.050,development,C_clearance:47600002:30,False,True,0.059312932193279266,0.06306615793801029,0.0037532257447310258
C_clearance_W_m0.050,development,C_clearance:47600002:36,False,True,0.05986500903964043,0.05801450525177643,-0.0018505037878639996
C_clearance_W_m0.050,development,C_clearance:47600002:68,False,True,0.04318530485033989,0.03214463635595166,-0.011040668494388228
C_clearance_W_m0.050,development,C_clearance:47600002:76,False,True,0.031662143766880035,0.0534910539026896,0.021828910135809565
C_clearance_W_m0.050,development,C_clearance:47600002:79,True,False,0.11449793726205826,0.2777283851901302,0.16323044792807195
C_clearance_W_m0.050,development,C_clearance:47600002:89,False,True,0.14540217816829681,0.07286727843165863,-0.07253489973663818
C_clearance_W_m0.050,development,C_clearance:47600002:107,False,True,0.157823383808136,0.22339829112024745,0.06557490731211146
C_clearance_W_m0.050,development,C_clearance:47600003:1,True,False,0.023873278871178627,0.11107787388755241,0.08720459501637379
C_clearance_W_m0.050,development,C_clearance:47600003:3,True,False,0.04426605999469757,0.07589993849796883,0.03163387850327126
C_clearance_W_m0.050,development,C_clearance:47600003:4,True,False,0.04397119954228401,0.07120653085621598,0.027235331313931965
C_clearance_W_m0.050,development,C_clearance:47600003:11,False,True,0.06118292734026909,0.08307250650250353,0.02188957916223444
C_clearance_W_m0.050,development,C_clearance:47600003:12,False,True,0.07759720832109451,0.08969353877182584,0.01209633045073133
C_clearance_W_m0.050,development,C_clearance:47600003:22,True,False,0.6368140578269958,0.5616338932595681,-0.07518016456742771
C_clearance_W_m0.050,development,C_clearance:47600003:70,False,True,0.16256970167160034,0.26951436723174993,0.10694466556014959
C_clearance_W_m0.050,development,C_clearance:47600003:90,True,False,0.07281483709812164,0.07238889821746852,-0.0004259388806531206
C_clearance_W_m0.050,development,C_clearance:47600003:112,False,True,0.031101873144507408,0.049061354737204965,0.017959481592697557
C_clearance_W_m0.050,development,C_clearance:47600003:125,False,True,0.023087775334715843,0.038888965085789096,0.015801189751073252
C_clearance_W_m0.050,development,C_clearance:47600004:3,False,True,0.05923336371779442,0.03696205435699085,-0.02227130936080357
C_clearance_W_m0.050,development,C_clearance:47600004:8,False,True,0.04153330251574516,0.04916249943562434,0.007629196919879178
C_clearance_W_m0.050,development,C_clearance:47600004:53,False,True,0.024043502286076546,0.021044086453912314,-0.0029994158321642317
C_clearance_W_m0.050,development,C_clearance:47600004:65,False,True,0.021938858553767204,0.016148378534126095,-0.005790480019641109
C_clearance_W_m0.050,development,C_clearance:47600004:92,False,True,0.027450397610664368,0.018747102709312458,-0.00870329490135191
C_clearance_W_m0.050,development,C_clearance:47600004:109,False,True,0.02866581827402115,0.016230974450081703,-0.012434843823939445
C_clearance_W_m0.050,development,C_clearance:47600004:122,False,True,0.008240126073360443,0.015768319366543437,0.007528193293182994
C_clearance_W_m0.050,development,C_clearance:47600005:2,False,True,0.020414894446730614,0.023796691220923094,0.0033817967741924804
C_clearance_W_m0.050,development,C_clearance:47600005:5,False,True,0.023451821878552437,0.025263100280426443,0.0018112784018740058
C_clearance_W_m0.050,development,C_clearance:47600005:15,True,False,0.17594528198242188,0.3183815888914978,0.14243630690907594
C_clearance_W_m0.050,development,C_clearance:47600005:24,False,True,0.07783907651901245,0.1206239369494142,0.04278486043040175
C_clearance_W_m0.050,development,C_clearance:47600005:33,False,True,0.07065985351800919,0.058786142035387456,-0.01187371148262173
C_clearance_W_m0.050,development,C_clearance:47600005:48,False,True,0.18309107422828674,0.13511480257147923,-0.04797627165680751
C_clearance_W_m0.050,development,C_clearance:47600005:86,True,False,0.4018687605857849,0.40085993507818785,-0.0010088255075970665
C_clearance_W_m0.050,development,C_clearance:47600005:88,True,False,0.4503001868724823,0.3053010303992778,-0.1449991564732045
C_clearance_W_m0.050,development,C_clearance:47600005:105,True,False,0.4072508215904236,0.09169345362170134,-0.31555736796872225
C_clearance_W_m0.050,development,C_clearance:47600005:119,False,True,0.11857546865940094,0.14307018669205718,0.024494718032656237
C_clearance_W_m0.050,development,C_clearance:47600006:2,True,False,0.08928745985031128,0.1483117476636835,0.05902428781337221
C_clearance_W_m0.050,development,C_clearance:47600006:11,False,True,0.026441937312483788,0.06066507525247289,0.0342231379399891
C_clearance_W_m0.050,development,C_clearance:47600006:13,True,False,0.07377856969833374,0.11254028664552607,0.038761716947192326
C_clearance_W_m0.050,development,C_clearance:47600006:16,True,False,0.09987805038690567,0.03801991804721183,-0.06185813233969384
C_clearance_W_m0.050,development,C_clearance:47600006:25,False,True,0.02565421722829342,0.03607738807841088,0.010423170850117458
C_clearance_W_m0.050,development,C_clearance:47600006:38,False,True,0.09729848802089691,0.06759657583097578,-0.02970191218992113
C_clearance_W_m0.050,development,C_clearance:47600006:72,True,False,0.14760062098503113,0.04144601134976256,-0.10615460963526857
C_clearance_W_m0.050,development,C_clearance:47600006:101,False,True,0.037288907915353775,0.0576714946582797,0.020382586742925923
C_clearance_W_m0.050,development,C_clearance:47600006:132,False,True,0.031146075576543808,0.028226958274899516,-0.0029191173016442917
C_clearance_W_m0.050,development,C_clearance:47600006:177,True,False,0.6062446236610413,0.5302549739426468,-0.0759896497183945
C_clearance_W_m0.050,development,C_clearance:47600007:4,False,True,0.008180315606296062,0.02119099973788252,0.013010684131586459
C_clearance_W_m0.050,development,C_clearance:47600007:7,False,True,0.05449950322508812,0.04455572849474265,-0.009943774730345467
C_clearance_W_m0.050,development,C_clearance:47600007:10,False,True,0.07735513150691986,0.05119271167131956,-0.026162419835600303
C_clearance_W_m0.050,development,C_clearance:47600007:17,False,True,0.029050346463918686,0.014199552131685778,-0.014850794332232908
C_clearance_W_m0.050,development,C_clearance:47600007:27,True,False,0.2541642487049103,0.1423263545439113,-0.11183789416099899
C_clearance_W_m0.050,development,C_clearance:47600007:28,True,False,0.11976709216833115,0.15398856859246735,0.0342214764241362
C_clearance_W_m0.050,development,C_clearance:47600007:61,False,True,0.025734858587384224,0.04738451345838257,0.021649654870998347
C_clearance_W_m0.050,development,C_clearance:47600007:66,False,True,0.02272355929017067,0.036167027210467495,0.013443467920296825
C_clearance_W_m0.050,development,C_clearance:47600007:87,False,True,0.023370200768113136,0.034983437155460706,0.01161323638734757
C_clearance_W_m0.050,development,C_clearance:47600007:117,False,True,0.020653992891311646,0.030918586988263996,0.01026459409695235
C_clearance_W_m0.050,development,C_clearance:47600008:6,False,True,0.07429394870996475,0.01795645356287423,-0.05633749514709052
C_clearance_W_m0.050,development,C_clearance:47600008:8,False,True,0.01082190964370966,0.017803539838496363,0.006981630194786703
C_clearance_W_m0.050,development,C_clearance:47600008:21,False,True,0.026639675721526146,0.04102064571270603,0.014380969991179882
C_clearance_W_m0.050,development,C_clearance:47600008:23,False,True,0.05096776410937309,0.07027769315027399,0.019309929040900897
C_clearance_W_m0.050,development,C_clearance:47600008:49,False,True,0.060537297278642654,0.06846101964765694,0.007923722369014286
C_clearance_W_m0.050,development,C_clearance:47600008:54,False,True,0.09025264531373978,0.06249988851413946,-0.02775275679960032
C_clearance_W_m0.050,development,C_clearance:47600008:61,False,True,0.05369168147444725,0.05812296901603986,0.00443128754159261
C_clearance_W_m0.050,development,C_clearance:47600008:87,False,True,0.038804467767477036,0.03674021575352526,-0.002064252013951773
C_clearance_W_m0.050,development,C_clearance:47600008:101,False,True,0.017227673903107643,0.030667172251924057,0.013439498348816414
C_clearance_W_m0.100,train,C_clearance:47500000:1,False,True,0.0661182850599289,0.04497770192392636,-0.021140583136002533
C_clearance_W_m0.100,train,C_clearance:47500000:8,False,True,0.02263592556118965,0.027865211537573487,0.005229285976383835
C_clearance_W_m0.100,train,C_clearance:47500000:26,True,False,0.4721561670303345,0.07744290796108544,-0.39471325906924903
C_clearance_W_m0.100,train,C_clearance:47500000:39,True,False,0.739040732383728,0.5149191184900701,-0.22412161389365792
C_clearance_W_m0.100,train,C_clearance:47500000:84,False,True,0.05730053037405014,0.052897586312610656,-0.004402944061439484
C_clearance_W_m0.100,train,C_clearance:47500000:141,False,True,0.06644947826862335,0.05041090218583122,-0.016038576082792133
C_clearance_W_m0.100,train,C_clearance:47500000:144,False,True,0.044516630470752716,0.09495441953185946,0.05043778906110674
C_clearance_W_m0.100,train,C_clearance:47500000:155,True,False,0.41647931933403015,0.08807799094938673,-0.3284013283846434
C_clearance_W_m0.100,train,C_clearance:47500000:169,False,True,0.009555666707456112,0.033363342852680944,0.023807676145224832
C_clearance_W_m0.100,train,C_clearance:47500000:179,False,True,0.0800098404288292,0.04903178510721773,-0.030978055321611464
C_clearance_W_m0.100,train,C_clearance:47500002:2,True,False,0.5349504351615906,0.05035279697040096,-0.4845976381911896
C_clearance_W_m0.100,train,C_clearance:47500002:3,True,False,0.35878726840019226,0.042435887866304256,-0.316351380533888
C_clearance_W_m0.100,train,C_clearance:47500002:15,False,True,0.007962857373058796,0.009856514559942298,0.0018936571868835017
C_clearance_W_m0.100,train,C_clearance:47500002:25,False,True,0.00877048633992672,0.012361743822111748,0.0035912574821850285
C_clearance_W_m0.100,train,C_clearance:47500002:33,False,True,0.01333089079707861,0.011663161814794876,-0.0016677289822837338
C_clearance_W_m0.100,train,C_clearance:47500002:55,False,True,0.013108834624290466,0.014270529572968371,0.001161694948677905
C_clearance_W_m0.100,train,C_clearance:47500002:101,False,True,0.013900124467909336,0.019413737099966966,0.0055136126320576295
C_clearance_W_m0.100,train,C_clearance:47500002:114,False,True,0.03168019652366638,0.018006657919613644,-0.013673538604052737
C_clearance_W_m0.100,train,C_clearance:47500002:152,False,True,0.06991146504878998,0.06474686175351962,-0.0051646032952703536
C_clearance_W_m0.100,train,C_clearance:47500002:178,False,True,0.024931123480200768,0.04675669432617724,0.021825570845976472
C_clearance_W_m0.100,train,C_clearance:47500003:4,True,False,0.3397204577922821,0.014199848781572655,-0.32552060901070945
C_clearance_W_m0.100,train,C_clearance:47500003:16,False,True,0.1182854175567627,0.19923405884765089,0.08094864129088819
C_clearance_W_m0.100,train,C_clearance:47500003:24,False,True,0.07068999856710434,0.08588338829576969,0.015193389728665352
C_clearance_W_m0.100,train,C_clearance:47500003:41,False,True,0.03533153608441353,0.03935898403869942,0.00402744795428589
C_clearance_W_m0.100,train,C_clearance:47500003:46,True,False,0.5173979997634888,0.23963214794639498,-0.2777658518170938
C_clearance_W_m0.100,train,C_clearance:47500003:80,False,True,0.06562277674674988,0.048179227247601375,-0.017443549499148503
C_clearance_W_m0.100,train,C_clearance:47500003:91,False,True,0.029797345399856567,0.038436149567132816,0.008638804167276248
C_clearance_W_m0.100,train,C_clearance:47500003:109,False,True,0.1804227977991104,0.16136293369345367,-0.019059864105656743
C_clearance_W_m0.100,train,C_clearance:47500003:149,True,False,0.8303779363632202,0.3212827059905976,-0.5090952303726226
C_clearance_W_m0.100,train,C_clearance:47500003:180,False,True,0.019988715648651123,0.05553263513138518,0.035543919482734054
C_clearance_W_m0.100,train,C_clearance:47500005:2,False,True,0.05023077130317688,0.03446226233791094,-0.015768508965265937
C_clearance_W_m0.100,train,C_clearance:47500005:6,False,True,0.024035926908254623,0.01428873380064033,-0.009747193107614294
C_clearance_W_m0.100,train,C_clearance:47500005:13,False,True,0.009017628617584705,0.020768759728525765,0.01175113111094106
C_clearance_W_m0.100,train,C_clearance:47500005:45,False,True,0.017101677134633064,0.03689887002110481,0.01979719288647175
C_clearance_W_m0.100,train,C_clearance:47500005:46,False,True,0.015981348231434822,0.05067008803598583,0.034688739804551005
C_clearance_W_m0.100,train,C_clearance:47500005:67,False,True,0.03485770523548126,0.04432870994787663,0.00947100471239537
C_clearance_W_m0.100,train,C_clearance:47500005:106,False,True,0.022884448990225792,0.03361972246784717,0.010735273477621377
C_clearance_W_m0.100,train,C_clearance:47500005:120,False,True,0.03207395225763321,0.046431300055701286,0.014357347798068076
C_clearance_W_m0.100,train,C_clearance:47500005:170,False,True,0.10698031634092331,0.051070611632894725,-0.055909704708028585
C_clearance_W_m0.100,train,C_clearance:47500006:4,False,True,0.012592393904924393,0.04836996010271832,0.03577756619779393
C_clearance_W_m0.100,train,C_clearance:47500006:5,False,True,0.09215306490659714,0.08058909417013638,-0.01156397073646076
C_clearance_W_m0.100,train,C_clearance:47500006:8,False,True,0.06504502892494202,0.12332720836275257,0.058282179437810555
C_clearance_W_m0.100,train,C_clearance:47500006:10,False,True,0.06931440532207489,0.09775180814904161,0.028437402826966718
C_clearance_W_m0.100,train,C_clearance:47500006:89,False,True,0.02357732318341732,0.07295644347323105,0.04937912028981373
C_clearance_W_m0.100,train,C_clearance:47500006:102,False,True,0.1245160847902298,0.1639733476913534,0.03945726290112361
C_clearance_W_m0.100,train,C_clearance:47500006:118,True,False,0.43499699234962463,0.24779436050448567,-0.18720263184513897
C_clearance_W_m0.100,train,C_clearance:47500006:136,True,False,0.3712170422077179,0.2533330302685499,-0.11788401193916798
C_clearance_W_m0.100,train,C_clearance:47500006:169,False,True,0.06048494577407837,0.09176041244063526,0.031275466666556895
C_clearance_W_m0.100,train,C_clearance:47500007:4,False,True,0.0067436001263558865,0.014339350193040445,0.007595750066684559
C_clearance_W_m0.100,train,C_clearance:47500007:6,False,True,0.013670581392943859,0.01664997125044465,0.0029793898575007915
C_clearance_W_m0.100,train,C_clearance:47500007:13,False,True,0.012915396131575108,0.011230593096115626,-0.0016848030354594812
C_clearance_W_m0.100,train,C_clearance:47500007:36,False,True,0.009943194687366486,0.020275750488508493,0.010332555801142007
C_clearance_W_m0.100,train,C_clearance:47500007:97,True,False,0.4388293921947479,0.1849148840410635,-0.25391450815368444
C_clearance_W_m0.100,train,C_clearance:47500007:118,False,True,0.0496647022664547,0.06210065307095647,0.012435950804501772
C_clearance_W_m0.100,train,C_clearance:47500007:134,False,True,0.04638079181313515,0.045493685465771705,-0.0008871063473634422
C_clearance_W_m0.100,train,C_clearance:47500007:168,False,True,0.04546830430626869,0.0862735053524375,0.040805201046168804
C_clearance_W_m0.100,train,C_clearance:47500008:4,False,True,0.013727018609642982,0.015888370107859373,0.0021613514982163906
C_clearance_W_m0.100,train,C_clearance:47500008:10,False,True,0.0203612819314003,0.04972995221032761,0.02936867027892731
C_clearance_W_m0.100,train,C_clearance:47500008:20,False,True,0.056707482784986496,0.058453393721720204,0.0017459109367337078
C_clearance_W_m0.100,train,C_clearance:47500008:28,False,True,0.04257764294743538,0.07372749334899709,0.031149850401561707
C_clearance_W_m0.100,train,C_clearance:47500008:34,False,True,0.0467195138335228,0.0557091852533631,0.008989671419840306
C_clearance_W_m0.100,train,C_clearance:47500008:112,True,False,0.7923968434333801,0.4661303488537669,-0.3262664945796132
C_clearance_W_m0.100,train,C_clearance:47500008:131,False,True,0.06733386963605881,0.19094701891299337,0.12361314927693456
C_clearance_W_m0.100,train,C_clearance:47500008:172,True,False,0.5728409290313721,0.3512524734251201,-0.22158845560625196
C_clearance_W_m0.100,train,C_clearance:47500009:6,False,True,0.03694872558116913,0.05028663590201177,0.013337910320842639
C_clearance_W_m0.100,train,C_clearance:47500009:11,False,True,0.1373656839132309,0.0916321586119011,-0.04573352530132979
C_clearance_W_m0.100,train,C_clearance:47500009:15,False,True,0.11247795075178146,0.09660706951399334,-0.015870881237788126
C_clearance_W_m0.100,train,C_clearance:47500009:20,False,True,0.1169542446732521,0.1436030866461806,0.026648841972928494
C_clearance_W_m0.100,train,C_clearance:47500009:26,False,True,0.06173389405012131,0.08742015980533324,0.025686265755211934
C_clearance_W_m0.100,train,C_clearance:47500009:36,True,False,0.31112024188041687,0.13649830501526594,-0.17462193686515093
C_clearance_W_m0.100,train,C_clearance:47500009:68,False,True,0.012653053738176823,0.05113117897417396,0.03847812523599714
C_clearance_W_m0.100,train,C_clearance:47500009:142,False,True,0.024427499622106552,0.03559519466944039,0.011167695047333837
C_clearance_W_m0.100,train,C_clearance:47500011:5,False,True,0.004282187670469284,0.014594183696317486,0.010311996025848202
C_clearance_W_m0.100,train,C_clearance:47500011:15,False,True,0.04326893016695976,0.05599167730542831,0.012722747138468549
C_clearance_W_m0.100,train,C_clearance:47500011:26,True,False,0.44517964124679565,0.05203074360906612,-0.39314889763772953
C_clearance_W_m0.100,train,C_clearance:47500011:29,False,True,0.01014954224228859,0.05590115282393526,0.04575161058164667
C_clearance_W_m0.100,train,C_clearance:47500011:31,False,True,0.01338488794863224,0.10796862677671015,0.09458373882807791
C_clearance_W_m0.100,train,C_clearance:47500011:36,False,True,0.03789059445261955,0.05953911316464655,0.021648518712027
C_clearance_W_m0.100,train,C_clearance:47500011:49,False,True,0.10069769620895386,0.04937809071270749,-0.05131960549624637
C_clearance_W_m0.100,train,C_clearance:47500011:56,False,True,0.10155467689037323,0.08437229361152276,-0.017182383278850466
C_clearance_W_m0.100,train,C_clearance:47500011:74,False,True,0.017550857737660408,0.039393148123053834,0.021842290385393426
C_clearance_W_m0.100,train,C_clearance:47500011:167,False,True,0.028975725173950195,0.021238977744360454,-0.007736747429589741
C_clearance_W_m0.100,train,C_clearance:47500013:14,False,True,0.019521210342645645,0.03679360047681257,0.017272390134166926
C_clearance_W_m0.100,train,C_clearance:47500013:15,False,True,0.011779768392443657,0.035111181903630495,0.023331413511186838
C_clearance_W_m0.100,train,C_clearance:47500013:28,False,True,0.05806797742843628,0.04993497545365244,-0.008133001974783838
C_clearance_W_m0.100,train,C_clearance:47500013:32,False,True,0.04477011412382126,0.06876574771013111,0.02399563358630985
C_clearance_W_m0.100,train,C_clearance:47500013:58,False,True,0.02121286652982235,0.02425806428072974,0.0030451977509073913
C_clearance_W_m0.100,train,C_clearance:47500013:83,False,True,0.18498553335666656,0.14168733195401728,-0.04329820140264928
C_clearance_W_m0.100,train,C_clearance:47500013:119,False,True,0.10046454519033432,0.15366892726160586,0.05320438207127154
C_clearance_W_m0.100,train,C_clearance:47500013:128,True,False,0.7588620185852051,0.44815213745459914,-0.31070988113060594
C_clearance_W_m0.100,train,C_clearance:47500013:162,False,True,0.05606032535433769,0.09379562397953123,0.037735298625193536
C_clearance_W_m0.100,train,C_clearance:47500013:165,False,True,0.09790931642055511,0.07762934657512233,-0.020279969845432788
C_clearance_W_m0.100,train,C_clearance:47500014:9,False,True,0.02050497755408287,0.01680128181760665,-0.00370369573647622
C_clearance_W_m0.100,train,C_clearance:47500014:10,False,True,0.013100521638989449,0.019369090092368424,0.006268568453378975
C_clearance_W_m0.100,train,C_clearance:47500014:20,False,True,0.022183407098054886,0.022125380230136216,-5.802686791867018e-05
C_clearance_W_m0.100,train,C_clearance:47500014:43,False,True,0.013768920674920082,0.061587086878716946,0.047818166203796864
C_clearance_W_m0.100,train,C_clearance:47500014:60,True,False,0.7250300049781799,0.5599303615745157,-0.16509964340366423
C_clearance_W_m0.100,train,C_clearance:47500014:78,True,False,0.31500497460365295,0.12509269581642002,-0.18991227878723294
C_clearance_W_m0.100,train,C_clearance:47500014:99,False,True,0.030082035809755325,0.09761400119168684,0.06753196538193151
C_clearance_W_m0.100,train,C_clearance:47500014:134,False,True,0.029773660004138947,0.041910418891347945,0.012136758887208998
C_clearance_W_m0.100,train,C_clearance:47500014:161,False,True,0.03433673083782196,0.06683495524339378,0.03249822440557182
C_clearance_W_m0.100,train,C_clearance:47500014:170,False,True,0.018935173749923706,0.03226368786999956,0.013328514120075852
C_clearance_W_m0.100,train,C_clearance:47500016:4,False,True,0.007013850845396519,0.024790764931822196,0.017776914086425677
C_clearance_W_m0.100,train,C_clearance:47500016:5,False,True,0.03933347389101982,0.02834535234433133,-0.01098812154668849
C_clearance_W_m0.100,train,C_clearance:47500016:30,True,False,0.6745200753211975,0.3338485404383391,-0.3406715348828584
C_clearance_W_m0.100,train,C_clearance:47500016:42,False,True,0.08271005749702454,0.0930589783238247,0.010348920826800168
C_clearance_W_m0.100,train,C_clearance:47500016:43,False,True,0.04469003900885582,0.09750137757509947,0.05281133856624365
C_clearance_W_m0.100,train,C_clearance:47500016:108,False,True,0.02065403200685978,0.04854128591250628,0.027887253905646503
C_clearance_W_m0.100,train,C_clearance:47500016:129,False,True,0.03895329684019089,0.06650370999705046,0.027550413156859577
C_clearance_W_m0.100,train,C_clearance:47500016:165,False,True,0.022336816415190697,0.05483355198521167,0.032496735570020974
C_clearance_W_m0.100,train,C_clearance:47500016:169,False,True,0.023443322628736496,0.05306747375288978,0.029624151124153286
C_clearance_W_m0.100,development,C_clearance:47600000:3,True,False,0.05532960221171379,0.09123359854675073,0.035903996335036936
C_clearance_W_m0.100,development,C_clearance:47600000:14,False,True,0.02812252752482891,0.041977486667747144,0.013854959142918233
C_clearance_W_m0.100,development,C_clearance:47600000:17,False,True,0.035240136086940765,0.056425316688546445,0.02118518060160568
C_clearance_W_m0.100,development,C_clearance:47600000:21,False,True,0.0259904395788908,0.0466026567210065,0.020612217142115696
C_clearance_W_m0.100,development,C_clearance:47600000:29,False,True,0.1524362564086914,0.13974548819896881,-0.012690768209722592
C_clearance_W_m0.100,development,C_clearance:47600000:32,False,True,0.1479811668395996,0.16926859488739865,0.02128742804779904
C_clearance_W_m0.100,development,C_clearance:47600000:76,False,True,0.08024746924638748,0.1655589828187658,0.08531151357237832
C_clearance_W_m0.100,development,C_clearance:47600000:83,True,False,0.3461282253265381,0.34061024674156215,-0.0055179785849759355
C_clearance_W_m0.100,development,C_clearance:47600000:157,False,True,0.2341887652873993,0.3731582851469284,0.1389695198595291
C_clearance_W_m0.100,development,C_clearance:47600002:2,False,True,0.036397337913513184,0.03573692832287634,-0.0006604095906368457
C_clearance_W_m0.100,development,C_clearance:47600002:16,False,True,0.04485680162906647,0.05975757213309407,0.014900770504027605
C_clearance_W_m0.100,development,C_clearance:47600002:30,False,True,0.0534924753010273,0.05834657786908792,0.004854102568060625
C_clearance_W_m0.100,development,C_clearance:47600002:36,False,True,0.10402180254459381,0.08811447710468201,-0.0159073254399118
C_clearance_W_m0.100,development,C_clearance:47600002:68,False,True,0.030535059049725533,0.033182618139107944,0.002647559089382412
C_clearance_W_m0.100,development,C_clearance:47600002:76,False,True,0.03466557711362839,0.042103724808839615,0.007438147695211228
C_clearance_W_m0.100,development,C_clearance:47600002:79,True,False,0.08198152482509613,0.2196528480562847,0.13767132323118858
C_clearance_W_m0.100,development,C_clearance:47600002:89,False,True,0.29784753918647766,0.08725723908355576,-0.2105903001029219
C_clearance_W_m0.100,development,C_clearance:47600002:107,False,True,0.16004678606987,0.1776699633555836,0.01762317728571361
C_clearance_W_m0.100,development,C_clearance:47600003:1,True,False,0.013924766331911087,0.0978821088319819,0.08395734250007081
C_clearance_W_m0.100,development,C_clearance:47600003:3,True,False,0.0443718247115612,0.08490012454967655,0.040528299838115345
C_clearance_W_m0.100,development,C_clearance:47600003:4,True,False,0.02172812446951866,0.07824688472828711,0.05651876025876845
C_clearance_W_m0.100,development,C_clearance:47600003:11,False,True,0.09096429497003555,0.10743795663438505,0.016473661664349493
C_clearance_W_m0.100,development,C_clearance:47600003:12,False,True,0.08522074669599533,0.12993322636248195,0.044712479666486615
C_clearance_W_m0.100,development,C_clearance:47600003:22,True,False,0.6918618083000183,0.5381008763652062,-0.1537609319348121
C_clearance_W_m0.100,development,C_clearance:47600003:70,False,True,0.38243618607521057,0.480814228503732,0.09837804242852144
C_clearance_W_m0.100,development,C_clearance:47600003:90,True,False,0.04927631467580795,0.05572531620055088,0.0064490015247429255
C_clearance_W_m0.100,development,C_clearance:47600003:112,False,True,0.03325285762548447,0.05803246287541697,0.0247796052499325
C_clearance_W_m0.100,development,C_clearance:47600003:125,False,True,0.034264326095581055,0.04065683894623362,0.006392512850652565
C_clearance_W_m0.100,development,C_clearance:47600004:3,False,True,0.07833300530910492,0.033555172420165036,-0.044777832888939884
C_clearance_W_m0.100,development,C_clearance:47600004:8,False,True,0.03835965692996979,0.04187461667970638,0.0035149597497365903
C_clearance_W_m0.100,development,C_clearance:47600004:53,False,True,0.03405602276325226,0.025607884968849248,-0.00844813779440301
C_clearance_W_m0.100,development,C_clearance:47600004:65,False,True,0.02823813073337078,0.015571679788990878,-0.012666450944379903
C_clearance_W_m0.100,development,C_clearance:47600004:92,False,True,0.04035421833395958,0.01891057364628068,-0.021443644687678898
C_clearance_W_m0.100,development,C_clearance:47600004:109,False,True,0.02736184559762478,0.017580457491931156,-0.009781388105693622
C_clearance_W_m0.100,development,C_clearance:47600004:122,False,True,0.008817695081233978,0.019385630197575665,0.010567935116341687
C_clearance_W_m0.100,development,C_clearance:47600005:2,False,True,0.011931296437978745,0.024138050217516138,0.012206753779537394
C_clearance_W_m0.100,development,C_clearance:47600005:5,False,True,0.026954585686326027,0.037313696284400066,0.01035911059807404
C_clearance_W_m0.100,development,C_clearance:47600005:15,True,False,0.19742457568645477,0.4243299127847422,0.22690533709828742
C_clearance_W_m0.100,development,C_clearance:47600005:24,False,True,0.06575862318277359,0.11291671688377392,0.047158093701000325
C_clearance_W_m0.100,development,C_clearance:47600005:33,False,True,0.049998994916677475,0.039888913168397266,-0.010110081748280209
C_clearance_W_m0.100,development,C_clearance:47600005:48,False,True,0.12581612169742584,0.12194442953477846,-0.0038716921626473777
C_clearance_W_m0.100,development,C_clearance:47600005:86,True,False,0.7982223629951477,0.42669102544459747,-0.37153133755055023
C_clearance_W_m0.100,development,C_clearance:47600005:88,True,False,0.5147261619567871,0.477492387581151,-0.03723377437563613
C_clearance_W_m0.100,development,C_clearance:47600005:105,True,False,0.5029383897781372,0.15996862196334405,-0.34296976781479316
C_clearance_W_m0.100,development,C_clearance:47600005:119,False,True,0.21823516488075256,0.28331601943500573,0.06508085455425316
C_clearance_W_m0.100,development,C_clearance:47600006:2,True,False,0.09405994415283203,0.11791975581218139,0.02385981165934936
C_clearance_W_m0.100,development,C_clearance:47600006:11,False,True,0.021212777122855186,0.06149754376565397,0.040284766642798786
C_clearance_W_m0.100,development,C_clearance:47600006:13,True,False,0.07507636398077011,0.1564457879139809,0.08136942393321078
C_clearance_W_m0.100,development,C_clearance:47600006:16,True,False,0.1834351271390915,0.07973138919260236,-0.10370373794648913
C_clearance_W_m0.100,development,C_clearance:47600006:25,False,True,0.04264872893691063,0.08769086739994236,0.04504213846303173
C_clearance_W_m0.100,development,C_clearance:47600006:38,False,True,0.11361443251371384,0.0947816422158212,-0.018832790297892643
C_clearance_W_m0.100,development,C_clearance:47600006:72,True,False,0.14730443060398102,0.0332192963687703,-0.11408513423521072
C_clearance_W_m0.100,development,C_clearance:47600006:101,False,True,0.028263680636882782,0.04053391038905829,0.01227022975217551
C_clearance_W_m0.100,development,C_clearance:47600006:132,False,True,0.08203990012407303,0.051499015196895925,-0.030540884927177103
C_clearance_W_m0.100,development,C_clearance:47600006:177,True,False,0.5803912878036499,0.47338339567068033,-0.10700789213296957
C_clearance_W_m0.100,development,C_clearance:47600007:4,False,True,0.005914081819355488,0.017184526534038014,0.011270444714682526
C_clearance_W_m0.100,development,C_clearance:47600007:7,False,True,0.04878035560250282,0.043743468158936594,-0.005036887443566229
C_clearance_W_m0.100,development,C_clearance:47600007:10,False,True,0.05959344655275345,0.04536941285005014,-0.01422403370270331
C_clearance_W_m0.100,development,C_clearance:47600007:17,False,True,0.053687576204538345,0.015977357357769506,-0.03771021884676884
C_clearance_W_m0.100,development,C_clearance:47600007:27,True,False,0.33240044116973877,0.1658175475349708,-0.16658289363476797
C_clearance_W_m0.100,development,C_clearance:47600007:28,True,False,0.15431667864322662,0.1827974649531825,0.028480786309955874
C_clearance_W_m0.100,development,C_clearance:47600007:61,False,True,0.013728942722082138,0.034577862275909865,0.020848919553827727
C_clearance_W_m0.100,development,C_clearance:47600007:66,False,True,0.01042540930211544,0.03035729054681724,0.0199318812447018
C_clearance_W_m0.100,development,C_clearance:47600007:87,False,True,0.026794511824846268,0.05383172590700269,0.027037214082156424
C_clearance_W_m0.100,development,C_clearance:47600007:117,False,True,0.028090113773941994,0.04238606298349623,0.014295949209554237
C_clearance_W_m0.100,development,C_clearance:47600008:6,False,True,0.07563173025846481,0.01932616231533757,-0.056305567943127244
C_clearance_W_m0.100,development,C_clearance:47600008:8,False,True,0.016694437712430954,0.022325532665490755,0.005631094953059801
C_clearance_W_m0.100,development,C_clearance:47600008:21,False,True,0.026732666417956352,0.042487972938033636,0.015755306520077283
C_clearance_W_m0.100,development,C_clearance:47600008:23,False,True,0.022082030773162842,0.038823859013064066,0.016741828239901224
C_clearance_W_m0.100,development,C_clearance:47600008:49,False,True,0.03232543542981148,0.033759940743038896,0.0014345053132274188
C_clearance_W_m0.100,development,C_clearance:47600008:54,False,True,0.062347035855054855,0.03188954164943425,-0.030457494205620605
C_clearance_W_m0.100,development,C_clearance:47600008:61,False,True,0.04088813439011574,0.044371318914272706,0.003483184524156968
C_clearance_W_m0.100,development,C_clearance:47600008:87,False,True,0.03631667420268059,0.02886313859926304,-0.007453535603417549
C_clearance_W_m0.100,development,C_clearance:47600008:101,False,True,0.009060481563210487,0.02155293229225208,0.012492450729041593
C_clearance_W_m0.150,train,C_clearance:47500000:1,False,True,0.10156156867742538,0.06775000407651532,-0.03381156460091006
C_clearance_W_m0.150,train,C_clearance:47500000:8,False,True,0.0259984340518713,0.031777435084222816,0.005779001032351516
C_clearance_W_m0.150,train,C_clearance:47500000:26,True,False,0.3264237940311432,0.05565336492145434,-0.27077042910968885
C_clearance_W_m0.150,train,C_clearance:47500000:39,True,False,0.9198684692382812,0.4877058807760477,-0.43216258846223354
C_clearance_W_m0.150,train,C_clearance:47500000:84,False,True,0.07950179278850555,0.07423280470538884,-0.00526898808311671
C_clearance_W_m0.150,train,C_clearance:47500000:141,False,True,0.05205757915973663,0.04855378298088908,-0.0035037961788475513
C_clearance_W_m0.150,train,C_clearance:47500000:144,False,True,0.048678919672966,0.10304712451761588,0.05436820484464988
C_clearance_W_m0.150,train,C_clearance:47500000:155,True,False,0.27226659655570984,0.08363192281103693,-0.1886346737446729
C_clearance_W_m0.150,train,C_clearance:47500000:169,False,True,0.006454783491790295,0.023987794033018872,0.017533010541228577
C_clearance_W_m0.150,train,C_clearance:47500000:179,False,True,0.04757373034954071,0.03431635379092768,-0.013257376558613032
C_clearance_W_m0.150,train,C_clearance:47500002:2,True,False,0.6922615766525269,0.11726167070446536,-0.5749999059480615
C_clearance_W_m0.150,train,C_clearance:47500002:3,True,False,0.5585499405860901,0.10439825829234906,-0.45415168229374103
C_clearance_W_m0.150,train,C_clearance:47500002:15,False,True,0.009150981903076172,0.015770731668453664,0.006619749765377492
C_clearance_W_m0.150,train,C_clearance:47500002:25,False,True,0.014028574340045452,0.023268953867955133,0.009240379527909681
C_clearance_W_m0.150,train,C_clearance:47500002:33,False,True,0.03019636496901512,0.019996569899376482,-0.01019979506963864
C_clearance_W_m0.150,train,C_clearance:47500002:55,False,True,0.01635873131453991,0.02052641482441686,0.004167683509876952
C_clearance_W_m0.150,train,C_clearance:47500002:101,False,True,0.021622952073812485,0.0297273384348955,0.008104386361083016
C_clearance_W_m0.150,train,C_clearance:47500002:114,False,True,0.06036517769098282,0.02600501847337,-0.03436015921761282
C_clearance_W_m0.150,train,C_clearance:47500002:152,False,True,0.03322608768939972,0.04469610727392137,0.011470019584521651
C_clearance_W_m0.150,train,C_clearance:47500002:178,False,True,0.016713155433535576,0.044447902211686596,0.02773474677815102
C_clearance_W_m0.150,train,C_clearance:47500003:4,True,False,0.21054607629776,0.015986934085958637,-0.19455914221180137
C_clearance_W_m0.150,train,C_clearance:47500003:16,False,True,0.11707430332899094,0.20684870204422623,0.08977439871523529
C_clearance_W_m0.150,train,C_clearance:47500003:24,False,True,0.0677938312292099,0.0718532195314765,0.004059388302266598
C_clearance_W_m0.150,train,C_clearance:47500003:41,False,True,0.03734965622425079,0.03806831700785551,0.0007186607836047187
C_clearance_W_m0.150,train,C_clearance:47500003:46,True,False,0.5781317949295044,0.22265335830161348,-0.3554784366278909
C_clearance_W_m0.150,train,C_clearance:47500003:80,False,True,0.0593668557703495,0.04157451866194606,-0.017792337108403444
C_clearance_W_m0.150,train,C_clearance:47500003:91,False,True,0.03376252204179764,0.046703896805411205,0.012941374763613567
C_clearance_W_m0.150,train,C_clearance:47500003:109,False,True,0.3432777523994446,0.20322766690514982,-0.14005008549429476
C_clearance_W_m0.150,train,C_clearance:47500003:149,True,False,0.792853593826294,0.3269226283300668,-0.46593096549622715
C_clearance_W_m0.150,train,C_clearance:47500003:180,False,True,0.012678395956754684,0.06333291766350158,0.05065452170674689
C_clearance_W_m0.150,train,C_clearance:47500005:2,False,True,0.041333720088005066,0.04092703828064259,-0.0004066818073624745
C_clearance_W_m0.150,train,C_clearance:47500005:6,False,True,0.028637340292334557,0.018263427351485007,-0.01037391294084955
C_clearance_W_m0.150,train,C_clearance:47500005:13,False,True,0.009441809728741646,0.023308362549869344,0.013866552821127698
C_clearance_W_m0.150,train,C_clearance:47500005:45,False,True,0.018710171803832054,0.04596315952949226,0.027252987725660205
C_clearance_W_m0.150,train,C_clearance:47500005:46,False,True,0.014889875426888466,0.06983754830434918,0.05494767287746072
C_clearance_W_m0.150,train,C_clearance:47500005:67,False,True,0.02793392911553383,0.04109031731786672,0.013156388202332892
C_clearance_W_m0.150,train,C_clearance:47500005:106,False,True,0.014152965508401394,0.02533006767043844,0.011177102162037045
C_clearance_W_m0.150,train,C_clearance:47500005:120,False,True,0.028291970491409302,0.04118935397127643,0.01289738347986713
C_clearance_W_m0.150,train,C_clearance:47500005:170,False,True,0.09475328028202057,0.03907963202800602,-0.05567364825401455
C_clearance_W_m0.150,train,C_clearance:47500006:4,False,True,0.01820335164666176,0.042327870905864984,0.024124519259203225
C_clearance_W_m0.150,train,C_clearance:47500006:5,False,True,0.05914580449461937,0.07574420227319933,0.016598397778579965
C_clearance_W_m0.150,train,C_clearance:47500006:8,False,True,0.045134417712688446,0.1070958155032713,0.06196139779058285
C_clearance_W_m0.150,train,C_clearance:47500006:10,False,True,0.06014355272054672,0.07661309684044681,0.016469544119900092
C_clearance_W_m0.150,train,C_clearance:47500006:89,False,True,0.015052283182740211,0.06363422228605486,0.04858193910331465
C_clearance_W_m0.150,train,C_clearance:47500006:102,False,True,0.0628296434879303,0.13505898480070755,0.07222934131277725
C_clearance_W_m0.150,train,C_clearance:47500006:118,True,False,0.7113178372383118,0.4834902047878131,-0.22782763245049864
C_clearance_W_m0.150,train,C_clearance:47500006:136,True,False,0.733313798904419,0.37038447335362434,-0.3629293255507946
C_clearance_W_m0.150,train,C_clearance:47500006:169,False,True,0.030527345836162567,0.05197020363993943,0.02144285780377686
C_clearance_W_m0.150,train,C_clearance:47500007:4,False,True,0.005292811896651983,0.014807648723945022,0.009514836827293038
C_clearance_W_m0.150,train,C_clearance:47500007:6,False,True,0.011389443650841713,0.013724960866966285,0.002335517216124572
C_clearance_W_m0.150,train,C_clearance:47500007:13,False,True,0.008311250247061253,0.008801606367342174,0.0004903561202809215
C_clearance_W_m0.150,train,C_clearance:47500007:36,False,True,0.0080419285222888,0.02057220131973736,0.01253027279744856
C_clearance_W_m0.150,train,C_clearance:47500007:97,True,False,0.6754449605941772,0.29371822508983314,-0.3817267355043441
C_clearance_W_m0.150,train,C_clearance:47500007:118,False,True,0.038357213139534,0.062017754768021405,0.023660541628487408
C_clearance_W_m0.150,train,C_clearance:47500007:134,False,True,0.029638711363077164,0.035265362152131274,0.005626650789054111
C_clearance_W_m0.150,train,C_clearance:47500007:168,False,True,0.022725380957126617,0.053536492167040706,0.030811111209914088
C_clearance_W_m0.150,train,C_clearance:47500008:4,False,True,0.00814218819141388,0.014120476524112746,0.005978288332698867
C_clearance_W_m0.150,train,C_clearance:47500008:10,False,True,0.028416231274604797,0.04922942159464583,0.02081319032004103
C_clearance_W_m0.150,train,C_clearance:47500008:20,False,True,0.06864163279533386,0.09447185037424788,0.025830217578914016
C_clearance_W_m0.150,train,C_clearance:47500008:28,False,True,0.04153203219175339,0.08242204808630049,0.040890015894547105
C_clearance_W_m0.150,train,C_clearance:47500008:34,False,True,0.056859515607357025,0.08439979387912899,0.027540278271771967
C_clearance_W_m0.150,train,C_clearance:47500008:112,True,False,0.7755601406097412,0.42167411535046995,-0.35388602525927126
C_clearance_W_m0.150,train,C_clearance:47500008:131,False,True,0.06875848025083542,0.24011880659963936,0.17136032634880394
C_clearance_W_m0.150,train,C_clearance:47500008:172,True,False,0.7771705985069275,0.3878393163322471,-0.3893312821746804
C_clearance_W_m0.150,train,C_clearance:47500009:6,False,True,0.023035112768411636,0.0635356259153923,0.040500513146980666
C_clearance_W_m0.150,train,C_clearance:47500009:11,False,True,0.1741350293159485,0.08742962958058342,-0.08670539973536506
C_clearance_W_m0.150,train,C_clearance:47500009:15,False,True,0.14193885028362274,0.14961418681195937,0.007675336528336629
C_clearance_W_m0.150,train,C_clearance:47500009:20,False,True,0.12682810425758362,0.16755799477687106,0.04072989051928744
C_clearance_W_m0.150,train,C_clearance:47500009:26,False,True,0.04292536526918411,0.0893387601536233,0.046413394884439185
C_clearance_W_m0.150,train,C_clearance:47500009:36,True,False,0.3673316538333893,0.11885655939113349,-0.2484750944422558
C_clearance_W_m0.150,train,C_clearance:47500009:68,False,True,0.006594955455511808,0.05494571346207522,0.04835075800656341
C_clearance_W_m0.150,train,C_clearance:47500009:142,False,True,0.023813460022211075,0.025417365977773443,0.001603905955562368
C_clearance_W_m0.150,train,C_clearance:47500011:5,False,True,0.003634965978562832,0.01626760706130881,0.012632641082745977
C_clearance_W_m0.150,train,C_clearance:47500011:15,False,True,0.02558838203549385,0.03929883782984689,0.013710455794353038
C_clearance_W_m0.150,train,C_clearance:47500011:26,True,False,0.4625921845436096,0.04302563659439329,-0.41956654794921633
C_clearance_W_m0.150,train,C_clearance:47500011:29,False,True,0.007938257418572903,0.07601972343400121,0.0680814660154283
C_clearance_W_m0.150,train,C_clearance:47500011:31,False,True,0.012468068860471249,0.12100756715517491,0.10853949829470366
C_clearance_W_m0.150,train,C_clearance:47500011:36,False,True,0.029108427464962006,0.04660365864401683,0.017495231179054826
C_clearance_W_m0.150,train,C_clearance:47500011:49,False,True,0.054514192044734955,0.04211006927653216,-0.012404122768202797
C_clearance_W_m0.150,train,C_clearance:47500011:56,False,True,0.1799890697002411,0.09122985636349767,-0.08875921333674341
C_clearance_W_m0.150,train,C_clearance:47500011:74,False,True,0.01079552061855793,0.025326135306386277,0.014530614687828347
C_clearance_W_m0.150,train,C_clearance:47500011:167,False,True,0.02423396334052086,0.0217306461854605,-0.0025033171550603583
C_clearance_W_m0.150,train,C_clearance:47500013:14,False,True,0.03072820045053959,0.053082089842064306,0.022353889391524717
C_clearance_W_m0.150,train,C_clearance:47500013:15,False,True,0.012147587724030018,0.04573046544101089,0.033582877716980875
C_clearance_W_m0.150,train,C_clearance:47500013:28,False,True,0.05089158937335014,0.053989672334864736,0.003098082961514592
C_clearance_W_m0.150,train,C_clearance:47500013:32,False,True,0.048878300935029984,0.061317406536545604,0.012439105601515621
C_clearance_W_m0.150,train,C_clearance:47500013:58,False,True,0.02243979647755623,0.02264472283422947,0.00020492635667324066
C_clearance_W_m0.150,train,C_clearance:47500013:83,False,True,0.17048463225364685,0.10677489021327347,-0.06370974204037338
C_clearance_W_m0.150,train,C_clearance:47500013:119,False,True,0.08219217509031296,0.08445793477585539,0.0022657596855424345
C_clearance_W_m0.150,train,C_clearance:47500013:128,True,False,0.7740148901939392,0.45832038996741176,-0.31569450022652745
C_clearance_W_m0.150,train,C_clearance:47500013:162,False,True,0.04043044149875641,0.09566927404375747,0.05523883254500106
C_clearance_W_m0.150,train,C_clearance:47500013:165,False,True,0.08928387612104416,0.08569883252494037,-0.0035850435961037874
C_clearance_W_m0.150,train,C_clearance:47500014:9,False,True,0.023985933512449265,0.017293398865149356,-0.006692534647299908
C_clearance_W_m0.150,train,C_clearance:47500014:10,False,True,0.012436247430741787,0.020469785202294588,0.008033537771552801
C_clearance_W_m0.150,train,C_clearance:47500014:20,False,True,0.030600644648075104,0.0321225857042009,0.0015219410561257973
C_clearance_W_m0.150,train,C_clearance:47500014:43,False,True,0.009275336749851704,0.052648545810370706,0.043373209060519
C_clearance_W_m0.150,train,C_clearance:47500014:60,True,False,0.8746891021728516,0.5080286822339986,-0.366660419938853
C_clearance_W_m0.150,train,C_clearance:47500014:78,True,False,0.36379191279411316,0.13110880402382463,-0.23268310877028853
C_clearance_W_m0.150,train,C_clearance:47500014:99,False,True,0.03732602298259735,0.16507783893030137,0.12775181594770402
C_clearance_W_m0.150,train,C_clearance:47500014:134,False,True,0.019704924896359444,0.04981365249841474,0.030108727602055296
C_clearance_W_m0.150,train,C_clearance:47500014:161,False,True,0.01963575929403305,0.05601256660884246,0.03637680731480941
C_clearance_W_m0.150,train,C_clearance:47500014:170,False,True,0.021521378308534622,0.033244924212340266,0.011723545903805643
C_clearance_W_m0.150,train,C_clearance:47500016:4,False,True,0.005453397985547781,0.015260072832461447,0.009806674846913666
C_clearance_W_m0.150,train,C_clearance:47500016:5,False,True,0.022789638489484787,0.026242520776577294,0.003452882287092507
C_clearance_W_m0.150,train,C_clearance:47500016:30,True,False,0.7344280481338501,0.278437357628718,-0.4559906905051321
C_clearance_W_m0.150,train,C_clearance:47500016:42,False,True,0.05637536942958832,0.09913963952567428,0.042764270096085966
C_clearance_W_m0.150,train,C_clearance:47500016:43,False,True,0.02962610311806202,0.08824442408513278,0.05861832096707076
C_clearance_W_m0.150,train,C_clearance:47500016:108,False,True,0.012731408700346947,0.03298478008946404,0.020253371389117092
C_clearance_W_m0.150,train,C_clearance:47500016:129,False,True,0.024714503437280655,0.04620164417428896,0.021487140737008303
C_clearance_W_m0.150,train,C_clearance:47500016:165,False,True,0.007452791091054678,0.023031414195429534,0.015578623104374856
C_clearance_W_m0.150,train,C_clearance:47500016:169,False,True,0.008997682482004166,0.028701937102596276,0.01970425462059211
C_clearance_W_m0.150,development,C_clearance:47600000:3,True,False,0.07646998018026352,0.1229092327384933,0.04643925255822978
C_clearance_W_m0.150,development,C_clearance:47600000:14,False,True,0.02011948451399803,0.04789875660026155,0.027779272086263518
C_clearance_W_m0.150,development,C_clearance:47600000:17,False,True,0.026352502405643463,0.05325386045842606,0.026901358052782598
C_clearance_W_m0.150,development,C_clearance:47600000:21,False,True,0.0380895733833313,0.047800175849260995,0.009710602465929696
C_clearance_W_m0.150,development,C_clearance:47600000:29,False,True,0.10367852449417114,0.079150052728437,-0.02452847176573414
C_clearance_W_m0.150,development,C_clearance:47600000:32,False,True,0.054388340562582016,0.09500570551608689,0.040617364953504875
C_clearance_W_m0.150,development,C_clearance:47600000:76,False,True,0.11052905768156052,0.18123435578672797,0.07070529810516746
C_clearance_W_m0.150,development,C_clearance:47600000:83,True,False,0.4145810604095459,0.28089688337786356,-0.13368417703168234
C_clearance_W_m0.150,development,C_clearance:47600000:157,False,True,0.1826086938381195,0.3636957955241087,0.18108710168598918
C_clearance_W_m0.150,development,C_clearance:47600002:2,False,True,0.035066138952970505,0.03458933437468659,-0.0004768045782839181
C_clearance_W_m0.150,development,C_clearance:47600002:16,False,True,0.05553009361028671,0.0718752427783329,0.01634514916804619
C_clearance_W_m0.150,development,C_clearance:47600002:30,False,True,0.04509246349334717,0.05389475140873401,0.008802287915386842
C_clearance_W_m0.150,development,C_clearance:47600002:36,False,True,0.07601373642683029,0.10093247301847441,0.02491873659164412
C_clearance_W_m0.150,development,C_clearance:47600002:68,False,True,0.028820160776376724,0.03233909657865297,0.0035189358022762462
C_clearance_W_m0.150,development,C_clearance:47600002:76,False,True,0.031215496361255646,0.03251526219537482,0.001299765834119171
C_clearance_W_m0.150,development,C_clearance:47600002:79,True,False,0.08530250936746597,0.22102642017125618,0.1357239108037902
C_clearance_W_m0.150,development,C_clearance:47600002:89,False,True,0.23745481669902802,0.08060451775236288,-0.15685029894666513
C_clearance_W_m0.150,development,C_clearance:47600002:107,False,True,0.1187281608581543,0.16892263741101488,0.05019447655286058
C_clearance_W_m0.150,development,C_clearance:47600003:1,True,False,0.016130752861499786,0.16236493946416886,0.14623418660266907
C_clearance_W_m0.150,development,C_clearance:47600003:3,True,False,0.058081161230802536,0.11282610866783216,0.05474494743702962
C_clearance_W_m0.150,development,C_clearance:47600003:4,True,False,0.018749479204416275,0.09753495775203191,0.07878547854761564
C_clearance_W_m0.150,development,C_clearance:47600003:11,False,True,0.06989515572786331,0.11772887935876497,0.04783372363090166
C_clearance_W_m0.150,development,C_clearance:47600003:12,False,True,0.10024406760931015,0.14002285996321007,0.03977879235389992
C_clearance_W_m0.150,development,C_clearance:47600003:22,True,False,0.6052733659744263,0.4395764796390722,-0.16569688633535407
C_clearance_W_m0.150,development,C_clearance:47600003:70,False,True,0.5940387845039368,0.5909427846490871,-0.0030959998548496515
C_clearance_W_m0.150,development,C_clearance:47600003:90,True,False,0.051955629140138626,0.0550121150627092,0.003056485922570573
C_clearance_W_m0.150,development,C_clearance:47600003:112,False,True,0.01732289046049118,0.03955430225687451,0.022231411796383327
C_clearance_W_m0.150,development,C_clearance:47600003:125,False,True,0.01932670921087265,0.03158556999369466,0.012258860782822012
C_clearance_W_m0.150,development,C_clearance:47600004:3,False,True,0.043156448751688004,0.03324130226701527,-0.009915146484672732
C_clearance_W_m0.150,development,C_clearance:47600004:8,False,True,0.04936150461435318,0.041264794002927374,-0.008096710611425806
C_clearance_W_m0.150,development,C_clearance:47600004:53,False,True,0.03286219388246536,0.02170893542279373,-0.011153258459671633
C_clearance_W_m0.150,development,C_clearance:47600004:65,False,True,0.020697223022580147,0.011133737432828639,-0.009563485589751508
C_clearance_W_m0.150,development,C_clearance:47600004:92,False,True,0.028409967198967934,0.014398783810975146,-0.014011183387992787
C_clearance_W_m0.150,development,C_clearance:47600004:109,False,True,0.012106828391551971,0.01125618799142103,-0.000850640400130942
C_clearance_W_m0.150,development,C_clearance:47600004:122,False,True,0.00704237911850214,0.014782712303713197,0.007740333185211057
C_clearance_W_m0.150,development,C_clearance:47600005:2,False,True,0.014222713187336922,0.029450429827193148,0.015227716639856226
C_clearance_W_m0.150,development,C_clearance:47600005:5,False,True,0.030666282400488853,0.04411524549141177,0.013448963090922916
C_clearance_W_m0.150,development,C_clearance:47600005:15,True,False,0.1922672539949417,0.35366303090995643,0.16139577691501472
C_clearance_W_m0.150,development,C_clearance:47600005:24,False,True,0.052347566932439804,0.11856710737993126,0.06621954044749145
C_clearance_W_m0.150,development,C_clearance:47600005:33,False,True,0.032712966203689575,0.03235330768438871,-0.000359658519300865
C_clearance_W_m0.150,development,C_clearance:47600005:48,False,True,0.10943136364221573,0.11590126277224044,0.006469899130024714
C_clearance_W_m0.150,development,C_clearance:47600005:86,True,False,0.8421970009803772,0.41870947610004805,-0.42348752488032915
C_clearance_W_m0.150,development,C_clearance:47600005:88,True,False,0.3167349100112915,0.5558911503903801,0.23915624037908856
C_clearance_W_m0.150,development,C_clearance:47600005:105,True,False,0.5527873039245605,0.19034363871469395,-0.3624436652098666
C_clearance_W_m0.150,development,C_clearance:47600005:119,False,True,0.2109648436307907,0.2775114948854025,0.06654665125461179
C_clearance_W_m0.150,development,C_clearance:47600006:2,True,False,0.11344452202320099,0.15553360229205282,0.04208908026885183
C_clearance_W_m0.150,development,C_clearance:47600006:11,False,True,0.02260369248688221,0.05430387786873325,0.03170018538185104
C_clearance_W_m0.150,development,C_clearance:47600006:13,True,False,0.13074572384357452,0.1943072898866376,0.06356156604306307
C_clearance_W_m0.150,development,C_clearance:47600006:16,True,False,0.18165500462055206,0.06368222737000906,-0.117972777250543
C_clearance_W_m0.150,development,C_clearance:47600006:25,False,True,0.06758398562669754,0.16672278957776143,0.09913880395106389
C_clearance_W_m0.150,development,C_clearance:47600006:38,False,True,0.11054624617099762,0.1098775710179325,-0.0006686751530651236
C_clearance_W_m0.150,development,C_clearance:47600006:72,True,False,0.20947520434856415,0.04338619267218746,-0.16608901167637669
C_clearance_W_m0.150,development,C_clearance:47600006:101,False,True,0.02733256109058857,0.05101251994346967,0.0236799588528811
C_clearance_W_m0.150,development,C_clearance:47600006:132,False,True,0.10222811996936798,0.0633167979431164,-0.03891132202625158
C_clearance_W_m0.150,development,C_clearance:47600006:177,True,False,0.6320198774337769,0.47193059669370996,-0.1600892807400669
C_clearance_W_m0.150,development,C_clearance:47600007:4,False,True,0.005241965875029564,0.019935642155360256,0.014693676280330692
C_clearance_W_m0.150,development,C_clearance:47600007:7,False,True,0.10334665328264236,0.054405899078119546,-0.04894075420452282
C_clearance_W_m0.150,development,C_clearance:47600007:10,False,True,0.05239327251911163,0.04200766775466036,-0.010385604764451273
C_clearance_W_m0.150,development,C_clearance:47600007:17,False,True,0.05276138707995415,0.01926192881001043,-0.033499458269943716
C_clearance_W_m0.150,development,C_clearance:47600007:27,True,False,0.4095458388328552,0.17113125379546545,-0.23841458503738977
C_clearance_W_m0.150,development,C_clearance:47600007:28,True,False,0.19652579724788666,0.17398568853604957,-0.022540108711837092
C_clearance_W_m0.150,development,C_clearance:47600007:61,False,True,0.00821130070835352,0.030818375194940018,0.022607074486586498
C_clearance_W_m0.150,development,C_clearance:47600007:66,False,True,0.007752044126391411,0.02938946215545002,0.021637418029058608
C_clearance_W_m0.150,development,C_clearance:47600007:87,False,True,0.020091887563467026,0.05308010119551909,0.032988213632052066
C_clearance_W_m0.150,development,C_clearance:47600007:117,False,True,0.020364686846733093,0.032558589438849594,0.012193902592116501
C_clearance_W_m0.150,development,C_clearance:47600008:6,False,True,0.06709825992584229,0.018118578595021972,-0.04897968133082031
C_clearance_W_m0.150,development,C_clearance:47600008:8,False,True,0.011698179878294468,0.017958259460101544,0.0062600795818070765
C_clearance_W_m0.150,development,C_clearance:47600008:21,False,True,0.0210435688495636,0.03604285409892327,0.014999285249359673
C_clearance_W_m0.150,development,C_clearance:47600008:23,False,True,0.015791799873113632,0.046612335834652185,0.030820535961538553
C_clearance_W_m0.150,development,C_clearance:47600008:49,False,True,0.036840345710515976,0.036220675574440975,-0.0006196701360750012
C_clearance_W_m0.150,development,C_clearance:47600008:54,False,True,0.0944739356637001,0.0327308925025136,-0.061743043161186506
C_clearance_W_m0.150,development,C_clearance:47600008:61,False,True,0.05089497193694115,0.04488507888345339,-0.006009893053487758
C_clearance_W_m0.150,development,C_clearance:47600008:87,False,True,0.02322564832866192,0.021932190993538825,-0.0012934573351230938
C_clearance_W_m0.150,development,C_clearance:47600008:101,False,True,0.006479647010564804,0.01801943947248219,0.011539792461917386
C_clearance_U_baseline,train,C_clearance:47500000:1,True,True,0.27983787655830383,0.21313673350960016,-0.06670114304870367
C_clearance_U_baseline,train,C_clearance:47500000:8,True,True,0.19498448073863983,0.1779436784563586,-0.01704080228228122
C_clearance_U_baseline,train,C_clearance:47500000:26,True,False,0.21124882996082306,0.1794370897114277,-0.03181174024939537
C_clearance_U_baseline,train,C_clearance:47500000:39,True,False,0.209349125623703,0.19225999573245645,-0.017089129891246557
C_clearance_U_baseline,train,C_clearance:47500000:84,True,True,0.2129877209663391,0.18699147831648588,-0.02599624264985323
C_clearance_U_baseline,train,C_clearance:47500000:141,True,True,0.1784375011920929,0.16901545319706202,-0.00942204799503088
C_clearance_U_baseline,train,C_clearance:47500000:144,True,True,0.1915580779314041,0.16176830395124853,-0.029789773980155587
C_clearance_U_baseline,train,C_clearance:47500000:155,True,False,0.2121516317129135,0.19362101273145527,-0.018530618981458247
C_clearance_U_baseline,train,C_clearance:47500000:169,True,True,0.19264505803585052,0.1742898807860911,-0.018355177249759436
C_clearance_U_baseline,train,C_clearance:47500000:179,True,True,0.18474243581295013,0.16702366061508656,-0.01771877519786358
C_clearance_U_baseline,train,C_clearance:47500002:2,True,False,0.29296740889549255,0.18613505619578063,-0.10683235269971192
C_clearance_U_baseline,train,C_clearance:47500002:3,True,False,0.25324881076812744,0.19981984002515674,-0.053428970742970705
C_clearance_U_baseline,train,C_clearance:47500002:15,True,True,0.19891878962516785,0.1842701700516045,-0.014648619573563337
C_clearance_U_baseline,train,C_clearance:47500002:25,True,True,0.1916961967945099,0.17361955088563263,-0.018076645908877254
C_clearance_U_baseline,train,C_clearance:47500002:33,True,True,0.17960114777088165,0.17649210384115577,-0.0031090439297258854
C_clearance_U_baseline,train,C_clearance:47500002:55,True,True,0.18517525494098663,0.16837914544157684,-0.016796109499409795
C_clearance_U_baseline,train,C_clearance:47500002:101,True,True,0.1800418496131897,0.17004091653507203,-0.010000933078117669
C_clearance_U_baseline,train,C_clearance:47500002:114,True,True,0.20918051898479462,0.17339446768164635,-0.03578605130314827
C_clearance_U_baseline,train,C_clearance:47500002:152,True,True,0.1802690625190735,0.16979262162931263,-0.010476440889760852
C_clearance_U_baseline,train,C_clearance:47500002:178,True,True,0.1823001652956009,0.16683552518952638,-0.015464640106074512
C_clearance_U_baseline,train,C_clearance:47500003:4,True,False,0.23652587831020355,0.1694240034557879,-0.06710187485441566
C_clearance_U_baseline,train,C_clearance:47500003:16,True,True,0.20001369714736938,0.1662108339369297,-0.03380286321043968
C_clearance_U_baseline,train,C_clearance:47500003:24,True,True,0.20329032838344574,0.18220445467159152,-0.02108587371185422
C_clearance_U_baseline,train,C_clearance:47500003:41,True,True,0.1836002618074417,0.16103371628560126,-0.022566545521840453
C_clearance_U_baseline,train,C_clearance:47500003:46,True,False,0.19602151215076447,0.18879175279289484,-0.007229759357869625
C_clearance_U_baseline,train,C_clearance:47500003:80,True,True,0.18071943521499634,0.17062962194904685,-0.010089813265949488
C_clearance_U_baseline,train,C_clearance:47500003:91,True,True,0.20117396116256714,0.1911233556456864,-0.01005060551688075
C_clearance_U_baseline,train,C_clearance:47500003:109,True,True,0.22350168228149414,0.1926980665884912,-0.03080361569300294
C_clearance_U_baseline,train,C_clearance:47500003:149,True,False,0.20363599061965942,0.18376410147175193,-0.019871889147907495
C_clearance_U_baseline,train,C_clearance:47500003:180,True,True,0.18442532420158386,0.16705938475206494,-0.01736593944951892
C_clearance_U_baseline,train,C_clearance:47500005:2,True,True,0.2556089162826538,0.17797928676009178,-0.07762962952256203
C_clearance_U_baseline,train,C_clearance:47500005:6,True,True,0.1964361071586609,0.17058597970753908,-0.025850127451121807
C_clearance_U_baseline,train,C_clearance:47500005:13,True,True,0.20308788120746613,0.18248681805562228,-0.020601063151843846
C_clearance_U_baseline,train,C_clearance:47500005:45,True,True,0.20378364622592926,0.1734214194584638,-0.030362226767465472
C_clearance_U_baseline,train,C_clearance:47500005:46,True,True,0.2132491022348404,0.18128472520038486,-0.03196437703445554
C_clearance_U_baseline,train,C_clearance:47500005:67,True,True,0.18380814790725708,0.17636985937133431,-0.007438288535922766
C_clearance_U_baseline,train,C_clearance:47500005:106,True,True,0.18707527220249176,0.16925340797752142,-0.01782186422497034
C_clearance_U_baseline,train,C_clearance:47500005:120,True,True,0.23338459432125092,0.18727386789396405,-0.04611072642728686
C_clearance_U_baseline,train,C_clearance:47500005:170,True,True,0.17086198925971985,0.15285539347678423,-0.01800659578293562
C_clearance_U_baseline,train,C_clearance:47500006:4,True,True,0.259411484003067,0.20861014537513256,-0.050801338627934456
C_clearance_U_baseline,train,C_clearance:47500006:5,True,True,0.22792063653469086,0.19795348355546594,-0.02996715297922492
C_clearance_U_baseline,train,C_clearance:47500006:8,True,True,0.22660066187381744,0.1939614713191986,-0.032639190554618835
C_clearance_U_baseline,train,C_clearance:47500006:10,True,True,0.21028997004032135,0.19036024017259479,-0.019929729867726564
C_clearance_U_baseline,train,C_clearance:47500006:89,True,True,0.19104641675949097,0.17928885249421,-0.011757564265280962
C_clearance_U_baseline,train,C_clearance:47500006:102,True,True,0.1702696681022644,0.1512694489210844,-0.01900021918118
C_clearance_U_baseline,train,C_clearance:47500006:118,True,False,0.20428965985774994,0.18369144282769412,-0.02059821703005582
C_clearance_U_baseline,train,C_clearance:47500006:136,True,False,0.19255541265010834,0.1835325169377029,-0.009022895712405443
C_clearance_U_baseline,train,C_clearance:47500006:169,True,True,0.1716746985912323,0.1681252378039062,-0.0035494607873260975
C_clearance_U_baseline,train,C_clearance:47500007:4,True,True,0.241373673081398,0.19759370246902108,-0.04377997061237693
C_clearance_U_baseline,train,C_clearance:47500007:6,True,True,0.21896839141845703,0.19422152685001493,-0.024746864568442106
C_clearance_U_baseline,train,C_clearance:47500007:13,True,True,0.20628435909748077,0.19783421326428652,-0.008450145833194256
C_clearance_U_baseline,train,C_clearance:47500007:36,True,True,0.18380312621593475,0.16342391981743276,-0.020379206398501992
C_clearance_U_baseline,train,C_clearance:47500007:97,True,False,0.18523487448692322,0.17829324351623654,-0.006941630970686674
C_clearance_U_baseline,train,C_clearance:47500007:118,True,True,0.17784415185451508,0.16453080135397613,-0.013313350500538945
C_clearance_U_baseline,train,C_clearance:47500007:134,True,True,0.16693522036075592,0.1571196394506842,-0.00981558091007173
C_clearance_U_baseline,train,C_clearance:47500007:168,True,True,0.1809750646352768,0.17734175291843712,-0.003633311716839671
C_clearance_U_baseline,train,C_clearance:47500008:4,True,True,0.21878120303153992,0.197930789552629,-0.020850413478910923
C_clearance_U_baseline,train,C_clearance:47500008:10,True,True,0.1956883817911148,0.15192828327417374,-0.04376009851694107
C_clearance_U_baseline,train,C_clearance:47500008:20,True,True,0.17082124948501587,0.1699311826378107,-0.000890066847205162
C_clearance_U_baseline,train,C_clearance:47500008:28,True,True,0.18639801442623138,0.16159082436934114,-0.02480719005689025
C_clearance_U_baseline,train,C_clearance:47500008:34,True,True,0.19981253147125244,0.18534221965819597,-0.014470311813056469
C_clearance_U_baseline,train,C_clearance:47500008:112,True,False,0.21606774628162384,0.17754526482895017,-0.038522481452673674
C_clearance_U_baseline,train,C_clearance:47500008:131,True,True,0.17246697843074799,0.16068258951418102,-0.011784388916566968
C_clearance_U_baseline,train,C_clearance:47500008:172,True,False,0.1971384733915329,0.18559386627748609,-0.011544607114046812
C_clearance_U_baseline,train,C_clearance:47500009:6,True,True,0.23428502678871155,0.19671673700213432,-0.037568289786577225
C_clearance_U_baseline,train,C_clearance:47500009:11,True,True,0.21038754284381866,0.1869767396710813,-0.02341080317273736
C_clearance_U_baseline,train,C_clearance:47500009:15,True,True,0.21147330105304718,0.18727495893836021,-0.024198342114686966
C_clearance_U_baseline,train,C_clearance:47500009:20,True,True,0.19961774349212646,0.17921595578081906,-0.020401787711307406
C_clearance_U_baseline,train,C_clearance:47500009:26,True,True,0.19157883524894714,0.16593843000009656,-0.025640405248850584
C_clearance_U_baseline,train,C_clearance:47500009:36,True,False,0.21812763810157776,0.20470627350732684,-0.013421364594250917
C_clearance_U_baseline,train,C_clearance:47500009:68,True,True,0.17778262495994568,0.162935234955512,-0.014847390004433692
C_clearance_U_baseline,train,C_clearance:47500009:142,True,True,0.20081059634685516,0.1777804484590888,-0.02303014788776636
C_clearance_U_baseline,train,C_clearance:47500011:5,True,True,0.1993333399295807,0.17077627743128687,-0.028557062498293817
C_clearance_U_baseline,train,C_clearance:47500011:15,True,True,0.1746092438697815,0.16154772276058793,-0.013061521109193563
C_clearance_U_baseline,train,C_clearance:47500011:26,True,False,0.19410787522792816,0.1773187522776425,-0.016789122950285673
C_clearance_U_baseline,train,C_clearance:47500011:29,True,True,0.19196303188800812,0.16162959672510624,-0.03033343516290188
C_clearance_U_baseline,train,C_clearance:47500011:31,True,True,0.18809662759304047,0.16302241035737097,-0.025074217235669494
C_clearance_U_baseline,train,C_clearance:47500011:36,True,True,0.20214702188968658,0.18343437951989472,-0.018712642369791865
C_clearance_U_baseline,train,C_clearance:47500011:49,True,True,0.19526048004627228,0.16427814832422882,-0.030982331722043455
C_clearance_U_baseline,train,C_clearance:47500011:56,True,True,0.17773805558681488,0.16415034304372966,-0.013587712543085217
C_clearance_U_baseline,train,C_clearance:47500011:74,True,True,0.21245570480823517,0.1789168119430542,-0.03353889286518097
C_clearance_U_baseline,train,C_clearance:47500011:167,True,True,0.19262082874774933,0.18678052024915814,-0.005840308498591185
C_clearance_U_baseline,train,C_clearance:47500013:14,True,True,0.20827342569828033,0.1870201462879777,-0.02125327941030264
C_clearance_U_baseline,train,C_clearance:47500013:15,True,True,0.1979970484972,0.18139285733923316,-0.016604191157966852
C_clearance_U_baseline,train,C_clearance:47500013:28,True,True,0.1954232007265091,0.16955931903794408,-0.025863881688565016
C_clearance_U_baseline,train,C_clearance:47500013:32,True,True,0.20220309495925903,0.1757378390757367,-0.02646525588352233
C_clearance_U_baseline,train,C_clearance:47500013:58,True,True,0.19153763353824615,0.18230456532910466,-0.009233068209141493
C_clearance_U_baseline,train,C_clearance:47500013:83,True,True,0.19998320937156677,0.16819597349967808,-0.0317872358718887
C_clearance_U_baseline,train,C_clearance:47500013:119,True,True,0.22503790259361267,0.19013626594096422,-0.03490163665264845
C_clearance_U_baseline,train,C_clearance:47500013:128,True,False,0.2009611278772354,0.17699207784608006,-0.023969050031155348
C_clearance_U_baseline,train,C_clearance:47500013:162,True,True,0.18193265795707703,0.16955939179752022,-0.012373266159556806
C_clearance_U_baseline,train,C_clearance:47500013:165,True,True,0.19358956813812256,0.16812623711302876,-0.025463331025093794
C_clearance_U_baseline,train,C_clearance:47500014:9,True,True,0.20533296465873718,0.19523460930213332,-0.01009835535660386
C_clearance_U_baseline,train,C_clearance:47500014:10,True,True,0.20415209233760834,0.1926796599291265,-0.011472432408481836
C_clearance_U_baseline,train,C_clearance:47500014:20,True,True,0.21343520283699036,0.18524413951672614,-0.02819106332026422
C_clearance_U_baseline,train,C_clearance:47500014:43,True,True,0.19083745777606964,0.1677091638557613,-0.02312829392030835
C_clearance_U_baseline,train,C_clearance:47500014:60,True,False,0.20268675684928894,0.18126197694800794,-0.021424779901281
C_clearance_U_baseline,train,C_clearance:47500014:78,True,False,0.21068699657917023,0.16911300364881754,-0.04157399293035269
C_clearance_U_baseline,train,C_clearance:47500014:99,True,True,0.18297085165977478,0.16334551689215004,-0.019625334767624736
C_clearance_U_baseline,train,C_clearance:47500014:134,True,True,0.18515177071094513,0.181101412512362,-0.004050358198583126
C_clearance_U_baseline,train,C_clearance:47500014:161,True,True,0.18596036732196808,0.1825650178361684,-0.0033953494857996702
C_clearance_U_baseline,train,C_clearance:47500014:170,True,True,0.191008061170578,0.18127771536819637,-0.009730345802381635
C_clearance_U_baseline,train,C_clearance:47500016:4,True,True,0.23360416293144226,0.19607502524740994,-0.03752913768403232
C_clearance_U_baseline,train,C_clearance:47500016:5,True,True,0.21236664056777954,0.18410709453746676,-0.028259546030312777
C_clearance_U_baseline,train,C_clearance:47500016:30,True,False,0.25735950469970703,0.2111906202044338,-0.04616888449527323
C_clearance_U_baseline,train,C_clearance:47500016:42,True,True,0.21129675209522247,0.17503957217559218,-0.03625717991963029
C_clearance_U_baseline,train,C_clearance:47500016:43,True,True,0.19978493452072144,0.170983623014763,-0.028801311505958438
C_clearance_U_baseline,train,C_clearance:47500016:108,True,True,0.17730532586574554,0.17400992149487138,-0.0032954043708741665
C_clearance_U_baseline,train,C_clearance:47500016:129,True,True,0.18112263083457947,0.1644437259528786,-0.016678904881700873
C_clearance_U_baseline,train,C_clearance:47500016:165,True,True,0.17920391261577606,0.16873572720214725,-0.010468185413628817
C_clearance_U_baseline,train,C_clearance:47500016:169,True,True,0.18304675817489624,0.1730261486954987,-0.010020609479397535
C_clearance_U_baseline,development,C_clearance:47600000:3,True,False,0.22224272787570953,0.20934141885663848,-0.01290130901907105
C_clearance_U_baseline,development,C_clearance:47600000:14,True,True,0.18276767432689667,0.16851633999613114,-0.01425133433076553
C_clearance_U_baseline,development,C_clearance:47600000:17,True,True,0.16389554738998413,0.16342741920379922,-0.0004681281861849129
C_clearance_U_baseline,development,C_clearance:47600000:21,True,True,0.1759917140007019,0.16793571977177635,-0.008055994228925556
C_clearance_U_baseline,development,C_clearance:47600000:29,True,True,0.20493526756763458,0.19518950885685626,-0.009745758710778318
C_clearance_U_baseline,development,C_clearance:47600000:32,True,True,0.19804982841014862,0.18182269763201475,-0.01622713077813387
C_clearance_U_baseline,development,C_clearance:47600000:76,True,True,0.17935062944889069,0.15839793176564854,-0.02095269768324215
C_clearance_U_baseline,development,C_clearance:47600000:83,True,False,0.18324851989746094,0.1978790227585705,0.014630502861109562
C_clearance_U_baseline,development,C_clearance:47600000:157,True,True,0.17292314767837524,0.17758894895086996,0.004665801272494718
C_clearance_U_baseline,development,C_clearance:47600002:2,True,True,0.11814092844724655,0.2115609910688363,0.09342006262158975
C_clearance_U_baseline,development,C_clearance:47600002:16,True,True,0.17359578609466553,0.16462104808306322,-0.008974738011602312
C_clearance_U_baseline,development,C_clearance:47600002:30,True,True,0.1889120191335678,0.17770250083412975,-0.01120951829943806
C_clearance_U_baseline,development,C_clearance:47600002:36,True,True,0.18627412617206573,0.17584689042996615,-0.010427235742099583
C_clearance_U_baseline,development,C_clearance:47600002:68,True,True,0.13324958086013794,0.1438654460653197,0.010615865205181763
C_clearance_U_baseline,development,C_clearance:47600002:76,True,True,0.14653760194778442,0.15559842555376235,0.00906082360597793
C_clearance_U_baseline,development,C_clearance:47600002:79,True,False,0.18324890732765198,0.21429071584134363,0.03104180851369165
C_clearance_U_baseline,development,C_clearance:47600002:89,True,True,0.13975746929645538,0.13585693849017844,-0.0039005308062769473
C_clearance_U_baseline,development,C_clearance:47600002:107,True,True,0.1321955919265747,0.1265589040267514,-0.0056366878998233005
C_clearance_U_baseline,development,C_clearance:47600003:1,True,False,0.222219780087471,0.24192334487452172,0.01970356478705071
C_clearance_U_baseline,development,C_clearance:47600003:3,True,False,0.20549578964710236,0.17305178579408675,-0.0324440038530156
C_clearance_U_baseline,development,C_clearance:47600003:4,True,False,0.1732223629951477,0.15074529184494168,-0.02247707115020603
C_clearance_U_baseline,development,C_clearance:47600003:11,True,True,0.1649489402770996,0.16950361696945038,0.0045546766923507676
C_clearance_U_baseline,development,C_clearance:47600003:12,True,True,0.17133033275604248,0.16983509804413188,-0.001495234711910598
C_clearance_U_baseline,development,C_clearance:47600003:22,True,False,0.19799205660820007,0.2034283182292711,0.005436261621071026
C_clearance_U_baseline,development,C_clearance:47600003:70,True,True,0.1292559802532196,0.13626002633827738,0.00700404608505778
C_clearance_U_baseline,development,C_clearance:47600003:90,True,False,0.15426498651504517,0.1863421333982842,0.03207714688323904
C_clearance_U_baseline,development,C_clearance:47600003:112,True,True,0.2071346789598465,0.18427302228519693,-0.022861656674649566
C_clearance_U_baseline,development,C_clearance:47600003:125,True,True,0.19922220706939697,0.17712855475838296,-0.02209365231101401
C_clearance_U_baseline,development,C_clearance:47600004:3,True,True,0.18991677463054657,0.15049061743775383,-0.03942615719279274
C_clearance_U_baseline,development,C_clearance:47600004:8,True,True,0.144981250166893,0.14078186920960434,-0.0041993809572886676
C_clearance_U_baseline,development,C_clearance:47600004:53,True,True,0.14505764842033386,0.14331637840950862,-0.0017412700108252466
C_clearance_U_baseline,development,C_clearance:47600004:65,True,True,0.13488486409187317,0.13938127271831036,0.004496408626437187
C_clearance_U_baseline,development,C_clearance:47600004:92,True,True,0.14931266009807587,0.14118072894052602,-0.008131931157549843
C_clearance_U_baseline,development,C_clearance:47600004:109,True,True,0.1483033448457718,0.13681390401325189,-0.011489440832519904
C_clearance_U_baseline,development,C_clearance:47600004:122,True,True,0.1403501182794571,0.13703420053934678,-0.003315917740110308
C_clearance_U_baseline,development,C_clearance:47600005:2,True,True,0.17454808950424194,0.18964362022234127,0.015095530718099326
C_clearance_U_baseline,development,C_clearance:47600005:5,True,True,0.16793808341026306,0.19255682520451955,0.024618741794256493
C_clearance_U_baseline,development,C_clearance:47600005:15,True,False,0.21447226405143738,0.20773960488440935,-0.006732659167028032
C_clearance_U_baseline,development,C_clearance:47600005:24,True,True,0.1824849396944046,0.16278558604244608,-0.019699353651958518
C_clearance_U_baseline,development,C_clearance:47600005:33,True,True,0.18977050483226776,0.1528015150979627,-0.03696898973430507
C_clearance_U_baseline,development,C_clearance:47600005:48,True,True,0.15082906186580658,0.15628405241295695,0.0054549905471503735
C_clearance_U_baseline,development,C_clearance:47600005:86,True,False,0.1523265689611435,0.1829923182958737,0.030665749334730208
C_clearance_U_baseline,development,C_clearance:47600005:88,True,False,0.1740078181028366,0.19974382327927742,0.025736005176440813
C_clearance_U_baseline,development,C_clearance:47600005:105,True,False,0.24676620960235596,0.21808954866719432,-0.028676660935161635
C_clearance_U_baseline,development,C_clearance:47600005:119,True,True,0.15994693338871002,0.16068291159172077,0.0007359782030107453
C_clearance_U_baseline,development,C_clearance:47600006:2,True,False,0.20674999058246613,0.2083446293254383,0.0015946387429721653
C_clearance_U_baseline,development,C_clearance:47600006:11,True,True,0.22351808845996857,0.16379949048859999,-0.05971859797136858
C_clearance_U_baseline,development,C_clearance:47600006:13,True,False,0.260564386844635,0.26691146797384135,0.0063470811292063445
C_clearance_U_baseline,development,C_clearance:47600006:16,True,False,0.3099794387817383,0.2490226949157659,-0.060956743865972385
C_clearance_U_baseline,development,C_clearance:47600006:25,True,True,0.20321951806545258,0.1744932708243141,-0.02872624724113848
C_clearance_U_baseline,development,C_clearance:47600006:38,True,True,0.15112167596817017,0.15291531951515935,0.0017936435469891876
C_clearance_U_baseline,development,C_clearance:47600006:72,True,False,0.19235408306121826,0.18319684153539129,-0.009157241525826976
C_clearance_U_baseline,development,C_clearance:47600006:101,True,True,0.21347282826900482,0.20602512019104324,-0.007447708077961579
C_clearance_U_baseline,development,C_clearance:47600006:132,True,True,0.1922728717327118,0.16842844162601978,-0.023844430106692016
C_clearance_U_baseline,development,C_clearance:47600006:177,True,False,0.220415860414505,0.22108582145301625,0.0006699610385112464
C_clearance_U_baseline,development,C_clearance:47600007:4,True,True,0.1465376317501068,0.13959165890992153,-0.006945972840185277
C_clearance_U_baseline,development,C_clearance:47600007:7,True,True,0.12914806604385376,0.14981243510555942,0.020664369061705656
C_clearance_U_baseline,development,C_clearance:47600007:10,True,True,0.1786273568868637,0.16328582761343569,-0.015341529273428023
C_clearance_U_baseline,development,C_clearance:47600007:17,True,True,0.17225757241249084,0.13896200376620982,-0.033295568646281026
C_clearance_U_baseline,development,C_clearance:47600007:27,True,False,0.15252433717250824,0.15748921912745573,0.0049648819549474865
C_clearance_U_baseline,development,C_clearance:47600007:28,True,False,0.15710635483264923,0.16381759067007806,0.0067112358374288306
C_clearance_U_baseline,development,C_clearance:47600007:61,True,True,0.15980103611946106,0.1663895804376807,0.006588544318219647
C_clearance_U_baseline,development,C_clearance:47600007:66,True,True,0.16801568865776062,0.16987681153113954,0.0018611228733789176
C_clearance_U_baseline,development,C_clearance:47600007:87,True,True,0.1569220870733261,0.14816670939035248,-0.00875537768297363
C_clearance_U_baseline,development,C_clearance:47600007:117,True,True,0.1364651769399643,0.14256557324551977,0.006100396305555478
C_clearance_U_baseline,development,C_clearance:47600008:6,True,True,0.13660448789596558,0.14077182389155496,0.004167335995589383
C_clearance_U_baseline,development,C_clearance:47600008:8,True,True,0.12885206937789917,0.13260616379557177,0.0037540944176726043
C_clearance_U_baseline,development,C_clearance:47600008:21,True,True,0.12523142993450165,0.12332203843106981,-0.0019093915034318343
C_clearance_U_baseline,development,C_clearance:47600008:23,True,True,0.11512327194213867,0.10971183274523355,-0.005411439196905121
C_clearance_U_baseline,development,C_clearance:47600008:49,True,True,0.09235567599534988,0.09714927071763668,0.004793594722286798
C_clearance_U_baseline,development,C_clearance:47600008:54,True,True,0.1067841574549675,0.11726828009705059,0.010484122642083094
C_clearance_U_baseline,development,C_clearance:47600008:61,True,True,0.12849701941013336,0.12615077047667,-0.0023462489334633574
C_clearance_U_baseline,development,C_clearance:47600008:87,True,True,0.11936447769403458,0.12325283922837116,0.003888361534336582
C_clearance_U_baseline,development,C_clearance:47600008:101,True,True,0.10073039680719376,0.11597324018657673,0.015242843379382975
C_clearance_U_m0.000,train,C_clearance:47500000:1,True,True,0.293965607881546,0.19588152831420302,-0.098084079567343
C_clearance_U_m0.000,train,C_clearance:47500000:8,True,True,0.1949528455734253,0.17501145089045167,-0.019941394682973623
C_clearance_U_m0.000,train,C_clearance:47500000:26,True,False,0.21401511132717133,0.18090893141925335,-0.033106179907917976
C_clearance_U_m0.000,train,C_clearance:47500000:39,True,False,0.2236190289258957,0.19338670372962952,-0.030232325196266174
C_clearance_U_m0.000,train,C_clearance:47500000:84,True,True,0.22321224212646484,0.1919604460708797,-0.031251796055585146
C_clearance_U_m0.000,train,C_clearance:47500000:141,True,True,0.17801210284233093,0.16655084863305092,-0.011461254209280014
C_clearance_U_m0.000,train,C_clearance:47500000:144,True,True,0.19769786298274994,0.17124746018089354,-0.0264504028018564
C_clearance_U_m0.000,train,C_clearance:47500000:155,True,False,0.19363023340702057,0.1890889119822532,-0.004541321424767375
C_clearance_U_m0.000,train,C_clearance:47500000:169,True,True,0.19504621624946594,0.17318216478452086,-0.021864051464945078
C_clearance_U_m0.000,train,C_clearance:47500000:179,True,True,0.18465323746204376,0.16999736288562417,-0.014655874576419592
C_clearance_U_m0.000,train,C_clearance:47500002:2,True,False,0.24590057134628296,0.17192624183371663,-0.07397432951256633
C_clearance_U_m0.000,train,C_clearance:47500002:3,True,False,0.22496335208415985,0.18492004601284862,-0.040043306071311235
C_clearance_U_m0.000,train,C_clearance:47500002:15,True,True,0.20145367085933685,0.1875639148056507,-0.013889756053686142
C_clearance_U_m0.000,train,C_clearance:47500002:25,True,True,0.19998840987682343,0.17596986889839172,-0.0240185409784317
C_clearance_U_m0.000,train,C_clearance:47500002:33,True,True,0.19468267261981964,0.17780014872550964,-0.016882523894309998
C_clearance_U_m0.000,train,C_clearance:47500002:55,True,True,0.18998755514621735,0.16986615490168333,-0.020121400244534016
C_clearance_U_m0.000,train,C_clearance:47500002:101,True,True,0.18562839925289154,0.174344509257935,-0.011283889994956553
C_clearance_U_m0.000,train,C_clearance:47500002:114,True,True,0.19675923883914948,0.16907248715870082,-0.02768675168044865
C_clearance_U_m0.000,train,C_clearance:47500002:152,True,True,0.17830577492713928,0.17787441238760948,-0.0004313625395298004
C_clearance_U_m0.000,train,C_clearance:47500002:178,True,True,0.17390121519565582,0.16018422041088343,-0.013716994784772396
C_clearance_U_m0.000,train,C_clearance:47500003:4,True,False,0.217401385307312,0.1640721468720585,-0.0533292384352535
C_clearance_U_m0.000,train,C_clearance:47500003:16,True,True,0.17805787920951843,0.15556859970092773,-0.022489279508590698
C_clearance_U_m0.000,train,C_clearance:47500003:24,True,True,0.1935424953699112,0.1829734113998711,-0.010569083970040083
C_clearance_U_m0.000,train,C_clearance:47500003:41,True,True,0.1889883428812027,0.16838284162804484,-0.020605501253157854
C_clearance_U_m0.000,train,C_clearance:47500003:46,True,False,0.24696005880832672,0.18533634906634688,-0.06162370974197984
C_clearance_U_m0.000,train,C_clearance:47500003:80,True,True,0.18731148540973663,0.17166783241555095,-0.015643652994185686
C_clearance_U_m0.000,train,C_clearance:47500003:91,True,True,0.19302889704704285,0.1844279719516635,-0.008600925095379353
C_clearance_U_m0.000,train,C_clearance:47500003:109,True,True,0.23409424722194672,0.19896308099851012,-0.035131166223436594
C_clearance_U_m0.000,train,C_clearance:47500003:149,True,False,0.23646698892116547,0.18241860531270504,-0.054048383608460426
C_clearance_U_m0.000,train,C_clearance:47500003:180,True,True,0.18394817411899567,0.1743073957040906,-0.009640778414905071
C_clearance_U_m0.000,train,C_clearance:47500005:2,True,True,0.2438340187072754,0.1867254334501922,-0.05710858525708318
C_clearance_U_m0.000,train,C_clearance:47500005:6,True,True,0.21018433570861816,0.18255423312075436,-0.027630102587863803
C_clearance_U_m0.000,train,C_clearance:47500005:13,True,True,0.215060755610466,0.1839760731672868,-0.03108468244317919
C_clearance_U_m0.000,train,C_clearance:47500005:45,True,True,0.20852170884609222,0.17967982753179967,-0.02884188131429255
C_clearance_U_m0.000,train,C_clearance:47500005:46,True,True,0.20918965339660645,0.1879358757287264,-0.02125377766788006
C_clearance_U_m0.000,train,C_clearance:47500005:67,True,True,0.1952783316373825,0.18131088791415095,-0.013967443723231554
C_clearance_U_m0.000,train,C_clearance:47500005:106,True,True,0.18596316874027252,0.17026554723270237,-0.015697621507570148
C_clearance_U_m0.000,train,C_clearance:47500005:120,True,True,0.20070253312587738,0.19217276480048895,-0.008529768325388432
C_clearance_U_m0.000,train,C_clearance:47500005:170,True,True,0.17567206919193268,0.15505673154257238,-0.0206153376493603
C_clearance_U_m0.000,train,C_clearance:47500006:4,True,True,0.2317492514848709,0.2070429134182632,-0.024706338066607714
C_clearance_U_m0.000,train,C_clearance:47500006:5,True,True,0.23101812601089478,0.1958821341395378,-0.035135991871356964
C_clearance_U_m0.000,train,C_clearance:47500006:8,True,True,0.22453942894935608,0.1903035193681717,-0.03423590958118439
C_clearance_U_m0.000,train,C_clearance:47500006:10,True,True,0.22212232649326324,0.18448681477457285,-0.037635511718690395
C_clearance_U_m0.000,train,C_clearance:47500006:89,True,True,0.19835224747657776,0.18103726860135794,-0.017314978875219822
C_clearance_U_m0.000,train,C_clearance:47500006:102,True,True,0.18389025330543518,0.15308812842704356,-0.030802124878391623
C_clearance_U_m0.000,train,C_clearance:47500006:118,True,False,0.19624722003936768,0.18496909691020846,-0.011278123129159212
C_clearance_U_m0.000,train,C_clearance:47500006:136,True,False,0.19341284036636353,0.1841277084313333,-0.009285131935030222
C_clearance_U_m0.000,train,C_clearance:47500006:169,True,True,0.18576881289482117,0.1782709751278162,-0.007497837767004967
C_clearance_U_m0.000,train,C_clearance:47500007:4,True,True,0.21441292762756348,0.19126518396660686,-0.02314774366095662
C_clearance_U_m0.000,train,C_clearance:47500007:6,True,True,0.21308523416519165,0.18133247015066445,-0.0317527640145272
C_clearance_U_m0.000,train,C_clearance:47500007:13,True,True,0.208882138133049,0.19116428447887301,-0.017717853654175997
C_clearance_U_m0.000,train,C_clearance:47500007:36,True,True,0.18727344274520874,0.1697719069197774,-0.017501535825431347
C_clearance_U_m0.000,train,C_clearance:47500007:97,True,False,0.19391973316669464,0.18231060123071074,-0.011609131935983896
C_clearance_U_m0.000,train,C_clearance:47500007:118,True,True,0.18211179971694946,0.16622858517803252,-0.015883214538916945
C_clearance_U_m0.000,train,C_clearance:47500007:134,True,True,0.16640248894691467,0.15883979457430542,-0.007562694372609258
C_clearance_U_m0.000,train,C_clearance:47500007:168,True,True,0.18189240992069244,0.1765961991623044,-0.0052962107583880424
C_clearance_U_m0.000,train,C_clearance:47500008:4,True,True,0.21978949010372162,0.19521786435507238,-0.02457162574864924
C_clearance_U_m0.000,train,C_clearance:47500008:10,True,True,0.20267978310585022,0.16049271449446678,-0.04218706861138344
C_clearance_U_m0.000,train,C_clearance:47500008:20,True,True,0.1890111118555069,0.16593577852472663,-0.023075333330780268
C_clearance_U_m0.000,train,C_clearance:47500008:28,True,True,0.18245935440063477,0.16698734206147492,-0.015472012339159846
C_clearance_U_m0.000,train,C_clearance:47500008:34,True,True,0.19888357818126678,0.18024720973335207,-0.01863636844791472
C_clearance_U_m0.000,train,C_clearance:47500008:112,True,False,0.22089160978794098,0.17229138244874775,-0.048600227339193225
C_clearance_U_m0.000,train,C_clearance:47500008:131,True,True,0.1883442997932434,0.16798567748628557,-0.02035862230695784
C_clearance_U_m0.000,train,C_clearance:47500008:172,True,False,0.19182300567626953,0.1826606709510088,-0.009162334725260735
C_clearance_U_m0.000,train,C_clearance:47500009:6,True,True,0.23124931752681732,0.18723425781354308,-0.04401505971327424
C_clearance_U_m0.000,train,C_clearance:47500009:11,True,True,0.21260859072208405,0.1908347439020872,-0.021773846819996834
C_clearance_U_m0.000,train,C_clearance:47500009:15,True,True,0.2145652323961258,0.19934007432311773,-0.01522515807300806
C_clearance_U_m0.000,train,C_clearance:47500009:20,True,True,0.20841281116008759,0.1831408473663032,-0.02527196379378438
C_clearance_U_m0.000,train,C_clearance:47500009:26,True,True,0.19819045066833496,0.16967528918758035,-0.028515161480754614
C_clearance_U_m0.000,train,C_clearance:47500009:36,True,False,0.21476782858371735,0.1997416652739048,-0.015026163309812546
C_clearance_U_m0.000,train,C_clearance:47500009:68,True,True,0.1774912327528,0.16958158870693296,-0.007909644045867026
C_clearance_U_m0.000,train,C_clearance:47500009:142,True,True,0.19857968389987946,0.18620580015704036,-0.012373883742839098
C_clearance_U_m0.000,train,C_clearance:47500011:5,True,True,0.21924246847629547,0.17928177351132035,-0.03996069496497512
C_clearance_U_m0.000,train,C_clearance:47500011:15,True,True,0.19226300716400146,0.17137980926781893,-0.020883197896182537
C_clearance_U_m0.000,train,C_clearance:47500011:26,True,False,0.19951887428760529,0.1832952005788684,-0.016223673708736897
C_clearance_U_m0.000,train,C_clearance:47500011:29,True,True,0.17909473180770874,0.16446602251380682,-0.01462870929390192
C_clearance_U_m0.000,train,C_clearance:47500011:31,True,True,0.18789786100387573,0.1600713977823034,-0.02782646322157234
C_clearance_U_m0.000,train,C_clearance:47500011:36,True,True,0.21007217466831207,0.1801276581827551,-0.02994451648555696
C_clearance_U_m0.000,train,C_clearance:47500011:49,True,True,0.18994778394699097,0.16473336529452354,-0.02521441865246743
C_clearance_U_m0.000,train,C_clearance:47500011:56,True,True,0.19374172389507294,0.16965543339028955,-0.024086290504783392
C_clearance_U_m0.000,train,C_clearance:47500011:74,True,True,0.1820724755525589,0.16901053255423903,-0.013061942998319864
C_clearance_U_m0.000,train,C_clearance:47500011:167,True,True,0.19812147319316864,0.18418809119611979,-0.013933381997048855
C_clearance_U_m0.000,train,C_clearance:47500013:14,True,True,0.2509583830833435,0.19181033060885966,-0.05914805247448385
C_clearance_U_m0.000,train,C_clearance:47500013:15,True,True,0.22016604244709015,0.18863980937749147,-0.031526233069598675
C_clearance_U_m0.000,train,C_clearance:47500013:28,True,True,0.1968403309583664,0.18398480210453272,-0.012855528853833675
C_clearance_U_m0.000,train,C_clearance:47500013:32,True,True,0.20512434840202332,0.18045630329288542,-0.024668045109137893
C_clearance_U_m0.000,train,C_clearance:47500013:58,True,True,0.219586580991745,0.19590060506016016,-0.023685975931584835
C_clearance_U_m0.000,train,C_clearance:47500013:83,True,True,0.1999976933002472,0.17256051348522305,-0.027437179815024137
C_clearance_U_m0.000,train,C_clearance:47500013:119,True,True,0.21344245970249176,0.18000355549156666,-0.0334389042109251
C_clearance_U_m0.000,train,C_clearance:47500013:128,True,False,0.1920323222875595,0.17848372622393072,-0.013548596063628793
C_clearance_U_m0.000,train,C_clearance:47500013:162,True,True,0.1783144772052765,0.1611171388067305,-0.01719733839854598
C_clearance_U_m0.000,train,C_clearance:47500013:165,True,True,0.1809137463569641,0.164415541337803,-0.016498205019161105
C_clearance_U_m0.000,train,C_clearance:47500014:9,True,True,0.20367588102817535,0.19068772438913584,-0.012988156639039516
C_clearance_U_m0.000,train,C_clearance:47500014:10,True,True,0.19969028234481812,0.19111368083395064,-0.008576601510867476
C_clearance_U_m0.000,train,C_clearance:47500014:20,True,True,0.20809955894947052,0.17979309032671154,-0.028306468622758985
C_clearance_U_m0.000,train,C_clearance:47500014:43,True,True,0.19248858094215393,0.16644898639060557,-0.026039594551548362
C_clearance_U_m0.000,train,C_clearance:47500014:60,True,False,0.19715328514575958,0.1810209578834474,-0.016132327262312174
C_clearance_U_m0.000,train,C_clearance:47500014:78,True,False,0.2203841209411621,0.18487343180458993,-0.03551068913657218
C_clearance_U_m0.000,train,C_clearance:47500014:99,True,True,0.17857956886291504,0.16286755725741386,-0.015712011605501175
C_clearance_U_m0.000,train,C_clearance:47500014:134,True,True,0.18089549243450165,0.1787791622336954,-0.00211633020080626
C_clearance_U_m0.000,train,C_clearance:47500014:161,True,True,0.1966473013162613,0.18073359318077564,-0.01591370813548565
C_clearance_U_m0.000,train,C_clearance:47500014:170,True,True,0.18575254082679749,0.18457765807397664,-0.0011748827528208494
C_clearance_U_m0.000,train,C_clearance:47500016:4,True,True,0.2388838827610016,0.19066209276206791,-0.04822178999893367
C_clearance_U_m0.000,train,C_clearance:47500016:5,True,True,0.22617362439632416,0.1792683774838224,-0.04690524691250175
C_clearance_U_m0.000,train,C_clearance:47500016:30,True,False,0.22410358488559723,0.21033899509347975,-0.013764589792117476
C_clearance_U_m0.000,train,C_clearance:47500016:42,True,True,0.20899687707424164,0.19681712822057307,-0.01217974885366857
C_clearance_U_m0.000,train,C_clearance:47500016:43,True,True,0.22038334608078003,0.19509122869931161,-0.025292117381468415
C_clearance_U_m0.000,train,C_clearance:47500016:108,True,True,0.1811390370130539,0.18013962637633085,-0.0009994106367230415
C_clearance_U_m0.000,train,C_clearance:47500016:129,True,True,0.17506322264671326,0.16457333462312818,-0.010489888023585081
C_clearance_U_m0.000,train,C_clearance:47500016:165,True,True,0.19808818399906158,0.1726507693529129,-0.02543741464614868
C_clearance_U_m0.000,train,C_clearance:47500016:169,True,True,0.18838663399219513,0.1784585325513035,-0.009928101440891623
C_clearance_U_m0.000,development,C_clearance:47600000:3,True,False,0.21223755180835724,0.19687797475489788,-0.015359577053459361
C_clearance_U_m0.000,development,C_clearance:47600000:14,True,True,0.1847716122865677,0.16770291163993534,-0.01706870064663235
C_clearance_U_m0.000,development,C_clearance:47600000:17,True,True,0.163849338889122,0.1613073347689351,-0.0025420041201869026
C_clearance_U_m0.000,development,C_clearance:47600000:21,True,True,0.16053980588912964,0.1654358765372308,0.0048960706481011584
C_clearance_U_m0.000,development,C_clearance:47600000:29,True,True,0.2065880298614502,0.19648798812704626,-0.01010004173440393
C_clearance_U_m0.000,development,C_clearance:47600000:32,True,True,0.21422746777534485,0.19546466435713228,-0.01876280341821257
C_clearance_U_m0.000,development,C_clearance:47600000:76,True,True,0.18443764746189117,0.1706374415953178,-0.013800205866573378
C_clearance_U_m0.000,development,C_clearance:47600000:83,True,False,0.17265012860298157,0.19635943081812002,0.02370930221513845
C_clearance_U_m0.000,development,C_clearance:47600000:157,True,True,0.1724027842283249,0.1692972086602822,-0.0031055755680426955
C_clearance_U_m0.000,development,C_clearance:47600002:2,True,True,0.0904422402381897,0.18535419898398686,0.09491195874579716
C_clearance_U_m0.000,development,C_clearance:47600002:16,True,True,0.17495183646678925,0.16702349320985377,-0.007928343256935477
C_clearance_U_m0.000,development,C_clearance:47600002:30,True,True,0.19882045686244965,0.18815244744473603,-0.01066800941771362
C_clearance_U_m0.000,development,C_clearance:47600002:36,True,True,0.20592515170574188,0.19115113832231145,-0.014774013383430429
C_clearance_U_m0.000,development,C_clearance:47600002:68,True,True,0.1381673663854599,0.15055911264789756,0.012391746262437664
C_clearance_U_m0.000,development,C_clearance:47600002:76,True,True,0.15944823622703552,0.1662276934075635,0.00677945718052797
C_clearance_U_m0.000,development,C_clearance:47600002:79,True,False,0.2096163034439087,0.22861208401445765,0.01899578057054896
C_clearance_U_m0.000,development,C_clearance:47600002:89,True,True,0.14061585068702698,0.13964675704482943,-0.0009690936421975493
C_clearance_U_m0.000,development,C_clearance:47600002:107,True,True,0.13784734904766083,0.1295569174544653,-0.008290431593195535
C_clearance_U_m0.000,development,C_clearance:47600003:1,True,False,0.23404496908187866,0.20618263506912626,-0.0278623340127524
C_clearance_U_m0.000,development,C_clearance:47600003:3,True,False,0.17450320720672607,0.16205860876652878,-0.012444598440197296
C_clearance_U_m0.000,development,C_clearance:47600003:4,True,False,0.1325778067111969,0.14857989677693695,0.01600209006574005
C_clearance_U_m0.000,development,C_clearance:47600003:11,True,True,0.16523432731628418,0.1785770057613263,0.013342678445042111
C_clearance_U_m0.000,development,C_clearance:47600003:12,True,True,0.19129914045333862,0.1794291542028077,-0.011869986250530928
C_clearance_U_m0.000,development,C_clearance:47600003:22,True,False,0.20410339534282684,0.19799915503244847,-0.006104240310378373
C_clearance_U_m0.000,development,C_clearance:47600003:70,True,True,0.13973504304885864,0.1598254920099862,0.02009044896112755
C_clearance_U_m0.000,development,C_clearance:47600003:90,True,False,0.16970546543598175,0.198434183766949,0.02872871833096724
C_clearance_U_m0.000,development,C_clearance:47600003:112,True,True,0.19407106935977936,0.17925061014830135,-0.01482045921147801
C_clearance_U_m0.000,development,C_clearance:47600003:125,True,True,0.18896430730819702,0.17415289506607223,-0.014811412242124788
C_clearance_U_m0.000,development,C_clearance:47600004:3,True,True,0.15731772780418396,0.14618534423061647,-0.011132383573567495
C_clearance_U_m0.000,development,C_clearance:47600004:8,True,True,0.1779719591140747,0.1570371196285123,-0.020934839485562406
C_clearance_U_m0.000,development,C_clearance:47600004:53,True,True,0.147965669631958,0.13986938218295109,-0.008096287449006923
C_clearance_U_m0.000,development,C_clearance:47600004:65,True,True,0.12820124626159668,0.13357574568362907,0.005374499422032386
C_clearance_U_m0.000,development,C_clearance:47600004:92,True,True,0.13657081127166748,0.13619174930499867,-0.0003790619666688144
C_clearance_U_m0.000,development,C_clearance:47600004:109,True,True,0.14507423341274261,0.1319678424333688,-0.013106390979373828
C_clearance_U_m0.000,development,C_clearance:47600004:122,True,True,0.13502170145511627,0.13036990237014834,-0.004651799084967934
C_clearance_U_m0.000,development,C_clearance:47600005:2,True,True,0.17554016411304474,0.16712911552167498,-0.008411048591369763
C_clearance_U_m0.000,development,C_clearance:47600005:5,True,True,0.15189242362976074,0.1708253310935106,0.01893290746374987
C_clearance_U_m0.000,development,C_clearance:47600005:15,True,False,0.21121101081371307,0.20515496270672884,-0.006056048106984235
C_clearance_U_m0.000,development,C_clearance:47600005:24,True,True,0.1790039986371994,0.1685385026212316,-0.010465496015967801
C_clearance_U_m0.000,development,C_clearance:47600005:33,True,True,0.1832861751317978,0.16367345172329806,-0.019612723408499733
C_clearance_U_m0.000,development,C_clearance:47600005:48,True,True,0.15031698346138,0.1543070725747384,0.003990089113358408
C_clearance_U_m0.000,development,C_clearance:47600005:86,True,False,0.15026982128620148,0.1900337931001559,0.03976397181395441
C_clearance_U_m0.000,development,C_clearance:47600005:88,True,False,0.1758774369955063,0.19384548120433465,0.01796804420882836
C_clearance_U_m0.000,development,C_clearance:47600005:105,True,False,0.24666769802570343,0.21108101675054058,-0.035586681275162846
C_clearance_U_m0.000,development,C_clearance:47600005:119,True,True,0.15517129004001617,0.16352397890295833,0.00835268886294216
C_clearance_U_m0.000,development,C_clearance:47600006:2,True,False,0.20460721850395203,0.18856245273491368,-0.01604476576903835
C_clearance_U_m0.000,development,C_clearance:47600006:11,True,True,0.2165871262550354,0.1715027539030416,-0.04508437235199381
C_clearance_U_m0.000,development,C_clearance:47600006:13,True,False,0.2592760920524597,0.26485074596712366,0.005574653914663941
C_clearance_U_m0.000,development,C_clearance:47600006:16,True,False,0.2992108464241028,0.2477804008522071,-0.05143044557189569
C_clearance_U_m0.000,development,C_clearance:47600006:25,True,True,0.1924819052219391,0.1687042717821896,-0.02377763343974948
C_clearance_U_m0.000,development,C_clearance:47600006:38,True,True,0.15256476402282715,0.16009158776432741,0.007526823741500266
C_clearance_U_m0.000,development,C_clearance:47600006:72,True,False,0.20296011865139008,0.19317606958793476,-0.009784049063455313
C_clearance_U_m0.000,development,C_clearance:47600006:101,True,True,0.21766674518585205,0.20743829692946747,-0.010228448256384581
C_clearance_U_m0.000,development,C_clearance:47600006:132,True,True,0.19600753486156464,0.17009972194500733,-0.025907812916557305
C_clearance_U_m0.000,development,C_clearance:47600006:177,True,False,0.21539516746997833,0.21954415831714869,0.004148990847170353
C_clearance_U_m0.000,development,C_clearance:47600007:4,True,True,0.14863786101341248,0.13637928167008795,-0.012258579343324527
C_clearance_U_m0.000,development,C_clearance:47600007:7,True,True,0.13775818049907684,0.14893253742775414,0.011174356928677298
C_clearance_U_m0.000,development,C_clearance:47600007:10,True,True,0.17083805799484253,0.15893814188893884,-0.011899916105903685
C_clearance_U_m0.000,development,C_clearance:47600007:17,True,True,0.1637454330921173,0.13181190183968283,-0.03193353125243448
C_clearance_U_m0.000,development,C_clearance:47600007:27,True,False,0.1525750309228897,0.15315993916010484,0.0005849082372151315
C_clearance_U_m0.000,development,C_clearance:47600007:28,True,False,0.1545979082584381,0.15563642741471995,0.0010385191562818363
C_clearance_U_m0.000,development,C_clearance:47600007:61,True,True,0.1699017584323883,0.16757159047119785,-0.0023301679611904547
C_clearance_U_m0.000,development,C_clearance:47600007:66,True,True,0.1700255125761032,0.17218729844898917,0.0021617858728859574
C_clearance_U_m0.000,development,C_clearance:47600007:87,True,True,0.1579713225364685,0.15299472215701826,-0.004976600379450247
C_clearance_U_m0.000,development,C_clearance:47600007:117,True,True,0.14440035820007324,0.14502627855108585,0.0006259203510126099
C_clearance_U_m0.000,development,C_clearance:47600008:6,True,True,0.14682979881763458,0.14324316105921753,-0.003586637758417055
C_clearance_U_m0.000,development,C_clearance:47600008:8,True,True,0.14010033011436462,0.1352722140145488,-0.004828116099815816
C_clearance_U_m0.000,development,C_clearance:47600008:21,True,True,0.1304289549589157,0.13281615439336747,0.002387199434451759
C_clearance_U_m0.000,development,C_clearance:47600008:23,True,True,0.1312461793422699,0.12191770141362213,-0.009328477928647771
C_clearance_U_m0.000,development,C_clearance:47600008:49,True,True,0.08407695591449738,0.09251432362361811,0.008437367709120736
C_clearance_U_m0.000,development,C_clearance:47600008:54,True,True,0.10781364887952805,0.11710655537899584,0.00929290649946779
C_clearance_U_m0.000,development,C_clearance:47600008:61,True,True,0.12725110352039337,0.12443845234520268,-0.0028126511751906946
C_clearance_U_m0.000,development,C_clearance:47600008:87,True,True,0.11636029183864594,0.1193223849113565,0.0029620930727105588
C_clearance_U_m0.000,development,C_clearance:47600008:101,True,True,0.09416942298412323,0.11274766584392637,0.01857824285980314
C_clearance_U_m0.010,train,C_clearance:47500000:1,True,True,0.41201162338256836,0.23972734063863754,-0.17228428274393082
C_clearance_U_m0.010,train,C_clearance:47500000:8,True,True,0.2155865728855133,0.17659038375131786,-0.03899618913419545
C_clearance_U_m0.010,train,C_clearance:47500000:26,True,False,0.18329037725925446,0.15965599426999688,-0.023634382989257574
C_clearance_U_m0.010,train,C_clearance:47500000:39,True,False,0.22842340171337128,0.18916403409093618,-0.03925936762243509
C_clearance_U_m0.010,train,C_clearance:47500000:84,True,True,0.2038382589817047,0.1781666218303144,-0.025671637151390314
C_clearance_U_m0.010,train,C_clearance:47500000:141,True,True,0.19078075885772705,0.16578892525285482,-0.024991833604872227
C_clearance_U_m0.010,train,C_clearance:47500000:144,True,True,0.18242467939853668,0.14475802588276565,-0.03766665351577103
C_clearance_U_m0.010,train,C_clearance:47500000:155,True,False,0.23014786839485168,0.1995332365622744,-0.030614631832577288
C_clearance_U_m0.010,train,C_clearance:47500000:169,True,True,0.18643102049827576,0.1685348516330123,-0.017896168865263462
C_clearance_U_m0.010,train,C_clearance:47500000:179,True,True,0.1992875635623932,0.16597090079449117,-0.03331666276790202
C_clearance_U_m0.010,train,C_clearance:47500002:2,True,False,0.302409827709198,0.2107412873301655,-0.09166854037903249
C_clearance_U_m0.010,train,C_clearance:47500002:3,True,False,0.28615742921829224,0.2288505006581545,-0.05730692856013775
C_clearance_U_m0.010,train,C_clearance:47500002:15,True,True,0.19542662799358368,0.17128879926167428,-0.024137828731909394
C_clearance_U_m0.010,train,C_clearance:47500002:25,True,True,0.19343657791614532,0.1590379929402843,-0.03439858497586101
C_clearance_U_m0.010,train,C_clearance:47500002:33,True,True,0.21478261053562164,0.1644163504242897,-0.05036626011133194
C_clearance_U_m0.010,train,C_clearance:47500002:55,True,True,0.18224893510341644,0.16313286847434938,-0.019116066629067063
C_clearance_U_m0.010,train,C_clearance:47500002:101,True,True,0.19913427531719208,0.17004088556859642,-0.029093389748595655
C_clearance_U_m0.010,train,C_clearance:47500002:114,True,True,0.19694726169109344,0.17022230103611946,-0.026724960654973984
C_clearance_U_m0.010,train,C_clearance:47500002:152,True,True,0.18783360719680786,0.16115201951470226,-0.0266815876821056
C_clearance_U_m0.010,train,C_clearance:47500002:178,True,True,0.18192248046398163,0.1592605432961136,-0.022661937167868018
C_clearance_U_m0.010,train,C_clearance:47500003:4,True,False,0.2509830594062805,0.19694615760818124,-0.05403690179809928
C_clearance_U_m0.010,train,C_clearance:47500003:16,True,True,0.1818930059671402,0.1470236643217504,-0.034869341645389795
C_clearance_U_m0.010,train,C_clearance:47500003:24,True,True,0.2036447525024414,0.17857254343107343,-0.02507220907136798
C_clearance_U_m0.010,train,C_clearance:47500003:41,True,True,0.21782957017421722,0.17984183505177498,-0.037987735122442245
C_clearance_U_m0.010,train,C_clearance:47500003:46,True,False,0.23505105078220367,0.20355786569416523,-0.031493185088038445
C_clearance_U_m0.010,train,C_clearance:47500003:80,True,True,0.17389564216136932,0.16091830213554204,-0.012977340025827289
C_clearance_U_m0.010,train,C_clearance:47500003:91,True,True,0.1999436318874359,0.18053290923126042,-0.019410722656175494
C_clearance_U_m0.010,train,C_clearance:47500003:109,True,True,0.23609039187431335,0.1957021038979292,-0.04038828797638416
C_clearance_U_m0.010,train,C_clearance:47500003:149,True,False,0.23801001906394958,0.17103508487343788,-0.0669749341905117
C_clearance_U_m0.010,train,C_clearance:47500003:180,True,True,0.18137729167938232,0.16108973696827888,-0.02028755471110344
C_clearance_U_m0.010,train,C_clearance:47500005:2,True,True,0.28274214267730713,0.22614505141973495,-0.056597091257572174
C_clearance_U_m0.010,train,C_clearance:47500005:6,True,True,0.22590020298957825,0.19035164476372302,-0.03554855822585523
C_clearance_U_m0.010,train,C_clearance:47500005:13,True,True,0.24094276130199432,0.17374304926488549,-0.06719971203710884
C_clearance_U_m0.010,train,C_clearance:47500005:45,True,True,0.20850427448749542,0.1808977136388421,-0.027606560848653316
C_clearance_U_m0.010,train,C_clearance:47500005:46,True,True,0.21831509470939636,0.18491711793467402,-0.03339797677472234
C_clearance_U_m0.010,train,C_clearance:47500005:67,True,True,0.2026471495628357,0.17718452913686633,-0.025462620425969362
C_clearance_U_m0.010,train,C_clearance:47500005:106,True,True,0.19834929704666138,0.16830023657530546,-0.030049060471355915
C_clearance_U_m0.010,train,C_clearance:47500005:120,True,True,0.22616977989673615,0.19071597419679165,-0.035453805699944496
C_clearance_U_m0.010,train,C_clearance:47500005:170,True,True,0.18020430207252502,0.15092180017381907,-0.02928250189870596
C_clearance_U_m0.010,train,C_clearance:47500006:4,True,True,0.2616215944290161,0.23202491784468293,-0.02959667658433318
C_clearance_U_m0.010,train,C_clearance:47500006:5,True,True,0.2564016282558441,0.22059952793642879,-0.03580210031941533
C_clearance_U_m0.010,train,C_clearance:47500006:8,True,True,0.257161021232605,0.20838572119828314,-0.048775300034321845
C_clearance_U_m0.010,train,C_clearance:47500006:10,True,True,0.22784681618213654,0.1944474596530199,-0.03339935652911663
C_clearance_U_m0.010,train,C_clearance:47500006:89,True,True,0.27404868602752686,0.18475872743874788,-0.08928995858877897
C_clearance_U_m0.010,train,C_clearance:47500006:102,True,True,0.18015305697917938,0.15058045485056937,-0.029572602128610015
C_clearance_U_m0.010,train,C_clearance:47500006:118,True,False,0.20696157217025757,0.18185575306415558,-0.02510581910610199
C_clearance_U_m0.010,train,C_clearance:47500006:136,True,False,0.19790585339069366,0.18355588149279356,-0.014349971897900105
C_clearance_U_m0.010,train,C_clearance:47500006:169,True,True,0.18779145181179047,0.15555411484092474,-0.032237336970865726
C_clearance_U_m0.010,train,C_clearance:47500007:4,True,True,0.24002069234848022,0.21278029261156917,-0.02724039973691106
C_clearance_U_m0.010,train,C_clearance:47500007:6,True,True,0.22687993943691254,0.20354993897490203,-0.023330000462010503
C_clearance_U_m0.010,train,C_clearance:47500007:13,True,True,0.21993200480937958,0.19264193018898368,-0.0272900746203959
C_clearance_U_m0.010,train,C_clearance:47500007:36,True,True,0.18854647874832153,0.1570798025932163,-0.03146667615510523
C_clearance_U_m0.010,train,C_clearance:47500007:97,True,False,0.21506156027317047,0.17547898460179567,-0.0395825756713748
C_clearance_U_m0.010,train,C_clearance:47500007:118,True,True,0.1656317412853241,0.16140245064161718,-0.004229290643706918
C_clearance_U_m0.010,train,C_clearance:47500007:134,True,True,0.18645086884498596,0.15390479611232877,-0.032546072732657194
C_clearance_U_m0.010,train,C_clearance:47500007:168,True,True,0.22162096202373505,0.16563104838132858,-0.055989913642406464
C_clearance_U_m0.010,train,C_clearance:47500008:4,True,True,0.24477526545524597,0.21569052361883223,-0.02908474183641374
C_clearance_U_m0.010,train,C_clearance:47500008:10,True,True,0.18653595447540283,0.14552700612694025,-0.04100894834846258
C_clearance_U_m0.010,train,C_clearance:47500008:20,True,True,0.19820451736450195,0.17356902873143554,-0.024635488633066416
C_clearance_U_m0.010,train,C_clearance:47500008:28,True,True,0.19580774009227753,0.16691053134854883,-0.028897208743728697
C_clearance_U_m0.010,train,C_clearance:47500008:34,True,True,0.24806128442287445,0.19821494119241834,-0.049846343230456114
C_clearance_U_m0.010,train,C_clearance:47500008:112,True,False,0.24363300204277039,0.17482976708561182,-0.06880323495715857
C_clearance_U_m0.010,train,C_clearance:47500008:131,True,True,0.1863865852355957,0.15068257332313806,-0.035704011912457645
C_clearance_U_m0.010,train,C_clearance:47500008:172,True,False,0.2101539969444275,0.18137933663092554,-0.028774660313501954
C_clearance_U_m0.010,train,C_clearance:47500009:6,True,True,0.24309960007667542,0.18798309192061424,-0.05511650815606117
C_clearance_U_m0.010,train,C_clearance:47500009:11,True,True,0.21911144256591797,0.1576631790958345,-0.061448263470083475
C_clearance_U_m0.010,train,C_clearance:47500009:15,True,True,0.18973347544670105,0.15926086762920022,-0.03047260781750083
C_clearance_U_m0.010,train,C_clearance:47500009:20,True,True,0.18993346393108368,0.16894399235025048,-0.020989471580833197
C_clearance_U_m0.010,train,C_clearance:47500009:26,True,True,0.1790841668844223,0.1654291965533048,-0.01365497033111751
C_clearance_U_m0.010,train,C_clearance:47500009:36,True,False,0.23829130828380585,0.20291105564683676,-0.03538025263696909
C_clearance_U_m0.010,train,C_clearance:47500009:68,True,True,0.1709166318178177,0.1485191440442577,-0.022397487773559988
C_clearance_U_m0.010,train,C_clearance:47500009:142,True,True,0.20678453147411346,0.17352363746613264,-0.033260894007980824
C_clearance_U_m0.010,train,C_clearance:47500011:5,True,True,0.37012553215026855,0.19080387777648866,-0.1793216543737799
C_clearance_U_m0.010,train,C_clearance:47500011:15,True,True,0.19378162920475006,0.1590905669145286,-0.03469106229022145
C_clearance_U_m0.010,train,C_clearance:47500011:26,True,False,0.19214050471782684,0.16165298270061612,-0.030487522017210722
C_clearance_U_m0.010,train,C_clearance:47500011:29,True,True,0.23650285601615906,0.1504528436344117,-0.08605001238174736
C_clearance_U_m0.010,train,C_clearance:47500011:31,True,True,0.18176741898059845,0.14825762063264847,-0.03350979834794998
C_clearance_U_m0.010,train,C_clearance:47500011:36,True,True,0.20175747573375702,0.17402748833410442,-0.0277299873996526
C_clearance_U_m0.010,train,C_clearance:47500011:49,True,True,0.1864163875579834,0.15285827964544296,-0.033558107912540436
C_clearance_U_m0.010,train,C_clearance:47500011:56,True,True,0.17710185050964355,0.1568906158208847,-0.02021123468875885
C_clearance_U_m0.010,train,C_clearance:47500011:74,True,True,0.18536025285720825,0.16785440826788545,-0.017505844589322805
C_clearance_U_m0.010,train,C_clearance:47500011:167,True,True,0.18983548879623413,0.17231576796621084,-0.01751972083002329
C_clearance_U_m0.010,train,C_clearance:47500013:14,True,True,0.24965853989124298,0.19199238484725356,-0.05766615504398942
C_clearance_U_m0.010,train,C_clearance:47500013:15,True,True,0.2285340130329132,0.18493262073025107,-0.043601392302662134
C_clearance_U_m0.010,train,C_clearance:47500013:28,True,True,0.1770218461751938,0.15284486627206206,-0.024176979903131723
C_clearance_U_m0.010,train,C_clearance:47500013:32,True,True,0.18348878622055054,0.155734560219571,-0.027754226000979543
C_clearance_U_m0.010,train,C_clearance:47500013:58,True,True,0.2379601150751114,0.18735982617363334,-0.05060028890147805
C_clearance_U_m0.010,train,C_clearance:47500013:83,True,True,0.20070812106132507,0.16927573224529624,-0.03143238881602883
C_clearance_U_m0.010,train,C_clearance:47500013:119,True,True,0.205746591091156,0.17952956538647413,-0.026217025704681873
C_clearance_U_m0.010,train,C_clearance:47500013:128,True,False,0.21679528057575226,0.17858823598362505,-0.038207044592127204
C_clearance_U_m0.010,train,C_clearance:47500013:162,True,True,0.17596517503261566,0.16557476145680994,-0.010390413575805724
C_clearance_U_m0.010,train,C_clearance:47500013:165,True,True,0.18900467455387115,0.15982144488953054,-0.029183229664340615
C_clearance_U_m0.010,train,C_clearance:47500014:9,True,True,0.18980230391025543,0.18064765725284815,-0.009154646657407284
C_clearance_U_m0.010,train,C_clearance:47500014:10,True,True,0.1951516568660736,0.17136703757569194,-0.02378461929038167
C_clearance_U_m0.010,train,C_clearance:47500014:20,True,True,0.21032993495464325,0.17281354730948806,-0.03751638764515519
C_clearance_U_m0.010,train,C_clearance:47500014:43,True,True,0.1816377490758896,0.15389333583880216,-0.02774441323708743
C_clearance_U_m0.010,train,C_clearance:47500014:60,True,False,0.19712448120117188,0.17550784326158464,-0.021616637939587235
C_clearance_U_m0.010,train,C_clearance:47500014:78,True,False,0.22886347770690918,0.18700714583974332,-0.041856331867165864
C_clearance_U_m0.010,train,C_clearance:47500014:99,True,True,0.1775439828634262,0.15973362978547812,-0.017810353077948093
C_clearance_U_m0.010,train,C_clearance:47500014:134,True,True,0.19584402441978455,0.17079261608887464,-0.025051408330909908
C_clearance_U_m0.010,train,C_clearance:47500014:161,True,True,0.19814975559711456,0.16668505989946425,-0.03146469569765031
C_clearance_U_m0.010,train,C_clearance:47500014:170,True,True,0.20584984123706818,0.17408118047751486,-0.03176866075955331
C_clearance_U_m0.010,train,C_clearance:47500016:4,True,True,0.2780303955078125,0.2191415715496987,-0.05888882395811379
C_clearance_U_m0.010,train,C_clearance:47500016:5,True,True,0.2540898621082306,0.20133848581463099,-0.052751376293599606
C_clearance_U_m0.010,train,C_clearance:47500016:30,True,False,0.2611207962036133,0.2040268408600241,-0.05709395534358919
C_clearance_U_m0.010,train,C_clearance:47500016:42,True,True,0.22052474319934845,0.16938356310129166,-0.05114118009805679
C_clearance_U_m0.010,train,C_clearance:47500016:43,True,True,0.23373787105083466,0.15948027931153774,-0.07425759173929691
C_clearance_U_m0.010,train,C_clearance:47500016:108,True,True,0.19770547747612,0.17439386481419206,-0.02331161266192794
C_clearance_U_m0.010,train,C_clearance:47500016:129,True,True,0.19578969478607178,0.16806059703230858,-0.0277290977537632
C_clearance_U_m0.010,train,C_clearance:47500016:165,True,True,0.19574634730815887,0.16176723723765463,-0.03397911007050425
C_clearance_U_m0.010,train,C_clearance:47500016:169,True,True,0.1957067847251892,0.16399487853050232,-0.03171190619468689
C_clearance_U_m0.010,development,C_clearance:47600000:3,True,False,0.25572946667671204,0.22213615413056687,-0.03359331254614517
C_clearance_U_m0.010,development,C_clearance:47600000:14,True,True,0.17744188010692596,0.1670473611302441,-0.010394518976681866
C_clearance_U_m0.010,development,C_clearance:47600000:17,True,True,0.16286934912204742,0.1691803426219849,0.006310993499937467
C_clearance_U_m0.010,development,C_clearance:47600000:21,True,True,0.18113990128040314,0.16418786461872514,-0.016952036661677994
C_clearance_U_m0.010,development,C_clearance:47600000:29,True,True,0.18617941439151764,0.18745956514612772,0.0012801507546100765
C_clearance_U_m0.010,development,C_clearance:47600000:32,True,True,0.18801483511924744,0.18614886468276381,-0.0018659704364836216
C_clearance_U_m0.010,development,C_clearance:47600000:76,True,True,0.17523254454135895,0.15570479129382875,-0.0195277532475302
C_clearance_U_m0.010,development,C_clearance:47600000:83,True,False,0.17325317859649658,0.209924315000535,0.03667113640403841
C_clearance_U_m0.010,development,C_clearance:47600000:157,True,True,0.16521112620830536,0.18851435756369028,0.023303231355384924
C_clearance_U_m0.010,development,C_clearance:47600002:2,True,True,0.12766124308109283,0.21329283464001492,0.08563159155892208
C_clearance_U_m0.010,development,C_clearance:47600002:16,True,True,0.1587805300951004,0.14833531554904766,-0.010445214546052739
C_clearance_U_m0.010,development,C_clearance:47600002:30,True,True,0.17524011433124542,0.1782455344509799,0.003005420119734481
C_clearance_U_m0.010,development,C_clearance:47600002:36,True,True,0.19656729698181152,0.1667921029002173,-0.029775194081594236
C_clearance_U_m0.010,development,C_clearance:47600002:68,True,True,0.12801039218902588,0.13727793848374858,0.009267546294722706
C_clearance_U_m0.010,development,C_clearance:47600002:76,True,True,0.1389065682888031,0.14897798413585406,0.010071415847050957
C_clearance_U_m0.010,development,C_clearance:47600002:79,True,False,0.2278560996055603,0.24811960938677657,0.02026350978121627
C_clearance_U_m0.010,development,C_clearance:47600002:89,True,True,0.12984660267829895,0.13096680949092843,0.0011202068126294762
C_clearance_U_m0.010,development,C_clearance:47600002:107,True,True,0.12927843630313873,0.11674266112095211,-0.012535775182186626
C_clearance_U_m0.010,development,C_clearance:47600003:1,True,False,0.23299488425254822,0.24029057490406558,0.007295690651517361
C_clearance_U_m0.010,development,C_clearance:47600003:3,True,False,0.24669113755226135,0.18406303993833717,-0.06262809761392418
C_clearance_U_m0.010,development,C_clearance:47600003:4,True,False,0.17061112821102142,0.1643221765407361,-0.006288951670285314
C_clearance_U_m0.010,development,C_clearance:47600003:11,True,True,0.15835648775100708,0.16517419771116693,0.006817709960159846
C_clearance_U_m0.010,development,C_clearance:47600003:12,True,True,0.17166584730148315,0.16891888485406525,-0.0027469624474179
C_clearance_U_m0.010,development,C_clearance:47600003:22,True,False,0.2037169635295868,0.19332304340787232,-0.010393920121714473
C_clearance_U_m0.010,development,C_clearance:47600003:70,True,True,0.13881205022335052,0.15091383103572298,0.012101780812372454
C_clearance_U_m0.010,development,C_clearance:47600003:90,True,False,0.1824856698513031,0.2226590199279599,0.04017335007665679
C_clearance_U_m0.010,development,C_clearance:47600003:112,True,True,0.17032817006111145,0.1682898727885913,-0.00203829727252014
C_clearance_U_m0.010,development,C_clearance:47600003:125,True,True,0.16791148483753204,0.16820685076527297,0.0002953659277409315
C_clearance_U_m0.010,development,C_clearance:47600004:3,True,True,0.23069791495800018,0.1702027696883306,-0.06049514526966959
C_clearance_U_m0.010,development,C_clearance:47600004:8,True,True,0.16009411215782166,0.1442021488037426,-0.015891963354079053
C_clearance_U_m0.010,development,C_clearance:47600004:53,True,True,0.1509360522031784,0.14570128433115315,-0.005234767872025259
C_clearance_U_m0.010,development,C_clearance:47600004:65,True,True,0.1415078341960907,0.13864615972852334,-0.0028616744675673544
C_clearance_U_m0.010,development,C_clearance:47600004:92,True,True,0.14278027415275574,0.14374153898097575,0.0009612648282200098
C_clearance_U_m0.010,development,C_clearance:47600004:109,True,True,0.1366216242313385,0.1337112547189463,-0.002910369512392208
C_clearance_U_m0.010,development,C_clearance:47600004:122,True,True,0.14338995516300201,0.13760416877630632,-0.0057857863866956905
C_clearance_U_m0.010,development,C_clearance:47600005:2,True,True,0.156489297747612,0.19853780115954578,0.04204850341193378
C_clearance_U_m0.010,development,C_clearance:47600005:5,True,True,0.1571105420589447,0.17020141742250416,0.013090875363559462
C_clearance_U_m0.010,development,C_clearance:47600005:15,True,False,0.25079724192619324,0.21629627930815332,-0.03450096261803992
C_clearance_U_m0.010,development,C_clearance:47600005:24,True,True,0.16706877946853638,0.1499187591834925,-0.017150020285043865
C_clearance_U_m0.010,development,C_clearance:47600005:33,True,True,0.15597128868103027,0.14713338126603048,-0.00883790741499979
C_clearance_U_m0.010,development,C_clearance:47600005:48,True,True,0.15718021988868713,0.15998166952340398,0.002801449634716846
C_clearance_U_m0.010,development,C_clearance:47600005:86,True,False,0.15834803879261017,0.17023399579920806,0.011885957006597891
C_clearance_U_m0.010,development,C_clearance:47600005:88,True,False,0.16382324695587158,0.18112179481249768,0.0172985478566261
C_clearance_U_m0.010,development,C_clearance:47600005:105,True,False,0.2553342580795288,0.1879201066622045,-0.06741415141732432
C_clearance_U_m0.010,development,C_clearance:47600005:119,True,True,0.14710509777069092,0.14834851879277267,0.0012434210220817477
C_clearance_U_m0.010,development,C_clearance:47600006:2,True,False,0.26208803057670593,0.2275679270096589,-0.034520103567047045
C_clearance_U_m0.010,development,C_clearance:47600006:11,True,True,0.20808018743991852,0.17702576240117196,-0.031054425038746558
C_clearance_U_m0.010,development,C_clearance:47600006:13,True,False,0.2540663182735443,0.2803317536308896,0.026265435357345268
C_clearance_U_m0.010,development,C_clearance:47600006:16,True,False,0.33868300914764404,0.2792093885655049,-0.05947362058213912
C_clearance_U_m0.010,development,C_clearance:47600006:25,True,True,0.221272811293602,0.18185220676241443,-0.039420604531187564
C_clearance_U_m0.010,development,C_clearance:47600006:38,True,True,0.15969417989253998,0.17206038028234616,0.012366200389806181
C_clearance_U_m0.010,development,C_clearance:47600006:72,True,False,0.20348979532718658,0.1876189665053971,-0.015870828821789473
C_clearance_U_m0.010,development,C_clearance:47600006:101,True,True,0.2345457822084427,0.2089891422074288,-0.025556640001013875
C_clearance_U_m0.010,development,C_clearance:47600006:132,True,True,0.18626752495765686,0.16995521304488648,-0.016312311912770383
C_clearance_U_m0.010,development,C_clearance:47600006:177,True,False,0.19701209664344788,0.19410493344184943,-0.0029071632015984505
C_clearance_U_m0.010,development,C_clearance:47600007:4,True,True,0.16387103497982025,0.14040074075455777,-0.023470294225262478
C_clearance_U_m0.010,development,C_clearance:47600007:7,True,True,0.13996867835521698,0.13142398292256985,-0.008544695432647131
C_clearance_U_m0.010,development,C_clearance:47600007:10,True,True,0.15577863156795502,0.14668101610732265,-0.009097615460632369
C_clearance_U_m0.010,development,C_clearance:47600007:17,True,True,0.1360718458890915,0.11827293393434957,-0.017798911954741925
C_clearance_U_m0.010,development,C_clearance:47600007:27,True,False,0.14991576969623566,0.15010989746951964,0.0001941277732839808
C_clearance_U_m0.010,development,C_clearance:47600007:28,True,False,0.15570592880249023,0.15307226830918808,-0.002633660493302159
C_clearance_U_m0.010,development,C_clearance:47600007:61,True,True,0.16021811962127686,0.16197251511039212,0.001754395489115268
C_clearance_U_m0.010,development,C_clearance:47600007:66,True,True,0.16952300071716309,0.15327583797625266,-0.016247162740910426
C_clearance_U_m0.010,development,C_clearance:47600007:87,True,True,0.13969001173973083,0.13903161203779746,-0.0006583997019333765
C_clearance_U_m0.010,development,C_clearance:47600007:117,True,True,0.12757502496242523,0.13264315758715384,0.005068132624728605
C_clearance_U_m0.010,development,C_clearance:47600008:6,True,True,0.13721886277198792,0.14713086455594748,0.009912001783959568
C_clearance_U_m0.010,development,C_clearance:47600008:8,True,True,0.15243744850158691,0.13706345451646484,-0.01537399398512207
C_clearance_U_m0.010,development,C_clearance:47600008:21,True,True,0.11179563403129578,0.11178961356927175,-6.020462024025619e-06
C_clearance_U_m0.010,development,C_clearance:47600008:23,True,True,0.11058854311704636,0.10446300634066574,-0.0061255367763806134
C_clearance_U_m0.010,development,C_clearance:47600008:49,True,True,0.08224811404943466,0.09229313785908744,0.010045023809652776
C_clearance_U_m0.010,development,C_clearance:47600008:54,True,True,0.10759437084197998,0.1126773567229975,0.005082985881017521
C_clearance_U_m0.010,development,C_clearance:47600008:61,True,True,0.12187787145376205,0.1202065358083928,-0.001671335645369254
C_clearance_U_m0.010,development,C_clearance:47600008:87,True,True,0.112333744764328,0.10645123469294049,-0.0058825100713875145
C_clearance_U_m0.010,development,C_clearance:47600008:101,True,True,0.08050905168056488,0.10183229754329659,0.02132324586273171
C_clearance_U_m0.030,train,C_clearance:47500000:1,True,True,0.394551545381546,0.24671740783378482,-0.1478341375477612
C_clearance_U_m0.030,train,C_clearance:47500000:8,True,True,0.2023143768310547,0.15695556229911745,-0.04535881453193724
C_clearance_U_m0.030,train,C_clearance:47500000:26,True,False,0.23825663328170776,0.13425892847590148,-0.10399770480580628
C_clearance_U_m0.030,train,C_clearance:47500000:39,True,False,0.37524527311325073,0.22611474012956023,-0.1491305329836905
C_clearance_U_m0.030,train,C_clearance:47500000:84,True,True,0.26699331402778625,0.16354689677245915,-0.1034464172553271
C_clearance_U_m0.030,train,C_clearance:47500000:141,True,True,0.2074243277311325,0.15058822953142226,-0.05683609819971025
C_clearance_U_m0.030,train,C_clearance:47500000:144,True,True,0.19986112415790558,0.14541186462156475,-0.05444925953634083
C_clearance_U_m0.030,train,C_clearance:47500000:155,True,False,0.2444857656955719,0.20637876959517598,-0.03810699610039592
C_clearance_U_m0.030,train,C_clearance:47500000:169,True,True,0.21951065957546234,0.1588126257993281,-0.06069803377613425
C_clearance_U_m0.030,train,C_clearance:47500000:179,True,True,0.22108688950538635,0.1647671719547361,-0.05631971755065024
C_clearance_U_m0.030,train,C_clearance:47500002:2,True,False,0.40877485275268555,0.2581862846855074,-0.15058856806717813
C_clearance_U_m0.030,train,C_clearance:47500002:3,True,False,0.5530025959014893,0.2329158156644553,-0.32008678023703396
C_clearance_U_m0.030,train,C_clearance:47500002:15,True,True,0.2107463777065277,0.15552163333632052,-0.05522474437020719
C_clearance_U_m0.030,train,C_clearance:47500002:25,True,True,0.22595521807670593,0.15407527913339436,-0.07187993894331157
C_clearance_U_m0.030,train,C_clearance:47500002:33,True,True,0.226522296667099,0.1578103716019541,-0.0687119250651449
C_clearance_U_m0.030,train,C_clearance:47500002:55,True,True,0.21056753396987915,0.15170167037285864,-0.05886586359702051
C_clearance_U_m0.030,train,C_clearance:47500002:101,True,True,0.21166373789310455,0.1746813637437299,-0.036982374149374664
C_clearance_U_m0.030,train,C_clearance:47500002:114,True,True,0.27912408113479614,0.17142823431640863,-0.10769584681838751
C_clearance_U_m0.030,train,C_clearance:47500002:152,True,True,0.2306743711233139,0.1592224226333201,-0.07145194848999381
C_clearance_U_m0.030,train,C_clearance:47500002:178,True,True,0.1850690245628357,0.15116076590493321,-0.03390825865790248
C_clearance_U_m0.030,train,C_clearance:47500003:4,True,False,0.26020583510398865,0.1661215105559677,-0.09408432454802096
C_clearance_U_m0.030,train,C_clearance:47500003:16,True,True,0.19165116548538208,0.1453401781618595,-0.04631098732352257
C_clearance_U_m0.030,train,C_clearance:47500003:24,True,True,0.23934471607208252,0.1717929057776928,-0.06755181029438972
C_clearance_U_m0.030,train,C_clearance:47500003:41,True,True,0.2055596262216568,0.1526789760682732,-0.05288065015338361
C_clearance_U_m0.030,train,C_clearance:47500003:46,True,False,0.2512073516845703,0.21171716041862965,-0.039490191265940666
C_clearance_U_m0.030,train,C_clearance:47500003:80,True,True,0.19506379961967468,0.15799802937544882,-0.03706577024422586
C_clearance_U_m0.030,train,C_clearance:47500003:91,True,True,0.23574216663837433,0.19924836908467114,-0.03649379755370319
C_clearance_U_m0.030,train,C_clearance:47500003:109,True,True,0.25651317834854126,0.18536065192893147,-0.07115252641960979
C_clearance_U_m0.030,train,C_clearance:47500003:149,True,False,0.23686304688453674,0.1618462698534131,-0.07501677703112364
C_clearance_U_m0.030,train,C_clearance:47500003:180,True,True,0.1828688234090805,0.1441449332050979,-0.03872389020398259
C_clearance_U_m0.030,train,C_clearance:47500005:2,True,True,0.3224560618400574,0.2319386147428304,-0.09051744709722698
C_clearance_U_m0.030,train,C_clearance:47500005:6,True,True,0.2529734969139099,0.1653015143238008,-0.08767198259010911
C_clearance_U_m0.030,train,C_clearance:47500005:13,True,True,0.19341273605823517,0.15473786497022957,-0.0386748710880056
C_clearance_U_m0.030,train,C_clearance:47500005:45,True,True,0.20866374671459198,0.17112665227614343,-0.03753709443844855
C_clearance_U_m0.030,train,C_clearance:47500005:46,True,True,0.24662667512893677,0.18240059446543455,-0.06422608066350222
C_clearance_U_m0.030,train,C_clearance:47500005:67,True,True,0.23103053867816925,0.15715311700478196,-0.07387742167338729
C_clearance_U_m0.030,train,C_clearance:47500005:106,True,True,0.2023349106311798,0.14303471765015274,-0.05930019298102707
C_clearance_U_m0.030,train,C_clearance:47500005:120,True,True,0.21622855961322784,0.17626609816215932,-0.03996246145106852
C_clearance_U_m0.030,train,C_clearance:47500005:170,True,True,0.19380198419094086,0.14360571675933897,-0.05019626743160188
C_clearance_U_m0.030,train,C_clearance:47500006:4,True,True,0.293216347694397,0.20464801648631692,-0.08856833120808005
C_clearance_U_m0.030,train,C_clearance:47500006:5,True,True,0.2480066865682602,0.19021788123063743,-0.05778880533762276
C_clearance_U_m0.030,train,C_clearance:47500006:8,True,True,0.2662854492664337,0.18544247222598642,-0.0808429770404473
C_clearance_U_m0.030,train,C_clearance:47500006:10,True,True,0.31037309765815735,0.16794168832711875,-0.1424314093310386
C_clearance_U_m0.030,train,C_clearance:47500006:89,True,True,0.19597561657428741,0.17500181798823178,-0.020973798586055636
C_clearance_U_m0.030,train,C_clearance:47500006:102,True,True,0.18157245218753815,0.09247497341129929,-0.08909747877623886
C_clearance_U_m0.030,train,C_clearance:47500006:118,True,False,0.30368950963020325,0.18298779614269733,-0.12070171348750591
C_clearance_U_m0.030,train,C_clearance:47500006:136,True,False,0.3000158369541168,0.18331762915477157,-0.11669820779934525
C_clearance_U_m0.030,train,C_clearance:47500006:169,True,True,0.22335542738437653,0.1510959940496832,-0.07225943333469331
C_clearance_U_m0.030,train,C_clearance:47500007:4,True,True,0.25706613063812256,0.20590383908711374,-0.05116229155100882
C_clearance_U_m0.030,train,C_clearance:47500007:6,True,True,0.2527509033679962,0.19939392991364002,-0.053356973454356194
C_clearance_U_m0.030,train,C_clearance:47500007:13,True,True,0.344815194606781,0.20366765186190605,-0.14114754274487495
C_clearance_U_m0.030,train,C_clearance:47500007:36,True,True,0.20446012914180756,0.13537563639692962,-0.06908449274487793
C_clearance_U_m0.030,train,C_clearance:47500007:97,True,False,0.20088770985603333,0.18301713792607188,-0.017870571929961443
C_clearance_U_m0.030,train,C_clearance:47500007:118,True,True,0.1753396987915039,0.14451894810190424,-0.030820750689599663
C_clearance_U_m0.030,train,C_clearance:47500007:134,True,True,0.19576993584632874,0.14983944059349597,-0.04593049525283277
C_clearance_U_m0.030,train,C_clearance:47500007:168,True,True,0.21462349593639374,0.15405158372595906,-0.060571912210434675
C_clearance_U_m0.030,train,C_clearance:47500008:4,True,True,0.30310535430908203,0.19860016962047666,-0.10450518468860537
C_clearance_U_m0.030,train,C_clearance:47500008:10,True,True,0.310468852519989,0.12151045096106827,-0.18895840155892074
C_clearance_U_m0.030,train,C_clearance:47500008:20,True,True,0.1892719715833664,0.15530325565487146,-0.03396871592849493
C_clearance_U_m0.030,train,C_clearance:47500008:28,True,True,0.23637869954109192,0.15618357516359538,-0.08019512437749654
C_clearance_U_m0.030,train,C_clearance:47500008:34,True,True,0.27194175124168396,0.20339234988205135,-0.06854940135963261
C_clearance_U_m0.030,train,C_clearance:47500008:112,True,False,0.2686413824558258,0.16108072618953884,-0.10756065626628697
C_clearance_U_m0.030,train,C_clearance:47500008:131,True,True,0.21644680202007294,0.15369107609149069,-0.06275572592858225
C_clearance_U_m0.030,train,C_clearance:47500008:172,True,False,0.20409487187862396,0.1776703167706728,-0.026424555107951164
C_clearance_U_m0.030,train,C_clearance:47500009:6,True,True,0.22835449874401093,0.16630849498324096,-0.06204600376076996
C_clearance_U_m0.030,train,C_clearance:47500009:11,True,True,0.22336408495903015,0.16234343592077494,-0.061020649038255215
C_clearance_U_m0.030,train,C_clearance:47500009:15,True,True,0.2010439783334732,0.16375494888052344,-0.03728902945294976
C_clearance_U_m0.030,train,C_clearance:47500009:20,True,True,0.17268018424510956,0.13688065111637115,-0.0357995331287384
C_clearance_U_m0.030,train,C_clearance:47500009:26,True,True,0.18856880068778992,0.1340043667005375,-0.054564433987252414
C_clearance_U_m0.030,train,C_clearance:47500009:36,True,False,0.21165186166763306,0.18572128238156438,-0.025930579286068678
C_clearance_U_m0.030,train,C_clearance:47500009:68,True,True,0.17165417969226837,0.12920764123555273,-0.04244653845671564
C_clearance_U_m0.030,train,C_clearance:47500009:142,True,True,0.2356373369693756,0.16796111571602523,-0.06767622125335038
C_clearance_U_m0.030,train,C_clearance:47500011:5,True,True,0.2629483640193939,0.1818947219871916,-0.08105364203220233
C_clearance_U_m0.030,train,C_clearance:47500011:15,True,True,0.1792079508304596,0.13828810467384756,-0.04091984615661204
C_clearance_U_m0.030,train,C_clearance:47500011:26,True,False,0.21433453261852264,0.14769441168755293,-0.06664012093096972
C_clearance_U_m0.030,train,C_clearance:47500011:29,True,True,0.32707178592681885,0.1429999724496156,-0.18407181347720325
C_clearance_U_m0.030,train,C_clearance:47500011:31,True,True,0.1957644820213318,0.14918323152232915,-0.046581250499002635
C_clearance_U_m0.030,train,C_clearance:47500011:36,True,True,0.24214237928390503,0.1645654693711549,-0.07757690991275012
C_clearance_U_m0.030,train,C_clearance:47500011:49,True,True,0.23434974253177643,0.1260676437523216,-0.10828209877945483
C_clearance_U_m0.030,train,C_clearance:47500011:56,True,True,0.2092229574918747,0.15191973210312426,-0.057303225388750434
C_clearance_U_m0.030,train,C_clearance:47500011:74,True,True,0.19954341650009155,0.15663277101702988,-0.04291064548306167
C_clearance_U_m0.030,train,C_clearance:47500011:167,True,True,0.20514866709709167,0.1681816354393959,-0.03696703165769577
C_clearance_U_m0.030,train,C_clearance:47500013:14,True,True,0.2936631739139557,0.17916812258772552,-0.11449505132623017
C_clearance_U_m0.030,train,C_clearance:47500013:15,True,True,0.4459666609764099,0.14324079756624997,-0.30272586341015995
C_clearance_U_m0.030,train,C_clearance:47500013:28,True,True,0.1828247457742691,0.14968018443323672,-0.033144561341032386
C_clearance_U_m0.030,train,C_clearance:47500013:32,True,True,0.20416243374347687,0.13484594342298806,-0.06931649032048881
C_clearance_U_m0.030,train,C_clearance:47500013:58,True,True,0.19025883078575134,0.14615684747695923,-0.044101983308792114
C_clearance_U_m0.030,train,C_clearance:47500013:83,True,True,0.19121086597442627,0.14297218853607774,-0.04823867743834853
C_clearance_U_m0.030,train,C_clearance:47500013:119,True,True,0.30698028206825256,0.17314508208073676,-0.1338351999875158
C_clearance_U_m0.030,train,C_clearance:47500013:128,True,False,0.26462796330451965,0.16316996212117374,-0.10145800118334591
C_clearance_U_m0.030,train,C_clearance:47500013:162,True,True,0.22060427069664001,0.17031048150965944,-0.050293789186980575
C_clearance_U_m0.030,train,C_clearance:47500013:165,True,True,0.2160048484802246,0.1452740121167153,-0.0707308363635093
C_clearance_U_m0.030,train,C_clearance:47500014:9,True,True,0.23420822620391846,0.18915187241509557,-0.04505635378882289
C_clearance_U_m0.030,train,C_clearance:47500014:10,True,True,0.2516418695449829,0.16449451784137636,-0.08714735170360655
C_clearance_U_m0.030,train,C_clearance:47500014:20,True,True,0.24079807102680206,0.17200023122131824,-0.06879783980548382
C_clearance_U_m0.030,train,C_clearance:47500014:43,True,True,0.18456806242465973,0.1518683285685256,-0.03269973385613412
C_clearance_U_m0.030,train,C_clearance:47500014:60,True,False,0.23232921957969666,0.1826391387730837,-0.04969008080661297
C_clearance_U_m0.030,train,C_clearance:47500014:78,True,False,0.21022406220436096,0.1677676314720884,-0.042456430732272565
C_clearance_U_m0.030,train,C_clearance:47500014:99,True,True,0.212273970246315,0.16000543138943613,-0.05226853885687888
C_clearance_U_m0.030,train,C_clearance:47500014:134,True,True,0.2362770140171051,0.16459243727149442,-0.07168457674561068
C_clearance_U_m0.030,train,C_clearance:47500014:161,True,True,0.2332555055618286,0.1544322983827442,-0.07882320717908442
C_clearance_U_m0.030,train,C_clearance:47500014:170,True,True,0.2351452112197876,0.17152358754538,-0.0636216236744076
C_clearance_U_m0.030,train,C_clearance:47500016:4,True,True,0.27508899569511414,0.1883819503709674,-0.08670704532414675
C_clearance_U_m0.030,train,C_clearance:47500016:5,True,True,0.27189990878105164,0.1704734965460375,-0.10142641223501414
C_clearance_U_m0.030,train,C_clearance:47500016:30,True,False,0.3153506815433502,0.2146240200381726,-0.10072666150517762
C_clearance_U_m0.030,train,C_clearance:47500016:42,True,True,0.2604667842388153,0.17791904346086085,-0.08254774077795446
C_clearance_U_m0.030,train,C_clearance:47500016:43,True,True,0.24147912859916687,0.16532129724510014,-0.07615783135406673
C_clearance_U_m0.030,train,C_clearance:47500016:108,True,True,0.3037406802177429,0.17517969477921724,-0.12856098543852568
C_clearance_U_m0.030,train,C_clearance:47500016:129,True,True,0.1880916804075241,0.16106927045620978,-0.02702240995131433
C_clearance_U_m0.030,train,C_clearance:47500016:165,True,True,0.3438797891139984,0.1607419173233211,-0.1831378717906773
C_clearance_U_m0.030,train,C_clearance:47500016:169,True,True,0.19430090487003326,0.15702000621240586,-0.037280898657627404
C_clearance_U_m0.030,development,C_clearance:47600000:3,True,False,0.38796597719192505,0.23695364547893405,-0.151012331712991
C_clearance_U_m0.030,development,C_clearance:47600000:14,True,True,0.1548147201538086,0.16746102928300388,0.012646309129195288
C_clearance_U_m0.030,development,C_clearance:47600000:17,True,True,0.15683813393115997,0.1547736794964294,-0.002064454434730578
C_clearance_U_m0.030,development,C_clearance:47600000:21,True,True,0.1613403558731079,0.1573772310221102,-0.003963124850997701
C_clearance_U_m0.030,development,C_clearance:47600000:29,True,True,0.21299351751804352,0.19644922576844692,-0.016544291749596596
C_clearance_U_m0.030,development,C_clearance:47600000:32,True,True,0.20173190534114838,0.19000248906377237,-0.011729416277376004
C_clearance_U_m0.030,development,C_clearance:47600000:76,True,True,0.14066128432750702,0.12335499064647593,-0.017306293681031093
C_clearance_U_m0.030,development,C_clearance:47600000:83,True,False,0.09561329334974289,0.19482662512746174,0.09921333177771885
C_clearance_U_m0.030,development,C_clearance:47600000:157,True,True,0.13587036728858948,0.17344749097537715,0.03757712368678767
C_clearance_U_m0.030,development,C_clearance:47600002:2,True,True,0.13182753324508667,0.23393402351939585,0.10210649027430918
C_clearance_U_m0.030,development,C_clearance:47600002:16,True,True,0.17489846050739288,0.16000348347006366,-0.014894977037329227
C_clearance_U_m0.030,development,C_clearance:47600002:30,True,True,0.15108010172843933,0.1399107535253279,-0.01116934820311144
C_clearance_U_m0.030,development,C_clearance:47600002:36,True,True,0.1743806004524231,0.14660892346000765,-0.02777167699241545
C_clearance_U_m0.030,development,C_clearance:47600002:68,True,True,0.10519213229417801,0.11994571858667769,0.014753586292499676
C_clearance_U_m0.030,development,C_clearance:47600002:76,True,True,0.11372703313827515,0.12295684013224673,0.009229806993971579
C_clearance_U_m0.030,development,C_clearance:47600002:79,True,False,0.20423011481761932,0.22488356806570664,0.020653453248087317
C_clearance_U_m0.030,development,C_clearance:47600002:89,True,True,0.12184430658817291,0.10862187572638504,-0.01322243086178787
C_clearance_U_m0.030,development,C_clearance:47600002:107,True,True,0.12515293061733246,0.10396676090022083,-0.021186169717111625
C_clearance_U_m0.030,development,C_clearance:47600003:1,True,False,0.3997616767883301,0.2813521701609716,-0.1184095066273585
C_clearance_U_m0.030,development,C_clearance:47600003:3,True,False,0.25095608830451965,0.16956096893409267,-0.08139511937042698
C_clearance_U_m0.030,development,C_clearance:47600003:4,True,False,0.19230571389198303,0.14227061757992487,-0.05003509631205816
C_clearance_U_m0.030,development,C_clearance:47600003:11,True,True,0.1412678360939026,0.14141876736539416,0.00015093127149157226
C_clearance_U_m0.030,development,C_clearance:47600003:12,True,True,0.15166212618350983,0.14436157346062828,-0.007300552722881548
C_clearance_U_m0.030,development,C_clearance:47600003:22,True,False,0.18320153653621674,0.1700352864136221,-0.013166250122594647
C_clearance_U_m0.030,development,C_clearance:47600003:70,True,True,0.13248354196548462,0.15534240058332216,0.02285885861783754
C_clearance_U_m0.030,development,C_clearance:47600003:90,True,False,0.20048271119594574,0.2228562842356041,0.022373573039658368
C_clearance_U_m0.030,development,C_clearance:47600003:112,True,True,0.15203046798706055,0.16138795323786326,0.00935748525080271
C_clearance_U_m0.030,development,C_clearance:47600003:125,True,True,0.16398385167121887,0.1642297612997936,0.0002459096285747364
C_clearance_U_m0.030,development,C_clearance:47600004:3,True,True,0.20390167832374573,0.16284840139269363,-0.041053276931052096
C_clearance_U_m0.030,development,C_clearance:47600004:8,True,True,0.14946313202381134,0.13604037396726198,-0.013422758056549355
C_clearance_U_m0.030,development,C_clearance:47600004:53,True,True,0.1597200483083725,0.13279058031912427,-0.026929467989248224
C_clearance_U_m0.030,development,C_clearance:47600004:65,True,True,0.1323789805173874,0.12933235868695192,-0.0030466218304354697
C_clearance_U_m0.030,development,C_clearance:47600004:92,True,True,0.12997372448444366,0.13925694410863798,0.009283219624194317
C_clearance_U_m0.030,development,C_clearance:47600004:109,True,True,0.1274130791425705,0.12445232749450952,-0.0029607516480609775
C_clearance_U_m0.030,development,C_clearance:47600004:122,True,True,0.1274113953113556,0.1310681658796966,0.0036567705683410168
C_clearance_U_m0.030,development,C_clearance:47600005:2,True,True,0.22857517004013062,0.19739442023274023,-0.031180749807390384
C_clearance_U_m0.030,development,C_clearance:47600005:5,True,True,0.11588186770677567,0.16895992084755562,0.05307805314077996
C_clearance_U_m0.030,development,C_clearance:47600005:15,True,False,0.2357868105173111,0.21571964464965276,-0.020067165867658332
C_clearance_U_m0.030,development,C_clearance:47600005:24,True,True,0.14657077193260193,0.12428582065331284,-0.02228495127928909
C_clearance_U_m0.030,development,C_clearance:47600005:33,True,True,0.12643401324748993,0.1305939620360732,0.004159948788583279
C_clearance_U_m0.030,development,C_clearance:47600005:48,True,True,0.1332763433456421,0.1284276033838978,-0.004848739961744286
C_clearance_U_m0.030,development,C_clearance:47600005:86,True,False,0.1713983565568924,0.16640386311337352,-0.004994493443518877
C_clearance_U_m0.030,development,C_clearance:47600005:88,True,False,0.14717739820480347,0.193743779687793,0.04656638148298953
C_clearance_U_m0.030,development,C_clearance:47600005:105,True,False,0.2282465100288391,0.18230300085269846,-0.04594350917614065
C_clearance_U_m0.030,development,C_clearance:47600005:119,True,True,0.13417764008045197,0.1311606608942384,-0.0030169791862135753
C_clearance_U_m0.030,development,C_clearance:47600006:2,True,False,0.2711571156978607,0.22540647466666996,-0.04575064103119075
C_clearance_U_m0.030,development,C_clearance:47600006:11,True,True,0.2270413637161255,0.1574670621630503,-0.0695743015530752
C_clearance_U_m0.030,development,C_clearance:47600006:13,True,False,0.245097815990448,0.32019120021141134,0.07509338422096334
C_clearance_U_m0.030,development,C_clearance:47600006:16,True,False,0.4197852909564972,0.3194603647425538,-0.1003249262139434
C_clearance_U_m0.030,development,C_clearance:47600006:25,True,True,0.18662647902965546,0.1735183333803434,-0.013108145649312064
C_clearance_U_m0.030,development,C_clearance:47600006:38,True,True,0.14153653383255005,0.15548510377993807,0.013948569947388023
C_clearance_U_m0.030,development,C_clearance:47600006:72,True,False,0.2169089913368225,0.19241689867340028,-0.024492092663422227
C_clearance_U_m0.030,development,C_clearance:47600006:101,True,True,0.22406139969825745,0.19323804280429613,-0.030823356893961318
C_clearance_U_m0.030,development,C_clearance:47600006:132,True,True,0.18085281550884247,0.16483220690861344,-0.016020608600229025
C_clearance_U_m0.030,development,C_clearance:47600006:177,True,False,0.21385793387889862,0.18570975292823277,-0.028148180950665846
C_clearance_U_m0.030,development,C_clearance:47600007:4,True,True,0.17456404864788055,0.1382900043099653,-0.03627404433791526
C_clearance_U_m0.030,development,C_clearance:47600007:7,True,True,0.14162898063659668,0.11688002530718222,-0.024748955329414457
C_clearance_U_m0.030,development,C_clearance:47600007:10,True,True,0.16733448207378387,0.13748095781193115,-0.029853524261852726
C_clearance_U_m0.030,development,C_clearance:47600007:17,True,True,0.14759284257888794,0.11307443506666459,-0.03451840751222335
C_clearance_U_m0.030,development,C_clearance:47600007:27,True,False,0.12028739601373672,0.12884201292763464,0.008554616913897917
C_clearance_U_m0.030,development,C_clearance:47600007:28,True,False,0.13333071768283844,0.1475968894083053,0.014266171725466847
C_clearance_U_m0.030,development,C_clearance:47600007:61,True,True,0.14834675192832947,0.13992607144609792,-0.008420680482231546
C_clearance_U_m0.030,development,C_clearance:47600007:66,True,True,0.1532304435968399,0.1345427792330156,-0.018687664363824297
C_clearance_U_m0.030,development,C_clearance:47600007:87,True,True,0.10742223262786865,0.12068080537574133,0.013258572747872677
C_clearance_U_m0.030,development,C_clearance:47600007:117,True,True,0.1143462061882019,0.1101544233970344,-0.004191782791167498
C_clearance_U_m0.030,development,C_clearance:47600008:6,True,True,0.10659585148096085,0.12851059302920476,0.02191474154824391
C_clearance_U_m0.030,development,C_clearance:47600008:8,True,True,0.13589486479759216,0.11840448336442932,-0.017490381433162838
C_clearance_U_m0.030,development,C_clearance:47600008:21,True,True,0.10232467204332352,0.09358375751617132,-0.0087409145271522
C_clearance_U_m0.030,development,C_clearance:47600008:23,True,True,0.08891621977090836,0.08544003499264363,-0.0034761847782647237
C_clearance_U_m0.030,development,C_clearance:47600008:49,True,True,0.06541510671377182,0.08452851093898062,0.019113404225208797
C_clearance_U_m0.030,development,C_clearance:47600008:54,True,True,0.0944226011633873,0.10124326738878153,0.006820666225394234
C_clearance_U_m0.030,development,C_clearance:47600008:61,True,True,0.10794313251972198,0.10821143711655168,0.00026830459682969376
C_clearance_U_m0.030,development,C_clearance:47600008:87,True,True,0.10924500226974487,0.09724377030215692,-0.012001231967587955
C_clearance_U_m0.030,development,C_clearance:47600008:101,True,True,0.06509850919246674,0.09085487272386672,0.025756363531399984
C_clearance_U_m0.050,train,C_clearance:47500000:1,True,True,0.40412408113479614,0.25061785080470145,-0.1535062303300947
C_clearance_U_m0.050,train,C_clearance:47500000:8,True,True,0.2603647708892822,0.16493507794803008,-0.09542969294125214
C_clearance_U_m0.050,train,C_clearance:47500000:26,True,False,0.18393519520759583,0.12557823141105473,-0.058356963796541095
C_clearance_U_m0.050,train,C_clearance:47500000:39,True,False,0.2846781313419342,0.1857572323642671,-0.0989208989776671
C_clearance_U_m0.050,train,C_clearance:47500000:84,True,True,0.24818828701972961,0.1561658177524805,-0.09202246926724911
C_clearance_U_m0.050,train,C_clearance:47500000:141,True,True,0.2097827047109604,0.14763980964198709,-0.0621428950689733
C_clearance_U_m0.050,train,C_clearance:47500000:144,True,True,0.2653724253177643,0.14248598366975784,-0.12288644164800644
C_clearance_U_m0.050,train,C_clearance:47500000:155,True,False,0.28078603744506836,0.20990352373337373,-0.07088251371169463
C_clearance_U_m0.050,train,C_clearance:47500000:169,True,True,0.20683294534683228,0.15396418306045234,-0.05286876228637993
C_clearance_U_m0.050,train,C_clearance:47500000:179,True,True,0.22946538031101227,0.1506556156091392,-0.07880976470187306
C_clearance_U_m0.050,train,C_clearance:47500002:2,True,False,0.3734799027442932,0.25804817862808704,-0.11543172411620617
C_clearance_U_m0.050,train,C_clearance:47500002:3,True,False,0.31544533371925354,0.24820173205807805,-0.06724360166117549
C_clearance_U_m0.050,train,C_clearance:47500002:15,True,True,0.27608436346054077,0.15412177424877882,-0.12196258921176195
C_clearance_U_m0.050,train,C_clearance:47500002:25,True,True,0.2157239317893982,0.15394494158681482,-0.06177899020258337
C_clearance_U_m0.050,train,C_clearance:47500002:33,True,True,0.2624575197696686,0.16456352989189327,-0.09789398987777531
C_clearance_U_m0.050,train,C_clearance:47500002:55,True,True,0.2634119391441345,0.15469249268062413,-0.1087194464635104
C_clearance_U_m0.050,train,C_clearance:47500002:101,True,True,0.4200679063796997,0.18198918539565057,-0.23807872098404914
C_clearance_U_m0.050,train,C_clearance:47500002:114,True,True,0.34730738401412964,0.18833819217979908,-0.15896919183433056
C_clearance_U_m0.050,train,C_clearance:47500002:152,True,True,0.24092595279216766,0.15938721597194672,-0.08153873682022095
C_clearance_U_m0.050,train,C_clearance:47500002:178,True,True,0.2397584766149521,0.13493644760455936,-0.10482202901039273
C_clearance_U_m0.050,train,C_clearance:47500003:4,True,False,0.44160762429237366,0.16530116670764983,-0.27630645758472383
C_clearance_U_m0.050,train,C_clearance:47500003:16,True,True,0.2868450880050659,0.145600316231139,-0.1412447717739269
C_clearance_U_m0.050,train,C_clearance:47500003:24,True,True,0.2757960855960846,0.19274384249001741,-0.08305224310606718
C_clearance_U_m0.050,train,C_clearance:47500003:41,True,True,0.34701037406921387,0.19743830268271267,-0.1495720713865012
C_clearance_U_m0.050,train,C_clearance:47500003:46,True,False,0.5008657574653625,0.27803715132176876,-0.2228286061435938
C_clearance_U_m0.050,train,C_clearance:47500003:80,True,True,0.2261822372674942,0.16287614102475345,-0.06330609624274075
C_clearance_U_m0.050,train,C_clearance:47500003:91,True,True,0.29857057332992554,0.1784816028084606,-0.12008897052146494
C_clearance_U_m0.050,train,C_clearance:47500003:109,True,True,0.28394269943237305,0.1564609061460942,-0.12748179328627884
C_clearance_U_m0.050,train,C_clearance:47500003:149,True,False,0.22675225138664246,0.1571999490261078,-0.06955230236053467
C_clearance_U_m0.050,train,C_clearance:47500003:180,True,True,0.22682099044322968,0.13303381716832519,-0.09378717327490449
C_clearance_U_m0.050,train,C_clearance:47500005:2,True,True,0.3758709132671356,0.25123516423627734,-0.12463574903085828
C_clearance_U_m0.050,train,C_clearance:47500005:6,True,True,0.3370625078678131,0.17671464011073112,-0.16034786775708199
C_clearance_U_m0.050,train,C_clearance:47500005:13,True,True,0.2629558742046356,0.1530830977135338,-0.10987277649110183
C_clearance_U_m0.050,train,C_clearance:47500005:45,True,True,0.25079378485679626,0.16383876628242433,-0.08695501857437193
C_clearance_U_m0.050,train,C_clearance:47500005:46,True,True,0.3353508412837982,0.1624477682635188,-0.1729030730202794
C_clearance_U_m0.050,train,C_clearance:47500005:67,True,True,0.24427759647369385,0.1470472547225654,-0.09723034175112844
C_clearance_U_m0.050,train,C_clearance:47500005:106,True,True,0.21959102153778076,0.1485697168391198,-0.07102130469866097
C_clearance_U_m0.050,train,C_clearance:47500005:120,True,True,0.292890727519989,0.17847642372362316,-0.11441430379636586
C_clearance_U_m0.050,train,C_clearance:47500005:170,True,True,0.1911187320947647,0.11849889589939266,-0.07261983619537205
C_clearance_U_m0.050,train,C_clearance:47500006:4,True,True,0.28655222058296204,0.22256774688139558,-0.06398447370156646
C_clearance_U_m0.050,train,C_clearance:47500006:5,True,True,0.3070898950099945,0.20491915219463408,-0.10217074281536043
C_clearance_U_m0.050,train,C_clearance:47500006:8,True,True,0.28388577699661255,0.1943471185513772,-0.08953865844523534
C_clearance_U_m0.050,train,C_clearance:47500006:10,True,True,0.3505168855190277,0.17577811679802835,-0.17473876872099936
C_clearance_U_m0.050,train,C_clearance:47500006:89,True,True,0.19693037867546082,0.17016131477430463,-0.026769063901156187
C_clearance_U_m0.050,train,C_clearance:47500006:102,True,True,0.21146290004253387,0.10590826603583992,-0.10555463400669396
C_clearance_U_m0.050,train,C_clearance:47500006:118,True,False,0.26845410466194153,0.19108359247911721,-0.07737051218282431
C_clearance_U_m0.050,train,C_clearance:47500006:136,True,False,0.29394862055778503,0.1737262613605708,-0.12022235919721425
C_clearance_U_m0.050,train,C_clearance:47500006:169,True,True,0.21059896051883698,0.14456008118577302,-0.06603887933306396
C_clearance_U_m0.050,train,C_clearance:47500007:4,True,True,0.4035201966762543,0.2076574491802603,-0.19586274749599397
C_clearance_U_m0.050,train,C_clearance:47500007:6,True,True,0.28819069266319275,0.19225599220953882,-0.09593470045365393
C_clearance_U_m0.050,train,C_clearance:47500007:13,True,True,0.25562018156051636,0.18973915558308363,-0.06588102597743273
C_clearance_U_m0.050,train,C_clearance:47500007:36,True,True,0.19477710127830505,0.13482373557053506,-0.05995336570776999
C_clearance_U_m0.050,train,C_clearance:47500007:97,True,False,0.28350651264190674,0.18351535871624947,-0.09999115392565727
C_clearance_U_m0.050,train,C_clearance:47500007:118,True,True,0.2072695791721344,0.1350206146016717,-0.0722489645704627
C_clearance_U_m0.050,train,C_clearance:47500007:134,True,True,0.2072432041168213,0.14532808505464345,-0.06191511906217784
C_clearance_U_m0.050,train,C_clearance:47500007:168,True,True,0.25835901498794556,0.15040773653890938,-0.10795127844903618
C_clearance_U_m0.050,train,C_clearance:47500008:4,True,True,0.36714670062065125,0.21020634495653212,-0.15694035566411912
C_clearance_U_m0.050,train,C_clearance:47500008:10,True,True,0.1768094003200531,0.10960303712636232,-0.06720636319369078
C_clearance_U_m0.050,train,C_clearance:47500008:20,True,True,0.250663697719574,0.15249597537331283,-0.09816772234626114
C_clearance_U_m0.050,train,C_clearance:47500008:28,True,True,0.1869111806154251,0.11924124287907034,-0.06766993773635477
C_clearance_U_m0.050,train,C_clearance:47500008:34,True,True,0.21412086486816406,0.12758032325655222,-0.08654054161161184
C_clearance_U_m0.050,train,C_clearance:47500008:112,True,False,0.27089571952819824,0.16666488465853035,-0.10423083486966789
C_clearance_U_m0.050,train,C_clearance:47500008:131,True,True,0.2372773289680481,0.1367872511036694,-0.10049007786437869
C_clearance_U_m0.050,train,C_clearance:47500008:172,True,False,0.2797008156776428,0.18188979208935052,-0.0978110235882923
C_clearance_U_m0.050,train,C_clearance:47500009:6,True,True,0.23431886732578278,0.16053942334838212,-0.07377944397740066
C_clearance_U_m0.050,train,C_clearance:47500009:11,True,True,0.1986984759569168,0.14375346922315657,-0.05494500673376024
C_clearance_U_m0.050,train,C_clearance:47500009:15,True,True,0.2159813791513443,0.14846304384991527,-0.06751833530142903
C_clearance_U_m0.050,train,C_clearance:47500009:20,True,True,0.22381901741027832,0.1476940946886316,-0.07612492272164673
C_clearance_U_m0.050,train,C_clearance:47500009:26,True,True,0.23885411024093628,0.13639344804687425,-0.10246066219406202
C_clearance_U_m0.050,train,C_clearance:47500009:36,True,False,0.33850401639938354,0.1969768931157887,-0.14152712328359485
C_clearance_U_m0.050,train,C_clearance:47500009:68,True,True,0.1876886636018753,0.12461103143868968,-0.06307763216318563
C_clearance_U_m0.050,train,C_clearance:47500009:142,True,True,0.24023261666297913,0.16000624047592282,-0.0802263761870563
C_clearance_U_m0.050,train,C_clearance:47500011:5,True,True,0.2871820032596588,0.17664867168059573,-0.11053333157906309
C_clearance_U_m0.050,train,C_clearance:47500011:15,True,True,0.23593464493751526,0.1460632742382586,-0.08987137069925666
C_clearance_U_m0.050,train,C_clearance:47500011:26,True,False,0.23573122918605804,0.13952465704642236,-0.09620657213963568
C_clearance_U_m0.050,train,C_clearance:47500011:29,True,True,0.18777485191822052,0.11788380646612495,-0.06989104545209557
C_clearance_U_m0.050,train,C_clearance:47500011:31,True,True,0.27855271100997925,0.11012970010051504,-0.1684230109094642
C_clearance_U_m0.050,train,C_clearance:47500011:36,True,True,0.25441774725914,0.147667987504974,-0.10674975975416601
C_clearance_U_m0.050,train,C_clearance:47500011:49,True,True,0.253176212310791,0.11271778249647468,-0.14045842981431633
C_clearance_U_m0.050,train,C_clearance:47500011:56,True,True,0.2491261065006256,0.1309542654780671,-0.11817184102255851
C_clearance_U_m0.050,train,C_clearance:47500011:74,True,True,0.2756706476211548,0.15492096240632236,-0.12074968521483243
C_clearance_U_m0.050,train,C_clearance:47500011:167,True,True,0.2767181396484375,0.18235659040510654,-0.09436154924333096
C_clearance_U_m0.050,train,C_clearance:47500013:14,True,True,0.31674620509147644,0.17919618682935834,-0.1375500182621181
C_clearance_U_m0.050,train,C_clearance:47500013:15,True,True,0.22830863296985626,0.13762786542065442,-0.09068076754920185
C_clearance_U_m0.050,train,C_clearance:47500013:28,True,True,0.1749269813299179,0.13459141296334565,-0.04033556836657226
C_clearance_U_m0.050,train,C_clearance:47500013:32,True,True,0.22132156789302826,0.15113940049195662,-0.07018216740107164
C_clearance_U_m0.050,train,C_clearance:47500013:58,True,True,0.24071688950061798,0.17243440356105566,-0.06828248593956232
C_clearance_U_m0.050,train,C_clearance:47500013:83,True,True,0.21399958431720734,0.13540633476804942,-0.07859324954915792
C_clearance_U_m0.050,train,C_clearance:47500013:119,True,True,0.2524654269218445,0.18377407966181636,-0.06869134726002812
C_clearance_U_m0.050,train,C_clearance:47500013:128,True,False,0.26206180453300476,0.18079111771658063,-0.08127068681642413
C_clearance_U_m0.050,train,C_clearance:47500013:162,True,True,0.17845676839351654,0.13148949813330546,-0.04696727026021108
C_clearance_U_m0.050,train,C_clearance:47500013:165,True,True,0.23921500146389008,0.12840635946486145,-0.11080864199902862
C_clearance_U_m0.050,train,C_clearance:47500014:9,True,True,0.26524293422698975,0.1598510427866131,-0.10539189144037664
C_clearance_U_m0.050,train,C_clearance:47500014:10,True,True,0.22556795179843903,0.14485882181907073,-0.0807091299793683
C_clearance_U_m0.050,train,C_clearance:47500014:20,True,True,0.31475669145584106,0.1457696035504341,-0.16898708790540695
C_clearance_U_m0.050,train,C_clearance:47500014:43,True,True,0.2077454775571823,0.13461083750007674,-0.07313464005710557
C_clearance_U_m0.050,train,C_clearance:47500014:60,True,False,0.22614748775959015,0.16720386175438762,-0.05894362600520253
C_clearance_U_m0.050,train,C_clearance:47500014:78,True,False,0.25468912720680237,0.1665040267398581,-0.08818510046694428
C_clearance_U_m0.050,train,C_clearance:47500014:99,True,True,0.20200686156749725,0.1314971330575645,-0.07050972850993276
C_clearance_U_m0.050,train,C_clearance:47500014:134,True,True,0.26813560724258423,0.1643319835420698,-0.10380362370051444
C_clearance_U_m0.050,train,C_clearance:47500014:161,True,True,0.22816166281700134,0.13599042943678796,-0.09217123338021338
C_clearance_U_m0.050,train,C_clearance:47500014:170,True,True,0.3255319595336914,0.17073223018087447,-0.15479972935281694
C_clearance_U_m0.050,train,C_clearance:47500016:4,True,True,0.27613502740859985,0.20632607419975102,-0.06980895320884883
C_clearance_U_m0.050,train,C_clearance:47500016:5,True,True,0.2567812502384186,0.1819907603203319,-0.07479048991808668
C_clearance_U_m0.050,train,C_clearance:47500016:30,True,False,0.2833329141139984,0.2027050810866058,-0.08062783302739263
C_clearance_U_m0.050,train,C_clearance:47500016:42,True,True,0.2547800838947296,0.13557232439052314,-0.11920775950420648
C_clearance_U_m0.050,train,C_clearance:47500016:43,True,True,0.19013473391532898,0.11540332599543035,-0.07473140791989863
C_clearance_U_m0.050,train,C_clearance:47500016:108,True,True,0.23188923299312592,0.16497816797345877,-0.06691106501966715
C_clearance_U_m0.050,train,C_clearance:47500016:129,True,True,0.22630010545253754,0.15204887988511473,-0.07425122556742281
C_clearance_U_m0.050,train,C_clearance:47500016:165,True,True,0.3685435354709625,0.16639350494369864,-0.20215003052726388
C_clearance_U_m0.050,train,C_clearance:47500016:169,True,True,0.21934804320335388,0.15487465431215242,-0.06447338889120147
C_clearance_U_m0.050,development,C_clearance:47600000:3,True,False,0.43306073546409607,0.239783841825556,-0.19327689363854006
C_clearance_U_m0.050,development,C_clearance:47600000:14,True,True,0.1166771724820137,0.14785598831804236,0.03117881583602866
C_clearance_U_m0.050,development,C_clearance:47600000:17,True,True,0.1633225679397583,0.1512268458973267,-0.01209572204243159
C_clearance_U_m0.050,development,C_clearance:47600000:21,True,True,0.17335918545722961,0.15417832807725063,-0.01918085737997899
C_clearance_U_m0.050,development,C_clearance:47600000:29,True,True,0.2620137333869934,0.25134103815071285,-0.01067269523628056
C_clearance_U_m0.050,development,C_clearance:47600000:32,True,True,0.2591814696788788,0.24040125183819328,-0.01878021784068551
C_clearance_U_m0.050,development,C_clearance:47600000:76,True,True,0.14770223200321198,0.12175357602973236,-0.025948655973479617
C_clearance_U_m0.050,development,C_clearance:47600000:83,True,False,0.07219228148460388,0.19197717365750577,0.11978489217290189
C_clearance_U_m0.050,development,C_clearance:47600000:157,True,True,0.11585046350955963,0.14961813561967574,0.03376767211011611
C_clearance_U_m0.050,development,C_clearance:47600002:2,True,True,0.2007484883069992,0.2761722192663001,0.07542373095930088
C_clearance_U_m0.050,development,C_clearance:47600002:16,True,True,0.1515030562877655,0.13049697528913384,-0.02100608099863166
C_clearance_U_m0.050,development,C_clearance:47600002:30,True,True,0.15108154714107513,0.15029297565342858,-0.0007885714876465499
C_clearance_U_m0.050,development,C_clearance:47600002:36,True,True,0.16873620450496674,0.13055647863802733,-0.03817972586693941
C_clearance_U_m0.050,development,C_clearance:47600002:68,True,True,0.09304643422365189,0.10619269192829961,0.013146257704647724
C_clearance_U_m0.050,development,C_clearance:47600002:76,True,True,0.10954345017671585,0.14247890496335458,0.03293545478663873
C_clearance_U_m0.050,development,C_clearance:47600002:79,True,False,0.29116472601890564,0.32230494267423637,0.031140216655330732
C_clearance_U_m0.050,development,C_clearance:47600002:89,True,True,0.09952075779438019,0.0959808331244858,-0.00353992466989439
C_clearance_U_m0.050,development,C_clearance:47600002:107,True,True,0.10959485918283463,0.09190391435549827,-0.017690944827336352
C_clearance_U_m0.050,development,C_clearance:47600003:1,True,False,0.5330362319946289,0.3366756345058093,-0.19636059748881962
C_clearance_U_m0.050,development,C_clearance:47600003:3,True,False,0.3236691951751709,0.19211878190981224,-0.13155041326535866
C_clearance_U_m0.050,development,C_clearance:47600003:4,True,False,0.15441280603408813,0.16484917067282367,0.01043636463873554
C_clearance_U_m0.050,development,C_clearance:47600003:11,True,True,0.1313260793685913,0.13176828941504937,0.00044221004645805806
C_clearance_U_m0.050,development,C_clearance:47600003:12,True,True,0.1288764327764511,0.1223280332487775,-0.0065483995276736096
C_clearance_U_m0.050,development,C_clearance:47600003:22,True,False,0.16368147730827332,0.15978497073228937,-0.003896506575983949
C_clearance_U_m0.050,development,C_clearance:47600003:70,True,True,0.10967455059289932,0.12033990478084888,0.01066535418794956
C_clearance_U_m0.050,development,C_clearance:47600003:90,True,False,0.21436038613319397,0.28052636797656305,0.06616598184336908
C_clearance_U_m0.050,development,C_clearance:47600003:112,True,True,0.12833131849765778,0.13515256394748576,0.006821245449827984
C_clearance_U_m0.050,development,C_clearance:47600003:125,True,True,0.1324530988931656,0.12811621544824447,-0.0043368834449211136
C_clearance_U_m0.050,development,C_clearance:47600004:3,True,True,0.17259322106838226,0.16189420504088048,-0.010699016027501784
C_clearance_U_m0.050,development,C_clearance:47600004:8,True,True,0.1965048611164093,0.1448967531468952,-0.051608107969514094
C_clearance_U_m0.050,development,C_clearance:47600004:53,True,True,0.14802366495132446,0.13363778391067171,-0.014385881040652748
C_clearance_U_m0.050,development,C_clearance:47600004:65,True,True,0.13463090360164642,0.13291080622002482,-0.0017200973816215992
C_clearance_U_m0.050,development,C_clearance:47600004:92,True,True,0.15062828361988068,0.14101844745164271,-0.009609836168237962
C_clearance_U_m0.050,development,C_clearance:47600004:109,True,True,0.1122082993388176,0.11438379270839505,0.0021754933695774525
C_clearance_U_m0.050,development,C_clearance:47600004:122,True,True,0.1279982179403305,0.1299099594980362,0.0019117415577056818
C_clearance_U_m0.050,development,C_clearance:47600005:2,True,True,0.29792970418930054,0.19008838405716233,-0.10784132013213821
C_clearance_U_m0.050,development,C_clearance:47600005:5,True,True,0.07504262775182724,0.1249290509003913,0.04988642314856406
C_clearance_U_m0.050,development,C_clearance:47600005:15,True,False,0.1955573409795761,0.1953972413612064,-0.00016009961836971343
C_clearance_U_m0.050,development,C_clearance:47600005:24,True,True,0.13434241712093353,0.10426446737255901,-0.03007794974837452
C_clearance_U_m0.050,development,C_clearance:47600005:33,True,True,0.11216679215431213,0.1234781776656746,0.01131138551136246
C_clearance_U_m0.050,development,C_clearance:47600005:48,True,True,0.15978920459747314,0.12240497002494521,-0.03738423457252793
C_clearance_U_m0.050,development,C_clearance:47600005:86,True,False,0.14606519043445587,0.15728891410981305,0.011223723675357178
C_clearance_U_m0.050,development,C_clearance:47600005:88,True,False,0.14807896316051483,0.18993461430363823,0.041855651143123396
C_clearance_U_m0.050,development,C_clearance:47600005:105,True,False,0.19485466182231903,0.14583103232871508,-0.04902362949360395
C_clearance_U_m0.050,development,C_clearance:47600005:119,True,True,0.12941963970661163,0.12624376783060143,-0.0031758718760102056
C_clearance_U_m0.050,development,C_clearance:47600006:2,True,False,0.30191782116889954,0.25172306614695117,-0.05019475502194837
C_clearance_U_m0.050,development,C_clearance:47600006:11,True,True,0.19493018090724945,0.17794271391176153,-0.01698746699548792
C_clearance_U_m0.050,development,C_clearance:47600006:13,True,False,0.2770445942878723,0.3745131467730971,0.09746855248522479
C_clearance_U_m0.050,development,C_clearance:47600006:16,True,False,0.40126222372055054,0.3124535904498771,-0.08880863327067345
C_clearance_U_m0.050,development,C_clearance:47600006:25,True,True,0.1641988605260849,0.1516497967968462,-0.012549063729238696
C_clearance_U_m0.050,development,C_clearance:47600006:38,True,True,0.14318592846393585,0.17497008552891202,0.03178415706497617
C_clearance_U_m0.050,development,C_clearance:47600006:72,True,False,0.20937195420265198,0.17781414826458786,-0.03155780593806412
C_clearance_U_m0.050,development,C_clearance:47600006:101,True,True,0.26377156376838684,0.19478097330284072,-0.06899059046554612
C_clearance_U_m0.050,development,C_clearance:47600006:132,True,True,0.1633310467004776,0.1476317427586764,-0.01569930394180119
C_clearance_U_m0.050,development,C_clearance:47600006:177,True,False,0.19855546951293945,0.17245733748131897,-0.02609813203162048
C_clearance_U_m0.050,development,C_clearance:47600007:4,True,True,0.14528906345367432,0.1237302958033979,-0.021558767650276423
C_clearance_U_m0.050,development,C_clearance:47600007:7,True,True,0.11429127305746078,0.11132217452541227,-0.0029690985320485197
C_clearance_U_m0.050,development,C_clearance:47600007:10,True,True,0.15675239264965057,0.13837186926684808,-0.018380523382802494
C_clearance_U_m0.050,development,C_clearance:47600007:17,True,True,0.1576598733663559,0.11922981948737288,-0.03843005387898302
C_clearance_U_m0.050,development,C_clearance:47600007:27,True,False,0.1258559376001358,0.13514418101112824,0.009288243410992436
C_clearance_U_m0.050,development,C_clearance:47600007:28,True,False,0.14615276455879211,0.14483884942455916,-0.001313915134232957
C_clearance_U_m0.050,development,C_clearance:47600007:61,True,True,0.14457541704177856,0.14397092682338553,-0.000604490218393039
C_clearance_U_m0.050,development,C_clearance:47600007:66,True,True,0.16989578306674957,0.1349078086495865,-0.03498797441716306
C_clearance_U_m0.050,development,C_clearance:47600007:87,True,True,0.10319928079843521,0.11265928995999275,0.009460009161557537
C_clearance_U_m0.050,development,C_clearance:47600007:117,True,True,0.1007913127541542,0.10870346942829201,0.007912156674137805
C_clearance_U_m0.050,development,C_clearance:47600008:6,True,True,0.08879974484443665,0.10841539173270576,0.01961564688826911
C_clearance_U_m0.050,development,C_clearance:47600008:8,True,True,0.12702351808547974,0.09795252316689584,-0.029070994918583892
C_clearance_U_m0.050,development,C_clearance:47600008:21,True,True,0.08645683526992798,0.08480172262352426,-0.0016551126464037225
C_clearance_U_m0.050,development,C_clearance:47600008:23,True,True,0.0876389741897583,0.07613560098980088,-0.011503373199957423
C_clearance_U_m0.050,development,C_clearance:47600008:49,True,True,0.07737601548433304,0.08649042984325206,0.00911441435891902
C_clearance_U_m0.050,development,C_clearance:47600008:54,True,True,0.0930849090218544,0.10878162366861943,0.01569671464676503
C_clearance_U_m0.050,development,C_clearance:47600008:61,True,True,0.11824855208396912,0.12488822683371836,0.006639674749749247
C_clearance_U_m0.050,development,C_clearance:47600008:87,True,True,0.12895160913467407,0.10290227124642115,-0.02604933788825292
C_clearance_U_m0.050,development,C_clearance:47600008:101,True,True,0.05181998386979103,0.09326010364020476,0.04144011977041373
